t,field,value,color,status,reason,raw
0.0,SPEED,24.0,NEUTRAL,OK,near_reference,"{reference_kmh=24.0, age_s=0.0}"
0.0,POWER,170,NEUTRAL,OK,power_present,{age_s=0.0}
0.0,HR,135,NEUTRAL,OK,hr_present,{age_s=0.0}
0.0,CADENCE,65,GREEN,OK,preferred_low_cadence_band,{age_s=0.0}
0.0,GRADE,WAIT,GRAY,NO_DATA,missing_grade,{}
0.0,GEAR,WAIT,GRAY,NO_DATA,missing_gear,{}
1.0,SPEED,24.0,NEUTRAL,OK,near_reference,"{reference_kmh=24.0, age_s=0.0}"
1.0,POWER,170,NEUTRAL,OK,power_present,{age_s=0.0}
1.0,HR,135,NEUTRAL,OK,hr_present,{age_s=0.0}
1.0,CADENCE,65,GREEN,OK,preferred_low_cadence_band,{age_s=0.0}
1.0,GRADE,0,NEUTRAL,OK,flat_deadband,"{grade_raw=0.0, grade_display=0.0}"
1.0,GEAR,WAIT,GRAY,NO_DATA,missing_gear,{}
2.0,SPEED,24.0,NEUTRAL,OK,near_reference,"{reference_kmh=24.0, age_s=0.0}"
2.0,POWER,170,NEUTRAL,OK,power_present,{age_s=0.0}
2.0,HR,135,NEUTRAL,OK,hr_present,{age_s=0.0}
2.0,CADENCE,65,GREEN,OK,preferred_low_cadence_band,{age_s=0.0}
2.0,GRADE,0,NEUTRAL,OK,flat_deadband,"{grade_raw=0.0, grade_display=0.0}"
2.0,GEAR,WAIT,GRAY,NO_DATA,missing_gear,{}
3.0,SPEED,24.0,NEUTRAL,OK,near_reference,"{reference_kmh=24.0, age_s=0.0}"
3.0,POWER,170,NEUTRAL,OK,power_present,{age_s=0.0}
3.0,HR,135,NEUTRAL,OK,hr_present,{age_s=0.0}
3.0,CADENCE,65,GREEN,OK,preferred_low_cadence_band,{age_s=0.0}
3.0,GRADE,0,NEUTRAL,OK,flat_deadband,"{grade_raw=0.0, grade_display=0.0}"
3.0,GEAR,WAIT,GRAY,NO_DATA,missing_gear,{}
4.0,SPEED,24.0,NEUTRAL,OK,near_reference,"{reference_kmh=24.0, age_s=0.0}"
4.0,POWER,170,NEUTRAL,OK,power_present,{age_s=0.0}
4.0,HR,135,NEUTRAL,OK,hr_present,{age_s=0.0}
4.0,CADENCE,65,GREEN,OK,preferred_low_cadence_band,{age_s=0.0}
4.0,GRADE,0,NEUTRAL,OK,flat_deadband,"{grade_raw=0.0, grade_display=0.0}"
4.0,GEAR,WAIT,GRAY,NO_DATA,missing_gear,{}
5.0,SPEED,24.0,NEUTRAL,OK,near_reference,"{reference_kmh=24.0, age_s=0.0}"
5.0,POWER,170,NEUTRAL,OK,power_present,{age_s=0.0}
5.0,HR,135,NEUTRAL,OK,hr_present,{age_s=0.0}
5.0,CADENCE,65,GREEN,OK,preferred_low_cadence_band,{age_s=0.0}
5.0,GRADE,0,NEUTRAL,OK,flat_deadband,"{grade_raw=0.0, grade_display=0.0}"
5.0,GEAR,WAIT,GRAY,NO_DATA,missing_gear,{}
6.0,SPEED,24.0,NEUTRAL,OK,near_reference,"{reference_kmh=24.0, age_s=0.0}"
6.0,POWER,170,NEUTRAL,OK,power_present,{age_s=0.0}
6.0,HR,135,NEUTRAL,OK,hr_present,{age_s=0.0}
6.0,CADENCE,65,GREEN,OK,preferred_low_cadence_band,{age_s=0.0}
6.0,GRADE,0,NEUTRAL,OK,flat_deadband,"{grade_raw=0.0, grade_display=0.0}"
6.0,GEAR,WAIT,GRAY,NO_DATA,missing_gear,{}
7.0,SPEED,24.0,NEUTRAL,OK,near_reference,"{reference_kmh=24.0, age_s=0.0}"
7.0,POWER,170,NEUTRAL,OK,power_present,{age_s=0.0}
7.0,HR,135,NEUTRAL,OK,hr_present,{age_s=0.0}
7.0,CADENCE,65,GREEN,OK,preferred_low_cadence_band,{age_s=0.0}
7.0,GRADE,0,NEUTRAL,OK,flat_deadband,"{grade_raw=0.0, grade_display=0.0}"
7.0,GEAR,WAIT,GRAY,NO_DATA,missing_gear,{}
8.0,SPEED,24.0,NEUTRAL,OK,near_reference,"{reference_kmh=24.0, age_s=0.0}"
8.0,POWER,170,NEUTRAL,OK,power_present,{age_s=0.0}
8.0,HR,135,NEUTRAL,OK,hr_present,{age_s=0.0}
8.0,CADENCE,65,GREEN,OK,preferred_low_cadence_band,{age_s=0.0}
8.0,GRADE,0,NEUTRAL,OK,flat_deadband,"{grade_raw=0.0, grade_display=0.0}"
8.0,GEAR,WAIT,GRAY,NO_DATA,missing_gear,{}
9.0,SPEED,24.0,NEUTRAL,OK,near_reference,"{reference_kmh=24.0, age_s=0.0}"
9.0,POWER,170,NEUTRAL,OK,power_present,{age_s=0.0}
9.0,HR,135,NEUTRAL,OK,hr_present,{age_s=0.0}
9.0,CADENCE,65,GREEN,OK,preferred_low_cadence_band,{age_s=0.0}
9.0,GRADE,0,NEUTRAL,OK,flat_deadband,"{grade_raw=0.0, grade_display=0.0}"
9.0,GEAR,WAIT,GRAY,NO_DATA,missing_gear,{}
10.0,SPEED,24.0,NEUTRAL,OK,near_reference,"{reference_kmh=24.0, age_s=0.0}"
10.0,POWER,170,NEUTRAL,OK,power_present,{age_s=0.0}
10.0,HR,135,NEUTRAL,OK,hr_present,{age_s=0.0}
10.0,CADENCE,65,GREEN,OK,preferred_low_cadence_band,{age_s=0.0}
10.0,GRADE,0,NEUTRAL,OK,flat_deadband,"{grade_raw=0.0, grade_display=0.0}"
10.0,GEAR,WAIT,GRAY,NO_DATA,missing_gear,{}
11.0,SPEED,24.0,NEUTRAL,OK,near_reference,"{reference_kmh=24.0, age_s=0.0}"
11.0,POWER,170,NEUTRAL,OK,power_present,{age_s=0.0}
11.0,HR,135,NEUTRAL,OK,hr_present,{age_s=0.0}
11.0,CADENCE,65,GREEN,OK,preferred_low_cadence_band,{age_s=0.0}
11.0,GRADE,0,NEUTRAL,OK,flat_deadband,"{grade_raw=0.0, grade_display=0.0}"
11.0,GEAR,WAIT,GRAY,NO_DATA,missing_gear,{}
12.0,SPEED,24.0,NEUTRAL,OK,near_reference,"{reference_kmh=24.0, age_s=0.0}"
12.0,POWER,170,NEUTRAL,OK,power_present,{age_s=0.0}
12.0,HR,135,NEUTRAL,OK,hr_present,{age_s=0.0}
12.0,CADENCE,65,GREEN,OK,preferred_low_cadence_band,{age_s=0.0}
12.0,GRADE,0,NEUTRAL,OK,flat_deadband,"{grade_raw=0.0, grade_display=0.0}"
12.0,GEAR,WAIT,GRAY,NO_DATA,missing_gear,{}
13.0,SPEED,24.0,NEUTRAL,OK,near_reference,"{reference_kmh=24.0, age_s=0.0}"
13.0,POWER,170,NEUTRAL,OK,power_present,{age_s=0.0}
13.0,HR,135,NEUTRAL,OK,hr_present,{age_s=0.0}
13.0,CADENCE,65,GREEN,OK,preferred_low_cadence_band,{age_s=0.0}
13.0,GRADE,0,NEUTRAL,OK,flat_deadband,"{grade_raw=0.0, grade_display=0.0}"
13.0,GEAR,WAIT,GRAY,NO_DATA,missing_gear,{}
14.0,SPEED,24.0,NEUTRAL,OK,near_reference,"{reference_kmh=24.0, age_s=0.0}"
14.0,POWER,170,NEUTRAL,OK,power_present,{age_s=0.0}
14.0,HR,135,NEUTRAL,OK,hr_present,{age_s=0.0}
14.0,CADENCE,65,GREEN,OK,preferred_low_cadence_band,{age_s=0.0}
14.0,GRADE,0,NEUTRAL,OK,flat_deadband,"{grade_raw=0.0, grade_display=0.0}"
14.0,GEAR,WAIT,GRAY,NO_DATA,missing_gear,{}
15.0,SPEED,24.0,NEUTRAL,OK,near_reference,"{reference_kmh=24.0, age_s=0.0}"
15.0,POWER,170,NEUTRAL,OK,power_present,{age_s=0.0}
15.0,HR,135,NEUTRAL,OK,hr_present,{age_s=0.0}
15.0,CADENCE,65,GREEN,OK,preferred_low_cadence_band,{age_s=0.0}
15.0,GRADE,0,NEUTRAL,OK,flat_deadband,"{grade_raw=0.0, grade_display=0.0}"
15.0,GEAR,WAIT,GRAY,NO_DATA,missing_gear,{}
16.0,SPEED,24.0,NEUTRAL,OK,near_reference,"{reference_kmh=24.0, age_s=0.0}"
16.0,POWER,170,NEUTRAL,OK,power_present,{age_s=0.0}
16.0,HR,135,NEUTRAL,OK,hr_present,{age_s=0.0}
16.0,CADENCE,65,GREEN,OK,preferred_low_cadence_band,{age_s=0.0}
16.0,GRADE,0,NEUTRAL,OK,flat_deadband,"{grade_raw=0.0, grade_display=0.0}"
16.0,GEAR,WAIT,GRAY,NO_DATA,missing_gear,{}
17.0,SPEED,24.0,NEUTRAL,OK,near_reference,"{reference_kmh=24.0, age_s=0.0}"
17.0,POWER,170,NEUTRAL,OK,power_present,{age_s=0.0}
17.0,HR,135,NEUTRAL,OK,hr_present,{age_s=0.0}
17.0,CADENCE,65,GREEN,OK,preferred_low_cadence_band,{age_s=0.0}
17.0,GRADE,0,NEUTRAL,OK,flat_deadband,"{grade_raw=0.0, grade_display=0.0}"
17.0,GEAR,WAIT,GRAY,NO_DATA,missing_gear,{}
18.0,SPEED,24.0,NEUTRAL,OK,near_reference,"{reference_kmh=24.0, age_s=0.0}"
18.0,POWER,170,NEUTRAL,OK,power_present,{age_s=0.0}
18.0,HR,135,NEUTRAL,OK,hr_present,{age_s=0.0}
18.0,CADENCE,65,GREEN,OK,preferred_low_cadence_band,{age_s=0.0}
18.0,GRADE,0,NEUTRAL,OK,flat_deadband,"{grade_raw=0.0, grade_display=0.0}"
18.0,GEAR,WAIT,GRAY,NO_DATA,missing_gear,{}
19.0,SPEED,24.0,NEUTRAL,OK,near_reference,"{reference_kmh=24.0, age_s=0.0}"
19.0,POWER,170,NEUTRAL,OK,power_present,{age_s=0.0}
19.0,HR,135,NEUTRAL,OK,hr_present,{age_s=0.0}
19.0,CADENCE,65,GREEN,OK,preferred_low_cadence_band,{age_s=0.0}
19.0,GRADE,0,NEUTRAL,OK,flat_deadband,"{grade_raw=0.0, grade_display=0.0}"
19.0,GEAR,WAIT,GRAY,NO_DATA,missing_gear,{}
20.0,SPEED,24.0,NEUTRAL,OK,near_reference,"{reference_kmh=24.0, age_s=0.0}"
20.0,POWER,170,NEUTRAL,OK,power_present,{age_s=0.0}
20.0,HR,135,NEUTRAL,OK,hr_present,{age_s=0.0}
20.0,CADENCE,65,GREEN,OK,preferred_low_cadence_band,{age_s=0.0}
20.0,GRADE,0,NEUTRAL,OK,flat_deadband,"{grade_raw=0.0, grade_display=0.0}"
20.0,GEAR,WAIT,GRAY,NO_DATA,missing_gear,{}
21.0,SPEED,24.0,NEUTRAL,OK,near_reference,"{reference_kmh=24.0, age_s=0.0}"
21.0,POWER,170,NEUTRAL,OK,power_present,{age_s=0.0}
21.0,HR,135,NEUTRAL,OK,hr_present,{age_s=0.0}
21.0,CADENCE,65,GREEN,OK,preferred_low_cadence_band,{age_s=0.0}
21.0,GRADE,0,NEUTRAL,OK,flat_deadband,"{grade_raw=0.0, grade_display=0.0}"
21.0,GEAR,WAIT,GRAY,NO_DATA,missing_gear,{}
22.0,SPEED,24.0,NEUTRAL,OK,near_reference,"{reference_kmh=24.0, age_s=0.0}"
22.0,POWER,170,NEUTRAL,OK,power_present,{age_s=0.0}
22.0,HR,135,NEUTRAL,OK,hr_present,{age_s=0.0}
22.0,CADENCE,65,GREEN,OK,preferred_low_cadence_band,{age_s=0.0}
22.0,GRADE,0,NEUTRAL,OK,flat_deadband,"{grade_raw=0.0, grade_display=0.0}"
22.0,GEAR,WAIT,GRAY,NO_DATA,missing_gear,{}
23.0,SPEED,24.0,NEUTRAL,OK,near_reference,"{reference_kmh=24.0, age_s=0.0}"
23.0,POWER,170,NEUTRAL,OK,power_present,{age_s=0.0}
23.0,HR,135,NEUTRAL,OK,hr_present,{age_s=0.0}
23.0,CADENCE,65,GREEN,OK,preferred_low_cadence_band,{age_s=0.0}
23.0,GRADE,0,NEUTRAL,OK,flat_deadband,"{grade_raw=0.0, grade_display=0.0}"
23.0,GEAR,WAIT,GRAY,NO_DATA,missing_gear,{}
24.0,SPEED,24.0,NEUTRAL,OK,near_reference,"{reference_kmh=24.0, age_s=0.0}"
24.0,POWER,170,NEUTRAL,OK,power_present,{age_s=0.0}
24.0,HR,135,NEUTRAL,OK,hr_present,{age_s=0.0}
24.0,CADENCE,65,GREEN,OK,preferred_low_cadence_band,{age_s=0.0}
24.0,GRADE,0,NEUTRAL,OK,flat_deadband,"{grade_raw=0.0, grade_display=0.0}"
24.0,GEAR,WAIT,GRAY,NO_DATA,missing_gear,{}
25.0,SPEED,24.0,NEUTRAL,OK,near_reference,"{reference_kmh=24.0, age_s=0.0}"
25.0,POWER,170,NEUTRAL,OK,power_present,{age_s=0.0}
25.0,HR,135,NEUTRAL,OK,hr_present,{age_s=0.0}
25.0,CADENCE,65,GREEN,OK,preferred_low_cadence_band,{age_s=0.0}
25.0,GRADE,0,NEUTRAL,OK,flat_deadband,"{grade_raw=0.0, grade_display=0.0}"
25.0,GEAR,WAIT,GRAY,NO_DATA,missing_gear,{}
26.0,SPEED,24.0,NEUTRAL,OK,near_reference,"{reference_kmh=24.0, age_s=0.0}"
26.0,POWER,170,NEUTRAL,OK,power_present,{age_s=0.0}
26.0,HR,135,NEUTRAL,OK,hr_present,{age_s=0.0}
26.0,CADENCE,65,GREEN,OK,preferred_low_cadence_band,{age_s=0.0}
26.0,GRADE,0,NEUTRAL,OK,flat_deadband,"{grade_raw=0.0, grade_display=0.0}"
26.0,GEAR,WAIT,GRAY,NO_DATA,missing_gear,{}
27.0,SPEED,24.0,NEUTRAL,OK,near_reference,"{reference_kmh=24.0, age_s=0.0}"
27.0,POWER,170,NEUTRAL,OK,power_present,{age_s=0.0}
27.0,HR,135,NEUTRAL,OK,hr_present,{age_s=0.0}
27.0,CADENCE,65,GREEN,OK,preferred_low_cadence_band,{age_s=0.0}
27.0,GRADE,0,NEUTRAL,OK,flat_deadband,"{grade_raw=0.0, grade_display=0.0}"
27.0,GEAR,WAIT,GRAY,NO_DATA,missing_gear,{}
28.0,SPEED,24.0,NEUTRAL,OK,near_reference,"{reference_kmh=24.0, age_s=0.0}"
28.0,POWER,170,NEUTRAL,OK,power_present,{age_s=0.0}
28.0,HR,135,NEUTRAL,OK,hr_present,{age_s=0.0}
28.0,CADENCE,65,GREEN,OK,preferred_low_cadence_band,{age_s=0.0}
28.0,GRADE,0,NEUTRAL,OK,flat_deadband,"{grade_raw=0.0, grade_display=0.0}"
28.0,GEAR,WAIT,GRAY,NO_DATA,missing_gear,{}
29.0,SPEED,24.0,NEUTRAL,OK,near_reference,"{reference_kmh=24.0, age_s=0.0}"
29.0,POWER,170,NEUTRAL,OK,power_present,{age_s=0.0}
29.0,HR,135,NEUTRAL,OK,hr_present,{age_s=0.0}
29.0,CADENCE,65,GREEN,OK,preferred_low_cadence_band,{age_s=0.0}
29.0,GRADE,0,NEUTRAL,OK,flat_deadband,"{grade_raw=0.0, grade_display=0.0}"
29.0,GEAR,WAIT,GRAY,NO_DATA,missing_gear,{}
30.0,SPEED,24.0,NEUTRAL,OK,near_reference,"{reference_kmh=24.0, age_s=0.0}"
30.0,POWER,170,NEUTRAL,OK,power_present,{age_s=0.0}
30.0,HR,135,NEUTRAL,OK,hr_present,{age_s=0.0}
30.0,CADENCE,65,GREEN,OK,preferred_low_cadence_band,{age_s=0.0}
30.0,GRADE,0,NEUTRAL,OK,flat_deadband,"{grade_raw=0.0, grade_display=0.0}"
30.0,GEAR,WAIT,GRAY,NO_DATA,missing_gear,{}
31.0,SPEED,24.0,NEUTRAL,OK,near_reference,"{reference_kmh=24.0, age_s=0.0}"
31.0,POWER,170,NEUTRAL,OK,power_present,{age_s=0.0}
31.0,HR,135,NEUTRAL,OK,hr_present,{age_s=0.0}
31.0,CADENCE,65,GREEN,OK,preferred_low_cadence_band,{age_s=0.0}
31.0,GRADE,0,NEUTRAL,OK,flat_deadband,"{grade_raw=0.0, grade_display=0.0}"
31.0,GEAR,WAIT,GRAY,NO_DATA,missing_gear,{}
32.0,SPEED,24.0,NEUTRAL,OK,near_reference,"{reference_kmh=24.0, age_s=0.0}"
32.0,POWER,170,NEUTRAL,OK,power_present,{age_s=0.0}
32.0,HR,135,NEUTRAL,OK,hr_present,{age_s=0.0}
32.0,CADENCE,65,GREEN,OK,preferred_low_cadence_band,{age_s=0.0}
32.0,GRADE,0,NEUTRAL,OK,flat_deadband,"{grade_raw=0.0, grade_display=0.0}"
32.0,GEAR,WAIT,GRAY,NO_DATA,missing_gear,{}
33.0,SPEED,24.0,NEUTRAL,OK,near_reference,"{reference_kmh=24.0, age_s=0.0}"
33.0,POWER,170,NEUTRAL,OK,power_present,{age_s=0.0}
33.0,HR,135,NEUTRAL,OK,hr_present,{age_s=0.0}
33.0,CADENCE,65,GREEN,OK,preferred_low_cadence_band,{age_s=0.0}
33.0,GRADE,0,NEUTRAL,OK,flat_deadband,"{grade_raw=0.0, grade_display=0.0}"
33.0,GEAR,WAIT,GRAY,NO_DATA,missing_gear,{}
34.0,SPEED,24.0,NEUTRAL,OK,near_reference,"{reference_kmh=24.0, age_s=0.0}"
34.0,POWER,170,NEUTRAL,OK,power_present,{age_s=0.0}
34.0,HR,135,NEUTRAL,OK,hr_present,{age_s=0.0}
34.0,CADENCE,65,GREEN,OK,preferred_low_cadence_band,{age_s=0.0}
34.0,GRADE,0,NEUTRAL,OK,flat_deadband,"{grade_raw=0.0, grade_display=0.0}"
34.0,GEAR,WAIT,GRAY,NO_DATA,missing_gear,{}
35.0,SPEED,24.0,NEUTRAL,OK,near_reference,"{reference_kmh=24.0, age_s=0.0}"
35.0,POWER,170,NEUTRAL,OK,power_present,{age_s=0.0}
35.0,HR,135,NEUTRAL,OK,hr_present,{age_s=0.0}
35.0,CADENCE,65,GREEN,OK,preferred_low_cadence_band,{age_s=0.0}
35.0,GRADE,0,NEUTRAL,OK,flat_deadband,"{grade_raw=0.0, grade_display=0.0}"
35.0,GEAR,WAIT,GRAY,NO_DATA,missing_gear,{}
36.0,SPEED,24.0,NEUTRAL,OK,near_reference,"{reference_kmh=24.0, age_s=0.0}"
36.0,POWER,170,NEUTRAL,OK,power_present,{age_s=0.0}
36.0,HR,135,NEUTRAL,OK,hr_present,{age_s=0.0}
36.0,CADENCE,65,GREEN,OK,preferred_low_cadence_band,{age_s=0.0}
36.0,GRADE,0,NEUTRAL,OK,flat_deadband,"{grade_raw=0.0, grade_display=0.0}"
36.0,GEAR,WAIT,GRAY,NO_DATA,missing_gear,{}
37.0,SPEED,24.0,NEUTRAL,OK,near_reference,"{reference_kmh=24.0, age_s=0.0}"
37.0,POWER,170,NEUTRAL,OK,power_present,{age_s=0.0}
37.0,HR,135,NEUTRAL,OK,hr_present,{age_s=0.0}
37.0,CADENCE,65,GREEN,OK,preferred_low_cadence_band,{age_s=0.0}
37.0,GRADE,0,NEUTRAL,OK,flat_deadband,"{grade_raw=0.0, grade_display=0.0}"
37.0,GEAR,WAIT,GRAY,NO_DATA,missing_gear,{}
38.0,SPEED,24.0,NEUTRAL,OK,near_reference,"{reference_kmh=24.0, age_s=0.0}"
38.0,POWER,170,NEUTRAL,OK,power_present,{age_s=0.0}
38.0,HR,135,NEUTRAL,OK,hr_present,{age_s=0.0}
38.0,CADENCE,65,GREEN,OK,preferred_low_cadence_band,{age_s=0.0}
38.0,GRADE,0,NEUTRAL,OK,flat_deadband,"{grade_raw=0.0, grade_display=0.0}"
38.0,GEAR,WAIT,GRAY,NO_DATA,missing_gear,{}
39.0,SPEED,24.0,NEUTRAL,OK,near_reference,"{reference_kmh=24.0, age_s=0.0}"
39.0,POWER,170,NEUTRAL,OK,power_present,{age_s=0.0}
39.0,HR,135,NEUTRAL,OK,hr_present,{age_s=0.0}
39.0,CADENCE,65,GREEN,OK,preferred_low_cadence_band,{age_s=0.0}
39.0,GRADE,0,NEUTRAL,OK,flat_deadband,"{grade_raw=0.0, grade_display=0.0}"
39.0,GEAR,WAIT,GRAY,NO_DATA,missing_gear,{}
40.0,SPEED,24.0,NEUTRAL,OK,near_reference,"{reference_kmh=24.0, age_s=0.0}"
40.0,POWER,170,NEUTRAL,OK,power_present,{age_s=0.0}
40.0,HR,135,NEUTRAL,OK,hr_present,{age_s=0.0}
40.0,CADENCE,65,GREEN,OK,preferred_low_cadence_band,{age_s=0.0}
40.0,GRADE,0,NEUTRAL,OK,flat_deadband,"{grade_raw=0.0, grade_display=0.0}"
40.0,GEAR,WAIT,GRAY,NO_DATA,missing_gear,{}
41.0,SPEED,24.0,NEUTRAL,OK,near_reference,"{reference_kmh=24.0, age_s=0.0}"
41.0,POWER,170,NEUTRAL,OK,power_present,{age_s=0.0}
41.0,HR,135,NEUTRAL,OK,hr_present,{age_s=0.0}
41.0,CADENCE,65,GREEN,OK,preferred_low_cadence_band,{age_s=0.0}
41.0,GRADE,0,NEUTRAL,OK,flat_deadband,"{grade_raw=0.0, grade_display=0.0}"
41.0,GEAR,WAIT,GRAY,NO_DATA,missing_gear,{}
42.0,SPEED,24.0,NEUTRAL,OK,near_reference,"{reference_kmh=24.0, age_s=0.0}"
42.0,POWER,170,NEUTRAL,OK,power_present,{age_s=0.0}
42.0,HR,135,NEUTRAL,OK,hr_present,{age_s=0.0}
42.0,CADENCE,65,GREEN,OK,preferred_low_cadence_band,{age_s=0.0}
42.0,GRADE,0,NEUTRAL,OK,flat_deadband,"{grade_raw=0.0, grade_display=0.0}"
42.0,GEAR,WAIT,GRAY,NO_DATA,missing_gear,{}
43.0,SPEED,24.0,NEUTRAL,OK,near_reference,"{reference_kmh=24.0, age_s=0.0}"
43.0,POWER,170,NEUTRAL,OK,power_present,{age_s=0.0}
43.0,HR,135,NEUTRAL,OK,hr_present,{age_s=0.0}
43.0,CADENCE,65,GREEN,OK,preferred_low_cadence_band,{age_s=0.0}
43.0,GRADE,0,NEUTRAL,OK,flat_deadband,"{grade_raw=0.0, grade_display=0.0}"
43.0,GEAR,WAIT,GRAY,NO_DATA,missing_gear,{}
44.0,SPEED,24.0,NEUTRAL,OK,near_reference,"{reference_kmh=24.0, age_s=0.0}"
44.0,POWER,170,NEUTRAL,OK,power_present,{age_s=0.0}
44.0,HR,135,NEUTRAL,OK,hr_present,{age_s=0.0}
44.0,CADENCE,65,GREEN,OK,preferred_low_cadence_band,{age_s=0.0}
44.0,GRADE,0,NEUTRAL,OK,flat_deadband,"{grade_raw=0.0, grade_display=0.0}"
44.0,GEAR,WAIT,GRAY,NO_DATA,missing_gear,{}
45.0,SPEED,24.0,NEUTRAL,OK,near_reference,"{reference_kmh=24.0, age_s=0.0}"
45.0,POWER,170,NEUTRAL,OK,power_present,{age_s=0.0}
45.0,HR,135,NEUTRAL,OK,hr_present,{age_s=0.0}
45.0,CADENCE,65,GREEN,OK,preferred_low_cadence_band,{age_s=0.0}
45.0,GRADE,0,NEUTRAL,OK,flat_deadband,"{grade_raw=0.0, grade_display=0.0}"
45.0,GEAR,WAIT,GRAY,NO_DATA,missing_gear,{}
46.0,SPEED,24.0,NEUTRAL,OK,near_reference,"{reference_kmh=24.0, age_s=0.0}"
46.0,POWER,170,NEUTRAL,OK,power_present,{age_s=0.0}
46.0,HR,135,NEUTRAL,OK,hr_present,{age_s=0.0}
46.0,CADENCE,65,GREEN,OK,preferred_low_cadence_band,{age_s=0.0}
46.0,GRADE,0,NEUTRAL,OK,flat_deadband,"{grade_raw=0.0, grade_display=0.0}"
46.0,GEAR,WAIT,GRAY,NO_DATA,missing_gear,{}
47.0,SPEED,24.0,NEUTRAL,OK,near_reference,"{reference_kmh=24.0, age_s=0.0}"
47.0,POWER,170,NEUTRAL,OK,power_present,{age_s=0.0}
47.0,HR,135,NEUTRAL,OK,hr_present,{age_s=0.0}
47.0,CADENCE,65,GREEN,OK,preferred_low_cadence_band,{age_s=0.0}
47.0,GRADE,0,NEUTRAL,OK,flat_deadband,"{grade_raw=0.0, grade_display=0.0}"
47.0,GEAR,WAIT,GRAY,NO_DATA,missing_gear,{}
48.0,SPEED,24.0,NEUTRAL,OK,near_reference,"{reference_kmh=24.0, age_s=0.0}"
48.0,POWER,170,NEUTRAL,OK,power_present,{age_s=0.0}
48.0,HR,135,NEUTRAL,OK,hr_present,{age_s=0.0}
48.0,CADENCE,65,GREEN,OK,preferred_low_cadence_band,{age_s=0.0}
48.0,GRADE,0,NEUTRAL,OK,flat_deadband,"{grade_raw=0.0, grade_display=0.0}"
48.0,GEAR,WAIT,GRAY,NO_DATA,missing_gear,{}
49.0,SPEED,24.0,NEUTRAL,OK,near_reference,"{reference_kmh=24.0, age_s=0.0}"
49.0,POWER,170,NEUTRAL,OK,power_present,{age_s=0.0}
49.0,HR,135,NEUTRAL,OK,hr_present,{age_s=0.0}
49.0,CADENCE,65,GREEN,OK,preferred_low_cadence_band,{age_s=0.0}
49.0,GRADE,0,NEUTRAL,OK,flat_deadband,"{grade_raw=0.0, grade_display=0.0}"
49.0,GEAR,WAIT,GRAY,NO_DATA,missing_gear,{}
50.0,SPEED,24.0,NEUTRAL,OK,near_reference,"{reference_kmh=24.0, age_s=0.0}"
50.0,POWER,170,NEUTRAL,OK,power_present,{age_s=0.0}
50.0,HR,135,NEUTRAL,OK,hr_present,{age_s=0.0}
50.0,CADENCE,65,GREEN,OK,preferred_low_cadence_band,{age_s=0.0}
50.0,GRADE,0,NEUTRAL,OK,flat_deadband,"{grade_raw=0.0, grade_display=0.0}"
50.0,GEAR,WAIT,GRAY,NO_DATA,missing_gear,{}
51.0,SPEED,24.0,NEUTRAL,OK,near_reference,"{reference_kmh=24.0, age_s=0.0}"
51.0,POWER,170,NEUTRAL,OK,power_present,{age_s=0.0}
51.0,HR,135,NEUTRAL,OK,hr_present,{age_s=0.0}
51.0,CADENCE,65,GREEN,OK,preferred_low_cadence_band,{age_s=0.0}
51.0,GRADE,0,NEUTRAL,OK,flat_deadband,"{grade_raw=0.0, grade_display=0.0}"
51.0,GEAR,WAIT,GRAY,NO_DATA,missing_gear,{}
52.0,SPEED,24.0,NEUTRAL,OK,near_reference,"{reference_kmh=24.0, age_s=0.0}"
52.0,POWER,170,NEUTRAL,OK,power_present,{age_s=0.0}
52.0,HR,135,NEUTRAL,OK,hr_present,{age_s=0.0}
52.0,CADENCE,65,GREEN,OK,preferred_low_cadence_band,{age_s=0.0}
52.0,GRADE,0,NEUTRAL,OK,flat_deadband,"{grade_raw=0.0, grade_display=0.0}"
52.0,GEAR,WAIT,GRAY,NO_DATA,missing_gear,{}
53.0,SPEED,24.0,NEUTRAL,OK,near_reference,"{reference_kmh=24.0, age_s=0.0}"
53.0,POWER,170,NEUTRAL,OK,power_present,{age_s=0.0}
53.0,HR,135,NEUTRAL,OK,hr_present,{age_s=0.0}
53.0,CADENCE,65,GREEN,OK,preferred_low_cadence_band,{age_s=0.0}
53.0,GRADE,0,NEUTRAL,OK,flat_deadband,"{grade_raw=0.0, grade_display=0.0}"
53.0,GEAR,WAIT,GRAY,NO_DATA,missing_gear,{}
54.0,SPEED,24.0,NEUTRAL,OK,near_reference,"{reference_kmh=24.0, age_s=0.0}"
54.0,POWER,170,NEUTRAL,OK,power_present,{age_s=0.0}
54.0,HR,135,NEUTRAL,OK,hr_present,{age_s=0.0}
54.0,CADENCE,65,GREEN,OK,preferred_low_cadence_band,{age_s=0.0}
54.0,GRADE,0,NEUTRAL,OK,flat_deadband,"{grade_raw=0.0, grade_display=0.0}"
54.0,GEAR,WAIT,GRAY,NO_DATA,missing_gear,{}
55.0,SPEED,24.0,NEUTRAL,OK,near_reference,"{reference_kmh=24.0, age_s=0.0}"
55.0,POWER,170,NEUTRAL,OK,power_present,{age_s=0.0}
55.0,HR,135,NEUTRAL,OK,hr_present,{age_s=0.0}
55.0,CADENCE,65,GREEN,OK,preferred_low_cadence_band,{age_s=0.0}
55.0,GRADE,0,NEUTRAL,OK,flat_deadband,"{grade_raw=0.0, grade_display=0.0}"
55.0,GEAR,WAIT,GRAY,NO_DATA,missing_gear,{}
56.0,SPEED,24.0,NEUTRAL,OK,near_reference,"{reference_kmh=24.0, age_s=0.0}"
56.0,POWER,170,NEUTRAL,OK,power_present,{age_s=0.0}
56.0,HR,135,NEUTRAL,OK,hr_present,{age_s=0.0}
56.0,CADENCE,65,GREEN,OK,preferred_low_cadence_band,{age_s=0.0}
56.0,GRADE,0,NEUTRAL,OK,flat_deadband,"{grade_raw=0.0, grade_display=0.0}"
56.0,GEAR,WAIT,GRAY,NO_DATA,missing_gear,{}
57.0,SPEED,24.0,NEUTRAL,OK,near_reference,"{reference_kmh=24.0, age_s=0.0}"
57.0,POWER,170,NEUTRAL,OK,power_present,{age_s=0.0}
57.0,HR,135,NEUTRAL,OK,hr_present,{age_s=0.0}
57.0,CADENCE,65,GREEN,OK,preferred_low_cadence_band,{age_s=0.0}
57.0,GRADE,0,NEUTRAL,OK,flat_deadband,"{grade_raw=0.0, grade_display=0.0}"
57.0,GEAR,WAIT,GRAY,NO_DATA,missing_gear,{}
58.0,SPEED,24.0,NEUTRAL,OK,near_reference,"{reference_kmh=24.0, age_s=0.0}"
58.0,POWER,170,NEUTRAL,OK,power_present,{age_s=0.0}
58.0,HR,135,NEUTRAL,OK,hr_present,{age_s=0.0}
58.0,CADENCE,65,GREEN,OK,preferred_low_cadence_band,{age_s=0.0}
58.0,GRADE,0,NEUTRAL,OK,flat_deadband,"{grade_raw=0.0, grade_display=0.0}"
58.0,GEAR,WAIT,GRAY,NO_DATA,missing_gear,{}
59.0,SPEED,24.0,NEUTRAL,OK,near_reference,"{reference_kmh=24.0, age_s=0.0}"
59.0,POWER,170,NEUTRAL,OK,power_present,{age_s=0.0}
59.0,HR,135,NEUTRAL,OK,hr_present,{age_s=0.0}
59.0,CADENCE,65,GREEN,OK,preferred_low_cadence_band,{age_s=0.0}
59.0,GRADE,0,NEUTRAL,OK,flat_deadband,"{grade_raw=0.0, grade_display=0.0}"
59.0,GEAR,WAIT,GRAY,NO_DATA,missing_gear,{}
60.0,SPEED,24.0,NEUTRAL,OK,near_reference,"{reference_kmh=24.400000000000016, age_s=0.0}"
60.0,POWER,170,NEUTRAL,OK,power_present,{age_s=0.0}
60.0,HR,135,NEUTRAL,OK,hr_present,{age_s=0.0}
60.0,CADENCE,65,GREEN,OK,preferred_low_cadence_band,{age_s=0.0}
60.0,GRADE,0,NEUTRAL,OK,flat_deadband,"{grade_raw=0.0, grade_display=0.0}"
60.0,GEAR,WAIT,GRAY,NO_DATA,missing_gear,{}
61.0,SPEED,24.0,NEUTRAL,OK,near_reference,"{reference_kmh=24.393442622950836, age_s=0.0}"
61.0,POWER,170,NEUTRAL,OK,power_present,{age_s=0.0}
61.0,HR,135,NEUTRAL,OK,hr_present,{age_s=0.0}
61.0,CADENCE,65,GREEN,OK,preferred_low_cadence_band,{age_s=0.0}
61.0,GRADE,0,NEUTRAL,OK,flat_deadband,"{grade_raw=0.0, grade_display=0.0}"
61.0,GEAR,WAIT,GRAY,NO_DATA,missing_gear,{}
62.0,SPEED,24.0,NEUTRAL,OK,near_reference,"{reference_kmh=24.387096774193566, age_s=0.0}"
62.0,POWER,170,NEUTRAL,OK,power_present,{age_s=0.0}
62.0,HR,135,NEUTRAL,OK,hr_present,{age_s=0.0}
62.0,CADENCE,65,GREEN,OK,preferred_low_cadence_band,{age_s=0.0}
62.0,GRADE,0,NEUTRAL,OK,flat_deadband,"{grade_raw=0.0, grade_display=0.0}"
62.0,GEAR,WAIT,GRAY,NO_DATA,missing_gear,{}
63.0,SPEED,24.0,NEUTRAL,OK,near_reference,"{reference_kmh=24.3809523809524, age_s=0.0}"
63.0,POWER,170,NEUTRAL,OK,power_present,{age_s=0.0}
63.0,HR,135,NEUTRAL,OK,hr_present,{age_s=0.0}
63.0,CADENCE,65,GREEN,OK,preferred_low_cadence_band,{age_s=0.0}
63.0,GRADE,0,NEUTRAL,OK,flat_deadband,"{grade_raw=0.0, grade_display=0.0}"
63.0,GEAR,WAIT,GRAY,NO_DATA,missing_gear,{}
64.0,SPEED,24.0,NEUTRAL,OK,near_reference,"{reference_kmh=24.37500000000002, age_s=0.0}"
64.0,POWER,170,NEUTRAL,OK,power_present,{age_s=0.0}
64.0,HR,135,NEUTRAL,OK,hr_present,{age_s=0.0}
64.0,CADENCE,65,GREEN,OK,preferred_low_cadence_band,{age_s=0.0}
64.0,GRADE,0,NEUTRAL,OK,flat_deadband,"{grade_raw=0.0, grade_display=0.0}"
64.0,GEAR,WAIT,GRAY,NO_DATA,missing_gear,{}
65.0,SPEED,24.0,NEUTRAL,OK,near_reference,"{reference_kmh=24.369230769230793, age_s=0.0}"
65.0,POWER,170,NEUTRAL,OK,power_present,{age_s=0.0}
65.0,HR,135,NEUTRAL,OK,hr_present,{age_s=0.0}
65.0,CADENCE,65,GREEN,OK,preferred_low_cadence_band,{age_s=0.0}
65.0,GRADE,0,NEUTRAL,OK,flat_deadband,"{grade_raw=0.0, grade_display=0.0}"
65.0,GEAR,WAIT,GRAY,NO_DATA,missing_gear,{}
66.0,SPEED,24.0,NEUTRAL,OK,near_reference,"{reference_kmh=24.363636363636388, age_s=0.0}"
66.0,POWER,170,NEUTRAL,OK,power_present,{age_s=0.0}
66.0,HR,135,NEUTRAL,OK,hr_present,{age_s=0.0}
66.0,CADENCE,65,GREEN,OK,preferred_low_cadence_band,{age_s=0.0}
66.0,GRADE,0,NEUTRAL,OK,flat_deadband,"{grade_raw=0.0, grade_display=0.0}"
66.0,GEAR,WAIT,GRAY,NO_DATA,missing_gear,{}
67.0,SPEED,24.0,NEUTRAL,OK,near_reference,"{reference_kmh=24.358208955223905, age_s=0.0}"
67.0,POWER,170,NEUTRAL,OK,power_present,{age_s=0.0}
67.0,HR,135,NEUTRAL,OK,hr_present,{age_s=0.0}
67.0,CADENCE,65,GREEN,OK,preferred_low_cadence_band,{age_s=0.0}
67.0,GRADE,0,NEUTRAL,OK,flat_deadband,"{grade_raw=0.0, grade_display=0.0}"
67.0,GEAR,WAIT,GRAY,NO_DATA,missing_gear,{}
68.0,SPEED,24.0,NEUTRAL,OK,near_reference,"{reference_kmh=24.352941176470612, age_s=0.0}"
68.0,POWER,170,NEUTRAL,OK,power_present,{age_s=0.0}
68.0,HR,135,NEUTRAL,OK,hr_present,{age_s=0.0}
68.0,CADENCE,65,GREEN,OK,preferred_low_cadence_band,{age_s=0.0}
68.0,GRADE,0,NEUTRAL,OK,flat_deadband,"{grade_raw=0.0, grade_display=0.0}"
68.0,GEAR,WAIT,GRAY,NO_DATA,missing_gear,{}
69.0,SPEED,24.0,NEUTRAL,OK,near_reference,"{reference_kmh=24.347826086956548, age_s=0.0}"
69.0,POWER,170,NEUTRAL,OK,power_present,{age_s=0.0}
69.0,HR,135,NEUTRAL,OK,hr_present,{age_s=0.0}
69.0,CADENCE,65,GREEN,OK,preferred_low_cadence_band,{age_s=0.0}
69.0,GRADE,0,NEUTRAL,OK,flat_deadband,"{grade_raw=0.0, grade_display=0.0}"
69.0,GEAR,WAIT,GRAY,NO_DATA,missing_gear,{}
70.0,SPEED,24.0,NEUTRAL,OK,near_reference,"{reference_kmh=24.342857142857167, age_s=0.0}"
70.0,POWER,170,NEUTRAL,OK,power_present,{age_s=0.0}
70.0,HR,135,NEUTRAL,OK,hr_present,{age_s=0.0}
70.0,CADENCE,65,GREEN,OK,preferred_low_cadence_band,{age_s=0.0}
70.0,GRADE,0,NEUTRAL,OK,flat_deadband,"{grade_raw=0.0, grade_display=0.0}"
70.0,GEAR,WAIT,GRAY,NO_DATA,missing_gear,{}
71.0,SPEED,24.0,NEUTRAL,OK,near_reference,"{reference_kmh=24.338028169014112, age_s=0.0}"
71.0,POWER,170,NEUTRAL,OK,power_present,{age_s=0.0}
71.0,HR,135,NEUTRAL,OK,hr_present,{age_s=0.0}
71.0,CADENCE,65,GREEN,OK,preferred_low_cadence_band,{age_s=0.0}
71.0,GRADE,0,NEUTRAL,OK,flat_deadband,"{grade_raw=0.0, grade_display=0.0}"
71.0,GEAR,WAIT,GRAY,NO_DATA,missing_gear,{}
72.0,SPEED,24.0,NEUTRAL,OK,near_reference,"{reference_kmh=24.33333333333336, age_s=0.0}"
72.0,POWER,170,NEUTRAL,OK,power_present,{age_s=0.0}
72.0,HR,135,NEUTRAL,OK,hr_present,{age_s=0.0}
72.0,CADENCE,65,GREEN,OK,preferred_low_cadence_band,{age_s=0.0}
72.0,GRADE,0,NEUTRAL,OK,flat_deadband,"{grade_raw=0.0, grade_display=0.0}"
72.0,GEAR,WAIT,GRAY,NO_DATA,missing_gear,{}
73.0,SPEED,24.0,NEUTRAL,OK,near_reference,"{reference_kmh=24.3287671232877, age_s=0.0}"
73.0,POWER,170,NEUTRAL,OK,power_present,{age_s=0.0}
73.0,HR,135,NEUTRAL,OK,hr_present,{age_s=0.0}
73.0,CADENCE,65,GREEN,OK,preferred_low_cadence_band,{age_s=0.0}
73.0,GRADE,0,NEUTRAL,OK,flat_deadband,"{grade_raw=0.0, grade_display=0.0}"
73.0,GEAR,WAIT,GRAY,NO_DATA,missing_gear,{}
74.0,SPEED,24.0,NEUTRAL,OK,near_reference,"{reference_kmh=24.32432432432435, age_s=0.0}"
74.0,POWER,170,NEUTRAL,OK,power_present,{age_s=0.0}
74.0,HR,135,NEUTRAL,OK,hr_present,{age_s=0.0}
74.0,CADENCE,65,GREEN,OK,preferred_low_cadence_band,{age_s=0.0}
74.0,GRADE,0,NEUTRAL,OK,flat_deadband,"{grade_raw=0.0, grade_display=0.0}"
74.0,GEAR,WAIT,GRAY,NO_DATA,missing_gear,{}
75.0,SPEED,24.0,NEUTRAL,OK,near_reference,"{reference_kmh=24.32000000000003, age_s=0.0}"
75.0,POWER,170,NEUTRAL,OK,power_present,{age_s=0.0}
75.0,HR,135,NEUTRAL,OK,hr_present,{age_s=0.0}
75.0,CADENCE,65,GREEN,OK,preferred_low_cadence_band,{age_s=0.0}
75.0,GRADE,0,NEUTRAL,OK,flat_deadband,"{grade_raw=0.0, grade_display=0.0}"
75.0,GEAR,WAIT,GRAY,NO_DATA,missing_gear,{}
76.0,SPEED,24.0,NEUTRAL,OK,near_reference,"{reference_kmh=24.31578947368424, age_s=0.0}"
76.0,POWER,170,NEUTRAL,OK,power_present,{age_s=0.0}
76.0,HR,135,NEUTRAL,OK,hr_present,{age_s=0.0}
76.0,CADENCE,65,GREEN,OK,preferred_low_cadence_band,{age_s=0.0}
76.0,GRADE,0,NEUTRAL,OK,flat_deadband,"{grade_raw=0.0, grade_display=0.0}"
76.0,GEAR,WAIT,GRAY,NO_DATA,missing_gear,{}
77.0,SPEED,24.0,NEUTRAL,OK,near_reference,"{reference_kmh=24.31168831168834, age_s=0.0}"
77.0,POWER,170,NEUTRAL,OK,power_present,{age_s=0.0}
77.0,HR,135,NEUTRAL,OK,hr_present,{age_s=0.0}
77.0,CADENCE,65,GREEN,OK,preferred_low_cadence_band,{age_s=0.0}
77.0,GRADE,0,NEUTRAL,OK,flat_deadband,"{grade_raw=0.0, grade_display=0.0}"
77.0,GEAR,WAIT,GRAY,NO_DATA,missing_gear,{}
78.0,SPEED,24.0,NEUTRAL,OK,near_reference,"{reference_kmh=24.30769230769233, age_s=0.0}"
78.0,POWER,170,NEUTRAL,OK,power_present,{age_s=0.0}
78.0,HR,135,NEUTRAL,OK,hr_present,{age_s=0.0}
78.0,CADENCE,65,GREEN,OK,preferred_low_cadence_band,{age_s=0.0}
78.0,GRADE,0,NEUTRAL,OK,flat_deadband,"{grade_raw=0.0, grade_display=0.0}"
78.0,GEAR,WAIT,GRAY,NO_DATA,missing_gear,{}
79.0,SPEED,24.0,NEUTRAL,OK,near_reference,"{reference_kmh=24.303797468354457, age_s=0.0}"
79.0,POWER,170,NEUTRAL,OK,power_present,{age_s=0.0}
79.0,HR,135,NEUTRAL,OK,hr_present,{age_s=0.0}
79.0,CADENCE,65,GREEN,OK,preferred_low_cadence_band,{age_s=0.0}
79.0,GRADE,0,NEUTRAL,OK,flat_deadband,"{grade_raw=0.0, grade_display=0.0}"
79.0,GEAR,WAIT,GRAY,NO_DATA,missing_gear,{}
80.0,SPEED,24.0,NEUTRAL,OK,near_reference,"{reference_kmh=24.300000000000022, age_s=0.0}"
80.0,POWER,170,NEUTRAL,OK,power_present,{age_s=0.0}
80.0,HR,135,NEUTRAL,OK,hr_present,{age_s=0.0}
80.0,CADENCE,65,GREEN,OK,preferred_low_cadence_band,{age_s=0.0}
80.0,GRADE,0,NEUTRAL,OK,flat_deadband,"{grade_raw=0.0, grade_display=0.0}"
80.0,GEAR,WAIT,GRAY,NO_DATA,missing_gear,{}
81.0,SPEED,24.0,NEUTRAL,OK,near_reference,"{reference_kmh=24.296296296296315, age_s=0.0}"
81.0,POWER,170,NEUTRAL,OK,power_present,{age_s=0.0}
81.0,HR,135,NEUTRAL,OK,hr_present,{age_s=0.0}
81.0,CADENCE,65,GREEN,OK,preferred_low_cadence_band,{age_s=0.0}
81.0,GRADE,0,NEUTRAL,OK,flat_deadband,"{grade_raw=0.0, grade_display=0.0}"
81.0,GEAR,WAIT,GRAY,NO_DATA,missing_gear,{}
82.0,SPEED,24.0,NEUTRAL,OK,near_reference,"{reference_kmh=24.292682926829283, age_s=0.0}"
82.0,POWER,170,NEUTRAL,OK,power_present,{age_s=0.0}
82.0,HR,135,NEUTRAL,OK,hr_present,{age_s=0.0}
82.0,CADENCE,65,GREEN,OK,preferred_low_cadence_band,{age_s=0.0}
82.0,GRADE,0,NEUTRAL,OK,flat_deadband,"{grade_raw=0.0, grade_display=0.0}"
82.0,GEAR,WAIT,GRAY,NO_DATA,missing_gear,{}
83.0,SPEED,24.0,NEUTRAL,OK,near_reference,"{reference_kmh=24.289156626506042, age_s=0.0}"
83.0,POWER,170,NEUTRAL,OK,power_present,{age_s=0.0}
83.0,HR,135,NEUTRAL,OK,hr_present,{age_s=0.0}
83.0,CADENCE,65,GREEN,OK,preferred_low_cadence_band,{age_s=0.0}
83.0,GRADE,0,NEUTRAL,OK,flat_deadband,"{grade_raw=0.0, grade_display=0.0}"
83.0,GEAR,WAIT,GRAY,NO_DATA,missing_gear,{}
84.0,SPEED,24.0,NEUTRAL,OK,near_reference,"{reference_kmh=24.2857142857143, age_s=0.0}"
84.0,POWER,170,NEUTRAL,OK,power_present,{age_s=0.0}
84.0,HR,135,NEUTRAL,OK,hr_present,{age_s=0.0}
84.0,CADENCE,65,GREEN,OK,preferred_low_cadence_band,{age_s=0.0}
84.0,GRADE,0,NEUTRAL,OK,flat_deadband,"{grade_raw=0.0, grade_display=0.0}"
84.0,GEAR,WAIT,GRAY,NO_DATA,missing_gear,{}
85.0,SPEED,24.0,NEUTRAL,OK,near_reference,"{reference_kmh=24.28235294117648, age_s=0.0}"
85.0,POWER,170,NEUTRAL,OK,power_present,{age_s=0.0}
85.0,HR,135,NEUTRAL,OK,hr_present,{age_s=0.0}
85.0,CADENCE,65,GREEN,OK,preferred_low_cadence_band,{age_s=0.0}
85.0,GRADE,0,NEUTRAL,OK,flat_deadband,"{grade_raw=0.0, grade_display=0.0}"
85.0,GEAR,WAIT,GRAY,NO_DATA,missing_gear,{}
86.0,SPEED,24.0,NEUTRAL,OK,near_reference,"{reference_kmh=24.279069767441868, age_s=0.0}"
86.0,POWER,170,NEUTRAL,OK,power_present,{age_s=0.0}
86.0,HR,135,NEUTRAL,OK,hr_present,{age_s=0.0}
86.0,CADENCE,65,GREEN,OK,preferred_low_cadence_band,{age_s=0.0}
86.0,GRADE,0,NEUTRAL,OK,flat_deadband,"{grade_raw=0.0, grade_display=0.0}"
86.0,GEAR,WAIT,GRAY,NO_DATA,missing_gear,{}
87.0,SPEED,24.0,NEUTRAL,OK,near_reference,"{reference_kmh=24.275862068965527, age_s=0.0}"
87.0,POWER,170,NEUTRAL,OK,power_present,{age_s=0.0}
87.0,HR,135,NEUTRAL,OK,hr_present,{age_s=0.0}
87.0,CADENCE,65,GREEN,OK,preferred_low_cadence_band,{age_s=0.0}
87.0,GRADE,0,NEUTRAL,OK,flat_deadband,"{grade_raw=0.0, grade_display=0.0}"
87.0,GEAR,WAIT,GRAY,NO_DATA,missing_gear,{}
88.0,SPEED,24.0,NEUTRAL,OK,near_reference,"{reference_kmh=24.272727272727277, age_s=0.0}"
88.0,POWER,170,NEUTRAL,OK,power_present,{age_s=0.0}
88.0,HR,135,NEUTRAL,OK,hr_present,{age_s=0.0}
88.0,CADENCE,65,GREEN,OK,preferred_low_cadence_band,{age_s=0.0}
88.0,GRADE,0,NEUTRAL,OK,flat_deadband,"{grade_raw=0.0, grade_display=0.0}"
88.0,GEAR,WAIT,GRAY,NO_DATA,missing_gear,{}
89.0,SPEED,24.0,NEUTRAL,OK,near_reference,"{reference_kmh=24.269662921348317, age_s=0.0}"
89.0,POWER,170,NEUTRAL,OK,power_present,{age_s=0.0}
89.0,HR,135,NEUTRAL,OK,hr_present,{age_s=0.0}
89.0,CADENCE,65,GREEN,OK,preferred_low_cadence_band,{age_s=0.0}
89.0,GRADE,0,NEUTRAL,OK,flat_deadband,"{grade_raw=0.0, grade_display=0.0}"
89.0,GEAR,WAIT,GRAY,NO_DATA,missing_gear,{}
90.0,SPEED,24.0,NEUTRAL,OK,near_reference,"{reference_kmh=24.266666666666666, age_s=0.0}"
90.0,POWER,170,NEUTRAL,OK,power_present,{age_s=0.0}
90.0,HR,135,NEUTRAL,OK,hr_present,{age_s=0.0}
90.0,CADENCE,65,GREEN,OK,preferred_low_cadence_band,{age_s=0.0}
90.0,GRADE,0,NEUTRAL,OK,flat_deadband,"{grade_raw=0.0, grade_display=0.0}"
90.0,GEAR,WAIT,GRAY,NO_DATA,missing_gear,{}
91.0,SPEED,24.0,NEUTRAL,OK,near_reference,"{reference_kmh=24.263736263736266, age_s=0.0}"
91.0,POWER,170,NEUTRAL,OK,power_present,{age_s=0.0}
91.0,HR,135,NEUTRAL,OK,hr_present,{age_s=0.0}
91.0,CADENCE,65,GREEN,OK,preferred_low_cadence_band,{age_s=0.0}
91.0,GRADE,0,NEUTRAL,OK,flat_deadband,"{grade_raw=0.0, grade_display=0.0}"
91.0,GEAR,WAIT,GRAY,NO_DATA,missing_gear,{}
92.0,SPEED,24.0,NEUTRAL,OK,near_reference,"{reference_kmh=24.26086956521739, age_s=0.0}"
92.0,POWER,170,NEUTRAL,OK,power_present,{age_s=0.0}
92.0,HR,135,NEUTRAL,OK,hr_present,{age_s=0.0}
92.0,CADENCE,65,GREEN,OK,preferred_low_cadence_band,{age_s=0.0}
92.0,GRADE,0,NEUTRAL,OK,flat_deadband,"{grade_raw=0.0, grade_display=0.0}"
92.0,GEAR,WAIT,GRAY,NO_DATA,missing_gear,{}
93.0,SPEED,24.0,NEUTRAL,OK,near_reference,"{reference_kmh=24.25806451612903, age_s=0.0}"
93.0,POWER,170,NEUTRAL,OK,power_present,{age_s=0.0}
93.0,HR,135,NEUTRAL,OK,hr_present,{age_s=0.0}
93.0,CADENCE,65,GREEN,OK,preferred_low_cadence_band,{age_s=0.0}
93.0,GRADE,0,NEUTRAL,OK,flat_deadband,"{grade_raw=0.0, grade_display=0.0}"
93.0,GEAR,WAIT,GRAY,NO_DATA,missing_gear,{}
94.0,SPEED,24.0,NEUTRAL,OK,near_reference,"{reference_kmh=24.255319148936167, age_s=0.0}"
94.0,POWER,170,NEUTRAL,OK,power_present,{age_s=0.0}
94.0,HR,135,NEUTRAL,OK,hr_present,{age_s=0.0}
94.0,CADENCE,65,GREEN,OK,preferred_low_cadence_band,{age_s=0.0}
94.0,GRADE,0,NEUTRAL,OK,flat_deadband,"{grade_raw=0.0, grade_display=0.0}"
94.0,GEAR,WAIT,GRAY,NO_DATA,missing_gear,{}
95.0,SPEED,24.0,NEUTRAL,OK,near_reference,"{reference_kmh=24.252631578947366, age_s=0.0}"
95.0,POWER,170,NEUTRAL,OK,power_present,{age_s=0.0}
95.0,HR,135,NEUTRAL,OK,hr_present,{age_s=0.0}
95.0,CADENCE,65,GREEN,OK,preferred_low_cadence_band,{age_s=0.0}
95.0,GRADE,0,NEUTRAL,OK,flat_deadband,"{grade_raw=0.0, grade_display=0.0}"
95.0,GEAR,WAIT,GRAY,NO_DATA,missing_gear,{}
96.0,SPEED,24.0,NEUTRAL,OK,near_reference,"{reference_kmh=24.249999999999993, age_s=0.0}"
96.0,POWER,170,NEUTRAL,OK,power_present,{age_s=0.0}
96.0,HR,135,NEUTRAL,OK,hr_present,{age_s=0.0}
96.0,CADENCE,65,GREEN,OK,preferred_low_cadence_band,{age_s=0.0}
96.0,GRADE,0,NEUTRAL,OK,flat_deadband,"{grade_raw=0.0, grade_display=0.0}"
96.0,GEAR,WAIT,GRAY,NO_DATA,missing_gear,{}
97.0,SPEED,24.0,NEUTRAL,OK,near_reference,"{reference_kmh=24.247422680412363, age_s=0.0}"
97.0,POWER,170,NEUTRAL,OK,power_present,{age_s=0.0}
97.0,HR,135,NEUTRAL,OK,hr_present,{age_s=0.0}
97.0,CADENCE,65,GREEN,OK,preferred_low_cadence_band,{age_s=0.0}
97.0,GRADE,0,NEUTRAL,OK,flat_deadband,"{grade_raw=0.0, grade_display=0.0}"
97.0,GEAR,WAIT,GRAY,NO_DATA,missing_gear,{}
98.0,SPEED,24.0,NEUTRAL,OK,near_reference,"{reference_kmh=24.244897959183668, age_s=0.0}"
98.0,POWER,170,NEUTRAL,OK,power_present,{age_s=0.0}
98.0,HR,135,NEUTRAL,OK,hr_present,{age_s=0.0}
98.0,CADENCE,65,GREEN,OK,preferred_low_cadence_band,{age_s=0.0}
98.0,GRADE,0,NEUTRAL,OK,flat_deadband,"{grade_raw=0.0, grade_display=0.0}"
98.0,GEAR,WAIT,GRAY,NO_DATA,missing_gear,{}
99.0,SPEED,24.0,NEUTRAL,OK,near_reference,"{reference_kmh=24.24242424242423, age_s=0.0}"
99.0,POWER,170,NEUTRAL,OK,power_present,{age_s=0.0}
99.0,HR,135,NEUTRAL,OK,hr_present,{age_s=0.0}
99.0,CADENCE,65,GREEN,OK,preferred_low_cadence_band,{age_s=0.0}
99.0,GRADE,0,NEUTRAL,OK,flat_deadband,"{grade_raw=0.0, grade_display=0.0}"
99.0,GEAR,WAIT,GRAY,NO_DATA,missing_gear,{}
100.0,SPEED,24.0,NEUTRAL,OK,near_reference,"{reference_kmh=24.23999999999999, age_s=0.0}"
100.0,POWER,170,NEUTRAL,OK,power_present,{age_s=0.0}
100.0,HR,135,NEUTRAL,OK,hr_present,{age_s=0.0}
100.0,CADENCE,65,GREEN,OK,preferred_low_cadence_band,{age_s=0.0}
100.0,GRADE,0,NEUTRAL,OK,flat_deadband,"{grade_raw=0.0, grade_display=0.0}"
100.0,GEAR,WAIT,GRAY,NO_DATA,missing_gear,{}
101.0,SPEED,24.0,NEUTRAL,OK,near_reference,"{reference_kmh=24.237623762376224, age_s=0.0}"
101.0,POWER,170,NEUTRAL,OK,power_present,{age_s=0.0}
101.0,HR,135,NEUTRAL,OK,hr_present,{age_s=0.0}
101.0,CADENCE,65,GREEN,OK,preferred_low_cadence_band,{age_s=0.0}
101.0,GRADE,0,NEUTRAL,OK,flat_deadband,"{grade_raw=0.0, grade_display=0.0}"
101.0,GEAR,WAIT,GRAY,NO_DATA,missing_gear,{}
102.0,SPEED,24.0,NEUTRAL,OK,near_reference,"{reference_kmh=24.235294117647047, age_s=0.0}"
102.0,POWER,170,NEUTRAL,OK,power_present,{age_s=0.0}
102.0,HR,135,NEUTRAL,OK,hr_present,{age_s=0.0}
102.0,CADENCE,65,GREEN,OK,preferred_low_cadence_band,{age_s=0.0}
102.0,GRADE,0,NEUTRAL,OK,flat_deadband,"{grade_raw=0.0, grade_display=0.0}"
102.0,GEAR,WAIT,GRAY,NO_DATA,missing_gear,{}
103.0,SPEED,24.0,NEUTRAL,OK,near_reference,"{reference_kmh=24.23300970873785, age_s=0.0}"
103.0,POWER,170,NEUTRAL,OK,power_present,{age_s=0.0}
103.0,HR,135,NEUTRAL,OK,hr_present,{age_s=0.0}
103.0,CADENCE,65,GREEN,OK,preferred_low_cadence_band,{age_s=0.0}
103.0,GRADE,0,NEUTRAL,OK,flat_deadband,"{grade_raw=0.0, grade_display=0.0}"
103.0,GEAR,WAIT,GRAY,NO_DATA,missing_gear,{}
104.0,SPEED,24.0,NEUTRAL,OK,near_reference,"{reference_kmh=24.230769230769216, age_s=0.0}"
104.0,POWER,170,NEUTRAL,OK,power_present,{age_s=0.0}
104.0,HR,135,NEUTRAL,OK,hr_present,{age_s=0.0}
104.0,CADENCE,65,GREEN,OK,preferred_low_cadence_band,{age_s=0.0}
104.0,GRADE,0,NEUTRAL,OK,flat_deadband,"{grade_raw=0.0, grade_display=0.0}"
104.0,GEAR,WAIT,GRAY,NO_DATA,missing_gear,{}
105.0,SPEED,24.0,NEUTRAL,OK,near_reference,"{reference_kmh=24.228571428571414, age_s=0.0}"
105.0,POWER,170,NEUTRAL,OK,power_present,{age_s=0.0}
105.0,HR,135,NEUTRAL,OK,hr_present,{age_s=0.0}
105.0,CADENCE,65,GREEN,OK,preferred_low_cadence_band,{age_s=0.0}
105.0,GRADE,0,NEUTRAL,OK,flat_deadband,"{grade_raw=0.0, grade_display=0.0}"
105.0,GEAR,WAIT,GRAY,NO_DATA,missing_gear,{}
106.0,SPEED,24.0,NEUTRAL,OK,near_reference,"{reference_kmh=24.226415094339607, age_s=0.0}"
106.0,POWER,170,NEUTRAL,OK,power_present,{age_s=0.0}
106.0,HR,135,NEUTRAL,OK,hr_present,{age_s=0.0}
106.0,CADENCE,65,GREEN,OK,preferred_low_cadence_band,{age_s=0.0}
106.0,GRADE,0,NEUTRAL,OK,flat_deadband,"{grade_raw=0.0, grade_display=0.0}"
106.0,GEAR,WAIT,GRAY,NO_DATA,missing_gear,{}
107.0,SPEED,24.0,NEUTRAL,OK,near_reference,"{reference_kmh=24.224299065420542, age_s=0.0}"
107.0,POWER,170,NEUTRAL,OK,power_present,{age_s=0.0}
107.0,HR,135,NEUTRAL,OK,hr_present,{age_s=0.0}
107.0,CADENCE,65,GREEN,OK,preferred_low_cadence_band,{age_s=0.0}
107.0,GRADE,0,NEUTRAL,OK,flat_deadband,"{grade_raw=0.0, grade_display=0.0}"
107.0,GEAR,WAIT,GRAY,NO_DATA,missing_gear,{}
108.0,SPEED,24.0,NEUTRAL,OK,near_reference,"{reference_kmh=24.2222222222222, age_s=0.0}"
108.0,POWER,170,NEUTRAL,OK,power_present,{age_s=0.0}
108.0,HR,135,NEUTRAL,OK,hr_present,{age_s=0.0}
108.0,CADENCE,65,GREEN,OK,preferred_low_cadence_band,{age_s=0.0}
108.0,GRADE,0,NEUTRAL,OK,flat_deadband,"{grade_raw=0.0, grade_display=0.0}"
108.0,GEAR,WAIT,GRAY,NO_DATA,missing_gear,{}
109.0,SPEED,24.0,NEUTRAL,OK,near_reference,"{reference_kmh=24.22018348623851, age_s=0.0}"
109.0,POWER,170,NEUTRAL,OK,power_present,{age_s=0.0}
109.0,HR,135,NEUTRAL,OK,hr_present,{age_s=0.0}
109.0,CADENCE,65,GREEN,OK,preferred_low_cadence_band,{age_s=0.0}
109.0,GRADE,0,NEUTRAL,OK,flat_deadband,"{grade_raw=0.0, grade_display=0.0}"
109.0,GEAR,WAIT,GRAY,NO_DATA,missing_gear,{}
110.0,SPEED,24.0,NEUTRAL,OK,near_reference,"{reference_kmh=24.218181818181797, age_s=0.0}"
110.0,POWER,170,NEUTRAL,OK,power_present,{age_s=0.0}
110.0,HR,135,NEUTRAL,OK,hr_present,{age_s=0.0}
110.0,CADENCE,65,GREEN,OK,preferred_low_cadence_band,{age_s=0.0}
110.0,GRADE,0,NEUTRAL,OK,flat_deadband,"{grade_raw=0.0, grade_display=0.0}"
110.0,GEAR,WAIT,GRAY,NO_DATA,missing_gear,{}
111.0,SPEED,24.0,NEUTRAL,OK,near_reference,"{reference_kmh=24.216216216216193, age_s=0.0}"
111.0,POWER,170,NEUTRAL,OK,power_present,{age_s=0.0}
111.0,HR,135,NEUTRAL,OK,hr_present,{age_s=0.0}
111.0,CADENCE,65,GREEN,OK,preferred_low_cadence_band,{age_s=0.0}
111.0,GRADE,0,NEUTRAL,OK,flat_deadband,"{grade_raw=0.0, grade_display=0.0}"
111.0,GEAR,WAIT,GRAY,NO_DATA,missing_gear,{}
112.0,SPEED,24.0,NEUTRAL,OK,near_reference,"{reference_kmh=24.21428571428569, age_s=0.0}"
112.0,POWER,170,NEUTRAL,OK,power_present,{age_s=0.0}
112.0,HR,135,NEUTRAL,OK,hr_present,{age_s=0.0}
112.0,CADENCE,65,GREEN,OK,preferred_low_cadence_band,{age_s=0.0}
112.0,GRADE,0,NEUTRAL,OK,flat_deadband,"{grade_raw=0.0, grade_display=0.0}"
112.0,GEAR,WAIT,GRAY,NO_DATA,missing_gear,{}
113.0,SPEED,24.0,NEUTRAL,OK,near_reference,"{reference_kmh=24.212389380530947, age_s=0.0}"
113.0,POWER,170,NEUTRAL,OK,power_present,{age_s=0.0}
113.0,HR,135,NEUTRAL,OK,hr_present,{age_s=0.0}
113.0,CADENCE,65,GREEN,OK,preferred_low_cadence_band,{age_s=0.0}
113.0,GRADE,0,NEUTRAL,OK,flat_deadband,"{grade_raw=0.0, grade_display=0.0}"
113.0,GEAR,WAIT,GRAY,NO_DATA,missing_gear,{}
114.0,SPEED,24.0,NEUTRAL,OK,near_reference,"{reference_kmh=24.210526315789444, age_s=0.0}"
114.0,POWER,170,NEUTRAL,OK,power_present,{age_s=0.0}
114.0,HR,135,NEUTRAL,OK,hr_present,{age_s=0.0}
114.0,CADENCE,65,GREEN,OK,preferred_low_cadence_band,{age_s=0.0}
114.0,GRADE,0,NEUTRAL,OK,flat_deadband,"{grade_raw=0.0, grade_display=0.0}"
114.0,GEAR,WAIT,GRAY,NO_DATA,missing_gear,{}
115.0,SPEED,24.0,NEUTRAL,OK,near_reference,"{reference_kmh=24.208695652173887, age_s=0.0}"
115.0,POWER,170,NEUTRAL,OK,power_present,{age_s=0.0}
115.0,HR,135,NEUTRAL,OK,hr_present,{age_s=0.0}
115.0,CADENCE,65,GREEN,OK,preferred_low_cadence_band,{age_s=0.0}
115.0,GRADE,0,NEUTRAL,OK,flat_deadband,"{grade_raw=0.0, grade_display=0.0}"
115.0,GEAR,WAIT,GRAY,NO_DATA,missing_gear,{}
116.0,SPEED,24.0,NEUTRAL,OK,near_reference,"{reference_kmh=24.20689655172411, age_s=0.0}"
116.0,POWER,170,NEUTRAL,OK,power_present,{age_s=0.0}
116.0,HR,135,NEUTRAL,OK,hr_present,{age_s=0.0}
116.0,CADENCE,65,GREEN,OK,preferred_low_cadence_band,{age_s=0.0}
116.0,GRADE,0,NEUTRAL,OK,flat_deadband,"{grade_raw=0.0, grade_display=0.0}"
116.0,GEAR,WAIT,GRAY,NO_DATA,missing_gear,{}
117.0,SPEED,24.0,NEUTRAL,OK,near_reference,"{reference_kmh=24.205128205128176, age_s=0.0}"
117.0,POWER,170,NEUTRAL,OK,power_present,{age_s=0.0}
117.0,HR,135,NEUTRAL,OK,hr_present,{age_s=0.0}
117.0,CADENCE,65,GREEN,OK,preferred_low_cadence_band,{age_s=0.0}
117.0,GRADE,0,NEUTRAL,OK,flat_deadband,"{grade_raw=0.0, grade_display=0.0}"
117.0,GEAR,WAIT,GRAY,NO_DATA,missing_gear,{}
118.0,SPEED,24.0,NEUTRAL,OK,near_reference,"{reference_kmh=24.203389830508442, age_s=0.0}"
118.0,POWER,170,NEUTRAL,OK,power_present,{age_s=0.0}
118.0,HR,135,NEUTRAL,OK,hr_present,{age_s=0.0}
118.0,CADENCE,65,GREEN,OK,preferred_low_cadence_band,{age_s=0.0}
118.0,GRADE,0,NEUTRAL,OK,flat_deadband,"{grade_raw=0.0, grade_display=0.0}"
118.0,GEAR,WAIT,GRAY,NO_DATA,missing_gear,{}
119.0,SPEED,24.0,NEUTRAL,OK,near_reference,"{reference_kmh=24.20168067226888, age_s=0.0}"
119.0,POWER,170,NEUTRAL,OK,power_present,{age_s=0.0}
119.0,HR,135,NEUTRAL,OK,hr_present,{age_s=0.0}
119.0,CADENCE,65,GREEN,OK,preferred_low_cadence_band,{age_s=0.0}
119.0,GRADE,0,NEUTRAL,OK,flat_deadband,"{grade_raw=0.0, grade_display=0.0}"
119.0,GEAR,WAIT,GRAY,NO_DATA,missing_gear,{}
120.0,SPEED,24.0,NEUTRAL,OK,near_reference,"{reference_kmh=24.19999999999997, age_s=0.0}"
120.0,POWER,170,NEUTRAL,OK,power_present,{age_s=0.0}
120.0,HR,135,NEUTRAL,OK,hr_present,{age_s=0.0}
120.0,CADENCE,65,GREEN,OK,preferred_low_cadence_band,{age_s=0.0}
120.0,GRADE,0,NEUTRAL,OK,flat_deadband,"{grade_raw=0.0, grade_display=0.0}"
120.0,GEAR,WAIT,GRAY,NO_DATA,missing_gear,{}
121.0,SPEED,24.0,NEUTRAL,OK,near_reference,"{reference_kmh=24.198347107437982, age_s=0.0}"
121.0,POWER,170,NEUTRAL,OK,power_present,{age_s=0.0}
121.0,HR,135,NEUTRAL,OK,hr_present,{age_s=0.0}
121.0,CADENCE,65,GREEN,OK,preferred_low_cadence_band,{age_s=0.0}
121.0,GRADE,0,NEUTRAL,OK,flat_deadband,"{grade_raw=0.0, grade_display=0.0}"
121.0,GEAR,WAIT,GRAY,NO_DATA,missing_gear,{}
122.0,SPEED,24.0,NEUTRAL,OK,near_reference,"{reference_kmh=24.196721311475372, age_s=0.0}"
122.0,POWER,170,NEUTRAL,OK,power_present,{age_s=0.0}
122.0,HR,135,NEUTRAL,OK,hr_present,{age_s=0.0}
122.0,CADENCE,65,GREEN,OK,preferred_low_cadence_band,{age_s=0.0}
122.0,GRADE,0,NEUTRAL,OK,flat_deadband,"{grade_raw=0.0, grade_display=0.0}"
122.0,GEAR,WAIT,GRAY,NO_DATA,missing_gear,{}
123.0,SPEED,24.0,NEUTRAL,OK,near_reference,"{reference_kmh=24.195121951219477, age_s=0.0}"
123.0,POWER,170,NEUTRAL,OK,power_present,{age_s=0.0}
123.0,HR,135,NEUTRAL,OK,hr_present,{age_s=0.0}
123.0,CADENCE,65,GREEN,OK,preferred_low_cadence_band,{age_s=0.0}
123.0,GRADE,0,NEUTRAL,OK,flat_deadband,"{grade_raw=0.0, grade_display=0.0}"
123.0,GEAR,WAIT,GRAY,NO_DATA,missing_gear,{}
124.0,SPEED,24.0,NEUTRAL,OK,near_reference,"{reference_kmh=24.19354838709674, age_s=0.0}"
124.0,POWER,170,NEUTRAL,OK,power_present,{age_s=0.0}
124.0,HR,135,NEUTRAL,OK,hr_present,{age_s=0.0}
124.0,CADENCE,65,GREEN,OK,preferred_low_cadence_band,{age_s=0.0}
124.0,GRADE,0,NEUTRAL,OK,flat_deadband,"{grade_raw=0.0, grade_display=0.0}"
124.0,GEAR,WAIT,GRAY,NO_DATA,missing_gear,{}
125.0,SPEED,24.0,NEUTRAL,OK,near_reference,"{reference_kmh=24.19199999999996, age_s=0.0}"
125.0,POWER,170,NEUTRAL,OK,power_present,{age_s=0.0}
125.0,HR,135,NEUTRAL,OK,hr_present,{age_s=0.0}
125.0,CADENCE,65,GREEN,OK,preferred_low_cadence_band,{age_s=0.0}
125.0,GRADE,0,NEUTRAL,OK,flat_deadband,"{grade_raw=0.0, grade_display=0.0}"
125.0,GEAR,WAIT,GRAY,NO_DATA,missing_gear,{}
126.0,SPEED,24.0,NEUTRAL,OK,near_reference,"{reference_kmh=24.19047619047615, age_s=0.0}"
126.0,POWER,170,NEUTRAL,OK,power_present,{age_s=0.0}
126.0,HR,135,NEUTRAL,OK,hr_present,{age_s=0.0}
126.0,CADENCE,65,GREEN,OK,preferred_low_cadence_band,{age_s=0.0}
126.0,GRADE,0,NEUTRAL,OK,flat_deadband,"{grade_raw=0.0, grade_display=0.0}"
126.0,GEAR,WAIT,GRAY,NO_DATA,missing_gear,{}
127.0,SPEED,24.0,NEUTRAL,OK,near_reference,"{reference_kmh=24.18897637795272, age_s=0.0}"
127.0,POWER,170,NEUTRAL,OK,power_present,{age_s=0.0}
127.0,HR,135,NEUTRAL,OK,hr_present,{age_s=0.0}
127.0,CADENCE,65,GREEN,OK,preferred_low_cadence_band,{age_s=0.0}
127.0,GRADE,0,NEUTRAL,OK,flat_deadband,"{grade_raw=0.0, grade_display=0.0}"
127.0,GEAR,WAIT,GRAY,NO_DATA,missing_gear,{}
128.0,SPEED,24.0,NEUTRAL,OK,near_reference,"{reference_kmh=24.18749999999996, age_s=0.0}"
128.0,POWER,170,NEUTRAL,OK,power_present,{age_s=0.0}
128.0,HR,135,NEUTRAL,OK,hr_present,{age_s=0.0}
128.0,CADENCE,65,GREEN,OK,preferred_low_cadence_band,{age_s=0.0}
128.0,GRADE,0,NEUTRAL,OK,flat_deadband,"{grade_raw=0.0, grade_display=0.0}"
128.0,GEAR,WAIT,GRAY,NO_DATA,missing_gear,{}
129.0,SPEED,24.0,NEUTRAL,OK,near_reference,"{reference_kmh=24.186046511627865, age_s=0.0}"
129.0,POWER,170,NEUTRAL,OK,power_present,{age_s=0.0}
129.0,HR,135,NEUTRAL,OK,hr_present,{age_s=0.0}
129.0,CADENCE,65,GREEN,OK,preferred_low_cadence_band,{age_s=0.0}
129.0,GRADE,0,NEUTRAL,OK,flat_deadband,"{grade_raw=0.0, grade_display=0.0}"
129.0,GEAR,WAIT,GRAY,NO_DATA,missing_gear,{}
130.0,SPEED,24.0,NEUTRAL,OK,near_reference,"{reference_kmh=24.184615384615345, age_s=0.0}"
130.0,POWER,170,NEUTRAL,OK,power_present,{age_s=0.0}
130.0,HR,135,NEUTRAL,OK,hr_present,{age_s=0.0}
130.0,CADENCE,65,GREEN,OK,preferred_low_cadence_band,{age_s=0.0}
130.0,GRADE,0,NEUTRAL,OK,flat_deadband,"{grade_raw=0.0, grade_display=0.0}"
130.0,GEAR,WAIT,GRAY,NO_DATA,missing_gear,{}
131.0,SPEED,24.0,NEUTRAL,OK,near_reference,"{reference_kmh=24.18320610687019, age_s=0.0}"
131.0,POWER,170,NEUTRAL,OK,power_present,{age_s=0.0}
131.0,HR,135,NEUTRAL,OK,hr_present,{age_s=0.0}
131.0,CADENCE,65,GREEN,OK,preferred_low_cadence_band,{age_s=0.0}
131.0,GRADE,0,NEUTRAL,OK,flat_deadband,"{grade_raw=0.0, grade_display=0.0}"
131.0,GEAR,WAIT,GRAY,NO_DATA,missing_gear,{}
132.0,SPEED,24.0,NEUTRAL,OK,near_reference,"{reference_kmh=24.18181818181814, age_s=0.0}"
132.0,POWER,170,NEUTRAL,OK,power_present,{age_s=0.0}
132.0,HR,135,NEUTRAL,OK,hr_present,{age_s=0.0}
132.0,CADENCE,65,GREEN,OK,preferred_low_cadence_band,{age_s=0.0}
132.0,GRADE,0,NEUTRAL,OK,flat_deadband,"{grade_raw=0.0, grade_display=0.0}"
132.0,GEAR,WAIT,GRAY,NO_DATA,missing_gear,{}
133.0,SPEED,24.0,NEUTRAL,OK,near_reference,"{reference_kmh=24.180451127819506, age_s=0.0}"
133.0,POWER,170,NEUTRAL,OK,power_present,{age_s=0.0}
133.0,HR,135,NEUTRAL,OK,hr_present,{age_s=0.0}
133.0,CADENCE,65,GREEN,OK,preferred_low_cadence_band,{age_s=0.0}
133.0,GRADE,0,NEUTRAL,OK,flat_deadband,"{grade_raw=0.0, grade_display=0.0}"
133.0,GEAR,WAIT,GRAY,NO_DATA,missing_gear,{}
134.0,SPEED,24.0,NEUTRAL,OK,near_reference,"{reference_kmh=24.179104477611897, age_s=0.0}"
134.0,POWER,170,NEUTRAL,OK,power_present,{age_s=0.0}
134.0,HR,135,NEUTRAL,OK,hr_present,{age_s=0.0}
134.0,CADENCE,65,GREEN,OK,preferred_low_cadence_band,{age_s=0.0}
134.0,GRADE,0,NEUTRAL,OK,flat_deadband,"{grade_raw=0.0, grade_display=0.0}"
134.0,GEAR,WAIT,GRAY,NO_DATA,missing_gear,{}
135.0,SPEED,24.0,NEUTRAL,OK,near_reference,"{reference_kmh=24.177777777777735, age_s=0.0}"
135.0,POWER,170,NEUTRAL,OK,power_present,{age_s=0.0}
135.0,HR,135,NEUTRAL,OK,hr_present,{age_s=0.0}
135.0,CADENCE,65,GREEN,OK,preferred_low_cadence_band,{age_s=0.0}
135.0,GRADE,0,NEUTRAL,OK,flat_deadband,"{grade_raw=0.0, grade_display=0.0}"
135.0,GEAR,WAIT,GRAY,NO_DATA,missing_gear,{}
136.0,SPEED,24.0,NEUTRAL,OK,near_reference,"{reference_kmh=24.17647058823525, age_s=0.0}"
136.0,POWER,170,NEUTRAL,OK,power_present,{age_s=0.0}
136.0,HR,135,NEUTRAL,OK,hr_present,{age_s=0.0}
136.0,CADENCE,65,GREEN,OK,preferred_low_cadence_band,{age_s=0.0}
136.0,GRADE,0,NEUTRAL,OK,flat_deadband,"{grade_raw=0.0, grade_display=0.0}"
136.0,GEAR,WAIT,GRAY,NO_DATA,missing_gear,{}
137.0,SPEED,24.0,NEUTRAL,OK,near_reference,"{reference_kmh=24.17518248175178, age_s=0.0}"
137.0,POWER,170,NEUTRAL,OK,power_present,{age_s=0.0}
137.0,HR,135,NEUTRAL,OK,hr_present,{age_s=0.0}
137.0,CADENCE,65,GREEN,OK,preferred_low_cadence_band,{age_s=0.0}
137.0,GRADE,0,NEUTRAL,OK,flat_deadband,"{grade_raw=0.0, grade_display=0.0}"
137.0,GEAR,WAIT,GRAY,NO_DATA,missing_gear,{}
138.0,SPEED,24.0,NEUTRAL,OK,near_reference,"{reference_kmh=24.17391304347822, age_s=0.0}"
138.0,POWER,170,NEUTRAL,OK,power_present,{age_s=0.0}
138.0,HR,135,NEUTRAL,OK,hr_present,{age_s=0.0}
138.0,CADENCE,65,GREEN,OK,preferred_low_cadence_band,{age_s=0.0}
138.0,GRADE,0,NEUTRAL,OK,flat_deadband,"{grade_raw=0.0, grade_display=0.0}"
138.0,GEAR,WAIT,GRAY,NO_DATA,missing_gear,{}
139.0,SPEED,24.0,NEUTRAL,OK,near_reference,"{reference_kmh=24.172661870503553, age_s=0.0}"
139.0,POWER,170,NEUTRAL,OK,power_present,{age_s=0.0}
139.0,HR,135,NEUTRAL,OK,hr_present,{age_s=0.0}
139.0,CADENCE,65,GREEN,OK,preferred_low_cadence_band,{age_s=0.0}
139.0,GRADE,0,NEUTRAL,OK,flat_deadband,"{grade_raw=0.0, grade_display=0.0}"
139.0,GEAR,WAIT,GRAY,NO_DATA,missing_gear,{}
140.0,SPEED,24.0,NEUTRAL,OK,near_reference,"{reference_kmh=24.171428571428525, age_s=0.0}"
140.0,POWER,170,NEUTRAL,OK,power_present,{age_s=0.0}
140.0,HR,135,NEUTRAL,OK,hr_present,{age_s=0.0}
140.0,CADENCE,65,GREEN,OK,preferred_low_cadence_band,{age_s=0.0}
140.0,GRADE,0,NEUTRAL,OK,flat_deadband,"{grade_raw=0.0, grade_display=0.0}"
140.0,GEAR,WAIT,GRAY,NO_DATA,missing_gear,{}
141.0,SPEED,24.0,NEUTRAL,OK,near_reference,"{reference_kmh=24.170212765957398, age_s=0.0}"
141.0,POWER,170,NEUTRAL,OK,power_present,{age_s=0.0}
141.0,HR,135,NEUTRAL,OK,hr_present,{age_s=0.0}
141.0,CADENCE,65,GREEN,OK,preferred_low_cadence_band,{age_s=0.0}
141.0,GRADE,0,NEUTRAL,OK,flat_deadband,"{grade_raw=0.0, grade_display=0.0}"
141.0,GEAR,WAIT,GRAY,NO_DATA,missing_gear,{}
142.0,SPEED,24.0,NEUTRAL,OK,near_reference,"{reference_kmh=24.169014084506998, age_s=0.0}"
142.0,POWER,170,NEUTRAL,OK,power_present,{age_s=0.0}
142.0,HR,135,NEUTRAL,OK,hr_present,{age_s=0.0}
142.0,CADENCE,65,GREEN,OK,preferred_low_cadence_band,{age_s=0.0}
142.0,GRADE,0,NEUTRAL,OK,flat_deadband,"{grade_raw=0.0, grade_display=0.0}"
142.0,GEAR,WAIT,GRAY,NO_DATA,missing_gear,{}
143.0,SPEED,24.0,NEUTRAL,OK,near_reference,"{reference_kmh=24.16783216783212, age_s=0.0}"
143.0,POWER,170,NEUTRAL,OK,power_present,{age_s=0.0}
143.0,HR,135,NEUTRAL,OK,hr_present,{age_s=0.0}
143.0,CADENCE,65,GREEN,OK,preferred_low_cadence_band,{age_s=0.0}
143.0,GRADE,0,NEUTRAL,OK,flat_deadband,"{grade_raw=0.0, grade_display=0.0}"
143.0,GEAR,WAIT,GRAY,NO_DATA,missing_gear,{}
144.0,SPEED,24.0,NEUTRAL,OK,near_reference,"{reference_kmh=24.166666666666618, age_s=0.0}"
144.0,POWER,170,NEUTRAL,OK,power_present,{age_s=0.0}
144.0,HR,135,NEUTRAL,OK,hr_present,{age_s=0.0}
144.0,CADENCE,65,GREEN,OK,preferred_low_cadence_band,{age_s=0.0}
144.0,GRADE,0,NEUTRAL,OK,flat_deadband,"{grade_raw=0.0, grade_display=0.0}"
144.0,GEAR,WAIT,GRAY,NO_DATA,missing_gear,{}
145.0,SPEED,24.0,NEUTRAL,OK,near_reference,"{reference_kmh=24.16551724137926, age_s=0.0}"
145.0,POWER,170,NEUTRAL,OK,power_present,{age_s=0.0}
145.0,HR,135,NEUTRAL,OK,hr_present,{age_s=0.0}
145.0,CADENCE,65,GREEN,OK,preferred_low_cadence_band,{age_s=0.0}
145.0,GRADE,0,NEUTRAL,OK,flat_deadband,"{grade_raw=0.0, grade_display=0.0}"
145.0,GEAR,WAIT,GRAY,NO_DATA,missing_gear,{}
146.0,SPEED,24.0,NEUTRAL,OK,near_reference,"{reference_kmh=24.16438356164379, age_s=0.0}"
146.0,POWER,170,NEUTRAL,OK,power_present,{age_s=0.0}
146.0,HR,135,NEUTRAL,OK,hr_present,{age_s=0.0}
146.0,CADENCE,65,GREEN,OK,preferred_low_cadence_band,{age_s=0.0}
146.0,GRADE,0,NEUTRAL,OK,flat_deadband,"{grade_raw=0.0, grade_display=0.0}"
146.0,GEAR,WAIT,GRAY,NO_DATA,missing_gear,{}
147.0,SPEED,24.0,NEUTRAL,OK,near_reference,"{reference_kmh=24.163265306122398, age_s=0.0}"
147.0,POWER,170,NEUTRAL,OK,power_present,{age_s=0.0}
147.0,HR,135,NEUTRAL,OK,hr_present,{age_s=0.0}
147.0,CADENCE,65,GREEN,OK,preferred_low_cadence_band,{age_s=0.0}
147.0,GRADE,0,NEUTRAL,OK,flat_deadband,"{grade_raw=0.0, grade_display=0.0}"
147.0,GEAR,WAIT,GRAY,NO_DATA,missing_gear,{}
148.0,SPEED,24.0,NEUTRAL,OK,near_reference,"{reference_kmh=24.162162162162108, age_s=0.0}"
148.0,POWER,170,NEUTRAL,OK,power_present,{age_s=0.0}
148.0,HR,135,NEUTRAL,OK,hr_present,{age_s=0.0}
148.0,CADENCE,65,GREEN,OK,preferred_low_cadence_band,{age_s=0.0}
148.0,GRADE,0,NEUTRAL,OK,flat_deadband,"{grade_raw=0.0, grade_display=0.0}"
148.0,GEAR,WAIT,GRAY,NO_DATA,missing_gear,{}
149.0,SPEED,24.0,NEUTRAL,OK,near_reference,"{reference_kmh=24.161073825503305, age_s=0.0}"
149.0,POWER,170,NEUTRAL,OK,power_present,{age_s=0.0}
149.0,HR,135,NEUTRAL,OK,hr_present,{age_s=0.0}
149.0,CADENCE,65,GREEN,OK,preferred_low_cadence_band,{age_s=0.0}
149.0,GRADE,0,NEUTRAL,OK,flat_deadband,"{grade_raw=0.0, grade_display=0.0}"
149.0,GEAR,WAIT,GRAY,NO_DATA,missing_gear,{}
150.0,SPEED,24.0,NEUTRAL,OK,near_reference,"{reference_kmh=24.159999999999947, age_s=0.0}"
150.0,POWER,170,NEUTRAL,OK,power_present,{age_s=0.0}
150.0,HR,135,NEUTRAL,OK,hr_present,{age_s=0.0}
150.0,CADENCE,65,GREEN,OK,preferred_low_cadence_band,{age_s=0.0}
150.0,GRADE,0,NEUTRAL,OK,flat_deadband,"{grade_raw=0.0, grade_display=0.0}"
150.0,GEAR,WAIT,GRAY,NO_DATA,missing_gear,{}
151.0,SPEED,24.0,NEUTRAL,OK,near_reference,"{reference_kmh=24.158940397350943, age_s=0.0}"
151.0,POWER,170,NEUTRAL,OK,power_present,{age_s=0.0}
151.0,HR,135,NEUTRAL,OK,hr_present,{age_s=0.0}
151.0,CADENCE,65,GREEN,OK,preferred_low_cadence_band,{age_s=0.0}
151.0,GRADE,0,NEUTRAL,OK,flat_deadband,"{grade_raw=0.0, grade_display=0.0}"
151.0,GEAR,WAIT,GRAY,NO_DATA,missing_gear,{}
152.0,SPEED,24.0,NEUTRAL,OK,near_reference,"{reference_kmh=24.157894736842053, age_s=0.0}"
152.0,POWER,170,NEUTRAL,OK,power_present,{age_s=0.0}
152.0,HR,135,NEUTRAL,OK,hr_present,{age_s=0.0}
152.0,CADENCE,65,GREEN,OK,preferred_low_cadence_band,{age_s=0.0}
152.0,GRADE,0,NEUTRAL,OK,flat_deadband,"{grade_raw=0.0, grade_display=0.0}"
152.0,GEAR,WAIT,GRAY,NO_DATA,missing_gear,{}
153.0,SPEED,24.0,NEUTRAL,OK,near_reference,"{reference_kmh=24.156862745097985, age_s=0.0}"
153.0,POWER,170,NEUTRAL,OK,power_present,{age_s=0.0}
153.0,HR,135,NEUTRAL,OK,hr_present,{age_s=0.0}
153.0,CADENCE,65,GREEN,OK,preferred_low_cadence_band,{age_s=0.0}
153.0,GRADE,0,NEUTRAL,OK,flat_deadband,"{grade_raw=0.0, grade_display=0.0}"
153.0,GEAR,WAIT,GRAY,NO_DATA,missing_gear,{}
154.0,SPEED,24.0,NEUTRAL,OK,near_reference,"{reference_kmh=24.155844155844107, age_s=0.0}"
154.0,POWER,170,NEUTRAL,OK,power_present,{age_s=0.0}
154.0,HR,135,NEUTRAL,OK,hr_present,{age_s=0.0}
154.0,CADENCE,65,GREEN,OK,preferred_low_cadence_band,{age_s=0.0}
154.0,GRADE,0,NEUTRAL,OK,flat_deadband,"{grade_raw=0.0, grade_display=0.0}"
154.0,GEAR,WAIT,GRAY,NO_DATA,missing_gear,{}
155.0,SPEED,24.0,NEUTRAL,OK,near_reference,"{reference_kmh=24.154838709677374, age_s=0.0}"
155.0,POWER,170,NEUTRAL,OK,power_present,{age_s=0.0}
155.0,HR,135,NEUTRAL,OK,hr_present,{age_s=0.0}
155.0,CADENCE,65,GREEN,OK,preferred_low_cadence_band,{age_s=0.0}
155.0,GRADE,0,NEUTRAL,OK,flat_deadband,"{grade_raw=0.0, grade_display=0.0}"
155.0,GEAR,WAIT,GRAY,NO_DATA,missing_gear,{}
156.0,SPEED,24.0,NEUTRAL,OK,near_reference,"{reference_kmh=24.153846153846107, age_s=0.0}"
156.0,POWER,170,NEUTRAL,OK,power_present,{age_s=0.0}
156.0,HR,135,NEUTRAL,OK,hr_present,{age_s=0.0}
156.0,CADENCE,65,GREEN,OK,preferred_low_cadence_band,{age_s=0.0}
156.0,GRADE,0,NEUTRAL,OK,flat_deadband,"{grade_raw=0.0, grade_display=0.0}"
156.0,GEAR,WAIT,GRAY,NO_DATA,missing_gear,{}
157.0,SPEED,24.0,NEUTRAL,OK,near_reference,"{reference_kmh=24.152866242038172, age_s=0.0}"
157.0,POWER,170,NEUTRAL,OK,power_present,{age_s=0.0}
157.0,HR,135,NEUTRAL,OK,hr_present,{age_s=0.0}
157.0,CADENCE,65,GREEN,OK,preferred_low_cadence_band,{age_s=0.0}
157.0,GRADE,0,NEUTRAL,OK,flat_deadband,"{grade_raw=0.0, grade_display=0.0}"
157.0,GEAR,WAIT,GRAY,NO_DATA,missing_gear,{}
158.0,SPEED,24.0,NEUTRAL,OK,near_reference,"{reference_kmh=24.151898734177177, age_s=0.0}"
158.0,POWER,170,NEUTRAL,OK,power_present,{age_s=0.0}
158.0,HR,135,NEUTRAL,OK,hr_present,{age_s=0.0}
158.0,CADENCE,65,GREEN,OK,preferred_low_cadence_band,{age_s=0.0}
158.0,GRADE,0,NEUTRAL,OK,flat_deadband,"{grade_raw=0.0, grade_display=0.0}"
158.0,GEAR,WAIT,GRAY,NO_DATA,missing_gear,{}
159.0,SPEED,24.0,NEUTRAL,OK,near_reference,"{reference_kmh=24.150943396226374, age_s=0.0}"
159.0,POWER,170,NEUTRAL,OK,power_present,{age_s=0.0}
159.0,HR,135,NEUTRAL,OK,hr_present,{age_s=0.0}
159.0,CADENCE,65,GREEN,OK,preferred_low_cadence_band,{age_s=0.0}
159.0,GRADE,0,NEUTRAL,OK,flat_deadband,"{grade_raw=0.0, grade_display=0.0}"
159.0,GEAR,WAIT,GRAY,NO_DATA,missing_gear,{}
160.0,SPEED,24.0,NEUTRAL,OK,near_reference,"{reference_kmh=24.149999999999963, age_s=0.0}"
160.0,POWER,170,NEUTRAL,OK,power_present,{age_s=0.0}
160.0,HR,135,NEUTRAL,OK,hr_present,{age_s=0.0}
160.0,CADENCE,65,GREEN,OK,preferred_low_cadence_band,{age_s=0.0}
160.0,GRADE,0,NEUTRAL,OK,flat_deadband,"{grade_raw=0.0, grade_display=0.0}"
160.0,GEAR,WAIT,GRAY,NO_DATA,missing_gear,{}
161.0,SPEED,24.0,NEUTRAL,OK,near_reference,"{reference_kmh=24.149068322981336, age_s=0.0}"
161.0,POWER,170,NEUTRAL,OK,power_present,{age_s=0.0}
161.0,HR,135,NEUTRAL,OK,hr_present,{age_s=0.0}
161.0,CADENCE,65,GREEN,OK,preferred_low_cadence_band,{age_s=0.0}
161.0,GRADE,0,NEUTRAL,OK,flat_deadband,"{grade_raw=0.0, grade_display=0.0}"
161.0,GEAR,WAIT,GRAY,NO_DATA,missing_gear,{}
162.0,SPEED,24.0,NEUTRAL,OK,near_reference,"{reference_kmh=24.148148148148113, age_s=0.0}"
162.0,POWER,170,NEUTRAL,OK,power_present,{age_s=0.0}
162.0,HR,135,NEUTRAL,OK,hr_present,{age_s=0.0}
162.0,CADENCE,65,GREEN,OK,preferred_low_cadence_band,{age_s=0.0}
162.0,GRADE,0,NEUTRAL,OK,flat_deadband,"{grade_raw=0.0, grade_display=0.0}"
162.0,GEAR,WAIT,GRAY,NO_DATA,missing_gear,{}
163.0,SPEED,24.0,NEUTRAL,OK,near_reference,"{reference_kmh=24.14723926380365, age_s=0.0}"
163.0,POWER,170,NEUTRAL,OK,power_present,{age_s=0.0}
163.0,HR,135,NEUTRAL,OK,hr_present,{age_s=0.0}
163.0,CADENCE,65,GREEN,OK,preferred_low_cadence_band,{age_s=0.0}
163.0,GRADE,0,NEUTRAL,OK,flat_deadband,"{grade_raw=0.0, grade_display=0.0}"
163.0,GEAR,WAIT,GRAY,NO_DATA,missing_gear,{}
164.0,SPEED,24.0,NEUTRAL,OK,near_reference,"{reference_kmh=24.1463414634146, age_s=0.0}"
164.0,POWER,170,NEUTRAL,OK,power_present,{age_s=0.0}
164.0,HR,135,NEUTRAL,OK,hr_present,{age_s=0.0}
164.0,CADENCE,65,GREEN,OK,preferred_low_cadence_band,{age_s=0.0}
164.0,GRADE,0,NEUTRAL,OK,flat_deadband,"{grade_raw=0.0, grade_display=0.0}"
164.0,GEAR,WAIT,GRAY,NO_DATA,missing_gear,{}
165.0,SPEED,24.0,NEUTRAL,OK,near_reference,"{reference_kmh=24.14545454545452, age_s=0.0}"
165.0,POWER,170,NEUTRAL,OK,power_present,{age_s=0.0}
165.0,HR,135,NEUTRAL,OK,hr_present,{age_s=0.0}
165.0,CADENCE,65,GREEN,OK,preferred_low_cadence_band,{age_s=0.0}
165.0,GRADE,0,NEUTRAL,OK,flat_deadband,"{grade_raw=0.0, grade_display=0.0}"
165.0,GEAR,WAIT,GRAY,NO_DATA,missing_gear,{}
166.0,SPEED,24.0,NEUTRAL,OK,near_reference,"{reference_kmh=24.14457831325299, age_s=0.0}"
166.0,POWER,170,NEUTRAL,OK,power_present,{age_s=0.0}
166.0,HR,135,NEUTRAL,OK,hr_present,{age_s=0.0}
166.0,CADENCE,65,GREEN,OK,preferred_low_cadence_band,{age_s=0.0}
166.0,GRADE,0,NEUTRAL,OK,flat_deadband,"{grade_raw=0.0, grade_display=0.0}"
166.0,GEAR,WAIT,GRAY,NO_DATA,missing_gear,{}
167.0,SPEED,24.0,NEUTRAL,OK,near_reference,"{reference_kmh=24.143712574850273, age_s=0.0}"
167.0,POWER,170,NEUTRAL,OK,power_present,{age_s=0.0}
167.0,HR,135,NEUTRAL,OK,hr_present,{age_s=0.0}
167.0,CADENCE,65,GREEN,OK,preferred_low_cadence_band,{age_s=0.0}
167.0,GRADE,0,NEUTRAL,OK,flat_deadband,"{grade_raw=0.0, grade_display=0.0}"
167.0,GEAR,WAIT,GRAY,NO_DATA,missing_gear,{}
168.0,SPEED,24.0,NEUTRAL,OK,near_reference,"{reference_kmh=24.142857142857117, age_s=0.0}"
168.0,POWER,170,NEUTRAL,OK,power_present,{age_s=0.0}
168.0,HR,135,NEUTRAL,OK,hr_present,{age_s=0.0}
168.0,CADENCE,65,GREEN,OK,preferred_low_cadence_band,{age_s=0.0}
168.0,GRADE,0,NEUTRAL,OK,flat_deadband,"{grade_raw=0.0, grade_display=0.0}"
168.0,GEAR,WAIT,GRAY,NO_DATA,missing_gear,{}
169.0,SPEED,24.0,NEUTRAL,OK,near_reference,"{reference_kmh=24.142011834319508, age_s=0.0}"
169.0,POWER,170,NEUTRAL,OK,power_present,{age_s=0.0}
169.0,HR,135,NEUTRAL,OK,hr_present,{age_s=0.0}
169.0,CADENCE,65,GREEN,OK,preferred_low_cadence_band,{age_s=0.0}
169.0,GRADE,0,NEUTRAL,OK,flat_deadband,"{grade_raw=0.0, grade_display=0.0}"
169.0,GEAR,WAIT,GRAY,NO_DATA,missing_gear,{}
170.0,SPEED,24.0,NEUTRAL,OK,near_reference,"{reference_kmh=24.141176470588213, age_s=0.0}"
170.0,POWER,170,NEUTRAL,OK,power_present,{age_s=0.0}
170.0,HR,135,NEUTRAL,OK,hr_present,{age_s=0.0}
170.0,CADENCE,65,GREEN,OK,preferred_low_cadence_band,{age_s=0.0}
170.0,GRADE,0,NEUTRAL,OK,flat_deadband,"{grade_raw=0.0, grade_display=0.0}"
170.0,GEAR,WAIT,GRAY,NO_DATA,missing_gear,{}
171.0,SPEED,24.0,NEUTRAL,OK,near_reference,"{reference_kmh=24.140350877192965, age_s=0.0}"
171.0,POWER,170,NEUTRAL,OK,power_present,{age_s=0.0}
171.0,HR,135,NEUTRAL,OK,hr_present,{age_s=0.0}
171.0,CADENCE,65,GREEN,OK,preferred_low_cadence_band,{age_s=0.0}
171.0,GRADE,0,NEUTRAL,OK,flat_deadband,"{grade_raw=0.0, grade_display=0.0}"
171.0,GEAR,WAIT,GRAY,NO_DATA,missing_gear,{}
172.0,SPEED,24.0,NEUTRAL,OK,near_reference,"{reference_kmh=24.139534883720916, age_s=0.0}"
172.0,POWER,170,NEUTRAL,OK,power_present,{age_s=0.0}
172.0,HR,135,NEUTRAL,OK,hr_present,{age_s=0.0}
172.0,CADENCE,65,GREEN,OK,preferred_low_cadence_band,{age_s=0.0}
172.0,GRADE,0,NEUTRAL,OK,flat_deadband,"{grade_raw=0.0, grade_display=0.0}"
172.0,GEAR,WAIT,GRAY,NO_DATA,missing_gear,{}
173.0,SPEED,24.0,NEUTRAL,OK,near_reference,"{reference_kmh=24.138728323699407, age_s=0.0}"
173.0,POWER,170,NEUTRAL,OK,power_present,{age_s=0.0}
173.0,HR,135,NEUTRAL,OK,hr_present,{age_s=0.0}
173.0,CADENCE,65,GREEN,OK,preferred_low_cadence_band,{age_s=0.0}
173.0,GRADE,0,NEUTRAL,OK,flat_deadband,"{grade_raw=0.0, grade_display=0.0}"
173.0,GEAR,WAIT,GRAY,NO_DATA,missing_gear,{}
174.0,SPEED,24.0,NEUTRAL,OK,near_reference,"{reference_kmh=24.137931034482747, age_s=0.0}"
174.0,POWER,170,NEUTRAL,OK,power_present,{age_s=0.0}
174.0,HR,135,NEUTRAL,OK,hr_present,{age_s=0.0}
174.0,CADENCE,65,GREEN,OK,preferred_low_cadence_band,{age_s=0.0}
174.0,GRADE,0,NEUTRAL,OK,flat_deadband,"{grade_raw=0.0, grade_display=0.0}"
174.0,GEAR,WAIT,GRAY,NO_DATA,missing_gear,{}
175.0,SPEED,24.0,NEUTRAL,OK,near_reference,"{reference_kmh=24.137142857142848, age_s=0.0}"
175.0,POWER,170,NEUTRAL,OK,power_present,{age_s=0.0}
175.0,HR,135,NEUTRAL,OK,hr_present,{age_s=0.0}
175.0,CADENCE,65,GREEN,OK,preferred_low_cadence_band,{age_s=0.0}
175.0,GRADE,0,NEUTRAL,OK,flat_deadband,"{grade_raw=0.0, grade_display=0.0}"
175.0,GEAR,WAIT,GRAY,NO_DATA,missing_gear,{}
176.0,SPEED,24.0,NEUTRAL,OK,near_reference,"{reference_kmh=24.136363636363626, age_s=0.0}"
176.0,POWER,170,NEUTRAL,OK,power_present,{age_s=0.0}
176.0,HR,135,NEUTRAL,OK,hr_present,{age_s=0.0}
176.0,CADENCE,65,GREEN,OK,preferred_low_cadence_band,{age_s=0.0}
176.0,GRADE,0,NEUTRAL,OK,flat_deadband,"{grade_raw=0.0, grade_display=0.0}"
176.0,GEAR,WAIT,GRAY,NO_DATA,missing_gear,{}
177.0,SPEED,24.0,NEUTRAL,OK,near_reference,"{reference_kmh=24.135593220338976, age_s=0.0}"
177.0,POWER,170,NEUTRAL,OK,power_present,{age_s=0.0}
177.0,HR,135,NEUTRAL,OK,hr_present,{age_s=0.0}
177.0,CADENCE,65,GREEN,OK,preferred_low_cadence_band,{age_s=0.0}
177.0,GRADE,0,NEUTRAL,OK,flat_deadband,"{grade_raw=0.0, grade_display=0.0}"
177.0,GEAR,WAIT,GRAY,NO_DATA,missing_gear,{}
178.0,SPEED,24.0,NEUTRAL,OK,near_reference,"{reference_kmh=24.134831460674153, age_s=0.0}"
178.0,POWER,170,NEUTRAL,OK,power_present,{age_s=0.0}
178.0,HR,135,NEUTRAL,OK,hr_present,{age_s=0.0}
178.0,CADENCE,65,GREEN,OK,preferred_low_cadence_band,{age_s=0.0}
178.0,GRADE,0,NEUTRAL,OK,flat_deadband,"{grade_raw=0.0, grade_display=0.0}"
178.0,GEAR,WAIT,GRAY,NO_DATA,missing_gear,{}
179.0,SPEED,24.0,NEUTRAL,OK,near_reference,"{reference_kmh=24.134078212290497, age_s=0.0}"
179.0,POWER,170,NEUTRAL,OK,power_present,{age_s=0.0}
179.0,HR,135,NEUTRAL,OK,hr_present,{age_s=0.0}
179.0,CADENCE,65,GREEN,OK,preferred_low_cadence_band,{age_s=0.0}
179.0,GRADE,0,NEUTRAL,OK,flat_deadband,"{grade_raw=0.0, grade_display=0.0}"
179.0,GEAR,WAIT,GRAY,NO_DATA,missing_gear,{}
180.0,SPEED,24.0,NEUTRAL,OK,near_reference,"{reference_kmh=24.13333333333333, age_s=0.0}"
180.0,POWER,170,NEUTRAL,OK,power_present,{age_s=0.0}
180.0,HR,135,NEUTRAL,OK,hr_present,{age_s=0.0}
180.0,CADENCE,65,GREEN,OK,preferred_low_cadence_band,{age_s=0.0}
180.0,GRADE,0,NEUTRAL,OK,flat_deadband,"{grade_raw=0.0, grade_display=0.0}"
180.0,GEAR,WAIT,GRAY,NO_DATA,missing_gear,{}
181.0,SPEED,24.0,NEUTRAL,OK,near_reference,"{reference_kmh=24.13259668508287, age_s=0.0}"
181.0,POWER,170,NEUTRAL,OK,power_present,{age_s=0.0}
181.0,HR,135,NEUTRAL,OK,hr_present,{age_s=0.0}
181.0,CADENCE,65,GREEN,OK,preferred_low_cadence_band,{age_s=0.0}
181.0,GRADE,0,NEUTRAL,OK,flat_deadband,"{grade_raw=0.0, grade_display=0.0}"
181.0,GEAR,WAIT,GRAY,NO_DATA,missing_gear,{}
182.0,SPEED,24.0,NEUTRAL,OK,near_reference,"{reference_kmh=24.13186813186813, age_s=0.0}"
182.0,POWER,170,NEUTRAL,OK,power_present,{age_s=0.0}
182.0,HR,135,NEUTRAL,OK,hr_present,{age_s=0.0}
182.0,CADENCE,65,GREEN,OK,preferred_low_cadence_band,{age_s=0.0}
182.0,GRADE,0,NEUTRAL,OK,flat_deadband,"{grade_raw=0.0, grade_display=0.0}"
182.0,GEAR,WAIT,GRAY,NO_DATA,missing_gear,{}
183.0,SPEED,24.0,NEUTRAL,OK,near_reference,"{reference_kmh=24.13114754098361, age_s=0.0}"
183.0,POWER,170,NEUTRAL,OK,power_present,{age_s=0.0}
183.0,HR,135,NEUTRAL,OK,hr_present,{age_s=0.0}
183.0,CADENCE,65,GREEN,OK,preferred_low_cadence_band,{age_s=0.0}
183.0,GRADE,0,NEUTRAL,OK,flat_deadband,"{grade_raw=0.0, grade_display=0.0}"
183.0,GEAR,WAIT,GRAY,NO_DATA,missing_gear,{}
184.0,SPEED,24.0,NEUTRAL,OK,near_reference,"{reference_kmh=24.130434782608695, age_s=0.0}"
184.0,POWER,170,NEUTRAL,OK,power_present,{age_s=0.0}
184.0,HR,135,NEUTRAL,OK,hr_present,{age_s=0.0}
184.0,CADENCE,65,GREEN,OK,preferred_low_cadence_band,{age_s=0.0}
184.0,GRADE,0,NEUTRAL,OK,flat_deadband,"{grade_raw=0.0, grade_display=0.0}"
184.0,GEAR,WAIT,GRAY,NO_DATA,missing_gear,{}
185.0,SPEED,24.0,NEUTRAL,OK,near_reference,"{reference_kmh=24.129729729729736, age_s=0.0}"
185.0,POWER,170,NEUTRAL,OK,power_present,{age_s=0.0}
185.0,HR,135,NEUTRAL,OK,hr_present,{age_s=0.0}
185.0,CADENCE,65,GREEN,OK,preferred_low_cadence_band,{age_s=0.0}
185.0,GRADE,0,NEUTRAL,OK,flat_deadband,"{grade_raw=0.0, grade_display=0.0}"
185.0,GEAR,WAIT,GRAY,NO_DATA,missing_gear,{}
186.0,SPEED,24.0,NEUTRAL,OK,near_reference,"{reference_kmh=24.129032258064523, age_s=0.0}"
186.0,POWER,170,NEUTRAL,OK,power_present,{age_s=0.0}
186.0,HR,135,NEUTRAL,OK,hr_present,{age_s=0.0}
186.0,CADENCE,65,GREEN,OK,preferred_low_cadence_band,{age_s=0.0}
186.0,GRADE,0,NEUTRAL,OK,flat_deadband,"{grade_raw=0.0, grade_display=0.0}"
186.0,GEAR,WAIT,GRAY,NO_DATA,missing_gear,{}
187.0,SPEED,24.0,NEUTRAL,OK,near_reference,"{reference_kmh=24.12834224598931, age_s=0.0}"
187.0,POWER,170,NEUTRAL,OK,power_present,{age_s=0.0}
187.0,HR,135,NEUTRAL,OK,hr_present,{age_s=0.0}
187.0,CADENCE,65,GREEN,OK,preferred_low_cadence_band,{age_s=0.0}
187.0,GRADE,0,NEUTRAL,OK,flat_deadband,"{grade_raw=0.0, grade_display=0.0}"
187.0,GEAR,WAIT,GRAY,NO_DATA,missing_gear,{}
188.0,SPEED,24.0,NEUTRAL,OK,near_reference,"{reference_kmh=24.127659574468094, age_s=0.0}"
188.0,POWER,170,NEUTRAL,OK,power_present,{age_s=0.0}
188.0,HR,135,NEUTRAL,OK,hr_present,{age_s=0.0}
188.0,CADENCE,65,GREEN,OK,preferred_low_cadence_band,{age_s=0.0}
188.0,GRADE,0,NEUTRAL,OK,flat_deadband,"{grade_raw=0.0, grade_display=0.0}"
188.0,GEAR,WAIT,GRAY,NO_DATA,missing_gear,{}
189.0,SPEED,24.0,NEUTRAL,OK,near_reference,"{reference_kmh=24.12698412698414, age_s=0.0}"
189.0,POWER,170,NEUTRAL,OK,power_present,{age_s=0.0}
189.0,HR,135,NEUTRAL,OK,hr_present,{age_s=0.0}
189.0,CADENCE,65,GREEN,OK,preferred_low_cadence_band,{age_s=0.0}
189.0,GRADE,0,NEUTRAL,OK,flat_deadband,"{grade_raw=0.0, grade_display=0.0}"
189.0,GEAR,WAIT,GRAY,NO_DATA,missing_gear,{}
190.0,SPEED,24.0,NEUTRAL,OK,near_reference,"{reference_kmh=24.126315789473693, age_s=0.0}"
190.0,POWER,170,NEUTRAL,OK,power_present,{age_s=0.0}
190.0,HR,135,NEUTRAL,OK,hr_present,{age_s=0.0}
190.0,CADENCE,65,GREEN,OK,preferred_low_cadence_band,{age_s=0.0}
190.0,GRADE,0,NEUTRAL,OK,flat_deadband,"{grade_raw=0.0, grade_display=0.0}"
190.0,GEAR,WAIT,GRAY,NO_DATA,missing_gear,{}
191.0,SPEED,24.0,NEUTRAL,OK,near_reference,"{reference_kmh=24.12565445026179, age_s=0.0}"
191.0,POWER,170,NEUTRAL,OK,power_present,{age_s=0.0}
191.0,HR,135,NEUTRAL,OK,hr_present,{age_s=0.0}
191.0,CADENCE,65,GREEN,OK,preferred_low_cadence_band,{age_s=0.0}
191.0,GRADE,0,NEUTRAL,OK,flat_deadband,"{grade_raw=0.0, grade_display=0.0}"
191.0,GEAR,WAIT,GRAY,NO_DATA,missing_gear,{}
192.0,SPEED,24.0,NEUTRAL,OK,near_reference,"{reference_kmh=24.125000000000014, age_s=0.0}"
192.0,POWER,170,NEUTRAL,OK,power_present,{age_s=0.0}
192.0,HR,135,NEUTRAL,OK,hr_present,{age_s=0.0}
192.0,CADENCE,65,GREEN,OK,preferred_low_cadence_band,{age_s=0.0}
192.0,GRADE,0,NEUTRAL,OK,flat_deadband,"{grade_raw=0.0, grade_display=0.0}"
192.0,GEAR,WAIT,GRAY,NO_DATA,missing_gear,{}
193.0,SPEED,24.0,NEUTRAL,OK,near_reference,"{reference_kmh=24.124352331606232, age_s=0.0}"
193.0,POWER,170,NEUTRAL,OK,power_present,{age_s=0.0}
193.0,HR,135,NEUTRAL,OK,hr_present,{age_s=0.0}
193.0,CADENCE,65,GREEN,OK,preferred_low_cadence_band,{age_s=0.0}
193.0,GRADE,0,NEUTRAL,OK,flat_deadband,"{grade_raw=0.0, grade_display=0.0}"
193.0,GEAR,WAIT,GRAY,NO_DATA,missing_gear,{}
194.0,SPEED,24.0,NEUTRAL,OK,near_reference,"{reference_kmh=24.123711340206203, age_s=0.0}"
194.0,POWER,170,NEUTRAL,OK,power_present,{age_s=0.0}
194.0,HR,135,NEUTRAL,OK,hr_present,{age_s=0.0}
194.0,CADENCE,65,GREEN,OK,preferred_low_cadence_band,{age_s=0.0}
194.0,GRADE,0,NEUTRAL,OK,flat_deadband,"{grade_raw=0.0, grade_display=0.0}"
194.0,GEAR,WAIT,GRAY,NO_DATA,missing_gear,{}
195.0,SPEED,24.0,NEUTRAL,OK,near_reference,"{reference_kmh=24.123076923076944, age_s=0.0}"
195.0,POWER,170,NEUTRAL,OK,power_present,{age_s=0.0}
195.0,HR,135,NEUTRAL,OK,hr_present,{age_s=0.0}
195.0,CADENCE,65,GREEN,OK,preferred_low_cadence_band,{age_s=0.0}
195.0,GRADE,0,NEUTRAL,OK,flat_deadband,"{grade_raw=0.0, grade_display=0.0}"
195.0,GEAR,WAIT,GRAY,NO_DATA,missing_gear,{}
196.0,SPEED,24.0,NEUTRAL,OK,near_reference,"{reference_kmh=24.12244897959186, age_s=0.0}"
196.0,POWER,170,NEUTRAL,OK,power_present,{age_s=0.0}
196.0,HR,135,NEUTRAL,OK,hr_present,{age_s=0.0}
196.0,CADENCE,65,GREEN,OK,preferred_low_cadence_band,{age_s=0.0}
196.0,GRADE,0,NEUTRAL,OK,flat_deadband,"{grade_raw=0.0, grade_display=0.0}"
196.0,GEAR,WAIT,GRAY,NO_DATA,missing_gear,{}
197.0,SPEED,24.0,NEUTRAL,OK,near_reference,"{reference_kmh=24.121827411167533, age_s=0.0}"
197.0,POWER,170,NEUTRAL,OK,power_present,{age_s=0.0}
197.0,HR,135,NEUTRAL,OK,hr_present,{age_s=0.0}
197.0,CADENCE,65,GREEN,OK,preferred_low_cadence_band,{age_s=0.0}
197.0,GRADE,0,NEUTRAL,OK,flat_deadband,"{grade_raw=0.0, grade_display=0.0}"
197.0,GEAR,WAIT,GRAY,NO_DATA,missing_gear,{}
198.0,SPEED,24.0,NEUTRAL,OK,near_reference,"{reference_kmh=24.121212121212142, age_s=0.0}"
198.0,POWER,170,NEUTRAL,OK,power_present,{age_s=0.0}
198.0,HR,135,NEUTRAL,OK,hr_present,{age_s=0.0}
198.0,CADENCE,65,GREEN,OK,preferred_low_cadence_band,{age_s=0.0}
198.0,GRADE,0,NEUTRAL,OK,flat_deadband,"{grade_raw=0.0, grade_display=0.0}"
198.0,GEAR,WAIT,GRAY,NO_DATA,missing_gear,{}
199.0,SPEED,24.0,NEUTRAL,OK,near_reference,"{reference_kmh=24.1206030150754, age_s=0.0}"
199.0,POWER,170,NEUTRAL,OK,power_present,{age_s=0.0}
199.0,HR,135,NEUTRAL,OK,hr_present,{age_s=0.0}
199.0,CADENCE,65,GREEN,OK,preferred_low_cadence_band,{age_s=0.0}
199.0,GRADE,0,NEUTRAL,OK,flat_deadband,"{grade_raw=0.0, grade_display=0.0}"
199.0,GEAR,WAIT,GRAY,NO_DATA,missing_gear,{}
200.0,SPEED,24.0,NEUTRAL,OK,near_reference,"{reference_kmh=24.120000000000026, age_s=0.0}"
200.0,POWER,170,NEUTRAL,OK,power_present,{age_s=0.0}
200.0,HR,135,NEUTRAL,OK,hr_present,{age_s=0.0}
200.0,CADENCE,65,GREEN,OK,preferred_low_cadence_band,{age_s=0.0}
200.0,GRADE,0,NEUTRAL,OK,flat_deadband,"{grade_raw=0.0, grade_display=0.0}"
200.0,GEAR,WAIT,GRAY,NO_DATA,missing_gear,{}
201.0,SPEED,24.0,NEUTRAL,OK,near_reference,"{reference_kmh=24.11940298507465, age_s=0.0}"
201.0,POWER,170,NEUTRAL,OK,power_present,{age_s=0.0}
201.0,HR,135,NEUTRAL,OK,hr_present,{age_s=0.0}
201.0,CADENCE,65,GREEN,OK,preferred_low_cadence_band,{age_s=0.0}
201.0,GRADE,0,NEUTRAL,OK,flat_deadband,"{grade_raw=0.0, grade_display=0.0}"
201.0,GEAR,WAIT,GRAY,NO_DATA,missing_gear,{}
202.0,SPEED,24.0,NEUTRAL,OK,near_reference,"{reference_kmh=24.118811881188144, age_s=0.0}"
202.0,POWER,170,NEUTRAL,OK,power_present,{age_s=0.0}
202.0,HR,135,NEUTRAL,OK,hr_present,{age_s=0.0}
202.0,CADENCE,65,GREEN,OK,preferred_low_cadence_band,{age_s=0.0}
202.0,GRADE,0,NEUTRAL,OK,flat_deadband,"{grade_raw=0.0, grade_display=0.0}"
202.0,GEAR,WAIT,GRAY,NO_DATA,missing_gear,{}
203.0,SPEED,24.0,NEUTRAL,OK,near_reference,"{reference_kmh=24.11822660098525, age_s=0.0}"
203.0,POWER,170,NEUTRAL,OK,power_present,{age_s=0.0}
203.0,HR,135,NEUTRAL,OK,hr_present,{age_s=0.0}
203.0,CADENCE,65,GREEN,OK,preferred_low_cadence_band,{age_s=0.0}
203.0,GRADE,0,NEUTRAL,OK,flat_deadband,"{grade_raw=0.0, grade_display=0.0}"
203.0,GEAR,WAIT,GRAY,NO_DATA,missing_gear,{}
204.0,SPEED,24.0,NEUTRAL,OK,near_reference,"{reference_kmh=24.117647058823557, age_s=0.0}"
204.0,POWER,170,NEUTRAL,OK,power_present,{age_s=0.0}
204.0,HR,135,NEUTRAL,OK,hr_present,{age_s=0.0}
204.0,CADENCE,65,GREEN,OK,preferred_low_cadence_band,{age_s=0.0}
204.0,GRADE,0,NEUTRAL,OK,flat_deadband,"{grade_raw=0.0, grade_display=0.0}"
204.0,GEAR,WAIT,GRAY,NO_DATA,missing_gear,{}
205.0,SPEED,24.0,NEUTRAL,OK,near_reference,"{reference_kmh=24.11707317073174, age_s=0.0}"
205.0,POWER,170,NEUTRAL,OK,power_present,{age_s=0.0}
205.0,HR,135,NEUTRAL,OK,hr_present,{age_s=0.0}
205.0,CADENCE,65,GREEN,OK,preferred_low_cadence_band,{age_s=0.0}
205.0,GRADE,0,NEUTRAL,OK,flat_deadband,"{grade_raw=0.0, grade_display=0.0}"
205.0,GEAR,WAIT,GRAY,NO_DATA,missing_gear,{}
206.0,SPEED,24.0,NEUTRAL,OK,near_reference,"{reference_kmh=24.116504854368966, age_s=0.0}"
206.0,POWER,170,NEUTRAL,OK,power_present,{age_s=0.0}
206.0,HR,135,NEUTRAL,OK,hr_present,{age_s=0.0}
206.0,CADENCE,65,GREEN,OK,preferred_low_cadence_band,{age_s=0.0}
206.0,GRADE,0,NEUTRAL,OK,flat_deadband,"{grade_raw=0.0, grade_display=0.0}"
206.0,GEAR,WAIT,GRAY,NO_DATA,missing_gear,{}
207.0,SPEED,24.0,NEUTRAL,OK,near_reference,"{reference_kmh=24.115942028985536, age_s=0.0}"
207.0,POWER,170,NEUTRAL,OK,power_present,{age_s=0.0}
207.0,HR,135,NEUTRAL,OK,hr_present,{age_s=0.0}
207.0,CADENCE,65,GREEN,OK,preferred_low_cadence_band,{age_s=0.0}
207.0,GRADE,0,NEUTRAL,OK,flat_deadband,"{grade_raw=0.0, grade_display=0.0}"
207.0,GEAR,WAIT,GRAY,NO_DATA,missing_gear,{}
208.0,SPEED,24.0,NEUTRAL,OK,near_reference,"{reference_kmh=24.115384615384652, age_s=0.0}"
208.0,POWER,170,NEUTRAL,OK,power_present,{age_s=0.0}
208.0,HR,135,NEUTRAL,OK,hr_present,{age_s=0.0}
208.0,CADENCE,65,GREEN,OK,preferred_low_cadence_band,{age_s=0.0}
208.0,GRADE,0,NEUTRAL,OK,flat_deadband,"{grade_raw=0.0, grade_display=0.0}"
208.0,GEAR,WAIT,GRAY,NO_DATA,missing_gear,{}
209.0,SPEED,24.0,NEUTRAL,OK,near_reference,"{reference_kmh=24.114832535885206, age_s=0.0}"
209.0,POWER,170,NEUTRAL,OK,power_present,{age_s=0.0}
209.0,HR,135,NEUTRAL,OK,hr_present,{age_s=0.0}
209.0,CADENCE,65,GREEN,OK,preferred_low_cadence_band,{age_s=0.0}
209.0,GRADE,0,NEUTRAL,OK,flat_deadband,"{grade_raw=0.0, grade_display=0.0}"
209.0,GEAR,WAIT,GRAY,NO_DATA,missing_gear,{}
210.0,SPEED,24.0,NEUTRAL,OK,near_reference,"{reference_kmh=24.11428571428575, age_s=0.0}"
210.0,POWER,170,NEUTRAL,OK,power_present,{age_s=0.0}
210.0,HR,135,NEUTRAL,OK,hr_present,{age_s=0.0}
210.0,CADENCE,65,GREEN,OK,preferred_low_cadence_band,{age_s=0.0}
210.0,GRADE,0,NEUTRAL,OK,flat_deadband,"{grade_raw=0.0, grade_display=0.0}"
210.0,GEAR,WAIT,GRAY,NO_DATA,missing_gear,{}
211.0,SPEED,24.0,NEUTRAL,OK,near_reference,"{reference_kmh=24.11374407582942, age_s=0.0}"
211.0,POWER,170,NEUTRAL,OK,power_present,{age_s=0.0}
211.0,HR,135,NEUTRAL,OK,hr_present,{age_s=0.0}
211.0,CADENCE,65,GREEN,OK,preferred_low_cadence_band,{age_s=0.0}
211.0,GRADE,0,NEUTRAL,OK,flat_deadband,"{grade_raw=0.0, grade_display=0.0}"
211.0,GEAR,WAIT,GRAY,NO_DATA,missing_gear,{}
212.0,SPEED,24.0,NEUTRAL,OK,near_reference,"{reference_kmh=24.113207547169853, age_s=0.0}"
212.0,POWER,170,NEUTRAL,OK,power_present,{age_s=0.0}
212.0,HR,135,NEUTRAL,OK,hr_present,{age_s=0.0}
212.0,CADENCE,65,GREEN,OK,preferred_low_cadence_band,{age_s=0.0}
212.0,GRADE,0,NEUTRAL,OK,flat_deadband,"{grade_raw=0.0, grade_display=0.0}"
212.0,GEAR,WAIT,GRAY,NO_DATA,missing_gear,{}
213.0,SPEED,24.0,NEUTRAL,OK,near_reference,"{reference_kmh=24.112676056338067, age_s=0.0}"
213.0,POWER,170,NEUTRAL,OK,power_present,{age_s=0.0}
213.0,HR,135,NEUTRAL,OK,hr_present,{age_s=0.0}
213.0,CADENCE,65,GREEN,OK,preferred_low_cadence_band,{age_s=0.0}
213.0,GRADE,0,NEUTRAL,OK,flat_deadband,"{grade_raw=0.0, grade_display=0.0}"
213.0,GEAR,WAIT,GRAY,NO_DATA,missing_gear,{}
214.0,SPEED,24.0,NEUTRAL,OK,near_reference,"{reference_kmh=24.112149532710323, age_s=0.0}"
214.0,POWER,170,NEUTRAL,OK,power_present,{age_s=0.0}
214.0,HR,135,NEUTRAL,OK,hr_present,{age_s=0.0}
214.0,CADENCE,65,GREEN,OK,preferred_low_cadence_band,{age_s=0.0}
214.0,GRADE,0,NEUTRAL,OK,flat_deadband,"{grade_raw=0.0, grade_display=0.0}"
214.0,GEAR,WAIT,GRAY,NO_DATA,missing_gear,{}
215.0,SPEED,24.0,NEUTRAL,OK,near_reference,"{reference_kmh=24.111627906976786, age_s=0.0}"
215.0,POWER,170,NEUTRAL,OK,power_present,{age_s=0.0}
215.0,HR,135,NEUTRAL,OK,hr_present,{age_s=0.0}
215.0,CADENCE,65,GREEN,OK,preferred_low_cadence_band,{age_s=0.0}
215.0,GRADE,0,NEUTRAL,OK,flat_deadband,"{grade_raw=0.0, grade_display=0.0}"
215.0,GEAR,WAIT,GRAY,NO_DATA,missing_gear,{}
216.0,SPEED,24.0,NEUTRAL,OK,near_reference,"{reference_kmh=24.111111111111153, age_s=0.0}"
216.0,POWER,170,NEUTRAL,OK,power_present,{age_s=0.0}
216.0,HR,135,NEUTRAL,OK,hr_present,{age_s=0.0}
216.0,CADENCE,65,GREEN,OK,preferred_low_cadence_band,{age_s=0.0}
216.0,GRADE,0,NEUTRAL,OK,flat_deadband,"{grade_raw=0.0, grade_display=0.0}"
216.0,GEAR,WAIT,GRAY,NO_DATA,missing_gear,{}
217.0,SPEED,24.0,NEUTRAL,OK,near_reference,"{reference_kmh=24.11059907834106, age_s=0.0}"
217.0,POWER,170,NEUTRAL,OK,power_present,{age_s=0.0}
217.0,HR,135,NEUTRAL,OK,hr_present,{age_s=0.0}
217.0,CADENCE,65,GREEN,OK,preferred_low_cadence_band,{age_s=0.0}
217.0,GRADE,0,NEUTRAL,OK,flat_deadband,"{grade_raw=0.0, grade_display=0.0}"
217.0,GEAR,WAIT,GRAY,NO_DATA,missing_gear,{}
218.0,SPEED,24.0,NEUTRAL,OK,near_reference,"{reference_kmh=24.11009174311931, age_s=0.0}"
218.0,POWER,170,NEUTRAL,OK,power_present,{age_s=0.0}
218.0,HR,135,NEUTRAL,OK,hr_present,{age_s=0.0}
218.0,CADENCE,65,GREEN,OK,preferred_low_cadence_band,{age_s=0.0}
218.0,GRADE,0,NEUTRAL,OK,flat_deadband,"{grade_raw=0.0, grade_display=0.0}"
218.0,GEAR,WAIT,GRAY,NO_DATA,missing_gear,{}
219.0,SPEED,24.0,NEUTRAL,OK,near_reference,"{reference_kmh=24.109589041095933, age_s=0.0}"
219.0,POWER,170,NEUTRAL,OK,power_present,{age_s=0.0}
219.0,HR,135,NEUTRAL,OK,hr_present,{age_s=0.0}
219.0,CADENCE,65,GREEN,OK,preferred_low_cadence_band,{age_s=0.0}
219.0,GRADE,0,NEUTRAL,OK,flat_deadband,"{grade_raw=0.0, grade_display=0.0}"
219.0,GEAR,WAIT,GRAY,NO_DATA,missing_gear,{}
220.0,SPEED,24.0,NEUTRAL,OK,near_reference,"{reference_kmh=24.10909090909096, age_s=0.0}"
220.0,POWER,170,NEUTRAL,OK,power_present,{age_s=0.0}
220.0,HR,135,NEUTRAL,OK,hr_present,{age_s=0.0}
220.0,CADENCE,65,GREEN,OK,preferred_low_cadence_band,{age_s=0.0}
220.0,GRADE,0,NEUTRAL,OK,flat_deadband,"{grade_raw=0.0, grade_display=0.0}"
220.0,GEAR,WAIT,GRAY,NO_DATA,missing_gear,{}
221.0,SPEED,24.0,NEUTRAL,OK,near_reference,"{reference_kmh=24.10859728506792, age_s=0.0}"
221.0,POWER,170,NEUTRAL,OK,power_present,{age_s=0.0}
221.0,HR,135,NEUTRAL,OK,hr_present,{age_s=0.0}
221.0,CADENCE,65,GREEN,OK,preferred_low_cadence_band,{age_s=0.0}
221.0,GRADE,0,NEUTRAL,OK,flat_deadband,"{grade_raw=0.0, grade_display=0.0}"
221.0,GEAR,WAIT,GRAY,NO_DATA,missing_gear,{}
222.0,SPEED,24.0,NEUTRAL,OK,near_reference,"{reference_kmh=24.108108108108155, age_s=0.0}"
222.0,POWER,170,NEUTRAL,OK,power_present,{age_s=0.0}
222.0,HR,135,NEUTRAL,OK,hr_present,{age_s=0.0}
222.0,CADENCE,65,GREEN,OK,preferred_low_cadence_band,{age_s=0.0}
222.0,GRADE,0,NEUTRAL,OK,flat_deadband,"{grade_raw=0.0, grade_display=0.0}"
222.0,GEAR,WAIT,GRAY,NO_DATA,missing_gear,{}
223.0,SPEED,24.0,NEUTRAL,OK,near_reference,"{reference_kmh=24.1076233183857, age_s=0.0}"
223.0,POWER,170,NEUTRAL,OK,power_present,{age_s=0.0}
223.0,HR,135,NEUTRAL,OK,hr_present,{age_s=0.0}
223.0,CADENCE,65,GREEN,OK,preferred_low_cadence_band,{age_s=0.0}
223.0,GRADE,0,NEUTRAL,OK,flat_deadband,"{grade_raw=0.0, grade_display=0.0}"
223.0,GEAR,WAIT,GRAY,NO_DATA,missing_gear,{}
224.0,SPEED,24.0,NEUTRAL,OK,near_reference,"{reference_kmh=24.107142857142907, age_s=0.0}"
224.0,POWER,170,NEUTRAL,OK,power_present,{age_s=0.0}
224.0,HR,135,NEUTRAL,OK,hr_present,{age_s=0.0}
224.0,CADENCE,65,GREEN,OK,preferred_low_cadence_band,{age_s=0.0}
224.0,GRADE,0,NEUTRAL,OK,flat_deadband,"{grade_raw=0.0, grade_display=0.0}"
224.0,GEAR,WAIT,GRAY,NO_DATA,missing_gear,{}
225.0,SPEED,24.0,NEUTRAL,OK,near_reference,"{reference_kmh=24.10666666666672, age_s=0.0}"
225.0,POWER,170,NEUTRAL,OK,power_present,{age_s=0.0}
225.0,HR,135,NEUTRAL,OK,hr_present,{age_s=0.0}
225.0,CADENCE,65,GREEN,OK,preferred_low_cadence_band,{age_s=0.0}
225.0,GRADE,0,NEUTRAL,OK,flat_deadband,"{grade_raw=0.0, grade_display=0.0}"
225.0,GEAR,WAIT,GRAY,NO_DATA,missing_gear,{}
226.0,SPEED,24.0,NEUTRAL,OK,near_reference,"{reference_kmh=24.10619469026554, age_s=0.0}"
226.0,POWER,170,NEUTRAL,OK,power_present,{age_s=0.0}
226.0,HR,135,NEUTRAL,OK,hr_present,{age_s=0.0}
226.0,CADENCE,65,GREEN,OK,preferred_low_cadence_band,{age_s=0.0}
226.0,GRADE,0,NEUTRAL,OK,flat_deadband,"{grade_raw=0.0, grade_display=0.0}"
226.0,GEAR,WAIT,GRAY,NO_DATA,missing_gear,{}
227.0,SPEED,24.0,NEUTRAL,OK,near_reference,"{reference_kmh=24.10572687224675, age_s=0.0}"
227.0,POWER,170,NEUTRAL,OK,power_present,{age_s=0.0}
227.0,HR,135,NEUTRAL,OK,hr_present,{age_s=0.0}
227.0,CADENCE,65,GREEN,OK,preferred_low_cadence_band,{age_s=0.0}
227.0,GRADE,0,NEUTRAL,OK,flat_deadband,"{grade_raw=0.0, grade_display=0.0}"
227.0,GEAR,WAIT,GRAY,NO_DATA,missing_gear,{}
228.0,SPEED,24.0,NEUTRAL,OK,near_reference,"{reference_kmh=24.10526315789479, age_s=0.0}"
228.0,POWER,170,NEUTRAL,OK,power_present,{age_s=0.0}
228.0,HR,135,NEUTRAL,OK,hr_present,{age_s=0.0}
228.0,CADENCE,65,GREEN,OK,preferred_low_cadence_band,{age_s=0.0}
228.0,GRADE,0,NEUTRAL,OK,flat_deadband,"{grade_raw=0.0, grade_display=0.0}"
228.0,GEAR,WAIT,GRAY,NO_DATA,missing_gear,{}
229.0,SPEED,24.0,NEUTRAL,OK,near_reference,"{reference_kmh=24.104803493449843, age_s=0.0}"
229.0,POWER,170,NEUTRAL,OK,power_present,{age_s=0.0}
229.0,HR,135,NEUTRAL,OK,hr_present,{age_s=0.0}
229.0,CADENCE,65,GREEN,OK,preferred_low_cadence_band,{age_s=0.0}
229.0,GRADE,0,NEUTRAL,OK,flat_deadband,"{grade_raw=0.0, grade_display=0.0}"
229.0,GEAR,WAIT,GRAY,NO_DATA,missing_gear,{}
230.0,SPEED,24.0,NEUTRAL,OK,near_reference,"{reference_kmh=24.104347826087015, age_s=0.0}"
230.0,POWER,170,NEUTRAL,OK,power_present,{age_s=0.0}
230.0,HR,135,NEUTRAL,OK,hr_present,{age_s=0.0}
230.0,CADENCE,65,GREEN,OK,preferred_low_cadence_band,{age_s=0.0}
230.0,GRADE,0,NEUTRAL,OK,flat_deadband,"{grade_raw=0.0, grade_display=0.0}"
230.0,GEAR,WAIT,GRAY,NO_DATA,missing_gear,{}
231.0,SPEED,24.0,NEUTRAL,OK,near_reference,"{reference_kmh=24.10389610389616, age_s=0.0}"
231.0,POWER,170,NEUTRAL,OK,power_present,{age_s=0.0}
231.0,HR,135,NEUTRAL,OK,hr_present,{age_s=0.0}
231.0,CADENCE,65,GREEN,OK,preferred_low_cadence_band,{age_s=0.0}
231.0,GRADE,0,NEUTRAL,OK,flat_deadband,"{grade_raw=0.0, grade_display=0.0}"
231.0,GEAR,WAIT,GRAY,NO_DATA,missing_gear,{}
232.0,SPEED,24.0,NEUTRAL,OK,near_reference,"{reference_kmh=24.10344827586213, age_s=0.0}"
232.0,POWER,170,NEUTRAL,OK,power_present,{age_s=0.0}
232.0,HR,135,NEUTRAL,OK,hr_present,{age_s=0.0}
232.0,CADENCE,65,GREEN,OK,preferred_low_cadence_band,{age_s=0.0}
232.0,GRADE,0,NEUTRAL,OK,flat_deadband,"{grade_raw=0.0, grade_display=0.0}"
232.0,GEAR,WAIT,GRAY,NO_DATA,missing_gear,{}
233.0,SPEED,24.0,NEUTRAL,OK,near_reference,"{reference_kmh=24.103004291845554, age_s=0.0}"
233.0,POWER,170,NEUTRAL,OK,power_present,{age_s=0.0}
233.0,HR,135,NEUTRAL,OK,hr_present,{age_s=0.0}
233.0,CADENCE,65,GREEN,OK,preferred_low_cadence_band,{age_s=0.0}
233.0,GRADE,0,NEUTRAL,OK,flat_deadband,"{grade_raw=0.0, grade_display=0.0}"
233.0,GEAR,WAIT,GRAY,NO_DATA,missing_gear,{}
234.0,SPEED,24.0,NEUTRAL,OK,near_reference,"{reference_kmh=24.102564102564163, age_s=0.0}"
234.0,POWER,170,NEUTRAL,OK,power_present,{age_s=0.0}
234.0,HR,135,NEUTRAL,OK,hr_present,{age_s=0.0}
234.0,CADENCE,65,GREEN,OK,preferred_low_cadence_band,{age_s=0.0}
234.0,GRADE,0,NEUTRAL,OK,flat_deadband,"{grade_raw=0.0, grade_display=0.0}"
234.0,GEAR,WAIT,GRAY,NO_DATA,missing_gear,{}
235.0,SPEED,24.0,NEUTRAL,OK,near_reference,"{reference_kmh=24.102127659574528, age_s=0.0}"
235.0,POWER,170,NEUTRAL,OK,power_present,{age_s=0.0}
235.0,HR,135,NEUTRAL,OK,hr_present,{age_s=0.0}
235.0,CADENCE,65,GREEN,OK,preferred_low_cadence_band,{age_s=0.0}
235.0,GRADE,0,NEUTRAL,OK,flat_deadband,"{grade_raw=0.0, grade_display=0.0}"
235.0,GEAR,WAIT,GRAY,NO_DATA,missing_gear,{}
236.0,SPEED,24.0,NEUTRAL,OK,near_reference,"{reference_kmh=24.101694915254296, age_s=0.0}"
236.0,POWER,170,NEUTRAL,OK,power_present,{age_s=0.0}
236.0,HR,135,NEUTRAL,OK,hr_present,{age_s=0.0}
236.0,CADENCE,65,GREEN,OK,preferred_low_cadence_band,{age_s=0.0}
236.0,GRADE,0,NEUTRAL,OK,flat_deadband,"{grade_raw=0.0, grade_display=0.0}"
236.0,GEAR,WAIT,GRAY,NO_DATA,missing_gear,{}
237.0,SPEED,24.0,NEUTRAL,OK,near_reference,"{reference_kmh=24.101265822784878, age_s=0.0}"
237.0,POWER,170,NEUTRAL,OK,power_present,{age_s=0.0}
237.0,HR,135,NEUTRAL,OK,hr_present,{age_s=0.0}
237.0,CADENCE,65,GREEN,OK,preferred_low_cadence_band,{age_s=0.0}
237.0,GRADE,0,NEUTRAL,OK,flat_deadband,"{grade_raw=0.0, grade_display=0.0}"
237.0,GEAR,WAIT,GRAY,NO_DATA,missing_gear,{}
238.0,SPEED,24.0,NEUTRAL,OK,near_reference,"{reference_kmh=24.100840336134517, age_s=0.0}"
238.0,POWER,170,NEUTRAL,OK,power_present,{age_s=0.0}
238.0,HR,135,NEUTRAL,OK,hr_present,{age_s=0.0}
238.0,CADENCE,65,GREEN,OK,preferred_low_cadence_band,{age_s=0.0}
238.0,GRADE,0,NEUTRAL,OK,flat_deadband,"{grade_raw=0.0, grade_display=0.0}"
238.0,GEAR,WAIT,GRAY,NO_DATA,missing_gear,{}
239.0,SPEED,24.0,NEUTRAL,OK,near_reference,"{reference_kmh=24.100418410041907, age_s=0.0}"
239.0,POWER,170,NEUTRAL,OK,power_present,{age_s=0.0}
239.0,HR,135,NEUTRAL,OK,hr_present,{age_s=0.0}
239.0,CADENCE,65,GREEN,OK,preferred_low_cadence_band,{age_s=0.0}
239.0,GRADE,0,NEUTRAL,OK,flat_deadband,"{grade_raw=0.0, grade_display=0.0}"
239.0,GEAR,WAIT,GRAY,NO_DATA,missing_gear,{}
240.0,SPEED,24.0,NEUTRAL,OK,near_reference,"{reference_kmh=24.10000000000007, age_s=0.0}"
240.0,POWER,170,NEUTRAL,OK,power_present,{age_s=0.0}
240.0,HR,135,NEUTRAL,OK,hr_present,{age_s=0.0}
240.0,CADENCE,65,GREEN,OK,preferred_low_cadence_band,{age_s=0.0}
240.0,GRADE,0,NEUTRAL,OK,flat_deadband,"{grade_raw=0.0, grade_display=0.0}"
240.0,GEAR,WAIT,GRAY,NO_DATA,missing_gear,{}
241.0,SPEED,24.0,NEUTRAL,OK,near_reference,"{reference_kmh=24.099585062240727, age_s=0.0}"
241.0,POWER,170,NEUTRAL,OK,power_present,{age_s=0.0}
241.0,HR,135,NEUTRAL,OK,hr_present,{age_s=0.0}
241.0,CADENCE,65,GREEN,OK,preferred_low_cadence_band,{age_s=0.0}
241.0,GRADE,0,NEUTRAL,OK,flat_deadband,"{grade_raw=0.0, grade_display=0.0}"
241.0,GEAR,WAIT,GRAY,NO_DATA,missing_gear,{}
242.0,SPEED,24.0,NEUTRAL,OK,near_reference,"{reference_kmh=24.099173553719076, age_s=0.0}"
242.0,POWER,170,NEUTRAL,OK,power_present,{age_s=0.0}
242.0,HR,135,NEUTRAL,OK,hr_present,{age_s=0.0}
242.0,CADENCE,65,GREEN,OK,preferred_low_cadence_band,{age_s=0.0}
242.0,GRADE,0,NEUTRAL,OK,flat_deadband,"{grade_raw=0.0, grade_display=0.0}"
242.0,GEAR,WAIT,GRAY,NO_DATA,missing_gear,{}
243.0,SPEED,24.0,NEUTRAL,OK,near_reference,"{reference_kmh=24.098765432098833, age_s=0.0}"
243.0,POWER,170,NEUTRAL,OK,power_present,{age_s=0.0}
243.0,HR,135,NEUTRAL,OK,hr_present,{age_s=0.0}
243.0,CADENCE,65,GREEN,OK,preferred_low_cadence_band,{age_s=0.0}
243.0,GRADE,0,NEUTRAL,OK,flat_deadband,"{grade_raw=0.0, grade_display=0.0}"
243.0,GEAR,WAIT,GRAY,NO_DATA,missing_gear,{}
244.0,SPEED,24.0,NEUTRAL,OK,near_reference,"{reference_kmh=24.09836065573777, age_s=0.0}"
244.0,POWER,170,NEUTRAL,OK,power_present,{age_s=0.0}
244.0,HR,135,NEUTRAL,OK,hr_present,{age_s=0.0}
244.0,CADENCE,65,GREEN,OK,preferred_low_cadence_band,{age_s=0.0}
244.0,GRADE,0,NEUTRAL,OK,flat_deadband,"{grade_raw=0.0, grade_display=0.0}"
244.0,GEAR,WAIT,GRAY,NO_DATA,missing_gear,{}
245.0,SPEED,24.0,NEUTRAL,OK,near_reference,"{reference_kmh=24.09795918367354, age_s=0.0}"
245.0,POWER,170,NEUTRAL,OK,power_present,{age_s=0.0}
245.0,HR,135,NEUTRAL,OK,hr_present,{age_s=0.0}
245.0,CADENCE,65,GREEN,OK,preferred_low_cadence_band,{age_s=0.0}
245.0,GRADE,0,NEUTRAL,OK,flat_deadband,"{grade_raw=0.0, grade_display=0.0}"
245.0,GEAR,WAIT,GRAY,NO_DATA,missing_gear,{}
246.0,SPEED,24.0,NEUTRAL,OK,near_reference,"{reference_kmh=24.09756097560983, age_s=0.0}"
246.0,POWER,170,NEUTRAL,OK,power_present,{age_s=0.0}
246.0,HR,135,NEUTRAL,OK,hr_present,{age_s=0.0}
246.0,CADENCE,65,GREEN,OK,preferred_low_cadence_band,{age_s=0.0}
246.0,GRADE,0,NEUTRAL,OK,flat_deadband,"{grade_raw=0.0, grade_display=0.0}"
246.0,GEAR,WAIT,GRAY,NO_DATA,missing_gear,{}
247.0,SPEED,24.0,NEUTRAL,OK,near_reference,"{reference_kmh=24.097165991902905, age_s=0.0}"
247.0,POWER,170,NEUTRAL,OK,power_present,{age_s=0.0}
247.0,HR,135,NEUTRAL,OK,hr_present,{age_s=0.0}
247.0,CADENCE,65,GREEN,OK,preferred_low_cadence_band,{age_s=0.0}
247.0,GRADE,0,NEUTRAL,OK,flat_deadband,"{grade_raw=0.0, grade_display=0.0}"
247.0,GEAR,WAIT,GRAY,NO_DATA,missing_gear,{}
248.0,SPEED,24.0,NEUTRAL,OK,near_reference,"{reference_kmh=24.09677419354846, age_s=0.0}"
248.0,POWER,170,NEUTRAL,OK,power_present,{age_s=0.0}
248.0,HR,135,NEUTRAL,OK,hr_present,{age_s=0.0}
248.0,CADENCE,65,GREEN,OK,preferred_low_cadence_band,{age_s=0.0}
248.0,GRADE,0,NEUTRAL,OK,flat_deadband,"{grade_raw=0.0, grade_display=0.0}"
248.0,GEAR,WAIT,GRAY,NO_DATA,missing_gear,{}
249.0,SPEED,24.0,NEUTRAL,OK,near_reference,"{reference_kmh=24.09638554216875, age_s=0.0}"
249.0,POWER,170,NEUTRAL,OK,power_present,{age_s=0.0}
249.0,HR,135,NEUTRAL,OK,hr_present,{age_s=0.0}
249.0,CADENCE,65,GREEN,OK,preferred_low_cadence_band,{age_s=0.0}
249.0,GRADE,0,NEUTRAL,OK,flat_deadband,"{grade_raw=0.0, grade_display=0.0}"
249.0,GEAR,WAIT,GRAY,NO_DATA,missing_gear,{}
250.0,SPEED,24.0,NEUTRAL,OK,near_reference,"{reference_kmh=24.09600000000007, age_s=0.0}"
250.0,POWER,170,NEUTRAL,OK,power_present,{age_s=0.0}
250.0,HR,135,NEUTRAL,OK,hr_present,{age_s=0.0}
250.0,CADENCE,65,GREEN,OK,preferred_low_cadence_band,{age_s=0.0}
250.0,GRADE,0,NEUTRAL,OK,flat_deadband,"{grade_raw=0.0, grade_display=0.0}"
250.0,GEAR,WAIT,GRAY,NO_DATA,missing_gear,{}
251.0,SPEED,24.0,NEUTRAL,OK,near_reference,"{reference_kmh=24.095617529880553, age_s=0.0}"
251.0,POWER,170,NEUTRAL,OK,power_present,{age_s=0.0}
251.0,HR,135,NEUTRAL,OK,hr_present,{age_s=0.0}
251.0,CADENCE,65,GREEN,OK,preferred_low_cadence_band,{age_s=0.0}
251.0,GRADE,0,NEUTRAL,OK,flat_deadband,"{grade_raw=0.0, grade_display=0.0}"
251.0,GEAR,WAIT,GRAY,NO_DATA,missing_gear,{}
252.0,SPEED,24.0,NEUTRAL,OK,near_reference,"{reference_kmh=24.095238095238166, age_s=0.0}"
252.0,POWER,170,NEUTRAL,OK,power_present,{age_s=0.0}
252.0,HR,135,NEUTRAL,OK,hr_present,{age_s=0.0}
252.0,CADENCE,65,GREEN,OK,preferred_low_cadence_band,{age_s=0.0}
252.0,GRADE,0,NEUTRAL,OK,flat_deadband,"{grade_raw=0.0, grade_display=0.0}"
252.0,GEAR,WAIT,GRAY,NO_DATA,missing_gear,{}
253.0,SPEED,24.0,NEUTRAL,OK,near_reference,"{reference_kmh=24.09486166007913, age_s=0.0}"
253.0,POWER,170,NEUTRAL,OK,power_present,{age_s=0.0}
253.0,HR,135,NEUTRAL,OK,hr_present,{age_s=0.0}
253.0,CADENCE,65,GREEN,OK,preferred_low_cadence_band,{age_s=0.0}
253.0,GRADE,0,NEUTRAL,OK,flat_deadband,"{grade_raw=0.0, grade_display=0.0}"
253.0,GEAR,WAIT,GRAY,NO_DATA,missing_gear,{}
254.0,SPEED,24.0,NEUTRAL,OK,near_reference,"{reference_kmh=24.094488188976456, age_s=0.0}"
254.0,POWER,170,NEUTRAL,OK,power_present,{age_s=0.0}
254.0,HR,135,NEUTRAL,OK,hr_present,{age_s=0.0}
254.0,CADENCE,65,GREEN,OK,preferred_low_cadence_band,{age_s=0.0}
254.0,GRADE,0,NEUTRAL,OK,flat_deadband,"{grade_raw=0.0, grade_display=0.0}"
254.0,GEAR,WAIT,GRAY,NO_DATA,missing_gear,{}
255.0,SPEED,24.0,NEUTRAL,OK,near_reference,"{reference_kmh=24.0941176470589, age_s=0.0}"
255.0,POWER,170,NEUTRAL,OK,power_present,{age_s=0.0}
255.0,HR,135,NEUTRAL,OK,hr_present,{age_s=0.0}
255.0,CADENCE,65,GREEN,OK,preferred_low_cadence_band,{age_s=0.0}
255.0,GRADE,0,NEUTRAL,OK,flat_deadband,"{grade_raw=0.0, grade_display=0.0}"
255.0,GEAR,WAIT,GRAY,NO_DATA,missing_gear,{}
256.0,SPEED,24.0,NEUTRAL,OK,near_reference,"{reference_kmh=24.093750000000078, age_s=0.0}"
256.0,POWER,170,NEUTRAL,OK,power_present,{age_s=0.0}
256.0,HR,135,NEUTRAL,OK,hr_present,{age_s=0.0}
256.0,CADENCE,65,GREEN,OK,preferred_low_cadence_band,{age_s=0.0}
256.0,GRADE,0,NEUTRAL,OK,flat_deadband,"{grade_raw=0.0, grade_display=0.0}"
256.0,GEAR,WAIT,GRAY,NO_DATA,missing_gear,{}
257.0,SPEED,24.0,NEUTRAL,OK,near_reference,"{reference_kmh=24.093385214007863, age_s=0.0}"
257.0,POWER,170,NEUTRAL,OK,power_present,{age_s=0.0}
257.0,HR,135,NEUTRAL,OK,hr_present,{age_s=0.0}
257.0,CADENCE,65,GREEN,OK,preferred_low_cadence_band,{age_s=0.0}
257.0,GRADE,0,NEUTRAL,OK,flat_deadband,"{grade_raw=0.0, grade_display=0.0}"
257.0,GEAR,WAIT,GRAY,NO_DATA,missing_gear,{}
258.0,SPEED,24.0,NEUTRAL,OK,near_reference,"{reference_kmh=24.093023255814032, age_s=0.0}"
258.0,POWER,170,NEUTRAL,OK,power_present,{age_s=0.0}
258.0,HR,135,NEUTRAL,OK,hr_present,{age_s=0.0}
258.0,CADENCE,65,GREEN,OK,preferred_low_cadence_band,{age_s=0.0}
258.0,GRADE,0,NEUTRAL,OK,flat_deadband,"{grade_raw=0.0, grade_display=0.0}"
258.0,GEAR,WAIT,GRAY,NO_DATA,missing_gear,{}
259.0,SPEED,24.0,NEUTRAL,OK,near_reference,"{reference_kmh=24.092664092664172, age_s=0.0}"
259.0,POWER,170,NEUTRAL,OK,power_present,{age_s=0.0}
259.0,HR,135,NEUTRAL,OK,hr_present,{age_s=0.0}
259.0,CADENCE,65,GREEN,OK,preferred_low_cadence_band,{age_s=0.0}
259.0,GRADE,0,NEUTRAL,OK,flat_deadband,"{grade_raw=0.0, grade_display=0.0}"
259.0,GEAR,WAIT,GRAY,NO_DATA,missing_gear,{}
260.0,SPEED,24.0,NEUTRAL,OK,near_reference,"{reference_kmh=24.092307692307777, age_s=0.0}"
260.0,POWER,170,NEUTRAL,OK,power_present,{age_s=0.0}
260.0,HR,135,NEUTRAL,OK,hr_present,{age_s=0.0}
260.0,CADENCE,65,GREEN,OK,preferred_low_cadence_band,{age_s=0.0}
260.0,GRADE,0,NEUTRAL,OK,flat_deadband,"{grade_raw=0.0, grade_display=0.0}"
260.0,GEAR,WAIT,GRAY,NO_DATA,missing_gear,{}
261.0,SPEED,24.0,NEUTRAL,OK,near_reference,"{reference_kmh=24.09195402298859, age_s=0.0}"
261.0,POWER,170,NEUTRAL,OK,power_present,{age_s=0.0}
261.0,HR,135,NEUTRAL,OK,hr_present,{age_s=0.0}
261.0,CADENCE,65,GREEN,OK,preferred_low_cadence_band,{age_s=0.0}
261.0,GRADE,0,NEUTRAL,OK,flat_deadband,"{grade_raw=0.0, grade_display=0.0}"
261.0,GEAR,WAIT,GRAY,NO_DATA,missing_gear,{}
262.0,SPEED,24.0,NEUTRAL,OK,near_reference,"{reference_kmh=24.0916030534352, age_s=0.0}"
262.0,POWER,170,NEUTRAL,OK,power_present,{age_s=0.0}
262.0,HR,135,NEUTRAL,OK,hr_present,{age_s=0.0}
262.0,CADENCE,65,GREEN,OK,preferred_low_cadence_band,{age_s=0.0}
262.0,GRADE,0,NEUTRAL,OK,flat_deadband,"{grade_raw=0.0, grade_display=0.0}"
262.0,GEAR,WAIT,GRAY,NO_DATA,missing_gear,{}
263.0,SPEED,24.0,NEUTRAL,OK,near_reference,"{reference_kmh=24.091254752851796, age_s=0.0}"
263.0,POWER,170,NEUTRAL,OK,power_present,{age_s=0.0}
263.0,HR,135,NEUTRAL,OK,hr_present,{age_s=0.0}
263.0,CADENCE,65,GREEN,OK,preferred_low_cadence_band,{age_s=0.0}
263.0,GRADE,0,NEUTRAL,OK,flat_deadband,"{grade_raw=0.0, grade_display=0.0}"
263.0,GEAR,WAIT,GRAY,NO_DATA,missing_gear,{}
264.0,SPEED,24.0,NEUTRAL,OK,near_reference,"{reference_kmh=24.090909090909175, age_s=0.0}"
264.0,POWER,170,NEUTRAL,OK,power_present,{age_s=0.0}
264.0,HR,135,NEUTRAL,OK,hr_present,{age_s=0.0}
264.0,CADENCE,65,GREEN,OK,preferred_low_cadence_band,{age_s=0.0}
264.0,GRADE,0,NEUTRAL,OK,flat_deadband,"{grade_raw=0.0, grade_display=0.0}"
264.0,GEAR,WAIT,GRAY,NO_DATA,missing_gear,{}
265.0,SPEED,24.0,NEUTRAL,OK,near_reference,"{reference_kmh=24.090566037735933, age_s=0.0}"
265.0,POWER,170,NEUTRAL,OK,power_present,{age_s=0.0}
265.0,HR,135,NEUTRAL,OK,hr_present,{age_s=0.0}
265.0,CADENCE,65,GREEN,OK,preferred_low_cadence_band,{age_s=0.0}
265.0,GRADE,0,NEUTRAL,OK,flat_deadband,"{grade_raw=0.0, grade_display=0.0}"
265.0,GEAR,WAIT,GRAY,NO_DATA,missing_gear,{}
266.0,SPEED,24.0,NEUTRAL,OK,near_reference,"{reference_kmh=24.09022556390986, age_s=0.0}"
266.0,POWER,170,NEUTRAL,OK,power_present,{age_s=0.0}
266.0,HR,135,NEUTRAL,OK,hr_present,{age_s=0.0}
266.0,CADENCE,65,GREEN,OK,preferred_low_cadence_band,{age_s=0.0}
266.0,GRADE,0,NEUTRAL,OK,flat_deadband,"{grade_raw=0.0, grade_display=0.0}"
266.0,GEAR,WAIT,GRAY,NO_DATA,missing_gear,{}
267.0,SPEED,24.0,NEUTRAL,OK,near_reference,"{reference_kmh=24.089887640449522, age_s=0.0}"
267.0,POWER,170,NEUTRAL,OK,power_present,{age_s=0.0}
267.0,HR,135,NEUTRAL,OK,hr_present,{age_s=0.0}
267.0,CADENCE,65,GREEN,OK,preferred_low_cadence_band,{age_s=0.0}
267.0,GRADE,0,NEUTRAL,OK,flat_deadband,"{grade_raw=0.0, grade_display=0.0}"
267.0,GEAR,WAIT,GRAY,NO_DATA,missing_gear,{}
268.0,SPEED,24.0,NEUTRAL,OK,near_reference,"{reference_kmh=24.08955223880606, age_s=0.0}"
268.0,POWER,170,NEUTRAL,OK,power_present,{age_s=0.0}
268.0,HR,135,NEUTRAL,OK,hr_present,{age_s=0.0}
268.0,CADENCE,65,GREEN,OK,preferred_low_cadence_band,{age_s=0.0}
268.0,GRADE,0,NEUTRAL,OK,flat_deadband,"{grade_raw=0.0, grade_display=0.0}"
268.0,GEAR,WAIT,GRAY,NO_DATA,missing_gear,{}
269.0,SPEED,24.0,NEUTRAL,OK,near_reference,"{reference_kmh=24.08921933085511, age_s=0.0}"
269.0,POWER,170,NEUTRAL,OK,power_present,{age_s=0.0}
269.0,HR,135,NEUTRAL,OK,hr_present,{age_s=0.0}
269.0,CADENCE,65,GREEN,OK,preferred_low_cadence_band,{age_s=0.0}
269.0,GRADE,0,NEUTRAL,OK,flat_deadband,"{grade_raw=0.0, grade_display=0.0}"
269.0,GEAR,WAIT,GRAY,NO_DATA,missing_gear,{}
270.0,SPEED,24.0,NEUTRAL,OK,near_reference,"{reference_kmh=24.088888888888977, age_s=0.0}"
270.0,POWER,170,NEUTRAL,OK,power_present,{age_s=0.0}
270.0,HR,135,NEUTRAL,OK,hr_present,{age_s=0.0}
270.0,CADENCE,65,GREEN,OK,preferred_low_cadence_band,{age_s=0.0}
270.0,GRADE,0,NEUTRAL,OK,flat_deadband,"{grade_raw=0.0, grade_display=0.0}"
270.0,GEAR,WAIT,GRAY,NO_DATA,missing_gear,{}
271.0,SPEED,24.0,NEUTRAL,OK,near_reference,"{reference_kmh=24.088560885608945, age_s=0.0}"
271.0,POWER,170,NEUTRAL,OK,power_present,{age_s=0.0}
271.0,HR,135,NEUTRAL,OK,hr_present,{age_s=0.0}
271.0,CADENCE,65,GREEN,OK,preferred_low_cadence_band,{age_s=0.0}
271.0,GRADE,0,NEUTRAL,OK,flat_deadband,"{grade_raw=0.0, grade_display=0.0}"
271.0,GEAR,WAIT,GRAY,NO_DATA,missing_gear,{}
272.0,SPEED,24.0,NEUTRAL,OK,near_reference,"{reference_kmh=24.088235294117737, age_s=0.0}"
272.0,POWER,170,NEUTRAL,OK,power_present,{age_s=0.0}
272.0,HR,135,NEUTRAL,OK,hr_present,{age_s=0.0}
272.0,CADENCE,65,GREEN,OK,preferred_low_cadence_band,{age_s=0.0}
272.0,GRADE,0,NEUTRAL,OK,flat_deadband,"{grade_raw=0.0, grade_display=0.0}"
272.0,GEAR,WAIT,GRAY,NO_DATA,missing_gear,{}
273.0,SPEED,24.0,NEUTRAL,OK,near_reference,"{reference_kmh=24.087912087912176, age_s=0.0}"
273.0,POWER,170,NEUTRAL,OK,power_present,{age_s=0.0}
273.0,HR,135,NEUTRAL,OK,hr_present,{age_s=0.0}
273.0,CADENCE,65,GREEN,OK,preferred_low_cadence_band,{age_s=0.0}
273.0,GRADE,0,NEUTRAL,OK,flat_deadband,"{grade_raw=0.0, grade_display=0.0}"
273.0,GEAR,WAIT,GRAY,NO_DATA,missing_gear,{}
274.0,SPEED,24.0,NEUTRAL,OK,near_reference,"{reference_kmh=24.087591240876005, age_s=0.0}"
274.0,POWER,170,NEUTRAL,OK,power_present,{age_s=0.0}
274.0,HR,135,NEUTRAL,OK,hr_present,{age_s=0.0}
274.0,CADENCE,65,GREEN,OK,preferred_low_cadence_band,{age_s=0.0}
274.0,GRADE,0,NEUTRAL,OK,flat_deadband,"{grade_raw=0.0, grade_display=0.0}"
274.0,GEAR,WAIT,GRAY,NO_DATA,missing_gear,{}
275.0,SPEED,24.0,NEUTRAL,OK,near_reference,"{reference_kmh=24.087272727272815, age_s=0.0}"
275.0,POWER,170,NEUTRAL,OK,power_present,{age_s=0.0}
275.0,HR,135,NEUTRAL,OK,hr_present,{age_s=0.0}
275.0,CADENCE,65,GREEN,OK,preferred_low_cadence_band,{age_s=0.0}
275.0,GRADE,0,NEUTRAL,OK,flat_deadband,"{grade_raw=0.0, grade_display=0.0}"
275.0,GEAR,WAIT,GRAY,NO_DATA,missing_gear,{}
276.0,SPEED,24.0,NEUTRAL,OK,near_reference,"{reference_kmh=24.086956521739225, age_s=0.0}"
276.0,POWER,170,NEUTRAL,OK,power_present,{age_s=0.0}
276.0,HR,135,NEUTRAL,OK,hr_present,{age_s=0.0}
276.0,CADENCE,65,GREEN,OK,preferred_low_cadence_band,{age_s=0.0}
276.0,GRADE,0,NEUTRAL,OK,flat_deadband,"{grade_raw=0.0, grade_display=0.0}"
276.0,GEAR,WAIT,GRAY,NO_DATA,missing_gear,{}
277.0,SPEED,24.0,NEUTRAL,OK,near_reference,"{reference_kmh=24.086642599278075, age_s=0.0}"
277.0,POWER,170,NEUTRAL,OK,power_present,{age_s=0.0}
277.0,HR,135,NEUTRAL,OK,hr_present,{age_s=0.0}
277.0,CADENCE,65,GREEN,OK,preferred_low_cadence_band,{age_s=0.0}
277.0,GRADE,0,NEUTRAL,OK,flat_deadband,"{grade_raw=0.0, grade_display=0.0}"
277.0,GEAR,WAIT,GRAY,NO_DATA,missing_gear,{}
278.0,SPEED,24.0,NEUTRAL,OK,near_reference,"{reference_kmh=24.086330935251894, age_s=0.0}"
278.0,POWER,170,NEUTRAL,OK,power_present,{age_s=0.0}
278.0,HR,135,NEUTRAL,OK,hr_present,{age_s=0.0}
278.0,CADENCE,65,GREEN,OK,preferred_low_cadence_band,{age_s=0.0}
278.0,GRADE,0,NEUTRAL,OK,flat_deadband,"{grade_raw=0.0, grade_display=0.0}"
278.0,GEAR,WAIT,GRAY,NO_DATA,missing_gear,{}
279.0,SPEED,24.0,NEUTRAL,OK,near_reference,"{reference_kmh=24.08602150537644, age_s=0.0}"
279.0,POWER,170,NEUTRAL,OK,power_present,{age_s=0.0}
279.0,HR,135,NEUTRAL,OK,hr_present,{age_s=0.0}
279.0,CADENCE,65,GREEN,OK,preferred_low_cadence_band,{age_s=0.0}
279.0,GRADE,0,NEUTRAL,OK,flat_deadband,"{grade_raw=0.0, grade_display=0.0}"
279.0,GEAR,WAIT,GRAY,NO_DATA,missing_gear,{}
280.0,SPEED,24.0,NEUTRAL,OK,near_reference,"{reference_kmh=24.08571428571438, age_s=0.0}"
280.0,POWER,170,NEUTRAL,OK,power_present,{age_s=0.0}
280.0,HR,135,NEUTRAL,OK,hr_present,{age_s=0.0}
280.0,CADENCE,65,GREEN,OK,preferred_low_cadence_band,{age_s=0.0}
280.0,GRADE,0,NEUTRAL,OK,flat_deadband,"{grade_raw=0.0, grade_display=0.0}"
280.0,GEAR,WAIT,GRAY,NO_DATA,missing_gear,{}
281.0,SPEED,24.0,NEUTRAL,OK,near_reference,"{reference_kmh=24.085409252669134, age_s=0.0}"
281.0,POWER,170,NEUTRAL,OK,power_present,{age_s=0.0}
281.0,HR,135,NEUTRAL,OK,hr_present,{age_s=0.0}
281.0,CADENCE,65,GREEN,OK,preferred_low_cadence_band,{age_s=0.0}
281.0,GRADE,0,NEUTRAL,OK,flat_deadband,"{grade_raw=0.0, grade_display=0.0}"
281.0,GEAR,WAIT,GRAY,NO_DATA,missing_gear,{}
282.0,SPEED,24.0,NEUTRAL,OK,near_reference,"{reference_kmh=24.085106382978818, age_s=0.0}"
282.0,POWER,170,NEUTRAL,OK,power_present,{age_s=0.0}
282.0,HR,135,NEUTRAL,OK,hr_present,{age_s=0.0}
282.0,CADENCE,65,GREEN,OK,preferred_low_cadence_band,{age_s=0.0}
282.0,GRADE,0,NEUTRAL,OK,flat_deadband,"{grade_raw=0.0, grade_display=0.0}"
282.0,GEAR,WAIT,GRAY,NO_DATA,missing_gear,{}
283.0,SPEED,24.0,NEUTRAL,OK,near_reference,"{reference_kmh=24.084805653710344, age_s=0.0}"
283.0,POWER,170,NEUTRAL,OK,power_present,{age_s=0.0}
283.0,HR,135,NEUTRAL,OK,hr_present,{age_s=0.0}
283.0,CADENCE,65,GREEN,OK,preferred_low_cadence_band,{age_s=0.0}
283.0,GRADE,0,NEUTRAL,OK,flat_deadband,"{grade_raw=0.0, grade_display=0.0}"
283.0,GEAR,WAIT,GRAY,NO_DATA,missing_gear,{}
284.0,SPEED,24.0,NEUTRAL,OK,near_reference,"{reference_kmh=24.08450704225362, age_s=0.0}"
284.0,POWER,170,NEUTRAL,OK,power_present,{age_s=0.0}
284.0,HR,135,NEUTRAL,OK,hr_present,{age_s=0.0}
284.0,CADENCE,65,GREEN,OK,preferred_low_cadence_band,{age_s=0.0}
284.0,GRADE,0,NEUTRAL,OK,flat_deadband,"{grade_raw=0.0, grade_display=0.0}"
284.0,GEAR,WAIT,GRAY,NO_DATA,missing_gear,{}
285.0,SPEED,24.0,NEUTRAL,OK,near_reference,"{reference_kmh=24.08421052631589, age_s=0.0}"
285.0,POWER,170,NEUTRAL,OK,power_present,{age_s=0.0}
285.0,HR,135,NEUTRAL,OK,hr_present,{age_s=0.0}
285.0,CADENCE,65,GREEN,OK,preferred_low_cadence_band,{age_s=0.0}
285.0,GRADE,0,NEUTRAL,OK,flat_deadband,"{grade_raw=0.0, grade_display=0.0}"
285.0,GEAR,WAIT,GRAY,NO_DATA,missing_gear,{}
286.0,SPEED,24.0,NEUTRAL,OK,near_reference,"{reference_kmh=24.083916083916186, age_s=0.0}"
286.0,POWER,170,NEUTRAL,OK,power_present,{age_s=0.0}
286.0,HR,135,NEUTRAL,OK,hr_present,{age_s=0.0}
286.0,CADENCE,65,GREEN,OK,preferred_low_cadence_band,{age_s=0.0}
286.0,GRADE,0,NEUTRAL,OK,flat_deadband,"{grade_raw=0.0, grade_display=0.0}"
286.0,GEAR,WAIT,GRAY,NO_DATA,missing_gear,{}
287.0,SPEED,24.0,NEUTRAL,OK,near_reference,"{reference_kmh=24.08362369337989, age_s=0.0}"
287.0,POWER,170,NEUTRAL,OK,power_present,{age_s=0.0}
287.0,HR,135,NEUTRAL,OK,hr_present,{age_s=0.0}
287.0,CADENCE,65,GREEN,OK,preferred_low_cadence_band,{age_s=0.0}
287.0,GRADE,0,NEUTRAL,OK,flat_deadband,"{grade_raw=0.0, grade_display=0.0}"
287.0,GEAR,WAIT,GRAY,NO_DATA,missing_gear,{}
288.0,SPEED,24.0,NEUTRAL,OK,near_reference,"{reference_kmh=24.083333333333435, age_s=0.0}"
288.0,POWER,170,NEUTRAL,OK,power_present,{age_s=0.0}
288.0,HR,135,NEUTRAL,OK,hr_present,{age_s=0.0}
288.0,CADENCE,65,GREEN,OK,preferred_low_cadence_band,{age_s=0.0}
288.0,GRADE,0,NEUTRAL,OK,flat_deadband,"{grade_raw=0.0, grade_display=0.0}"
288.0,GEAR,WAIT,GRAY,NO_DATA,missing_gear,{}
289.0,SPEED,24.0,NEUTRAL,OK,near_reference,"{reference_kmh=24.08304498269906, age_s=0.0}"
289.0,POWER,170,NEUTRAL,OK,power_present,{age_s=0.0}
289.0,HR,135,NEUTRAL,OK,hr_present,{age_s=0.0}
289.0,CADENCE,65,GREEN,OK,preferred_low_cadence_band,{age_s=0.0}
289.0,GRADE,0,NEUTRAL,OK,flat_deadband,"{grade_raw=0.0, grade_display=0.0}"
289.0,GEAR,WAIT,GRAY,NO_DATA,missing_gear,{}
290.0,SPEED,24.0,NEUTRAL,OK,near_reference,"{reference_kmh=24.082758620689756, age_s=0.0}"
290.0,POWER,170,NEUTRAL,OK,power_present,{age_s=0.0}
290.0,HR,135,NEUTRAL,OK,hr_present,{age_s=0.0}
290.0,CADENCE,65,GREEN,OK,preferred_low_cadence_band,{age_s=0.0}
290.0,GRADE,0,NEUTRAL,OK,flat_deadband,"{grade_raw=0.0, grade_display=0.0}"
290.0,GEAR,WAIT,GRAY,NO_DATA,missing_gear,{}
291.0,SPEED,24.0,NEUTRAL,OK,near_reference,"{reference_kmh=24.08247422680423, age_s=0.0}"
291.0,POWER,170,NEUTRAL,OK,power_present,{age_s=0.0}
291.0,HR,135,NEUTRAL,OK,hr_present,{age_s=0.0}
291.0,CADENCE,65,GREEN,OK,preferred_low_cadence_band,{age_s=0.0}
291.0,GRADE,0,NEUTRAL,OK,flat_deadband,"{grade_raw=0.0, grade_display=0.0}"
291.0,GEAR,WAIT,GRAY,NO_DATA,missing_gear,{}
292.0,SPEED,24.0,NEUTRAL,OK,near_reference,"{reference_kmh=24.082191780822022, age_s=0.0}"
292.0,POWER,170,NEUTRAL,OK,power_present,{age_s=0.0}
292.0,HR,135,NEUTRAL,OK,hr_present,{age_s=0.0}
292.0,CADENCE,65,GREEN,OK,preferred_low_cadence_band,{age_s=0.0}
292.0,GRADE,0,NEUTRAL,OK,flat_deadband,"{grade_raw=0.0, grade_display=0.0}"
292.0,GEAR,WAIT,GRAY,NO_DATA,missing_gear,{}
293.0,SPEED,24.0,NEUTRAL,OK,near_reference,"{reference_kmh=24.081911262798737, age_s=0.0}"
293.0,POWER,170,NEUTRAL,OK,power_present,{age_s=0.0}
293.0,HR,135,NEUTRAL,OK,hr_present,{age_s=0.0}
293.0,CADENCE,65,GREEN,OK,preferred_low_cadence_band,{age_s=0.0}
293.0,GRADE,0,NEUTRAL,OK,flat_deadband,"{grade_raw=0.0, grade_display=0.0}"
293.0,GEAR,WAIT,GRAY,NO_DATA,missing_gear,{}
294.0,SPEED,24.0,NEUTRAL,OK,near_reference,"{reference_kmh=24.08163265306133, age_s=0.0}"
294.0,POWER,170,NEUTRAL,OK,power_present,{age_s=0.0}
294.0,HR,135,NEUTRAL,OK,hr_present,{age_s=0.0}
294.0,CADENCE,65,GREEN,OK,preferred_low_cadence_band,{age_s=0.0}
294.0,GRADE,0,NEUTRAL,OK,flat_deadband,"{grade_raw=0.0, grade_display=0.0}"
294.0,GEAR,WAIT,GRAY,NO_DATA,missing_gear,{}
295.0,SPEED,24.0,NEUTRAL,OK,near_reference,"{reference_kmh=24.081355932203493, age_s=0.0}"
295.0,POWER,170,NEUTRAL,OK,power_present,{age_s=0.0}
295.0,HR,135,NEUTRAL,OK,hr_present,{age_s=0.0}
295.0,CADENCE,65,GREEN,OK,preferred_low_cadence_band,{age_s=0.0}
295.0,GRADE,0,NEUTRAL,OK,flat_deadband,"{grade_raw=0.0, grade_display=0.0}"
295.0,GEAR,WAIT,GRAY,NO_DATA,missing_gear,{}
296.0,SPEED,24.0,NEUTRAL,OK,near_reference,"{reference_kmh=24.081081081081187, age_s=0.0}"
296.0,POWER,170,NEUTRAL,OK,power_present,{age_s=0.0}
296.0,HR,135,NEUTRAL,OK,hr_present,{age_s=0.0}
296.0,CADENCE,65,GREEN,OK,preferred_low_cadence_band,{age_s=0.0}
296.0,GRADE,0,NEUTRAL,OK,flat_deadband,"{grade_raw=0.0, grade_display=0.0}"
296.0,GEAR,WAIT,GRAY,NO_DATA,missing_gear,{}
297.0,SPEED,24.0,NEUTRAL,OK,near_reference,"{reference_kmh=24.080808080808186, age_s=0.0}"
297.0,POWER,170,NEUTRAL,OK,power_present,{age_s=0.0}
297.0,HR,135,NEUTRAL,OK,hr_present,{age_s=0.0}
297.0,CADENCE,65,GREEN,OK,preferred_low_cadence_band,{age_s=0.0}
297.0,GRADE,0,NEUTRAL,OK,flat_deadband,"{grade_raw=0.0, grade_display=0.0}"
297.0,GEAR,WAIT,GRAY,NO_DATA,missing_gear,{}
298.0,SPEED,24.0,NEUTRAL,OK,near_reference,"{reference_kmh=24.080536912751782, age_s=0.0}"
298.0,POWER,170,NEUTRAL,OK,power_present,{age_s=0.0}
298.0,HR,135,NEUTRAL,OK,hr_present,{age_s=0.0}
298.0,CADENCE,65,GREEN,OK,preferred_low_cadence_band,{age_s=0.0}
298.0,GRADE,0,NEUTRAL,OK,flat_deadband,"{grade_raw=0.0, grade_display=0.0}"
298.0,GEAR,WAIT,GRAY,NO_DATA,missing_gear,{}
299.0,SPEED,24.0,NEUTRAL,OK,near_reference,"{reference_kmh=24.080267558528536, age_s=0.0}"
299.0,POWER,170,NEUTRAL,OK,power_present,{age_s=0.0}
299.0,HR,135,NEUTRAL,OK,hr_present,{age_s=0.0}
299.0,CADENCE,65,GREEN,OK,preferred_low_cadence_band,{age_s=0.0}
299.0,GRADE,0,NEUTRAL,OK,flat_deadband,"{grade_raw=0.0, grade_display=0.0}"
299.0,GEAR,WAIT,GRAY,NO_DATA,missing_gear,{}
300.0,SPEED,14.0,AMBER,OK,below_reference,"{reference_kmh=24.046666666666777, age_s=0.0}"
300.0,POWER,170,NEUTRAL,OK,power_present,{age_s=0.0}
300.0,HR,135,NEUTRAL,OK,hr_present,{age_s=0.0}
300.0,CADENCE,65,GREEN,OK,preferred_low_cadence_band,{age_s=0.0}
300.0,GRADE,0,NEUTRAL,OK,flat_deadband,"{grade_raw=0.0, grade_display=0.0}"
300.0,GEAR,WAIT,GRAY,NO_DATA,missing_gear,{}
301.0,SPEED,14.0,AMBER,OK,below_reference,"{reference_kmh=24.013289036544958, age_s=0.0}"
301.0,POWER,170,NEUTRAL,OK,power_present,{age_s=0.0}
301.0,HR,135,NEUTRAL,OK,hr_present,{age_s=0.0}
301.0,CADENCE,65,GREEN,OK,preferred_low_cadence_band,{age_s=0.0}
301.0,GRADE,0,NEUTRAL,OK,flat_deadband,"{grade_raw=0.0, grade_display=0.0}"
301.0,GEAR,WAIT,GRAY,NO_DATA,missing_gear,{}
302.0,SPEED,14.0,AMBER,OK,below_reference,"{reference_kmh=23.980132450331233, age_s=0.0}"
302.0,POWER,170,NEUTRAL,OK,power_present,{age_s=0.0}
302.0,HR,135,NEUTRAL,OK,hr_present,{age_s=0.0}
302.0,CADENCE,65,GREEN,OK,preferred_low_cadence_band,{age_s=0.0}
302.0,GRADE,0,NEUTRAL,OK,flat_deadband,"{grade_raw=0.0, grade_display=0.0}"
302.0,GEAR,WAIT,GRAY,NO_DATA,missing_gear,{}
303.0,SPEED,14.0,AMBER,OK,below_reference,"{reference_kmh=23.947194719472055, age_s=0.0}"
303.0,POWER,170,NEUTRAL,OK,power_present,{age_s=0.0}
303.0,HR,135,NEUTRAL,OK,hr_present,{age_s=0.0}
303.0,CADENCE,65,GREEN,OK,preferred_low_cadence_band,{age_s=0.0}
303.0,GRADE,0,NEUTRAL,OK,flat_deadband,"{grade_raw=0.0, grade_display=0.0}"
303.0,GEAR,WAIT,GRAY,NO_DATA,missing_gear,{}
304.0,SPEED,14.0,AMBER,OK,below_reference,"{reference_kmh=23.91447368421063, age_s=0.0}"
304.0,POWER,170,NEUTRAL,OK,power_present,{age_s=0.0}
304.0,HR,135,NEUTRAL,OK,hr_present,{age_s=0.0}
304.0,CADENCE,65,GREEN,OK,preferred_low_cadence_band,{age_s=0.0}
304.0,GRADE,0,NEUTRAL,OK,flat_deadband,"{grade_raw=0.0, grade_display=0.0}"
304.0,GEAR,WAIT,GRAY,NO_DATA,missing_gear,{}
305.0,SPEED,14.0,AMBER,OK,below_reference,"{reference_kmh=23.88196721311486, age_s=0.0}"
305.0,POWER,170,NEUTRAL,OK,power_present,{age_s=0.0}
305.0,HR,135,NEUTRAL,OK,hr_present,{age_s=0.0}
305.0,CADENCE,65,GREEN,OK,preferred_low_cadence_band,{age_s=0.0}
305.0,GRADE,0.0,GRAY,STALE,grade_stale,"{age_s=6.0, grade_display=0.0}"
305.0,GEAR,WAIT,GRAY,NO_DATA,missing_gear,{}
306.0,SPEED,14.0,AMBER,OK,below_reference,"{reference_kmh=23.849673202614486, age_s=0.0}"
306.0,POWER,170,NEUTRAL,OK,power_present,{age_s=0.0}
306.0,HR,135,NEUTRAL,OK,hr_present,{age_s=0.0}
306.0,CADENCE,65,GREEN,OK,preferred_low_cadence_band,{age_s=0.0}
306.0,GRADE,0.0,GRAY,STALE,grade_stale,"{age_s=7.0, grade_display=0.0}"
306.0,GEAR,WAIT,GRAY,NO_DATA,missing_gear,{}
307.0,SPEED,14.0,AMBER,OK,below_reference,"{reference_kmh=23.817589576547338, age_s=0.0}"
307.0,POWER,170,NEUTRAL,OK,power_present,{age_s=0.0}
307.0,HR,135,NEUTRAL,OK,hr_present,{age_s=0.0}
307.0,CADENCE,65,GREEN,OK,preferred_low_cadence_band,{age_s=0.0}
307.0,GRADE,0.0,GRAY,STALE,grade_stale,"{age_s=8.0, grade_display=0.0}"
307.0,GEAR,WAIT,GRAY,NO_DATA,missing_gear,{}
308.0,SPEED,14.0,AMBER,OK,below_reference,"{reference_kmh=23.78571428571439, age_s=0.0}"
308.0,POWER,170,NEUTRAL,OK,power_present,{age_s=0.0}
308.0,HR,135,NEUTRAL,OK,hr_present,{age_s=0.0}
308.0,CADENCE,65,GREEN,OK,preferred_low_cadence_band,{age_s=0.0}
308.0,GRADE,0.0,GRAY,STALE,grade_stale,"{age_s=9.0, grade_display=0.0}"
308.0,GEAR,WAIT,GRAY,NO_DATA,missing_gear,{}
309.0,SPEED,14.0,AMBER,OK,below_reference,"{reference_kmh=23.754045307443473, age_s=0.0}"
309.0,POWER,170,NEUTRAL,OK,power_present,{age_s=0.0}
309.0,HR,135,NEUTRAL,OK,hr_present,{age_s=0.0}
309.0,CADENCE,65,GREEN,OK,preferred_low_cadence_band,{age_s=0.0}
309.0,GRADE,0.0,GRAY,STALE,grade_stale,"{age_s=10.0, grade_display=0.0}"
309.0,GEAR,WAIT,GRAY,NO_DATA,missing_gear,{}
310.0,SPEED,14.0,AMBER,OK,below_reference,"{reference_kmh=23.7225806451614, age_s=0.0}"
310.0,POWER,170,NEUTRAL,OK,power_present,{age_s=0.0}
310.0,HR,135,NEUTRAL,OK,hr_present,{age_s=0.0}
310.0,CADENCE,65,GREEN,OK,preferred_low_cadence_band,{age_s=0.0}
310.0,GRADE,0.0,GRAY,STALE,grade_stale,"{age_s=11.0, grade_display=0.0}"
310.0,GEAR,WAIT,GRAY,NO_DATA,missing_gear,{}
311.0,SPEED,14.0,AMBER,OK,below_reference,"{reference_kmh=23.691318327974383, age_s=0.0}"
311.0,POWER,170,NEUTRAL,OK,power_present,{age_s=0.0}
311.0,HR,135,NEUTRAL,OK,hr_present,{age_s=0.0}
311.0,CADENCE,65,GREEN,OK,preferred_low_cadence_band,{age_s=0.0}
311.0,GRADE,0.0,GRAY,STALE,grade_stale,"{age_s=12.0, grade_display=0.0}"
311.0,GEAR,WAIT,GRAY,NO_DATA,missing_gear,{}
312.0,SPEED,14.0,AMBER,OK,below_reference,"{reference_kmh=23.660256410256515, age_s=0.0}"
312.0,POWER,170,NEUTRAL,OK,power_present,{age_s=0.0}
312.0,HR,135,NEUTRAL,OK,hr_present,{age_s=0.0}
312.0,CADENCE,65,GREEN,OK,preferred_low_cadence_band,{age_s=0.0}
312.0,GRADE,0.0,GRAY,STALE,grade_stale,"{age_s=13.0, grade_display=0.0}"
312.0,GEAR,WAIT,GRAY,NO_DATA,missing_gear,{}
313.0,SPEED,14.0,AMBER,OK,below_reference,"{reference_kmh=23.62939297124611, age_s=0.0}"
313.0,POWER,170,NEUTRAL,OK,power_present,{age_s=0.0}
313.0,HR,135,NEUTRAL,OK,hr_present,{age_s=0.0}
313.0,CADENCE,65,GREEN,OK,preferred_low_cadence_band,{age_s=0.0}
313.0,GRADE,0.0,GRAY,STALE,grade_stale,"{age_s=14.0, grade_display=0.0}"
313.0,GEAR,WAIT,GRAY,NO_DATA,missing_gear,{}
314.0,SPEED,14.0,AMBER,OK,below_reference,"{reference_kmh=23.59872611464978, age_s=0.0}"
314.0,POWER,170,NEUTRAL,OK,power_present,{age_s=0.0}
314.0,HR,135,NEUTRAL,OK,hr_present,{age_s=0.0}
314.0,CADENCE,65,GREEN,OK,preferred_low_cadence_band,{age_s=0.0}
314.0,GRADE,0.0,GRAY,STALE,grade_stale,"{age_s=15.0, grade_display=0.0}"
314.0,GEAR,WAIT,GRAY,NO_DATA,missing_gear,{}
315.0,SPEED,14.0,AMBER,OK,below_reference,"{reference_kmh=23.568253968254066, age_s=0.0}"
315.0,POWER,170,NEUTRAL,OK,power_present,{age_s=0.0}
315.0,HR,135,NEUTRAL,OK,hr_present,{age_s=0.0}
315.0,CADENCE,65,GREEN,OK,preferred_low_cadence_band,{age_s=0.0}
315.0,GRADE,0.0,GRAY,STALE,grade_stale,"{age_s=16.0, grade_display=0.0}"
315.0,GEAR,WAIT,GRAY,NO_DATA,missing_gear,{}
316.0,SPEED,14.0,AMBER,OK,below_reference,"{reference_kmh=23.5379746835444, age_s=0.0}"
316.0,POWER,170,NEUTRAL,OK,power_present,{age_s=0.0}
316.0,HR,135,NEUTRAL,OK,hr_present,{age_s=0.0}
316.0,CADENCE,65,GREEN,OK,preferred_low_cadence_band,{age_s=0.0}
316.0,GRADE,0.0,GRAY,STALE,grade_stale,"{age_s=17.0, grade_display=0.0}"
316.0,GEAR,WAIT,GRAY,NO_DATA,missing_gear,{}
317.0,SPEED,14.0,AMBER,OK,below_reference,"{reference_kmh=23.507886435331326, age_s=0.0}"
317.0,POWER,170,NEUTRAL,OK,power_present,{age_s=0.0}
317.0,HR,135,NEUTRAL,OK,hr_present,{age_s=0.0}
317.0,CADENCE,65,GREEN,OK,preferred_low_cadence_band,{age_s=0.0}
317.0,GRADE,0.0,GRAY,STALE,grade_stale,"{age_s=18.0, grade_display=0.0}"
317.0,GEAR,WAIT,GRAY,NO_DATA,missing_gear,{}
318.0,SPEED,14.0,AMBER,OK,below_reference,"{reference_kmh=23.477987421383737, age_s=0.0}"
318.0,POWER,170,NEUTRAL,OK,power_present,{age_s=0.0}
318.0,HR,135,NEUTRAL,OK,hr_present,{age_s=0.0}
318.0,CADENCE,65,GREEN,OK,preferred_low_cadence_band,{age_s=0.0}
318.0,GRADE,0.0,GRAY,STALE,grade_stale,"{age_s=19.0, grade_display=0.0}"
318.0,GEAR,WAIT,GRAY,NO_DATA,missing_gear,{}
319.0,SPEED,14.0,AMBER,OK,below_reference,"{reference_kmh=23.448275862069053, age_s=0.0}"
319.0,POWER,170,NEUTRAL,OK,power_present,{age_s=0.0}
319.0,HR,135,NEUTRAL,OK,hr_present,{age_s=0.0}
319.0,CADENCE,65,GREEN,OK,preferred_low_cadence_band,{age_s=0.0}
319.0,GRADE,0.0,GRAY,STALE,grade_stale,"{age_s=20.0, grade_display=0.0}"
319.0,GEAR,WAIT,GRAY,NO_DATA,missing_gear,{}
320.0,SPEED,14.0,AMBER,OK,below_reference,"{reference_kmh=23.41875000000008, age_s=0.0}"
320.0,POWER,170,NEUTRAL,OK,power_present,{age_s=0.0}
320.0,HR,135,NEUTRAL,OK,hr_present,{age_s=0.0}
320.0,CADENCE,65,GREEN,OK,preferred_low_cadence_band,{age_s=0.0}
320.0,GRADE,0.0,GRAY,STALE,grade_stale,"{age_s=21.0, grade_display=0.0}"
320.0,GEAR,WAIT,GRAY,NO_DATA,missing_gear,{}
321.0,SPEED,14.0,AMBER,OK,below_reference,"{reference_kmh=23.389408099688552, age_s=0.0}"
321.0,POWER,170,NEUTRAL,OK,power_present,{age_s=0.0}
321.0,HR,135,NEUTRAL,OK,hr_present,{age_s=0.0}
321.0,CADENCE,65,GREEN,OK,preferred_low_cadence_band,{age_s=0.0}
321.0,GRADE,0.0,GRAY,STALE,grade_stale,"{age_s=22.0, grade_display=0.0}"
321.0,GEAR,WAIT,GRAY,NO_DATA,missing_gear,{}
322.0,SPEED,14.0,AMBER,OK,below_reference,"{reference_kmh=23.360248447205052, age_s=0.0}"
322.0,POWER,170,NEUTRAL,OK,power_present,{age_s=0.0}
322.0,HR,135,NEUTRAL,OK,hr_present,{age_s=0.0}
322.0,CADENCE,65,GREEN,OK,preferred_low_cadence_band,{age_s=0.0}
322.0,GRADE,0.0,GRAY,STALE,grade_stale,"{age_s=23.0, grade_display=0.0}"
322.0,GEAR,WAIT,GRAY,NO_DATA,missing_gear,{}
323.0,SPEED,14.0,AMBER,OK,below_reference,"{reference_kmh=23.331269349845282, age_s=0.0}"
323.0,POWER,170,NEUTRAL,OK,power_present,{age_s=0.0}
323.0,HR,135,NEUTRAL,OK,hr_present,{age_s=0.0}
323.0,CADENCE,65,GREEN,OK,preferred_low_cadence_band,{age_s=0.0}
323.0,GRADE,0.0,GRAY,STALE,grade_stale,"{age_s=24.0, grade_display=0.0}"
323.0,GEAR,WAIT,GRAY,NO_DATA,missing_gear,{}
324.0,SPEED,14.0,AMBER,OK,below_reference,"{reference_kmh=23.302469135802546, age_s=0.0}"
324.0,POWER,170,NEUTRAL,OK,power_present,{age_s=0.0}
324.0,HR,135,NEUTRAL,OK,hr_present,{age_s=0.0}
324.0,CADENCE,65,GREEN,OK,preferred_low_cadence_band,{age_s=0.0}
324.0,GRADE,0.0,GRAY,STALE,grade_stale,"{age_s=25.0, grade_display=0.0}"
324.0,GEAR,WAIT,GRAY,NO_DATA,missing_gear,{}
325.0,SPEED,14.0,AMBER,OK,below_reference,"{reference_kmh=23.273846153846225, age_s=0.0}"
325.0,POWER,170,NEUTRAL,OK,power_present,{age_s=0.0}
325.0,HR,135,NEUTRAL,OK,hr_present,{age_s=0.0}
325.0,CADENCE,65,GREEN,OK,preferred_low_cadence_band,{age_s=0.0}
325.0,GRADE,0.0,GRAY,STALE,grade_stale,"{age_s=26.0, grade_display=0.0}"
325.0,GEAR,WAIT,GRAY,NO_DATA,missing_gear,{}
326.0,SPEED,14.0,AMBER,OK,below_reference,"{reference_kmh=23.245398773006205, age_s=0.0}"
326.0,POWER,170,NEUTRAL,OK,power_present,{age_s=0.0}
326.0,HR,135,NEUTRAL,OK,hr_present,{age_s=0.0}
326.0,CADENCE,65,GREEN,OK,preferred_low_cadence_band,{age_s=0.0}
326.0,GRADE,0.0,GRAY,STALE,grade_stale,"{age_s=27.0, grade_display=0.0}"
326.0,GEAR,WAIT,GRAY,NO_DATA,missing_gear,{}
327.0,SPEED,14.0,AMBER,OK,below_reference,"{reference_kmh=23.217125382263067, age_s=0.0}"
327.0,POWER,170,NEUTRAL,OK,power_present,{age_s=0.0}
327.0,HR,135,NEUTRAL,OK,hr_present,{age_s=0.0}
327.0,CADENCE,65,GREEN,OK,preferred_low_cadence_band,{age_s=0.0}
327.0,GRADE,0.0,GRAY,STALE,grade_stale,"{age_s=28.0, grade_display=0.0}"
327.0,GEAR,WAIT,GRAY,NO_DATA,missing_gear,{}
328.0,SPEED,14.0,AMBER,OK,below_reference,"{reference_kmh=23.18902439024397, age_s=0.0}"
328.0,POWER,170,NEUTRAL,OK,power_present,{age_s=0.0}
328.0,HR,135,NEUTRAL,OK,hr_present,{age_s=0.0}
328.0,CADENCE,65,GREEN,OK,preferred_low_cadence_band,{age_s=0.0}
328.0,GRADE,0.0,GRAY,STALE,grade_stale,"{age_s=29.0, grade_display=0.0}"
328.0,GEAR,WAIT,GRAY,NO_DATA,missing_gear,{}
329.0,SPEED,14.0,AMBER,OK,below_reference,"{reference_kmh=23.161094224924074, age_s=0.0}"
329.0,POWER,170,NEUTRAL,OK,power_present,{age_s=0.0}
329.0,HR,135,NEUTRAL,OK,hr_present,{age_s=0.0}
329.0,CADENCE,65,GREEN,OK,preferred_low_cadence_band,{age_s=0.0}
329.0,GRADE,0.0,GRAY,STALE,grade_stale,"{age_s=30.0, grade_display=0.0}"
329.0,GEAR,WAIT,GRAY,NO_DATA,missing_gear,{}
330.0,SPEED,14.0,AMBER,OK,below_reference,"{reference_kmh=23.133333333333397, age_s=0.0}"
330.0,POWER,170,NEUTRAL,OK,power_present,{age_s=0.0}
330.0,HR,135,NEUTRAL,OK,hr_present,{age_s=0.0}
330.0,CADENCE,65,GREEN,OK,preferred_low_cadence_band,{age_s=0.0}
330.0,GRADE,0.0,GRAY,STALE,grade_stale,"{age_s=31.0, grade_display=0.0}"
330.0,GEAR,WAIT,GRAY,NO_DATA,missing_gear,{}
331.0,SPEED,14.0,AMBER,OK,below_reference,"{reference_kmh=23.105740181268942, age_s=0.0}"
331.0,POWER,170,NEUTRAL,OK,power_present,{age_s=0.0}
331.0,HR,135,NEUTRAL,OK,hr_present,{age_s=0.0}
331.0,CADENCE,65,GREEN,OK,preferred_low_cadence_band,{age_s=0.0}
331.0,GRADE,0.0,GRAY,STALE,grade_stale,"{age_s=32.0, grade_display=0.0}"
331.0,GEAR,WAIT,GRAY,NO_DATA,missing_gear,{}
332.0,SPEED,14.0,AMBER,OK,below_reference,"{reference_kmh=23.0783132530121, age_s=0.0}"
332.0,POWER,170,NEUTRAL,OK,power_present,{age_s=0.0}
332.0,HR,135,NEUTRAL,OK,hr_present,{age_s=0.0}
332.0,CADENCE,65,GREEN,OK,preferred_low_cadence_band,{age_s=0.0}
332.0,GRADE,0.0,GRAY,STALE,grade_stale,"{age_s=33.0, grade_display=0.0}"
332.0,GEAR,WAIT,GRAY,NO_DATA,missing_gear,{}
333.0,SPEED,14.0,AMBER,OK,below_reference,"{reference_kmh=23.051051051051108, age_s=0.0}"
333.0,POWER,170,NEUTRAL,OK,power_present,{age_s=0.0}
333.0,HR,135,NEUTRAL,OK,hr_present,{age_s=0.0}
333.0,CADENCE,65,GREEN,OK,preferred_low_cadence_band,{age_s=0.0}
333.0,GRADE,0.0,GRAY,STALE,grade_stale,"{age_s=34.0, grade_display=0.0}"
333.0,GEAR,WAIT,GRAY,NO_DATA,missing_gear,{}
334.0,SPEED,14.0,AMBER,OK,below_reference,"{reference_kmh=23.023952095808436, age_s=0.0}"
334.0,POWER,170,NEUTRAL,OK,power_present,{age_s=0.0}
334.0,HR,135,NEUTRAL,OK,hr_present,{age_s=0.0}
334.0,CADENCE,65,GREEN,OK,preferred_low_cadence_band,{age_s=0.0}
334.0,GRADE,0.0,GRAY,STALE,grade_stale,"{age_s=35.0, grade_display=0.0}"
334.0,GEAR,WAIT,GRAY,NO_DATA,missing_gear,{}
335.0,SPEED,14.0,AMBER,OK,below_reference,"{reference_kmh=22.997014925373183, age_s=0.0}"
335.0,POWER,170,NEUTRAL,OK,power_present,{age_s=0.0}
335.0,HR,135,NEUTRAL,OK,hr_present,{age_s=0.0}
335.0,CADENCE,65,GREEN,OK,preferred_low_cadence_band,{age_s=0.0}
335.0,GRADE,0.0,GRAY,STALE,grade_stale,"{age_s=36.0, grade_display=0.0}"
335.0,GEAR,WAIT,GRAY,NO_DATA,missing_gear,{}
336.0,SPEED,14.0,AMBER,OK,below_reference,"{reference_kmh=22.97023809523814, age_s=0.0}"
336.0,POWER,170,NEUTRAL,OK,power_present,{age_s=0.0}
336.0,HR,135,NEUTRAL,OK,hr_present,{age_s=0.0}
336.0,CADENCE,65,GREEN,OK,preferred_low_cadence_band,{age_s=0.0}
336.0,GRADE,0.0,GRAY,STALE,grade_stale,"{age_s=37.0, grade_display=0.0}"
336.0,GEAR,WAIT,GRAY,NO_DATA,missing_gear,{}
337.0,SPEED,14.0,AMBER,OK,below_reference,"{reference_kmh=22.943620178041584, age_s=0.0}"
337.0,POWER,170,NEUTRAL,OK,power_present,{age_s=0.0}
337.0,HR,135,NEUTRAL,OK,hr_present,{age_s=0.0}
337.0,CADENCE,65,GREEN,OK,preferred_low_cadence_band,{age_s=0.0}
337.0,GRADE,0.0,GRAY,STALE,grade_stale,"{age_s=38.0, grade_display=0.0}"
337.0,GEAR,WAIT,GRAY,NO_DATA,missing_gear,{}
338.0,SPEED,14.0,AMBER,OK,below_reference,"{reference_kmh=22.917159763313652, age_s=0.0}"
338.0,POWER,170,NEUTRAL,OK,power_present,{age_s=0.0}
338.0,HR,135,NEUTRAL,OK,hr_present,{age_s=0.0}
338.0,CADENCE,65,GREEN,OK,preferred_low_cadence_band,{age_s=0.0}
338.0,GRADE,0.0,GRAY,STALE,grade_stale,"{age_s=39.0, grade_display=0.0}"
338.0,GEAR,WAIT,GRAY,NO_DATA,missing_gear,{}
339.0,SPEED,14.0,AMBER,OK,below_reference,"{reference_kmh=22.890855457227183, age_s=0.0}"
339.0,POWER,170,NEUTRAL,OK,power_present,{age_s=0.0}
339.0,HR,135,NEUTRAL,OK,hr_present,{age_s=0.0}
339.0,CADENCE,65,GREEN,OK,preferred_low_cadence_band,{age_s=0.0}
339.0,GRADE,0.0,GRAY,STALE,grade_stale,"{age_s=40.0, grade_display=0.0}"
339.0,GEAR,WAIT,GRAY,NO_DATA,missing_gear,{}
340.0,SPEED,14.0,AMBER,OK,below_reference,"{reference_kmh=22.86470588235298, age_s=0.0}"
340.0,POWER,170,NEUTRAL,OK,power_present,{age_s=0.0}
340.0,HR,135,NEUTRAL,OK,hr_present,{age_s=0.0}
340.0,CADENCE,65,GREEN,OK,preferred_low_cadence_band,{age_s=0.0}
340.0,GRADE,0.0,GRAY,STALE,grade_stale,"{age_s=41.0, grade_display=0.0}"
340.0,GEAR,WAIT,GRAY,NO_DATA,missing_gear,{}
341.0,SPEED,14.0,AMBER,OK,below_reference,"{reference_kmh=22.83870967741939, age_s=0.0}"
341.0,POWER,170,NEUTRAL,OK,power_present,{age_s=0.0}
341.0,HR,135,NEUTRAL,OK,hr_present,{age_s=0.0}
341.0,CADENCE,65,GREEN,OK,preferred_low_cadence_band,{age_s=0.0}
341.0,GRADE,0.0,GRAY,STALE,grade_stale,"{age_s=42.0, grade_display=0.0}"
341.0,GEAR,WAIT,GRAY,NO_DATA,missing_gear,{}
342.0,SPEED,14.0,AMBER,OK,below_reference,"{reference_kmh=22.812865497076054, age_s=0.0}"
342.0,POWER,170,NEUTRAL,OK,power_present,{age_s=0.0}
342.0,HR,135,NEUTRAL,OK,hr_present,{age_s=0.0}
342.0,CADENCE,65,GREEN,OK,preferred_low_cadence_band,{age_s=0.0}
342.0,GRADE,0.0,GRAY,STALE,grade_stale,"{age_s=43.0, grade_display=0.0}"
342.0,GEAR,WAIT,GRAY,NO_DATA,missing_gear,{}
343.0,SPEED,14.0,AMBER,OK,below_reference,"{reference_kmh=22.787172011661838, age_s=0.0}"
343.0,POWER,170,NEUTRAL,OK,power_present,{age_s=0.0}
343.0,HR,135,NEUTRAL,OK,hr_present,{age_s=0.0}
343.0,CADENCE,65,GREEN,OK,preferred_low_cadence_band,{age_s=0.0}
343.0,GRADE,0.0,GRAY,STALE,grade_stale,"{age_s=44.0, grade_display=0.0}"
343.0,GEAR,WAIT,GRAY,NO_DATA,missing_gear,{}
344.0,SPEED,14.0,AMBER,OK,below_reference,"{reference_kmh=22.761627906976774, age_s=0.0}"
344.0,POWER,170,NEUTRAL,OK,power_present,{age_s=0.0}
344.0,HR,135,NEUTRAL,OK,hr_present,{age_s=0.0}
344.0,CADENCE,65,GREEN,OK,preferred_low_cadence_band,{age_s=0.0}
344.0,GRADE,0.0,GRAY,STALE,grade_stale,"{age_s=45.0, grade_display=0.0}"
344.0,GEAR,WAIT,GRAY,NO_DATA,missing_gear,{}
345.0,SPEED,14.0,AMBER,OK,below_reference,"{reference_kmh=22.736231884057997, age_s=0.0}"
345.0,POWER,170,NEUTRAL,OK,power_present,{age_s=0.0}
345.0,HR,135,NEUTRAL,OK,hr_present,{age_s=0.0}
345.0,CADENCE,65,GREEN,OK,preferred_low_cadence_band,{age_s=0.0}
345.0,GRADE,0.0,GRAY,STALE,grade_stale,"{age_s=46.0, grade_display=0.0}"
345.0,GEAR,WAIT,GRAY,NO_DATA,missing_gear,{}
346.0,SPEED,14.0,AMBER,OK,below_reference,"{reference_kmh=22.710982658959562, age_s=0.0}"
346.0,POWER,170,NEUTRAL,OK,power_present,{age_s=0.0}
346.0,HR,135,NEUTRAL,OK,hr_present,{age_s=0.0}
346.0,CADENCE,65,GREEN,OK,preferred_low_cadence_band,{age_s=0.0}
346.0,GRADE,0.0,GRAY,STALE,grade_stale,"{age_s=47.0, grade_display=0.0}"
346.0,GEAR,WAIT,GRAY,NO_DATA,missing_gear,{}
347.0,SPEED,14.0,AMBER,OK,below_reference,"{reference_kmh=22.685878962536044, age_s=0.0}"
347.0,POWER,170,NEUTRAL,OK,power_present,{age_s=0.0}
347.0,HR,135,NEUTRAL,OK,hr_present,{age_s=0.0}
347.0,CADENCE,65,GREEN,OK,preferred_low_cadence_band,{age_s=0.0}
347.0,GRADE,0.0,GRAY,STALE,grade_stale,"{age_s=48.0, grade_display=0.0}"
347.0,GEAR,WAIT,GRAY,NO_DATA,missing_gear,{}
348.0,SPEED,14.0,AMBER,OK,below_reference,"{reference_kmh=22.660919540229905, age_s=0.0}"
348.0,POWER,170,NEUTRAL,OK,power_present,{age_s=0.0}
348.0,HR,135,NEUTRAL,OK,hr_present,{age_s=0.0}
348.0,CADENCE,65,GREEN,OK,preferred_low_cadence_band,{age_s=0.0}
348.0,GRADE,0.0,GRAY,STALE,grade_stale,"{age_s=49.0, grade_display=0.0}"
348.0,GEAR,WAIT,GRAY,NO_DATA,missing_gear,{}
349.0,SPEED,14.0,AMBER,OK,below_reference,"{reference_kmh=22.63610315186248, age_s=0.0}"
349.0,POWER,170,NEUTRAL,OK,power_present,{age_s=0.0}
349.0,HR,135,NEUTRAL,OK,hr_present,{age_s=0.0}
349.0,CADENCE,65,GREEN,OK,preferred_low_cadence_band,{age_s=0.0}
349.0,GRADE,0.0,GRAY,STALE,grade_stale,"{age_s=50.0, grade_display=0.0}"
349.0,GEAR,WAIT,GRAY,NO_DATA,missing_gear,{}
350.0,SPEED,14.0,AMBER,OK,below_reference,"{reference_kmh=22.61142857142859, age_s=0.0}"
350.0,POWER,170,NEUTRAL,OK,power_present,{age_s=0.0}
350.0,HR,135,NEUTRAL,OK,hr_present,{age_s=0.0}
350.0,CADENCE,65,GREEN,OK,preferred_low_cadence_band,{age_s=0.0}
350.0,GRADE,0.0,GRAY,STALE,grade_stale,"{age_s=51.0, grade_display=0.0}"
350.0,GEAR,WAIT,GRAY,NO_DATA,missing_gear,{}
351.0,SPEED,14.0,AMBER,OK,below_reference,"{reference_kmh=22.5868945868946, age_s=0.0}"
351.0,POWER,170,NEUTRAL,OK,power_present,{age_s=0.0}
351.0,HR,135,NEUTRAL,OK,hr_present,{age_s=0.0}
351.0,CADENCE,65,GREEN,OK,preferred_low_cadence_band,{age_s=0.0}
351.0,GRADE,0.0,GRAY,STALE,grade_stale,"{age_s=52.0, grade_display=0.0}"
351.0,GEAR,WAIT,GRAY,NO_DATA,missing_gear,{}
352.0,SPEED,14.0,AMBER,OK,below_reference,"{reference_kmh=22.56250000000001, age_s=0.0}"
352.0,POWER,170,NEUTRAL,OK,power_present,{age_s=0.0}
352.0,HR,135,NEUTRAL,OK,hr_present,{age_s=0.0}
352.0,CADENCE,65,GREEN,OK,preferred_low_cadence_band,{age_s=0.0}
352.0,GRADE,0.0,GRAY,STALE,grade_stale,"{age_s=53.0, grade_display=0.0}"
352.0,GEAR,WAIT,GRAY,NO_DATA,missing_gear,{}
353.0,SPEED,14.0,AMBER,OK,below_reference,"{reference_kmh=22.53824362606233, age_s=0.0}"
353.0,POWER,170,NEUTRAL,OK,power_present,{age_s=0.0}
353.0,HR,135,NEUTRAL,OK,hr_present,{age_s=0.0}
353.0,CADENCE,65,GREEN,OK,preferred_low_cadence_band,{age_s=0.0}
353.0,GRADE,0.0,GRAY,STALE,grade_stale,"{age_s=54.0, grade_display=0.0}"
353.0,GEAR,WAIT,GRAY,NO_DATA,missing_gear,{}
354.0,SPEED,14.0,AMBER,OK,below_reference,"{reference_kmh=22.51412429378532, age_s=0.0}"
354.0,POWER,170,NEUTRAL,OK,power_present,{age_s=0.0}
354.0,HR,135,NEUTRAL,OK,hr_present,{age_s=0.0}
354.0,CADENCE,65,GREEN,OK,preferred_low_cadence_band,{age_s=0.0}
354.0,GRADE,0.0,GRAY,STALE,grade_stale,"{age_s=55.0, grade_display=0.0}"
354.0,GEAR,WAIT,GRAY,NO_DATA,missing_gear,{}
355.0,SPEED,14.0,AMBER,OK,below_reference,"{reference_kmh=22.490140845070425, age_s=0.0}"
355.0,POWER,170,NEUTRAL,OK,power_present,{age_s=0.0}
355.0,HR,135,NEUTRAL,OK,hr_present,{age_s=0.0}
355.0,CADENCE,65,GREEN,OK,preferred_low_cadence_band,{age_s=0.0}
355.0,GRADE,0.0,GRAY,STALE,grade_stale,"{age_s=56.0, grade_display=0.0}"
355.0,GEAR,WAIT,GRAY,NO_DATA,missing_gear,{}
356.0,SPEED,14.0,AMBER,OK,below_reference,"{reference_kmh=22.466292134831466, age_s=0.0}"
356.0,POWER,170,NEUTRAL,OK,power_present,{age_s=0.0}
356.0,HR,135,NEUTRAL,OK,hr_present,{age_s=0.0}
356.0,CADENCE,65,GREEN,OK,preferred_low_cadence_band,{age_s=0.0}
356.0,GRADE,0.0,GRAY,STALE,grade_stale,"{age_s=57.0, grade_display=0.0}"
356.0,GEAR,WAIT,GRAY,NO_DATA,missing_gear,{}
357.0,SPEED,14.0,AMBER,OK,below_reference,"{reference_kmh=22.442577030812327, age_s=0.0}"
357.0,POWER,170,NEUTRAL,OK,power_present,{age_s=0.0}
357.0,HR,135,NEUTRAL,OK,hr_present,{age_s=0.0}
357.0,CADENCE,65,GREEN,OK,preferred_low_cadence_band,{age_s=0.0}
357.0,GRADE,0.0,GRAY,STALE,grade_stale,"{age_s=58.0, grade_display=0.0}"
357.0,GEAR,WAIT,GRAY,NO_DATA,missing_gear,{}
358.0,SPEED,14.0,AMBER,OK,below_reference,"{reference_kmh=22.41899441340782, age_s=0.0}"
358.0,POWER,170,NEUTRAL,OK,power_present,{age_s=0.0}
358.0,HR,135,NEUTRAL,OK,hr_present,{age_s=0.0}
358.0,CADENCE,65,GREEN,OK,preferred_low_cadence_band,{age_s=0.0}
358.0,GRADE,0.0,GRAY,STALE,grade_stale,"{age_s=59.0, grade_display=0.0}"
358.0,GEAR,WAIT,GRAY,NO_DATA,missing_gear,{}
359.0,SPEED,14.0,AMBER,OK,below_reference,"{reference_kmh=22.39554317548746, age_s=0.0}"
359.0,POWER,170,NEUTRAL,OK,power_present,{age_s=0.0}
359.0,HR,135,NEUTRAL,OK,hr_present,{age_s=0.0}
359.0,CADENCE,65,GREEN,OK,preferred_low_cadence_band,{age_s=0.0}
359.0,GRADE,0.0,GRAY,STALE,grade_stale,"{age_s=60.0, grade_display=0.0}"
359.0,GEAR,WAIT,GRAY,NO_DATA,missing_gear,{}
360.0,SPEED,14.0,AMBER,OK,below_reference,"{reference_kmh=22.372222222222213, age_s=0.0}"
360.0,POWER,170,NEUTRAL,OK,power_present,{age_s=0.0}
360.0,HR,135,NEUTRAL,OK,hr_present,{age_s=0.0}
360.0,CADENCE,65,GREEN,OK,preferred_low_cadence_band,{age_s=0.0}
360.0,GRADE,0.0,GRAY,STALE,grade_stale,"{age_s=61.0, grade_display=0.0}"
360.0,GEAR,WAIT,GRAY,NO_DATA,missing_gear,{}
361.0,SPEED,14.0,AMBER,OK,below_reference,"{reference_kmh=22.349030470914123, age_s=0.0}"
361.0,POWER,170,NEUTRAL,OK,power_present,{age_s=0.0}
361.0,HR,135,NEUTRAL,OK,hr_present,{age_s=0.0}
361.0,CADENCE,65,GREEN,OK,preferred_low_cadence_band,{age_s=0.0}
361.0,GRADE,0.0,GRAY,STALE,grade_stale,"{age_s=62.0, grade_display=0.0}"
361.0,GEAR,WAIT,GRAY,NO_DATA,missing_gear,{}
362.0,SPEED,14.0,AMBER,OK,below_reference,"{reference_kmh=22.325966850828724, age_s=0.0}"
362.0,POWER,170,NEUTRAL,OK,power_present,{age_s=0.0}
362.0,HR,135,NEUTRAL,OK,hr_present,{age_s=0.0}
362.0,CADENCE,65,GREEN,OK,preferred_low_cadence_band,{age_s=0.0}
362.0,GRADE,0.0,GRAY,STALE,grade_stale,"{age_s=63.0, grade_display=0.0}"
362.0,GEAR,WAIT,GRAY,NO_DATA,missing_gear,{}
363.0,SPEED,14.0,AMBER,OK,below_reference,"{reference_kmh=22.303030303030294, age_s=0.0}"
363.0,POWER,170,NEUTRAL,OK,power_present,{age_s=0.0}
363.0,HR,135,NEUTRAL,OK,hr_present,{age_s=0.0}
363.0,CADENCE,65,GREEN,OK,preferred_low_cadence_band,{age_s=0.0}
363.0,GRADE,0.0,GRAY,STALE,grade_stale,"{age_s=64.0, grade_display=0.0}"
363.0,GEAR,WAIT,GRAY,NO_DATA,missing_gear,{}
364.0,SPEED,14.0,AMBER,OK,below_reference,"{reference_kmh=22.280219780219767, age_s=0.0}"
364.0,POWER,170,NEUTRAL,OK,power_present,{age_s=0.0}
364.0,HR,135,NEUTRAL,OK,hr_present,{age_s=0.0}
364.0,CADENCE,65,GREEN,OK,preferred_low_cadence_band,{age_s=0.0}
364.0,GRADE,0.0,GRAY,STALE,grade_stale,"{age_s=65.0, grade_display=0.0}"
364.0,GEAR,WAIT,GRAY,NO_DATA,missing_gear,{}
365.0,SPEED,14.0,AMBER,OK,below_reference,"{reference_kmh=22.257534246575325, age_s=0.0}"
365.0,POWER,170,NEUTRAL,OK,power_present,{age_s=0.0}
365.0,HR,135,NEUTRAL,OK,hr_present,{age_s=0.0}
365.0,CADENCE,65,GREEN,OK,preferred_low_cadence_band,{age_s=0.0}
365.0,GRADE,0.0,GRAY,STALE,grade_stale,"{age_s=66.0, grade_display=0.0}"
365.0,GEAR,WAIT,GRAY,NO_DATA,missing_gear,{}
366.0,SPEED,14.0,AMBER,OK,below_reference,"{reference_kmh=22.23497267759561, age_s=0.0}"
366.0,POWER,170,NEUTRAL,OK,power_present,{age_s=0.0}
366.0,HR,135,NEUTRAL,OK,hr_present,{age_s=0.0}
366.0,CADENCE,65,GREEN,OK,preferred_low_cadence_band,{age_s=0.0}
366.0,GRADE,0.0,GRAY,STALE,grade_stale,"{age_s=67.0, grade_display=0.0}"
366.0,GEAR,WAIT,GRAY,NO_DATA,missing_gear,{}
367.0,SPEED,14.0,AMBER,OK,below_reference,"{reference_kmh=22.212534059945487, age_s=0.0}"
367.0,POWER,170,NEUTRAL,OK,power_present,{age_s=0.0}
367.0,HR,135,NEUTRAL,OK,hr_present,{age_s=0.0}
367.0,CADENCE,65,GREEN,OK,preferred_low_cadence_band,{age_s=0.0}
367.0,GRADE,0.0,GRAY,STALE,grade_stale,"{age_s=68.0, grade_display=0.0}"
367.0,GEAR,WAIT,GRAY,NO_DATA,missing_gear,{}
368.0,SPEED,14.0,AMBER,OK,below_reference,"{reference_kmh=22.190217391304326, age_s=0.0}"
368.0,POWER,170,NEUTRAL,OK,power_present,{age_s=0.0}
368.0,HR,135,NEUTRAL,OK,hr_present,{age_s=0.0}
368.0,CADENCE,65,GREEN,OK,preferred_low_cadence_band,{age_s=0.0}
368.0,GRADE,0.0,GRAY,STALE,grade_stale,"{age_s=69.0, grade_display=0.0}"
368.0,GEAR,WAIT,GRAY,NO_DATA,missing_gear,{}
369.0,SPEED,14.0,AMBER,OK,below_reference,"{reference_kmh=22.168021680216782, age_s=0.0}"
369.0,POWER,170,NEUTRAL,OK,power_present,{age_s=0.0}
369.0,HR,135,NEUTRAL,OK,hr_present,{age_s=0.0}
369.0,CADENCE,65,GREEN,OK,preferred_low_cadence_band,{age_s=0.0}
369.0,GRADE,0.0,GRAY,STALE,grade_stale,"{age_s=70.0, grade_display=0.0}"
369.0,GEAR,WAIT,GRAY,NO_DATA,missing_gear,{}
370.0,SPEED,14.0,AMBER,OK,below_reference,"{reference_kmh=22.145945945945922, age_s=0.0}"
370.0,POWER,170,NEUTRAL,OK,power_present,{age_s=0.0}
370.0,HR,135,NEUTRAL,OK,hr_present,{age_s=0.0}
370.0,CADENCE,65,GREEN,OK,preferred_low_cadence_band,{age_s=0.0}
370.0,GRADE,0.0,GRAY,STALE,grade_stale,"{age_s=71.0, grade_display=0.0}"
370.0,GEAR,WAIT,GRAY,NO_DATA,missing_gear,{}
371.0,SPEED,14.0,AMBER,OK,below_reference,"{reference_kmh=22.123989218328813, age_s=0.0}"
371.0,POWER,170,NEUTRAL,OK,power_present,{age_s=0.0}
371.0,HR,135,NEUTRAL,OK,hr_present,{age_s=0.0}
371.0,CADENCE,65,GREEN,OK,preferred_low_cadence_band,{age_s=0.0}
371.0,GRADE,0.0,GRAY,STALE,grade_stale,"{age_s=72.0, grade_display=0.0}"
371.0,GEAR,WAIT,GRAY,NO_DATA,missing_gear,{}
372.0,SPEED,14.0,AMBER,OK,below_reference,"{reference_kmh=22.10215053763438, age_s=0.0}"
372.0,POWER,170,NEUTRAL,OK,power_present,{age_s=0.0}
372.0,HR,135,NEUTRAL,OK,hr_present,{age_s=0.0}
372.0,CADENCE,65,GREEN,OK,preferred_low_cadence_band,{age_s=0.0}
372.0,GRADE,0.0,GRAY,STALE,grade_stale,"{age_s=73.0, grade_display=0.0}"
372.0,GEAR,WAIT,GRAY,NO_DATA,missing_gear,{}
373.0,SPEED,14.0,AMBER,OK,below_reference,"{reference_kmh=22.080428954423564, age_s=0.0}"
373.0,POWER,170,NEUTRAL,OK,power_present,{age_s=0.0}
373.0,HR,135,NEUTRAL,OK,hr_present,{age_s=0.0}
373.0,CADENCE,65,GREEN,OK,preferred_low_cadence_band,{age_s=0.0}
373.0,GRADE,0.0,GRAY,STALE,grade_stale,"{age_s=74.0, grade_display=0.0}"
373.0,GEAR,WAIT,GRAY,NO_DATA,missing_gear,{}
374.0,SPEED,14.0,AMBER,OK,below_reference,"{reference_kmh=22.058823529411733, age_s=0.0}"
374.0,POWER,170,NEUTRAL,OK,power_present,{age_s=0.0}
374.0,HR,135,NEUTRAL,OK,hr_present,{age_s=0.0}
374.0,CADENCE,65,GREEN,OK,preferred_low_cadence_band,{age_s=0.0}
374.0,GRADE,0.0,GRAY,STALE,grade_stale,"{age_s=75.0, grade_display=0.0}"
374.0,GEAR,WAIT,GRAY,NO_DATA,missing_gear,{}
375.0,SPEED,14.0,AMBER,OK,below_reference,"{reference_kmh=22.037333333333297, age_s=0.0}"
375.0,POWER,170,NEUTRAL,OK,power_present,{age_s=0.0}
375.0,HR,135,NEUTRAL,OK,hr_present,{age_s=0.0}
375.0,CADENCE,65,GREEN,OK,preferred_low_cadence_band,{age_s=0.0}
375.0,GRADE,0.0,GRAY,STALE,grade_stale,"{age_s=76.0, grade_display=0.0}"
375.0,GEAR,WAIT,GRAY,NO_DATA,missing_gear,{}
376.0,SPEED,14.0,AMBER,OK,below_reference,"{reference_kmh=22.01595744680847, age_s=0.0}"
376.0,POWER,170,NEUTRAL,OK,power_present,{age_s=0.0}
376.0,HR,135,NEUTRAL,OK,hr_present,{age_s=0.0}
376.0,CADENCE,65,GREEN,OK,preferred_low_cadence_band,{age_s=0.0}
376.0,GRADE,0.0,GRAY,STALE,grade_stale,"{age_s=77.0, grade_display=0.0}"
376.0,GEAR,WAIT,GRAY,NO_DATA,missing_gear,{}
377.0,SPEED,14.0,AMBER,OK,below_reference,"{reference_kmh=21.994694960212165, age_s=0.0}"
377.0,POWER,170,NEUTRAL,OK,power_present,{age_s=0.0}
377.0,HR,135,NEUTRAL,OK,hr_present,{age_s=0.0}
377.0,CADENCE,65,GREEN,OK,preferred_low_cadence_band,{age_s=0.0}
377.0,GRADE,0.0,GRAY,STALE,grade_stale,"{age_s=78.0, grade_display=0.0}"
377.0,GEAR,WAIT,GRAY,NO_DATA,missing_gear,{}
378.0,SPEED,14.0,AMBER,OK,below_reference,"{reference_kmh=21.973544973544936, age_s=0.0}"
378.0,POWER,170,NEUTRAL,OK,power_present,{age_s=0.0}
378.0,HR,135,NEUTRAL,OK,hr_present,{age_s=0.0}
378.0,CADENCE,65,GREEN,OK,preferred_low_cadence_band,{age_s=0.0}
378.0,GRADE,0.0,GRAY,STALE,grade_stale,"{age_s=79.0, grade_display=0.0}"
378.0,GEAR,WAIT,GRAY,NO_DATA,missing_gear,{}
379.0,SPEED,14.0,AMBER,OK,below_reference,"{reference_kmh=21.95250659630603, age_s=0.0}"
379.0,POWER,170,NEUTRAL,OK,power_present,{age_s=0.0}
379.0,HR,135,NEUTRAL,OK,hr_present,{age_s=0.0}
379.0,CADENCE,65,GREEN,OK,preferred_low_cadence_band,{age_s=0.0}
379.0,GRADE,0.0,GRAY,STALE,grade_stale,"{age_s=80.0, grade_display=0.0}"
379.0,GEAR,WAIT,GRAY,NO_DATA,missing_gear,{}
380.0,SPEED,14.0,AMBER,OK,below_reference,"{reference_kmh=21.93157894736838, age_s=0.0}"
380.0,POWER,170,NEUTRAL,OK,power_present,{age_s=0.0}
380.0,HR,135,NEUTRAL,OK,hr_present,{age_s=0.0}
380.0,CADENCE,65,GREEN,OK,preferred_low_cadence_band,{age_s=0.0}
380.0,GRADE,0.0,GRAY,STALE,grade_stale,"{age_s=81.0, grade_display=0.0}"
380.0,GEAR,WAIT,GRAY,NO_DATA,missing_gear,{}
381.0,SPEED,14.0,AMBER,OK,below_reference,"{reference_kmh=21.9107611548556, age_s=0.0}"
381.0,POWER,170,NEUTRAL,OK,power_present,{age_s=0.0}
381.0,HR,135,NEUTRAL,OK,hr_present,{age_s=0.0}
381.0,CADENCE,65,GREEN,OK,preferred_low_cadence_band,{age_s=0.0}
381.0,GRADE,0.0,GRAY,STALE,grade_stale,"{age_s=82.0, grade_display=0.0}"
381.0,GEAR,WAIT,GRAY,NO_DATA,missing_gear,{}
382.0,SPEED,14.0,AMBER,OK,below_reference,"{reference_kmh=21.890052356020895, age_s=0.0}"
382.0,POWER,170,NEUTRAL,OK,power_present,{age_s=0.0}
382.0,HR,135,NEUTRAL,OK,hr_present,{age_s=0.0}
382.0,CADENCE,65,GREEN,OK,preferred_low_cadence_band,{age_s=0.0}
382.0,GRADE,0.0,GRAY,STALE,grade_stale,"{age_s=83.0, grade_display=0.0}"
382.0,GEAR,WAIT,GRAY,NO_DATA,missing_gear,{}
383.0,SPEED,14.0,AMBER,OK,below_reference,"{reference_kmh=21.869451697127886, age_s=0.0}"
383.0,POWER,170,NEUTRAL,OK,power_present,{age_s=0.0}
383.0,HR,135,NEUTRAL,OK,hr_present,{age_s=0.0}
383.0,CADENCE,65,GREEN,OK,preferred_low_cadence_band,{age_s=0.0}
383.0,GRADE,0.0,GRAY,STALE,grade_stale,"{age_s=84.0, grade_display=0.0}"
383.0,GEAR,WAIT,GRAY,NO_DATA,missing_gear,{}
384.0,SPEED,14.0,AMBER,OK,below_reference,"{reference_kmh=21.848958333333282, age_s=0.0}"
384.0,POWER,170,NEUTRAL,OK,power_present,{age_s=0.0}
384.0,HR,135,NEUTRAL,OK,hr_present,{age_s=0.0}
384.0,CADENCE,65,GREEN,OK,preferred_low_cadence_band,{age_s=0.0}
384.0,GRADE,0.0,GRAY,STALE,grade_stale,"{age_s=85.0, grade_display=0.0}"
384.0,GEAR,WAIT,GRAY,NO_DATA,missing_gear,{}
385.0,SPEED,14.0,AMBER,OK,below_reference,"{reference_kmh=21.82857142857138, age_s=0.0}"
385.0,POWER,170,NEUTRAL,OK,power_present,{age_s=0.0}
385.0,HR,135,NEUTRAL,OK,hr_present,{age_s=0.0}
385.0,CADENCE,65,GREEN,OK,preferred_low_cadence_band,{age_s=0.0}
385.0,GRADE,0.0,GRAY,STALE,grade_stale,"{age_s=86.0, grade_display=0.0}"
385.0,GEAR,WAIT,GRAY,NO_DATA,missing_gear,{}
386.0,SPEED,14.0,AMBER,OK,below_reference,"{reference_kmh=21.80829015544036, age_s=0.0}"
386.0,POWER,170,NEUTRAL,OK,power_present,{age_s=0.0}
386.0,HR,135,NEUTRAL,OK,hr_present,{age_s=0.0}
386.0,CADENCE,65,GREEN,OK,preferred_low_cadence_band,{age_s=0.0}
386.0,GRADE,0.0,GRAY,STALE,grade_stale,"{age_s=87.0, grade_display=0.0}"
386.0,GEAR,WAIT,GRAY,NO_DATA,missing_gear,{}
387.0,SPEED,14.0,AMBER,OK,below_reference,"{reference_kmh=21.788113695090384, age_s=0.0}"
387.0,POWER,170,NEUTRAL,OK,power_present,{age_s=0.0}
387.0,HR,135,NEUTRAL,OK,hr_present,{age_s=0.0}
387.0,CADENCE,65,GREEN,OK,preferred_low_cadence_band,{age_s=0.0}
387.0,GRADE,0.0,GRAY,STALE,grade_stale,"{age_s=88.0, grade_display=0.0}"
387.0,GEAR,WAIT,GRAY,NO_DATA,missing_gear,{}
388.0,SPEED,14.0,AMBER,OK,below_reference,"{reference_kmh=21.768041237113344, age_s=0.0}"
388.0,POWER,170,NEUTRAL,OK,power_present,{age_s=0.0}
388.0,HR,135,NEUTRAL,OK,hr_present,{age_s=0.0}
388.0,CADENCE,65,GREEN,OK,preferred_low_cadence_band,{age_s=0.0}
388.0,GRADE,0.0,GRAY,STALE,grade_stale,"{age_s=89.0, grade_display=0.0}"
388.0,GEAR,WAIT,GRAY,NO_DATA,missing_gear,{}
389.0,SPEED,14.0,AMBER,OK,below_reference,"{reference_kmh=21.748071979434386, age_s=0.0}"
389.0,POWER,170,NEUTRAL,OK,power_present,{age_s=0.0}
389.0,HR,135,NEUTRAL,OK,hr_present,{age_s=0.0}
389.0,CADENCE,65,GREEN,OK,preferred_low_cadence_band,{age_s=0.0}
389.0,GRADE,0.0,GRAY,STALE,grade_stale,"{age_s=90.0, grade_display=0.0}"
389.0,GEAR,WAIT,GRAY,NO_DATA,missing_gear,{}
390.0,SPEED,14.0,AMBER,OK,below_reference,"{reference_kmh=21.72820512820507, age_s=0.0}"
390.0,POWER,170,NEUTRAL,OK,power_present,{age_s=0.0}
390.0,HR,135,NEUTRAL,OK,hr_present,{age_s=0.0}
390.0,CADENCE,65,GREEN,OK,preferred_low_cadence_band,{age_s=0.0}
390.0,GRADE,0.0,GRAY,STALE,grade_stale,"{age_s=91.0, grade_display=0.0}"
390.0,GEAR,WAIT,GRAY,NO_DATA,missing_gear,{}
391.0,SPEED,14.0,AMBER,OK,below_reference,"{reference_kmh=21.708439897698145, age_s=0.0}"
391.0,POWER,170,NEUTRAL,OK,power_present,{age_s=0.0}
391.0,HR,135,NEUTRAL,OK,hr_present,{age_s=0.0}
391.0,CADENCE,65,GREEN,OK,preferred_low_cadence_band,{age_s=0.0}
391.0,GRADE,0.0,GRAY,STALE,grade_stale,"{age_s=92.0, grade_display=0.0}"
391.0,GEAR,WAIT,GRAY,NO_DATA,missing_gear,{}
392.0,SPEED,14.0,AMBER,OK,below_reference,"{reference_kmh=21.688775510204017, age_s=0.0}"
392.0,POWER,170,NEUTRAL,OK,power_present,{age_s=0.0}
392.0,HR,135,NEUTRAL,OK,hr_present,{age_s=0.0}
392.0,CADENCE,65,GREEN,OK,preferred_low_cadence_band,{age_s=0.0}
392.0,GRADE,0.0,GRAY,STALE,grade_stale,"{age_s=93.0, grade_display=0.0}"
392.0,GEAR,WAIT,GRAY,NO_DATA,missing_gear,{}
393.0,SPEED,14.0,AMBER,OK,below_reference,"{reference_kmh=21.66921119592869, age_s=0.0}"
393.0,POWER,170,NEUTRAL,OK,power_present,{age_s=0.0}
393.0,HR,135,NEUTRAL,OK,hr_present,{age_s=0.0}
393.0,CADENCE,65,GREEN,OK,preferred_low_cadence_band,{age_s=0.0}
393.0,GRADE,0.0,GRAY,STALE,grade_stale,"{age_s=94.0, grade_display=0.0}"
393.0,GEAR,WAIT,GRAY,NO_DATA,missing_gear,{}
394.0,SPEED,14.0,AMBER,OK,below_reference,"{reference_kmh=21.649746192893332, age_s=0.0}"
394.0,POWER,170,NEUTRAL,OK,power_present,{age_s=0.0}
394.0,HR,135,NEUTRAL,OK,hr_present,{age_s=0.0}
394.0,CADENCE,65,GREEN,OK,preferred_low_cadence_band,{age_s=0.0}
394.0,GRADE,0.0,GRAY,STALE,grade_stale,"{age_s=95.0, grade_display=0.0}"
394.0,GEAR,WAIT,GRAY,NO_DATA,missing_gear,{}
395.0,SPEED,14.0,AMBER,OK,below_reference,"{reference_kmh=21.630379746835377, age_s=0.0}"
395.0,POWER,170,NEUTRAL,OK,power_present,{age_s=0.0}
395.0,HR,135,NEUTRAL,OK,hr_present,{age_s=0.0}
395.0,CADENCE,65,GREEN,OK,preferred_low_cadence_band,{age_s=0.0}
395.0,GRADE,0.0,GRAY,STALE,grade_stale,"{age_s=96.0, grade_display=0.0}"
395.0,GEAR,WAIT,GRAY,NO_DATA,missing_gear,{}
396.0,SPEED,14.0,AMBER,OK,below_reference,"{reference_kmh=21.611111111111043, age_s=0.0}"
396.0,POWER,170,NEUTRAL,OK,power_present,{age_s=0.0}
396.0,HR,135,NEUTRAL,OK,hr_present,{age_s=0.0}
396.0,CADENCE,65,GREEN,OK,preferred_low_cadence_band,{age_s=0.0}
396.0,GRADE,0.0,GRAY,STALE,grade_stale,"{age_s=97.0, grade_display=0.0}"
396.0,GEAR,WAIT,GRAY,NO_DATA,missing_gear,{}
397.0,SPEED,14.0,AMBER,OK,below_reference,"{reference_kmh=21.591939546599423, age_s=0.0}"
397.0,POWER,170,NEUTRAL,OK,power_present,{age_s=0.0}
397.0,HR,135,NEUTRAL,OK,hr_present,{age_s=0.0}
397.0,CADENCE,65,GREEN,OK,preferred_low_cadence_band,{age_s=0.0}
397.0,GRADE,0.0,GRAY,STALE,grade_stale,"{age_s=98.0, grade_display=0.0}"
397.0,GEAR,WAIT,GRAY,NO_DATA,missing_gear,{}
398.0,SPEED,14.0,AMBER,OK,below_reference,"{reference_kmh=21.572864321607966, age_s=0.0}"
398.0,POWER,170,NEUTRAL,OK,power_present,{age_s=0.0}
398.0,HR,135,NEUTRAL,OK,hr_present,{age_s=0.0}
398.0,CADENCE,65,GREEN,OK,preferred_low_cadence_band,{age_s=0.0}
398.0,GRADE,0.0,GRAY,STALE,grade_stale,"{age_s=99.0, grade_display=0.0}"
398.0,GEAR,WAIT,GRAY,NO_DATA,missing_gear,{}
399.0,SPEED,14.0,AMBER,OK,below_reference,"{reference_kmh=21.55388471177937, age_s=0.0}"
399.0,POWER,170,NEUTRAL,OK,power_present,{age_s=0.0}
399.0,HR,135,NEUTRAL,OK,hr_present,{age_s=0.0}
399.0,CADENCE,65,GREEN,OK,preferred_low_cadence_band,{age_s=0.0}
399.0,GRADE,0.0,GRAY,STALE,grade_stale,"{age_s=100.0, grade_display=0.0}"
399.0,GEAR,WAIT,GRAY,NO_DATA,missing_gear,{}
400.0,SPEED,14.0,AMBER,OK,below_reference,"{reference_kmh=21.534999999999922, age_s=0.0}"
400.0,POWER,170,NEUTRAL,OK,power_present,{age_s=0.0}
400.0,HR,135,NEUTRAL,OK,hr_present,{age_s=0.0}
400.0,CADENCE,65,GREEN,OK,preferred_low_cadence_band,{age_s=0.0}
400.0,GRADE,0.0,GRAY,STALE,grade_stale,"{age_s=101.0, grade_display=0.0}"
400.0,GEAR,WAIT,GRAY,NO_DATA,missing_gear,{}
401.0,SPEED,14.0,AMBER,OK,below_reference,"{reference_kmh=21.51620947630915, age_s=0.0}"
401.0,POWER,170,NEUTRAL,OK,power_present,{age_s=0.0}
401.0,HR,135,NEUTRAL,OK,hr_present,{age_s=0.0}
401.0,CADENCE,65,GREEN,OK,preferred_low_cadence_band,{age_s=0.0}
401.0,GRADE,0.0,GRAY,STALE,grade_stale,"{age_s=102.0, grade_display=0.0}"
401.0,GEAR,WAIT,GRAY,NO_DATA,missing_gear,{}
402.0,SPEED,14.0,AMBER,OK,below_reference,"{reference_kmh=21.497512437810865, age_s=0.0}"
402.0,POWER,170,NEUTRAL,OK,power_present,{age_s=0.0}
402.0,HR,135,NEUTRAL,OK,hr_present,{age_s=0.0}
402.0,CADENCE,65,GREEN,OK,preferred_low_cadence_band,{age_s=0.0}
402.0,GRADE,0.0,GRAY,STALE,grade_stale,"{age_s=103.0, grade_display=0.0}"
402.0,GEAR,WAIT,GRAY,NO_DATA,missing_gear,{}
403.0,SPEED,14.0,AMBER,OK,below_reference,"{reference_kmh=21.478908188585525, age_s=0.0}"
403.0,POWER,170,NEUTRAL,OK,power_present,{age_s=0.0}
403.0,HR,135,NEUTRAL,OK,hr_present,{age_s=0.0}
403.0,CADENCE,65,GREEN,OK,preferred_low_cadence_band,{age_s=0.0}
403.0,GRADE,0.0,GRAY,STALE,grade_stale,"{age_s=104.0, grade_display=0.0}"
403.0,GEAR,WAIT,GRAY,NO_DATA,missing_gear,{}
404.0,SPEED,14.0,AMBER,OK,below_reference,"{reference_kmh=21.460396039603875, age_s=0.0}"
404.0,POWER,170,NEUTRAL,OK,power_present,{age_s=0.0}
404.0,HR,135,NEUTRAL,OK,hr_present,{age_s=0.0}
404.0,CADENCE,65,GREEN,OK,preferred_low_cadence_band,{age_s=0.0}
404.0,GRADE,0.0,GRAY,STALE,grade_stale,"{age_s=105.0, grade_display=0.0}"
404.0,GEAR,WAIT,GRAY,NO_DATA,missing_gear,{}
405.0,SPEED,14.0,AMBER,OK,below_reference,"{reference_kmh=21.44197530864189, age_s=0.0}"
405.0,POWER,170,NEUTRAL,OK,power_present,{age_s=0.0}
405.0,HR,135,NEUTRAL,OK,hr_present,{age_s=0.0}
405.0,CADENCE,65,GREEN,OK,preferred_low_cadence_band,{age_s=0.0}
405.0,GRADE,0.0,GRAY,STALE,grade_stale,"{age_s=106.0, grade_display=0.0}"
405.0,GEAR,WAIT,GRAY,NO_DATA,missing_gear,{}
406.0,SPEED,14.0,AMBER,OK,below_reference,"{reference_kmh=21.423645320196954, age_s=0.0}"
406.0,POWER,170,NEUTRAL,OK,power_present,{age_s=0.0}
406.0,HR,135,NEUTRAL,OK,hr_present,{age_s=0.0}
406.0,CADENCE,65,GREEN,OK,preferred_low_cadence_band,{age_s=0.0}
406.0,GRADE,0.0,GRAY,STALE,grade_stale,"{age_s=107.0, grade_display=0.0}"
406.0,GEAR,WAIT,GRAY,NO_DATA,missing_gear,{}
407.0,SPEED,14.0,AMBER,OK,below_reference,"{reference_kmh=21.405405405405318, age_s=0.0}"
407.0,POWER,170,NEUTRAL,OK,power_present,{age_s=0.0}
407.0,HR,135,NEUTRAL,OK,hr_present,{age_s=0.0}
407.0,CADENCE,65,GREEN,OK,preferred_low_cadence_band,{age_s=0.0}
407.0,GRADE,0.0,GRAY,STALE,grade_stale,"{age_s=108.0, grade_display=0.0}"
407.0,GEAR,WAIT,GRAY,NO_DATA,missing_gear,{}
408.0,SPEED,14.0,AMBER,OK,below_reference,"{reference_kmh=21.387254901960695, age_s=0.0}"
408.0,POWER,170,NEUTRAL,OK,power_present,{age_s=0.0}
408.0,HR,135,NEUTRAL,OK,hr_present,{age_s=0.0}
408.0,CADENCE,65,GREEN,OK,preferred_low_cadence_band,{age_s=0.0}
408.0,GRADE,0.0,GRAY,STALE,grade_stale,"{age_s=109.0, grade_display=0.0}"
408.0,GEAR,WAIT,GRAY,NO_DATA,missing_gear,{}
409.0,SPEED,14.0,AMBER,OK,below_reference,"{reference_kmh=21.36919315403414, age_s=0.0}"
409.0,POWER,170,NEUTRAL,OK,power_present,{age_s=0.0}
409.0,HR,135,NEUTRAL,OK,hr_present,{age_s=0.0}
409.0,CADENCE,65,GREEN,OK,preferred_low_cadence_band,{age_s=0.0}
409.0,GRADE,0.0,GRAY,STALE,grade_stale,"{age_s=110.0, grade_display=0.0}"
409.0,GEAR,WAIT,GRAY,NO_DATA,missing_gear,{}
410.0,SPEED,14.0,AMBER,OK,below_reference,"{reference_kmh=21.35121951219503, age_s=0.0}"
410.0,POWER,170,NEUTRAL,OK,power_present,{age_s=0.0}
410.0,HR,135,NEUTRAL,OK,hr_present,{age_s=0.0}
410.0,CADENCE,65,GREEN,OK,preferred_low_cadence_band,{age_s=0.0}
410.0,GRADE,0.0,GRAY,STALE,grade_stale,"{age_s=111.0, grade_display=0.0}"
410.0,GEAR,WAIT,GRAY,NO_DATA,missing_gear,{}
411.0,SPEED,14.0,AMBER,OK,below_reference,"{reference_kmh=21.333333333333236, age_s=0.0}"
411.0,POWER,170,NEUTRAL,OK,power_present,{age_s=0.0}
411.0,HR,135,NEUTRAL,OK,hr_present,{age_s=0.0}
411.0,CADENCE,65,GREEN,OK,preferred_low_cadence_band,{age_s=0.0}
411.0,GRADE,0.0,GRAY,STALE,grade_stale,"{age_s=112.0, grade_display=0.0}"
411.0,GEAR,WAIT,GRAY,NO_DATA,missing_gear,{}
412.0,SPEED,14.0,AMBER,OK,below_reference,"{reference_kmh=21.31553398058243, age_s=0.0}"
412.0,POWER,170,NEUTRAL,OK,power_present,{age_s=0.0}
412.0,HR,135,NEUTRAL,OK,hr_present,{age_s=0.0}
412.0,CADENCE,65,GREEN,OK,preferred_low_cadence_band,{age_s=0.0}
412.0,GRADE,0.0,GRAY,STALE,grade_stale,"{age_s=113.0, grade_display=0.0}"
412.0,GEAR,WAIT,GRAY,NO_DATA,missing_gear,{}
413.0,SPEED,14.0,AMBER,OK,below_reference,"{reference_kmh=21.297820823244454, age_s=0.0}"
413.0,POWER,170,NEUTRAL,OK,power_present,{age_s=0.0}
413.0,HR,135,NEUTRAL,OK,hr_present,{age_s=0.0}
413.0,CADENCE,65,GREEN,OK,preferred_low_cadence_band,{age_s=0.0}
413.0,GRADE,0.0,GRAY,STALE,grade_stale,"{age_s=114.0, grade_display=0.0}"
413.0,GEAR,WAIT,GRAY,NO_DATA,missing_gear,{}
414.0,SPEED,14.0,AMBER,OK,below_reference,"{reference_kmh=21.280193236714876, age_s=0.0}"
414.0,POWER,170,NEUTRAL,OK,power_present,{age_s=0.0}
414.0,HR,135,NEUTRAL,OK,hr_present,{age_s=0.0}
414.0,CADENCE,65,GREEN,OK,preferred_low_cadence_band,{age_s=0.0}
414.0,GRADE,0.0,GRAY,STALE,grade_stale,"{age_s=115.0, grade_display=0.0}"
414.0,GEAR,WAIT,GRAY,NO_DATA,missing_gear,{}
415.0,SPEED,14.0,AMBER,OK,below_reference,"{reference_kmh=21.262650602409536, age_s=0.0}"
415.0,POWER,170,NEUTRAL,OK,power_present,{age_s=0.0}
415.0,HR,135,NEUTRAL,OK,hr_present,{age_s=0.0}
415.0,CADENCE,65,GREEN,OK,preferred_low_cadence_band,{age_s=0.0}
415.0,GRADE,0.0,GRAY,STALE,grade_stale,"{age_s=116.0, grade_display=0.0}"
415.0,GEAR,WAIT,GRAY,NO_DATA,missing_gear,{}
416.0,SPEED,14.0,AMBER,OK,below_reference,"{reference_kmh=21.245192307692207, age_s=0.0}"
416.0,POWER,170,NEUTRAL,OK,power_present,{age_s=0.0}
416.0,HR,135,NEUTRAL,OK,hr_present,{age_s=0.0}
416.0,CADENCE,65,GREEN,OK,preferred_low_cadence_band,{age_s=0.0}
416.0,GRADE,0.0,GRAY,STALE,grade_stale,"{age_s=117.0, grade_display=0.0}"
416.0,GEAR,WAIT,GRAY,NO_DATA,missing_gear,{}
417.0,SPEED,14.0,AMBER,OK,below_reference,"{reference_kmh=21.227817745803254, age_s=0.0}"
417.0,POWER,170,NEUTRAL,OK,power_present,{age_s=0.0}
417.0,HR,135,NEUTRAL,OK,hr_present,{age_s=0.0}
417.0,CADENCE,65,GREEN,OK,preferred_low_cadence_band,{age_s=0.0}
417.0,GRADE,0.0,GRAY,STALE,grade_stale,"{age_s=118.0, grade_display=0.0}"
417.0,GEAR,WAIT,GRAY,NO_DATA,missing_gear,{}
418.0,SPEED,14.0,AMBER,OK,below_reference,"{reference_kmh=21.21052631578937, age_s=0.0}"
418.0,POWER,170,NEUTRAL,OK,power_present,{age_s=0.0}
418.0,HR,135,NEUTRAL,OK,hr_present,{age_s=0.0}
418.0,CADENCE,65,GREEN,OK,preferred_low_cadence_band,{age_s=0.0}
418.0,GRADE,0.0,GRAY,STALE,grade_stale,"{age_s=119.0, grade_display=0.0}"
418.0,GEAR,WAIT,GRAY,NO_DATA,missing_gear,{}
419.0,SPEED,14.0,AMBER,OK,below_reference,"{reference_kmh=21.193317422434262, age_s=0.0}"
419.0,POWER,170,NEUTRAL,OK,power_present,{age_s=0.0}
419.0,HR,135,NEUTRAL,OK,hr_present,{age_s=0.0}
419.0,CADENCE,65,GREEN,OK,preferred_low_cadence_band,{age_s=0.0}
419.0,GRADE,0.0,GRAY,STALE,grade_stale,"{age_s=120.0, grade_display=0.0}"
419.0,GEAR,WAIT,GRAY,NO_DATA,missing_gear,{}
420.0,SPEED,14.0,AMBER,OK,below_reference,"{reference_kmh=21.176190476190367, age_s=0.0}"
420.0,POWER,170,NEUTRAL,OK,power_present,{age_s=0.0}
420.0,HR,135,NEUTRAL,OK,hr_present,{age_s=0.0}
420.0,CADENCE,65,GREEN,OK,preferred_low_cadence_band,{age_s=0.0}
420.0,GRADE,0.0,GRAY,STALE,grade_stale,"{age_s=121.0, grade_display=0.0}"
420.0,GEAR,WAIT,GRAY,NO_DATA,missing_gear,{}
421.0,SPEED,14.0,AMBER,OK,below_reference,"{reference_kmh=21.159144893111527, age_s=0.0}"
421.0,POWER,170,NEUTRAL,OK,power_present,{age_s=0.0}
421.0,HR,135,NEUTRAL,OK,hr_present,{age_s=0.0}
421.0,CADENCE,65,GREEN,OK,preferred_low_cadence_band,{age_s=0.0}
421.0,GRADE,0.0,GRAY,STALE,grade_stale,"{age_s=122.0, grade_display=0.0}"
421.0,GEAR,WAIT,GRAY,NO_DATA,missing_gear,{}
422.0,SPEED,14.0,AMBER,OK,below_reference,"{reference_kmh=21.142180094786617, age_s=0.0}"
422.0,POWER,170,NEUTRAL,OK,power_present,{age_s=0.0}
422.0,HR,135,NEUTRAL,OK,hr_present,{age_s=0.0}
422.0,CADENCE,65,GREEN,OK,preferred_low_cadence_band,{age_s=0.0}
422.0,GRADE,0.0,GRAY,STALE,grade_stale,"{age_s=123.0, grade_display=0.0}"
422.0,GEAR,WAIT,GRAY,NO_DATA,missing_gear,{}
423.0,SPEED,14.0,AMBER,OK,below_reference,"{reference_kmh=21.125295508274117, age_s=0.0}"
423.0,POWER,170,NEUTRAL,OK,power_present,{age_s=0.0}
423.0,HR,135,NEUTRAL,OK,hr_present,{age_s=0.0}
423.0,CADENCE,65,GREEN,OK,preferred_low_cadence_band,{age_s=0.0}
423.0,GRADE,0.0,GRAY,STALE,grade_stale,"{age_s=124.0, grade_display=0.0}"
423.0,GEAR,WAIT,GRAY,NO_DATA,missing_gear,{}
424.0,SPEED,14.0,AMBER,OK,below_reference,"{reference_kmh=21.108490566037624, age_s=0.0}"
424.0,POWER,170,NEUTRAL,OK,power_present,{age_s=0.0}
424.0,HR,135,NEUTRAL,OK,hr_present,{age_s=0.0}
424.0,CADENCE,65,GREEN,OK,preferred_low_cadence_band,{age_s=0.0}
424.0,GRADE,0.0,GRAY,STALE,grade_stale,"{age_s=125.0, grade_display=0.0}"
424.0,GEAR,WAIT,GRAY,NO_DATA,missing_gear,{}
425.0,SPEED,14.0,AMBER,OK,below_reference,"{reference_kmh=21.091764705882238, age_s=0.0}"
425.0,POWER,170,NEUTRAL,OK,power_present,{age_s=0.0}
425.0,HR,135,NEUTRAL,OK,hr_present,{age_s=0.0}
425.0,CADENCE,65,GREEN,OK,preferred_low_cadence_band,{age_s=0.0}
425.0,GRADE,0.0,GRAY,STALE,grade_stale,"{age_s=126.0, grade_display=0.0}"
425.0,GEAR,WAIT,GRAY,NO_DATA,missing_gear,{}
426.0,SPEED,14.0,AMBER,OK,below_reference,"{reference_kmh=21.075117370891903, age_s=0.0}"
426.0,POWER,170,NEUTRAL,OK,power_present,{age_s=0.0}
426.0,HR,135,NEUTRAL,OK,hr_present,{age_s=0.0}
426.0,CADENCE,65,GREEN,OK,preferred_low_cadence_band,{age_s=0.0}
426.0,GRADE,0.0,GRAY,STALE,grade_stale,"{age_s=127.0, grade_display=0.0}"
426.0,GEAR,WAIT,GRAY,NO_DATA,missing_gear,{}
427.0,SPEED,14.0,AMBER,OK,below_reference,"{reference_kmh=21.058548009367563, age_s=0.0}"
427.0,POWER,170,NEUTRAL,OK,power_present,{age_s=0.0}
427.0,HR,135,NEUTRAL,OK,hr_present,{age_s=0.0}
427.0,CADENCE,65,GREEN,OK,preferred_low_cadence_band,{age_s=0.0}
427.0,GRADE,0.0,GRAY,STALE,grade_stale,"{age_s=128.0, grade_display=0.0}"
427.0,GEAR,WAIT,GRAY,NO_DATA,missing_gear,{}
428.0,SPEED,14.0,AMBER,OK,below_reference,"{reference_kmh=21.042056074766233, age_s=0.0}"
428.0,POWER,170,NEUTRAL,OK,power_present,{age_s=0.0}
428.0,HR,135,NEUTRAL,OK,hr_present,{age_s=0.0}
428.0,CADENCE,65,GREEN,OK,preferred_low_cadence_band,{age_s=0.0}
428.0,GRADE,0.0,GRAY,STALE,grade_stale,"{age_s=129.0, grade_display=0.0}"
428.0,GEAR,WAIT,GRAY,NO_DATA,missing_gear,{}
429.0,SPEED,14.0,AMBER,OK,below_reference,"{reference_kmh=21.025641025640905, age_s=0.0}"
429.0,POWER,170,NEUTRAL,OK,power_present,{age_s=0.0}
429.0,HR,135,NEUTRAL,OK,hr_present,{age_s=0.0}
429.0,CADENCE,65,GREEN,OK,preferred_low_cadence_band,{age_s=0.0}
429.0,GRADE,0.0,GRAY,STALE,grade_stale,"{age_s=130.0, grade_display=0.0}"
429.0,GEAR,WAIT,GRAY,NO_DATA,missing_gear,{}
430.0,SPEED,14.0,AMBER,OK,below_reference,"{reference_kmh=21.009302325581274, age_s=0.0}"
430.0,POWER,170,NEUTRAL,OK,power_present,{age_s=0.0}
430.0,HR,135,NEUTRAL,OK,hr_present,{age_s=0.0}
430.0,CADENCE,65,GREEN,OK,preferred_low_cadence_band,{age_s=0.0}
430.0,GRADE,0.0,GRAY,STALE,grade_stale,"{age_s=131.0, grade_display=0.0}"
430.0,GEAR,WAIT,GRAY,NO_DATA,missing_gear,{}
431.0,SPEED,14.0,AMBER,OK,below_reference,"{reference_kmh=20.99303944315533, age_s=0.0}"
431.0,POWER,170,NEUTRAL,OK,power_present,{age_s=0.0}
431.0,HR,135,NEUTRAL,OK,hr_present,{age_s=0.0}
431.0,CADENCE,65,GREEN,OK,preferred_low_cadence_band,{age_s=0.0}
431.0,GRADE,0.0,GRAY,STALE,grade_stale,"{age_s=132.0, grade_display=0.0}"
431.0,GEAR,WAIT,GRAY,NO_DATA,missing_gear,{}
432.0,SPEED,14.0,AMBER,OK,below_reference,"{reference_kmh=20.976851851851727, age_s=0.0}"
432.0,POWER,170,NEUTRAL,OK,power_present,{age_s=0.0}
432.0,HR,135,NEUTRAL,OK,hr_present,{age_s=0.0}
432.0,CADENCE,65,GREEN,OK,preferred_low_cadence_band,{age_s=0.0}
432.0,GRADE,0.0,GRAY,STALE,grade_stale,"{age_s=133.0, grade_display=0.0}"
432.0,GEAR,WAIT,GRAY,NO_DATA,missing_gear,{}
433.0,SPEED,14.0,AMBER,OK,below_reference,"{reference_kmh=20.960739030022967, age_s=0.0}"
433.0,POWER,170,NEUTRAL,OK,power_present,{age_s=0.0}
433.0,HR,135,NEUTRAL,OK,hr_present,{age_s=0.0}
433.0,CADENCE,65,GREEN,OK,preferred_low_cadence_band,{age_s=0.0}
433.0,GRADE,0.0,GRAY,STALE,grade_stale,"{age_s=134.0, grade_display=0.0}"
433.0,GEAR,WAIT,GRAY,NO_DATA,missing_gear,{}
434.0,SPEED,14.0,AMBER,OK,below_reference,"{reference_kmh=20.944700460829363, age_s=0.0}"
434.0,POWER,170,NEUTRAL,OK,power_present,{age_s=0.0}
434.0,HR,135,NEUTRAL,OK,hr_present,{age_s=0.0}
434.0,CADENCE,65,GREEN,OK,preferred_low_cadence_band,{age_s=0.0}
434.0,GRADE,0.0,GRAY,STALE,grade_stale,"{age_s=135.0, grade_display=0.0}"
434.0,GEAR,WAIT,GRAY,NO_DATA,missing_gear,{}
435.0,SPEED,14.0,AMBER,OK,below_reference,"{reference_kmh=20.92873563218378, age_s=0.0}"
435.0,POWER,170,NEUTRAL,OK,power_present,{age_s=0.0}
435.0,HR,135,NEUTRAL,OK,hr_present,{age_s=0.0}
435.0,CADENCE,65,GREEN,OK,preferred_low_cadence_band,{age_s=0.0}
435.0,GRADE,0.0,GRAY,STALE,grade_stale,"{age_s=136.0, grade_display=0.0}"
435.0,GEAR,WAIT,GRAY,NO_DATA,missing_gear,{}
436.0,SPEED,14.0,AMBER,OK,below_reference,"{reference_kmh=20.912844036697116, age_s=0.0}"
436.0,POWER,170,NEUTRAL,OK,power_present,{age_s=0.0}
436.0,HR,135,NEUTRAL,OK,hr_present,{age_s=0.0}
436.0,CADENCE,65,GREEN,OK,preferred_low_cadence_band,{age_s=0.0}
436.0,GRADE,0.0,GRAY,STALE,grade_stale,"{age_s=137.0, grade_display=0.0}"
436.0,GEAR,WAIT,GRAY,NO_DATA,missing_gear,{}
437.0,SPEED,14.0,AMBER,OK,below_reference,"{reference_kmh=20.89702517162458, age_s=0.0}"
437.0,POWER,170,NEUTRAL,OK,power_present,{age_s=0.0}
437.0,HR,135,NEUTRAL,OK,hr_present,{age_s=0.0}
437.0,CADENCE,65,GREEN,OK,preferred_low_cadence_band,{age_s=0.0}
437.0,GRADE,0.0,GRAY,STALE,grade_stale,"{age_s=138.0, grade_display=0.0}"
437.0,GEAR,WAIT,GRAY,NO_DATA,missing_gear,{}
438.0,SPEED,14.0,AMBER,OK,below_reference,"{reference_kmh=20.88127853881265, age_s=0.0}"
438.0,POWER,170,NEUTRAL,OK,power_present,{age_s=0.0}
438.0,HR,135,NEUTRAL,OK,hr_present,{age_s=0.0}
438.0,CADENCE,65,GREEN,OK,preferred_low_cadence_band,{age_s=0.0}
438.0,GRADE,0.0,GRAY,STALE,grade_stale,"{age_s=139.0, grade_display=0.0}"
438.0,GEAR,WAIT,GRAY,NO_DATA,missing_gear,{}
439.0,SPEED,14.0,AMBER,OK,below_reference,"{reference_kmh=20.86560364464679, age_s=0.0}"
439.0,POWER,170,NEUTRAL,OK,power_present,{age_s=0.0}
439.0,HR,135,NEUTRAL,OK,hr_present,{age_s=0.0}
439.0,CADENCE,65,GREEN,OK,preferred_low_cadence_band,{age_s=0.0}
439.0,GRADE,0.0,GRAY,STALE,grade_stale,"{age_s=140.0, grade_display=0.0}"
439.0,GEAR,WAIT,GRAY,NO_DATA,missing_gear,{}
440.0,SPEED,14.0,AMBER,OK,below_reference,"{reference_kmh=20.849999999999863, age_s=0.0}"
440.0,POWER,170,NEUTRAL,OK,power_present,{age_s=0.0}
440.0,HR,135,NEUTRAL,OK,hr_present,{age_s=0.0}
440.0,CADENCE,65,GREEN,OK,preferred_low_cadence_band,{age_s=0.0}
440.0,GRADE,0.0,GRAY,STALE,grade_stale,"{age_s=141.0, grade_display=0.0}"
440.0,GEAR,WAIT,GRAY,NO_DATA,missing_gear,{}
441.0,SPEED,14.0,AMBER,OK,below_reference,"{reference_kmh=20.83446712018127, age_s=0.0}"
441.0,POWER,170,NEUTRAL,OK,power_present,{age_s=0.0}
441.0,HR,135,NEUTRAL,OK,hr_present,{age_s=0.0}
441.0,CADENCE,65,GREEN,OK,preferred_low_cadence_band,{age_s=0.0}
441.0,GRADE,0.0,GRAY,STALE,grade_stale,"{age_s=142.0, grade_display=0.0}"
441.0,GEAR,WAIT,GRAY,NO_DATA,missing_gear,{}
442.0,SPEED,14.0,AMBER,OK,below_reference,"{reference_kmh=20.81900452488674, age_s=0.0}"
442.0,POWER,170,NEUTRAL,OK,power_present,{age_s=0.0}
442.0,HR,135,NEUTRAL,OK,hr_present,{age_s=0.0}
442.0,CADENCE,65,GREEN,OK,preferred_low_cadence_band,{age_s=0.0}
442.0,GRADE,0.0,GRAY,STALE,grade_stale,"{age_s=143.0, grade_display=0.0}"
442.0,GEAR,WAIT,GRAY,NO_DATA,missing_gear,{}
443.0,SPEED,14.0,AMBER,OK,below_reference,"{reference_kmh=20.803611738148845, age_s=0.0}"
443.0,POWER,170,NEUTRAL,OK,power_present,{age_s=0.0}
443.0,HR,135,NEUTRAL,OK,hr_present,{age_s=0.0}
443.0,CADENCE,65,GREEN,OK,preferred_low_cadence_band,{age_s=0.0}
443.0,GRADE,0.0,GRAY,STALE,grade_stale,"{age_s=144.0, grade_display=0.0}"
443.0,GEAR,WAIT,GRAY,NO_DATA,missing_gear,{}
444.0,SPEED,14.0,AMBER,OK,below_reference,"{reference_kmh=20.788288288288147, age_s=0.0}"
444.0,POWER,170,NEUTRAL,OK,power_present,{age_s=0.0}
444.0,HR,135,NEUTRAL,OK,hr_present,{age_s=0.0}
444.0,CADENCE,65,GREEN,OK,preferred_low_cadence_band,{age_s=0.0}
444.0,GRADE,0.0,GRAY,STALE,grade_stale,"{age_s=145.0, grade_display=0.0}"
444.0,GEAR,WAIT,GRAY,NO_DATA,missing_gear,{}
445.0,SPEED,14.0,AMBER,OK,below_reference,"{reference_kmh=20.773033707865025, age_s=0.0}"
445.0,POWER,170,NEUTRAL,OK,power_present,{age_s=0.0}
445.0,HR,135,NEUTRAL,OK,hr_present,{age_s=0.0}
445.0,CADENCE,65,GREEN,OK,preferred_low_cadence_band,{age_s=0.0}
445.0,GRADE,0.0,GRAY,STALE,grade_stale,"{age_s=146.0, grade_display=0.0}"
445.0,GEAR,WAIT,GRAY,NO_DATA,missing_gear,{}
446.0,SPEED,14.0,AMBER,OK,below_reference,"{reference_kmh=20.75784753363214, age_s=0.0}"
446.0,POWER,170,NEUTRAL,OK,power_present,{age_s=0.0}
446.0,HR,135,NEUTRAL,OK,hr_present,{age_s=0.0}
446.0,CADENCE,65,GREEN,OK,preferred_low_cadence_band,{age_s=0.0}
446.0,GRADE,0.0,GRAY,STALE,grade_stale,"{age_s=147.0, grade_display=0.0}"
446.0,GEAR,WAIT,GRAY,NO_DATA,missing_gear,{}
447.0,SPEED,14.0,AMBER,OK,below_reference,"{reference_kmh=20.74272930648755, age_s=0.0}"
447.0,POWER,170,NEUTRAL,OK,power_present,{age_s=0.0}
447.0,HR,135,NEUTRAL,OK,hr_present,{age_s=0.0}
447.0,CADENCE,65,GREEN,OK,preferred_low_cadence_band,{age_s=0.0}
447.0,GRADE,0.0,GRAY,STALE,grade_stale,"{age_s=148.0, grade_display=0.0}"
447.0,GEAR,WAIT,GRAY,NO_DATA,missing_gear,{}
448.0,SPEED,14.0,AMBER,OK,below_reference,"{reference_kmh=20.727678571428427, age_s=0.0}"
448.0,POWER,170,NEUTRAL,OK,power_present,{age_s=0.0}
448.0,HR,135,NEUTRAL,OK,hr_present,{age_s=0.0}
448.0,CADENCE,65,GREEN,OK,preferred_low_cadence_band,{age_s=0.0}
448.0,GRADE,0.0,GRAY,STALE,grade_stale,"{age_s=149.0, grade_display=0.0}"
448.0,GEAR,WAIT,GRAY,NO_DATA,missing_gear,{}
449.0,SPEED,14.0,AMBER,OK,below_reference,"{reference_kmh=20.71269487750542, age_s=0.0}"
449.0,POWER,170,NEUTRAL,OK,power_present,{age_s=0.0}
449.0,HR,135,NEUTRAL,OK,hr_present,{age_s=0.0}
449.0,CADENCE,65,GREEN,OK,preferred_low_cadence_band,{age_s=0.0}
449.0,GRADE,0.0,GRAY,STALE,grade_stale,"{age_s=150.0, grade_display=0.0}"
449.0,GEAR,WAIT,GRAY,NO_DATA,missing_gear,{}
450.0,SPEED,14.0,AMBER,OK,below_reference,"{reference_kmh=20.697777777777628, age_s=0.0}"
450.0,POWER,170,NEUTRAL,OK,power_present,{age_s=0.0}
450.0,HR,135,NEUTRAL,OK,hr_present,{age_s=0.0}
450.0,CADENCE,65,GREEN,OK,preferred_low_cadence_band,{age_s=0.0}
450.0,GRADE,0.0,GRAY,STALE,grade_stale,"{age_s=151.0, grade_display=0.0}"
450.0,GEAR,WAIT,GRAY,NO_DATA,missing_gear,{}
451.0,SPEED,14.0,AMBER,OK,below_reference,"{reference_kmh=20.682926829268144, age_s=0.0}"
451.0,POWER,170,NEUTRAL,OK,power_present,{age_s=0.0}
451.0,HR,135,NEUTRAL,OK,hr_present,{age_s=0.0}
451.0,CADENCE,65,GREEN,OK,preferred_low_cadence_band,{age_s=0.0}
451.0,GRADE,0.0,GRAY,STALE,grade_stale,"{age_s=152.0, grade_display=0.0}"
451.0,GEAR,WAIT,GRAY,NO_DATA,missing_gear,{}
452.0,SPEED,14.0,AMBER,OK,below_reference,"{reference_kmh=20.668141592920204, age_s=0.0}"
452.0,POWER,170,NEUTRAL,OK,power_present,{age_s=0.0}
452.0,HR,135,NEUTRAL,OK,hr_present,{age_s=0.0}
452.0,CADENCE,65,GREEN,OK,preferred_low_cadence_band,{age_s=0.0}
452.0,GRADE,0.0,GRAY,STALE,grade_stale,"{age_s=153.0, grade_display=0.0}"
452.0,GEAR,WAIT,GRAY,NO_DATA,missing_gear,{}
453.0,SPEED,14.0,AMBER,OK,below_reference,"{reference_kmh=20.653421633553933, age_s=0.0}"
453.0,POWER,170,NEUTRAL,OK,power_present,{age_s=0.0}
453.0,HR,135,NEUTRAL,OK,hr_present,{age_s=0.0}
453.0,CADENCE,65,GREEN,OK,preferred_low_cadence_band,{age_s=0.0}
453.0,GRADE,0.0,GRAY,STALE,grade_stale,"{age_s=154.0, grade_display=0.0}"
453.0,GEAR,WAIT,GRAY,NO_DATA,missing_gear,{}
454.0,SPEED,14.0,AMBER,OK,below_reference,"{reference_kmh=20.638766519823633, age_s=0.0}"
454.0,POWER,170,NEUTRAL,OK,power_present,{age_s=0.0}
454.0,HR,135,NEUTRAL,OK,hr_present,{age_s=0.0}
454.0,CADENCE,65,GREEN,OK,preferred_low_cadence_band,{age_s=0.0}
454.0,GRADE,0.0,GRAY,STALE,grade_stale,"{age_s=155.0, grade_display=0.0}"
454.0,GEAR,WAIT,GRAY,NO_DATA,missing_gear,{}
455.0,SPEED,14.0,AMBER,OK,below_reference,"{reference_kmh=20.62417582417567, age_s=0.0}"
455.0,POWER,170,NEUTRAL,OK,power_present,{age_s=0.0}
455.0,HR,135,NEUTRAL,OK,hr_present,{age_s=0.0}
455.0,CADENCE,65,GREEN,OK,preferred_low_cadence_band,{age_s=0.0}
455.0,GRADE,0.0,GRAY,STALE,grade_stale,"{age_s=156.0, grade_display=0.0}"
455.0,GEAR,WAIT,GRAY,NO_DATA,missing_gear,{}
456.0,SPEED,14.0,AMBER,OK,below_reference,"{reference_kmh=20.609649122806857, age_s=0.0}"
456.0,POWER,170,NEUTRAL,OK,power_present,{age_s=0.0}
456.0,HR,135,NEUTRAL,OK,hr_present,{age_s=0.0}
456.0,CADENCE,65,GREEN,OK,preferred_low_cadence_band,{age_s=0.0}
456.0,GRADE,0.0,GRAY,STALE,grade_stale,"{age_s=157.0, grade_display=0.0}"
456.0,GEAR,WAIT,GRAY,NO_DATA,missing_gear,{}
457.0,SPEED,14.0,AMBER,OK,below_reference,"{reference_kmh=20.595185995623474, age_s=0.0}"
457.0,POWER,170,NEUTRAL,OK,power_present,{age_s=0.0}
457.0,HR,135,NEUTRAL,OK,hr_present,{age_s=0.0}
457.0,CADENCE,65,GREEN,OK,preferred_low_cadence_band,{age_s=0.0}
457.0,GRADE,0.0,GRAY,STALE,grade_stale,"{age_s=158.0, grade_display=0.0}"
457.0,GEAR,WAIT,GRAY,NO_DATA,missing_gear,{}
458.0,SPEED,14.0,AMBER,OK,below_reference,"{reference_kmh=20.580786026200716, age_s=0.0}"
458.0,POWER,170,NEUTRAL,OK,power_present,{age_s=0.0}
458.0,HR,135,NEUTRAL,OK,hr_present,{age_s=0.0}
458.0,CADENCE,65,GREEN,OK,preferred_low_cadence_band,{age_s=0.0}
458.0,GRADE,0.0,GRAY,STALE,grade_stale,"{age_s=159.0, grade_display=0.0}"
458.0,GEAR,WAIT,GRAY,NO_DATA,missing_gear,{}
459.0,SPEED,14.0,AMBER,OK,below_reference,"{reference_kmh=20.56644880174276, age_s=0.0}"
459.0,POWER,170,NEUTRAL,OK,power_present,{age_s=0.0}
459.0,HR,135,NEUTRAL,OK,hr_present,{age_s=0.0}
459.0,CADENCE,65,GREEN,OK,preferred_low_cadence_band,{age_s=0.0}
459.0,GRADE,0.0,GRAY,STALE,grade_stale,"{age_s=160.0, grade_display=0.0}"
459.0,GEAR,WAIT,GRAY,NO_DATA,missing_gear,{}
460.0,SPEED,14.0,AMBER,OK,below_reference,"{reference_kmh=20.55217391304332, age_s=0.0}"
460.0,POWER,170,NEUTRAL,OK,power_present,{age_s=0.0}
460.0,HR,135,NEUTRAL,OK,hr_present,{age_s=0.0}
460.0,CADENCE,65,GREEN,OK,preferred_low_cadence_band,{age_s=0.0}
460.0,GRADE,0.0,GRAY,STALE,grade_stale,"{age_s=161.0, grade_display=0.0}"
460.0,GEAR,WAIT,GRAY,NO_DATA,missing_gear,{}
461.0,SPEED,14.0,AMBER,OK,below_reference,"{reference_kmh=20.53796095444669, age_s=0.0}"
461.0,POWER,170,NEUTRAL,OK,power_present,{age_s=0.0}
461.0,HR,135,NEUTRAL,OK,hr_present,{age_s=0.0}
461.0,CADENCE,65,GREEN,OK,preferred_low_cadence_band,{age_s=0.0}
461.0,GRADE,0.0,GRAY,STALE,grade_stale,"{age_s=162.0, grade_display=0.0}"
461.0,GEAR,WAIT,GRAY,NO_DATA,missing_gear,{}
462.0,SPEED,14.0,AMBER,OK,below_reference,"{reference_kmh=20.52380952380936, age_s=0.0}"
462.0,POWER,170,NEUTRAL,OK,power_present,{age_s=0.0}
462.0,HR,135,NEUTRAL,OK,hr_present,{age_s=0.0}
462.0,CADENCE,65,GREEN,OK,preferred_low_cadence_band,{age_s=0.0}
462.0,GRADE,0.0,GRAY,STALE,grade_stale,"{age_s=163.0, grade_display=0.0}"
462.0,GEAR,WAIT,GRAY,NO_DATA,missing_gear,{}
463.0,SPEED,14.0,AMBER,OK,below_reference,"{reference_kmh=20.509719222462035, age_s=0.0}"
463.0,POWER,170,NEUTRAL,OK,power_present,{age_s=0.0}
463.0,HR,135,NEUTRAL,OK,hr_present,{age_s=0.0}
463.0,CADENCE,65,GREEN,OK,preferred_low_cadence_band,{age_s=0.0}
463.0,GRADE,0.0,GRAY,STALE,grade_stale,"{age_s=164.0, grade_display=0.0}"
463.0,GEAR,WAIT,GRAY,NO_DATA,missing_gear,{}
464.0,SPEED,14.0,AMBER,OK,below_reference,"{reference_kmh=20.49568965517225, age_s=0.0}"
464.0,POWER,170,NEUTRAL,OK,power_present,{age_s=0.0}
464.0,HR,135,NEUTRAL,OK,hr_present,{age_s=0.0}
464.0,CADENCE,65,GREEN,OK,preferred_low_cadence_band,{age_s=0.0}
464.0,GRADE,0.0,GRAY,STALE,grade_stale,"{age_s=165.0, grade_display=0.0}"
464.0,GEAR,WAIT,GRAY,NO_DATA,missing_gear,{}
465.0,SPEED,14.0,AMBER,OK,below_reference,"{reference_kmh=20.48172043010736, age_s=0.0}"
465.0,POWER,170,NEUTRAL,OK,power_present,{age_s=0.0}
465.0,HR,135,NEUTRAL,OK,hr_present,{age_s=0.0}
465.0,CADENCE,65,GREEN,OK,preferred_low_cadence_band,{age_s=0.0}
465.0,GRADE,0.0,GRAY,STALE,grade_stale,"{age_s=166.0, grade_display=0.0}"
465.0,GEAR,WAIT,GRAY,NO_DATA,missing_gear,{}
466.0,SPEED,14.0,AMBER,OK,below_reference,"{reference_kmh=20.467811158798114, age_s=0.0}"
466.0,POWER,170,NEUTRAL,OK,power_present,{age_s=0.0}
466.0,HR,135,NEUTRAL,OK,hr_present,{age_s=0.0}
466.0,CADENCE,65,GREEN,OK,preferred_low_cadence_band,{age_s=0.0}
466.0,GRADE,0.0,GRAY,STALE,grade_stale,"{age_s=167.0, grade_display=0.0}"
466.0,GEAR,WAIT,GRAY,NO_DATA,missing_gear,{}
467.0,SPEED,14.0,AMBER,OK,below_reference,"{reference_kmh=20.453961456102615, age_s=0.0}"
467.0,POWER,170,NEUTRAL,OK,power_present,{age_s=0.0}
467.0,HR,135,NEUTRAL,OK,hr_present,{age_s=0.0}
467.0,CADENCE,65,GREEN,OK,preferred_low_cadence_band,{age_s=0.0}
467.0,GRADE,0.0,GRAY,STALE,grade_stale,"{age_s=168.0, grade_display=0.0}"
467.0,GEAR,WAIT,GRAY,NO_DATA,missing_gear,{}
468.0,SPEED,14.0,AMBER,OK,below_reference,"{reference_kmh=20.440170940170766, age_s=0.0}"
468.0,POWER,170,NEUTRAL,OK,power_present,{age_s=0.0}
468.0,HR,135,NEUTRAL,OK,hr_present,{age_s=0.0}
468.0,CADENCE,65,GREEN,OK,preferred_low_cadence_band,{age_s=0.0}
468.0,GRADE,0.0,GRAY,STALE,grade_stale,"{age_s=169.0, grade_display=0.0}"
468.0,GEAR,WAIT,GRAY,NO_DATA,missing_gear,{}
469.0,SPEED,14.0,AMBER,OK,below_reference,"{reference_kmh=20.426439232409212, age_s=0.0}"
469.0,POWER,170,NEUTRAL,OK,power_present,{age_s=0.0}
469.0,HR,135,NEUTRAL,OK,hr_present,{age_s=0.0}
469.0,CADENCE,65,GREEN,OK,preferred_low_cadence_band,{age_s=0.0}
469.0,GRADE,0.0,GRAY,STALE,grade_stale,"{age_s=170.0, grade_display=0.0}"
469.0,GEAR,WAIT,GRAY,NO_DATA,missing_gear,{}
470.0,SPEED,14.0,AMBER,OK,below_reference,"{reference_kmh=20.412765957446634, age_s=0.0}"
470.0,POWER,170,NEUTRAL,OK,power_present,{age_s=0.0}
470.0,HR,135,NEUTRAL,OK,hr_present,{age_s=0.0}
470.0,CADENCE,65,GREEN,OK,preferred_low_cadence_band,{age_s=0.0}
470.0,GRADE,0.0,GRAY,STALE,grade_stale,"{age_s=171.0, grade_display=0.0}"
470.0,GEAR,WAIT,GRAY,NO_DATA,missing_gear,{}
471.0,SPEED,14.0,AMBER,OK,below_reference,"{reference_kmh=20.399150743099614, age_s=0.0}"
471.0,POWER,170,NEUTRAL,OK,power_present,{age_s=0.0}
471.0,HR,135,NEUTRAL,OK,hr_present,{age_s=0.0}
471.0,CADENCE,65,GREEN,OK,preferred_low_cadence_band,{age_s=0.0}
471.0,GRADE,0.0,GRAY,STALE,grade_stale,"{age_s=172.0, grade_display=0.0}"
471.0,GEAR,WAIT,GRAY,NO_DATA,missing_gear,{}
472.0,SPEED,14.0,AMBER,OK,below_reference,"{reference_kmh=20.385593220338805, age_s=0.0}"
472.0,POWER,170,NEUTRAL,OK,power_present,{age_s=0.0}
472.0,HR,135,NEUTRAL,OK,hr_present,{age_s=0.0}
472.0,CADENCE,65,GREEN,OK,preferred_low_cadence_band,{age_s=0.0}
472.0,GRADE,0.0,GRAY,STALE,grade_stale,"{age_s=173.0, grade_display=0.0}"
472.0,GEAR,WAIT,GRAY,NO_DATA,missing_gear,{}
473.0,SPEED,14.0,AMBER,OK,below_reference,"{reference_kmh=20.372093023255637, age_s=0.0}"
473.0,POWER,170,NEUTRAL,OK,power_present,{age_s=0.0}
473.0,HR,135,NEUTRAL,OK,hr_present,{age_s=0.0}
473.0,CADENCE,65,GREEN,OK,preferred_low_cadence_band,{age_s=0.0}
473.0,GRADE,0.0,GRAY,STALE,grade_stale,"{age_s=174.0, grade_display=0.0}"
473.0,GEAR,WAIT,GRAY,NO_DATA,missing_gear,{}
474.0,SPEED,14.0,AMBER,OK,below_reference,"{reference_kmh=20.358649789029357, age_s=0.0}"
474.0,POWER,170,NEUTRAL,OK,power_present,{age_s=0.0}
474.0,HR,135,NEUTRAL,OK,hr_present,{age_s=0.0}
474.0,CADENCE,65,GREEN,OK,preferred_low_cadence_band,{age_s=0.0}
474.0,GRADE,0.0,GRAY,STALE,grade_stale,"{age_s=175.0, grade_display=0.0}"
474.0,GEAR,WAIT,GRAY,NO_DATA,missing_gear,{}
475.0,SPEED,14.0,AMBER,OK,below_reference,"{reference_kmh=20.345263157894557, age_s=0.0}"
475.0,POWER,170,NEUTRAL,OK,power_present,{age_s=0.0}
475.0,HR,135,NEUTRAL,OK,hr_present,{age_s=0.0}
475.0,CADENCE,65,GREEN,OK,preferred_low_cadence_band,{age_s=0.0}
475.0,GRADE,0.0,GRAY,STALE,grade_stale,"{age_s=176.0, grade_display=0.0}"
475.0,GEAR,WAIT,GRAY,NO_DATA,missing_gear,{}
476.0,SPEED,14.0,AMBER,OK,below_reference,"{reference_kmh=20.331932773109063, age_s=0.0}"
476.0,POWER,170,NEUTRAL,OK,power_present,{age_s=0.0}
476.0,HR,135,NEUTRAL,OK,hr_present,{age_s=0.0}
476.0,CADENCE,65,GREEN,OK,preferred_low_cadence_band,{age_s=0.0}
476.0,GRADE,0.0,GRAY,STALE,grade_stale,"{age_s=177.0, grade_display=0.0}"
476.0,GEAR,WAIT,GRAY,NO_DATA,missing_gear,{}
477.0,SPEED,14.0,AMBER,OK,below_reference,"{reference_kmh=20.31865828092225, age_s=0.0}"
477.0,POWER,170,NEUTRAL,OK,power_present,{age_s=0.0}
477.0,HR,135,NEUTRAL,OK,hr_present,{age_s=0.0}
477.0,CADENCE,65,GREEN,OK,preferred_low_cadence_band,{age_s=0.0}
477.0,GRADE,0.0,GRAY,STALE,grade_stale,"{age_s=178.0, grade_display=0.0}"
477.0,GEAR,WAIT,GRAY,NO_DATA,missing_gear,{}
478.0,SPEED,14.0,AMBER,OK,below_reference,"{reference_kmh=20.30543933054375, age_s=0.0}"
478.0,POWER,170,NEUTRAL,OK,power_present,{age_s=0.0}
478.0,HR,135,NEUTRAL,OK,hr_present,{age_s=0.0}
478.0,CADENCE,65,GREEN,OK,preferred_low_cadence_band,{age_s=0.0}
478.0,GRADE,0.0,GRAY,STALE,grade_stale,"{age_s=179.0, grade_display=0.0}"
478.0,GEAR,WAIT,GRAY,NO_DATA,missing_gear,{}
479.0,SPEED,14.0,AMBER,OK,below_reference,"{reference_kmh=20.292275574112548, age_s=0.0}"
479.0,POWER,170,NEUTRAL,OK,power_present,{age_s=0.0}
479.0,HR,135,NEUTRAL,OK,hr_present,{age_s=0.0}
479.0,CADENCE,65,GREEN,OK,preferred_low_cadence_band,{age_s=0.0}
479.0,GRADE,0.0,GRAY,STALE,grade_stale,"{age_s=180.0, grade_display=0.0}"
479.0,GEAR,WAIT,GRAY,NO_DATA,missing_gear,{}
480.0,SPEED,14.0,AMBER,OK,below_reference,"{reference_kmh=20.27916666666648, age_s=0.0}"
480.0,POWER,170,NEUTRAL,OK,power_present,{age_s=0.0}
480.0,HR,135,NEUTRAL,OK,hr_present,{age_s=0.0}
480.0,CADENCE,65,GREEN,OK,preferred_low_cadence_band,{age_s=0.0}
480.0,GRADE,0.0,GRAY,STALE,grade_stale,"{age_s=181.0, grade_display=0.0}"
480.0,GEAR,WAIT,GRAY,NO_DATA,missing_gear,{}
481.0,SPEED,14.0,AMBER,OK,below_reference,"{reference_kmh=20.266112266112078, age_s=0.0}"
481.0,POWER,170,NEUTRAL,OK,power_present,{age_s=0.0}
481.0,HR,135,NEUTRAL,OK,hr_present,{age_s=0.0}
481.0,CADENCE,65,GREEN,OK,preferred_low_cadence_band,{age_s=0.0}
481.0,GRADE,0.0,GRAY,STALE,grade_stale,"{age_s=182.0, grade_display=0.0}"
481.0,GEAR,WAIT,GRAY,NO_DATA,missing_gear,{}
482.0,SPEED,14.0,AMBER,OK,below_reference,"{reference_kmh=20.25311203319483, age_s=0.0}"
482.0,POWER,170,NEUTRAL,OK,power_present,{age_s=0.0}
482.0,HR,135,NEUTRAL,OK,hr_present,{age_s=0.0}
482.0,CADENCE,65,GREEN,OK,preferred_low_cadence_band,{age_s=0.0}
482.0,GRADE,0.0,GRAY,STALE,grade_stale,"{age_s=183.0, grade_display=0.0}"
482.0,GEAR,WAIT,GRAY,NO_DATA,missing_gear,{}
483.0,SPEED,14.0,AMBER,OK,below_reference,"{reference_kmh=20.240165631469793, age_s=0.0}"
483.0,POWER,170,NEUTRAL,OK,power_present,{age_s=0.0}
483.0,HR,135,NEUTRAL,OK,hr_present,{age_s=0.0}
483.0,CADENCE,65,GREEN,OK,preferred_low_cadence_band,{age_s=0.0}
483.0,GRADE,0.0,GRAY,STALE,grade_stale,"{age_s=184.0, grade_display=0.0}"
483.0,GEAR,WAIT,GRAY,NO_DATA,missing_gear,{}
484.0,SPEED,14.0,AMBER,OK,below_reference,"{reference_kmh=20.227272727272535, age_s=0.0}"
484.0,POWER,170,NEUTRAL,OK,power_present,{age_s=0.0}
484.0,HR,135,NEUTRAL,OK,hr_present,{age_s=0.0}
484.0,CADENCE,65,GREEN,OK,preferred_low_cadence_band,{age_s=0.0}
484.0,GRADE,0.0,GRAY,STALE,grade_stale,"{age_s=185.0, grade_display=0.0}"
484.0,GEAR,WAIT,GRAY,NO_DATA,missing_gear,{}
485.0,SPEED,14.0,AMBER,OK,below_reference,"{reference_kmh=20.21443298969053, age_s=0.0}"
485.0,POWER,170,NEUTRAL,OK,power_present,{age_s=0.0}
485.0,HR,135,NEUTRAL,OK,hr_present,{age_s=0.0}
485.0,CADENCE,65,GREEN,OK,preferred_low_cadence_band,{age_s=0.0}
485.0,GRADE,0.0,GRAY,STALE,grade_stale,"{age_s=186.0, grade_display=0.0}"
485.0,GEAR,WAIT,GRAY,NO_DATA,missing_gear,{}
486.0,SPEED,14.0,AMBER,OK,below_reference,"{reference_kmh=20.201646090534787, age_s=0.0}"
486.0,POWER,170,NEUTRAL,OK,power_present,{age_s=0.0}
486.0,HR,135,NEUTRAL,OK,hr_present,{age_s=0.0}
486.0,CADENCE,65,GREEN,OK,preferred_low_cadence_band,{age_s=0.0}
486.0,GRADE,0.0,GRAY,STALE,grade_stale,"{age_s=187.0, grade_display=0.0}"
486.0,GEAR,WAIT,GRAY,NO_DATA,missing_gear,{}
487.0,SPEED,14.0,AMBER,OK,below_reference,"{reference_kmh=20.188911704311924, age_s=0.0}"
487.0,POWER,170,NEUTRAL,OK,power_present,{age_s=0.0}
487.0,HR,135,NEUTRAL,OK,hr_present,{age_s=0.0}
487.0,CADENCE,65,GREEN,OK,preferred_low_cadence_band,{age_s=0.0}
487.0,GRADE,0.0,GRAY,STALE,grade_stale,"{age_s=188.0, grade_display=0.0}"
487.0,GEAR,WAIT,GRAY,NO_DATA,missing_gear,{}
488.0,SPEED,14.0,AMBER,OK,below_reference,"{reference_kmh=20.176229508196524, age_s=0.0}"
488.0,POWER,170,NEUTRAL,OK,power_present,{age_s=0.0}
488.0,HR,135,NEUTRAL,OK,hr_present,{age_s=0.0}
488.0,CADENCE,65,GREEN,OK,preferred_low_cadence_band,{age_s=0.0}
488.0,GRADE,0.0,GRAY,STALE,grade_stale,"{age_s=189.0, grade_display=0.0}"
488.0,GEAR,WAIT,GRAY,NO_DATA,missing_gear,{}
489.0,SPEED,14.0,AMBER,OK,below_reference,"{reference_kmh=20.163599182003892, age_s=0.0}"
489.0,POWER,170,NEUTRAL,OK,power_present,{age_s=0.0}
489.0,HR,135,NEUTRAL,OK,hr_present,{age_s=0.0}
489.0,CADENCE,65,GREEN,OK,preferred_low_cadence_band,{age_s=0.0}
489.0,GRADE,0.0,GRAY,STALE,grade_stale,"{age_s=190.0, grade_display=0.0}"
489.0,GEAR,WAIT,GRAY,NO_DATA,missing_gear,{}
490.0,SPEED,14.0,AMBER,OK,below_reference,"{reference_kmh=20.15102040816307, age_s=0.0}"
490.0,POWER,170,NEUTRAL,OK,power_present,{age_s=0.0}
490.0,HR,135,NEUTRAL,OK,hr_present,{age_s=0.0}
490.0,CADENCE,65,GREEN,OK,preferred_low_cadence_band,{age_s=0.0}
490.0,GRADE,0.0,GRAY,STALE,grade_stale,"{age_s=191.0, grade_display=0.0}"
490.0,GEAR,WAIT,GRAY,NO_DATA,missing_gear,{}
491.0,SPEED,14.0,AMBER,OK,below_reference,"{reference_kmh=20.13849287169023, age_s=0.0}"
491.0,POWER,170,NEUTRAL,OK,power_present,{age_s=0.0}
491.0,HR,135,NEUTRAL,OK,hr_present,{age_s=0.0}
491.0,CADENCE,65,GREEN,OK,preferred_low_cadence_band,{age_s=0.0}
491.0,GRADE,0.0,GRAY,STALE,grade_stale,"{age_s=192.0, grade_display=0.0}"
491.0,GEAR,WAIT,GRAY,NO_DATA,missing_gear,{}
492.0,SPEED,14.0,AMBER,OK,below_reference,"{reference_kmh=20.126016260162405, age_s=0.0}"
492.0,POWER,170,NEUTRAL,OK,power_present,{age_s=0.0}
492.0,HR,135,NEUTRAL,OK,hr_present,{age_s=0.0}
492.0,CADENCE,65,GREEN,OK,preferred_low_cadence_band,{age_s=0.0}
492.0,GRADE,0.0,GRAY,STALE,grade_stale,"{age_s=193.0, grade_display=0.0}"
492.0,GEAR,WAIT,GRAY,NO_DATA,missing_gear,{}
493.0,SPEED,14.0,AMBER,OK,below_reference,"{reference_kmh=20.113590263691485, age_s=0.0}"
493.0,POWER,170,NEUTRAL,OK,power_present,{age_s=0.0}
493.0,HR,135,NEUTRAL,OK,hr_present,{age_s=0.0}
493.0,CADENCE,65,GREEN,OK,preferred_low_cadence_band,{age_s=0.0}
493.0,GRADE,0.0,GRAY,STALE,grade_stale,"{age_s=194.0, grade_display=0.0}"
493.0,GEAR,WAIT,GRAY,NO_DATA,missing_gear,{}
494.0,SPEED,14.0,AMBER,OK,below_reference,"{reference_kmh=20.101214574898584, age_s=0.0}"
494.0,POWER,170,NEUTRAL,OK,power_present,{age_s=0.0}
494.0,HR,135,NEUTRAL,OK,hr_present,{age_s=0.0}
494.0,CADENCE,65,GREEN,OK,preferred_low_cadence_band,{age_s=0.0}
494.0,GRADE,0.0,GRAY,STALE,grade_stale,"{age_s=195.0, grade_display=0.0}"
494.0,GEAR,WAIT,GRAY,NO_DATA,missing_gear,{}
495.0,SPEED,14.0,AMBER,OK,below_reference,"{reference_kmh=20.088888888888686, age_s=0.0}"
495.0,POWER,170,NEUTRAL,OK,power_present,{age_s=0.0}
495.0,HR,135,NEUTRAL,OK,hr_present,{age_s=0.0}
495.0,CADENCE,65,GREEN,OK,preferred_low_cadence_band,{age_s=0.0}
495.0,GRADE,0.0,GRAY,STALE,grade_stale,"{age_s=196.0, grade_display=0.0}"
495.0,GEAR,WAIT,GRAY,NO_DATA,missing_gear,{}
496.0,SPEED,14.0,AMBER,OK,below_reference,"{reference_kmh=20.0766129032256, age_s=0.0}"
496.0,POWER,170,NEUTRAL,OK,power_present,{age_s=0.0}
496.0,HR,135,NEUTRAL,OK,hr_present,{age_s=0.0}
496.0,CADENCE,65,GREEN,OK,preferred_low_cadence_band,{age_s=0.0}
496.0,GRADE,0.0,GRAY,STALE,grade_stale,"{age_s=197.0, grade_display=0.0}"
496.0,GEAR,WAIT,GRAY,NO_DATA,missing_gear,{}
497.0,SPEED,14.0,AMBER,OK,below_reference,"{reference_kmh=20.064386317907243, age_s=0.0}"
497.0,POWER,170,NEUTRAL,OK,power_present,{age_s=0.0}
497.0,HR,135,NEUTRAL,OK,hr_present,{age_s=0.0}
497.0,CADENCE,65,GREEN,OK,preferred_low_cadence_band,{age_s=0.0}
497.0,GRADE,0.0,GRAY,STALE,grade_stale,"{age_s=198.0, grade_display=0.0}"
497.0,GEAR,WAIT,GRAY,NO_DATA,missing_gear,{}
498.0,SPEED,14.0,AMBER,OK,below_reference,"{reference_kmh=20.052208835341162, age_s=0.0}"
498.0,POWER,170,NEUTRAL,OK,power_present,{age_s=0.0}
498.0,HR,135,NEUTRAL,OK,hr_present,{age_s=0.0}
498.0,CADENCE,65,GREEN,OK,preferred_low_cadence_band,{age_s=0.0}
498.0,GRADE,0.0,GRAY,STALE,grade_stale,"{age_s=199.0, grade_display=0.0}"
498.0,GEAR,WAIT,GRAY,NO_DATA,missing_gear,{}
499.0,SPEED,14.0,AMBER,OK,below_reference,"{reference_kmh=20.040080160320436, age_s=0.0}"
499.0,POWER,170,NEUTRAL,OK,power_present,{age_s=0.0}
499.0,HR,135,NEUTRAL,OK,hr_present,{age_s=0.0}
499.0,CADENCE,65,GREEN,OK,preferred_low_cadence_band,{age_s=0.0}
499.0,GRADE,0.0,GRAY,STALE,grade_stale,"{age_s=200.0, grade_display=0.0}"
499.0,GEAR,WAIT,GRAY,NO_DATA,missing_gear,{}
500.0,SPEED,14.0,AMBER,OK,below_reference,"{reference_kmh=20.027999999999793, age_s=0.0}"
500.0,POWER,170,NEUTRAL,OK,power_present,{age_s=0.0}
500.0,HR,135,NEUTRAL,OK,hr_present,{age_s=0.0}
500.0,CADENCE,65,GREEN,OK,preferred_low_cadence_band,{age_s=0.0}
500.0,GRADE,0.0,GRAY,STALE,grade_stale,"{age_s=201.0, grade_display=0.0}"
500.0,GEAR,WAIT,GRAY,NO_DATA,missing_gear,{}
501.0,SPEED,14.0,AMBER,OK,below_reference,"{reference_kmh=20.015968063872048, age_s=0.0}"
501.0,POWER,170,NEUTRAL,OK,power_present,{age_s=0.0}
501.0,HR,135,NEUTRAL,OK,hr_present,{age_s=0.0}
501.0,CADENCE,65,GREEN,OK,preferred_low_cadence_band,{age_s=0.0}
501.0,GRADE,0.0,GRAY,STALE,grade_stale,"{age_s=202.0, grade_display=0.0}"
501.0,GEAR,WAIT,GRAY,NO_DATA,missing_gear,{}
502.0,SPEED,14.0,AMBER,OK,below_reference,"{reference_kmh=20.00398406374481, age_s=0.0}"
502.0,POWER,170,NEUTRAL,OK,power_present,{age_s=0.0}
502.0,HR,135,NEUTRAL,OK,hr_present,{age_s=0.0}
502.0,CADENCE,65,GREEN,OK,preferred_low_cadence_band,{age_s=0.0}
502.0,GRADE,0.0,GRAY,STALE,grade_stale,"{age_s=203.0, grade_display=0.0}"
502.0,GEAR,WAIT,GRAY,NO_DATA,missing_gear,{}
503.0,SPEED,14.0,AMBER,OK,below_reference,"{reference_kmh=19.992047713717486, age_s=0.0}"
503.0,POWER,170,NEUTRAL,OK,power_present,{age_s=0.0}
503.0,HR,135,NEUTRAL,OK,hr_present,{age_s=0.0}
503.0,CADENCE,65,GREEN,OK,preferred_low_cadence_band,{age_s=0.0}
503.0,GRADE,0.0,GRAY,STALE,grade_stale,"{age_s=204.0, grade_display=0.0}"
503.0,GEAR,WAIT,GRAY,NO_DATA,missing_gear,{}
504.0,SPEED,14.0,AMBER,OK,below_reference,"{reference_kmh=19.980158730158518, age_s=0.0}"
504.0,POWER,170,NEUTRAL,OK,power_present,{age_s=0.0}
504.0,HR,135,NEUTRAL,OK,hr_present,{age_s=0.0}
504.0,CADENCE,65,GREEN,OK,preferred_low_cadence_band,{age_s=0.0}
504.0,GRADE,0.0,GRAY,STALE,grade_stale,"{age_s=205.0, grade_display=0.0}"
504.0,GEAR,WAIT,GRAY,NO_DATA,missing_gear,{}
505.0,SPEED,14.0,AMBER,OK,below_reference,"{reference_kmh=19.968316831682955, age_s=0.0}"
505.0,POWER,170,NEUTRAL,OK,power_present,{age_s=0.0}
505.0,HR,135,NEUTRAL,OK,hr_present,{age_s=0.0}
505.0,CADENCE,65,GREEN,OK,preferred_low_cadence_band,{age_s=0.0}
505.0,GRADE,0.0,GRAY,STALE,grade_stale,"{age_s=206.0, grade_display=0.0}"
505.0,GEAR,WAIT,GRAY,NO_DATA,missing_gear,{}
506.0,SPEED,14.0,AMBER,OK,below_reference,"{reference_kmh=19.956521739130224, age_s=0.0}"
506.0,POWER,170,NEUTRAL,OK,power_present,{age_s=0.0}
506.0,HR,135,NEUTRAL,OK,hr_present,{age_s=0.0}
506.0,CADENCE,65,GREEN,OK,preferred_low_cadence_band,{age_s=0.0}
506.0,GRADE,0.0,GRAY,STALE,grade_stale,"{age_s=207.0, grade_display=0.0}"
506.0,GEAR,WAIT,GRAY,NO_DATA,missing_gear,{}
507.0,SPEED,14.0,AMBER,OK,below_reference,"{reference_kmh=19.944773175542192, age_s=0.0}"
507.0,POWER,170,NEUTRAL,OK,power_present,{age_s=0.0}
507.0,HR,135,NEUTRAL,OK,hr_present,{age_s=0.0}
507.0,CADENCE,65,GREEN,OK,preferred_low_cadence_band,{age_s=0.0}
507.0,GRADE,0.0,GRAY,STALE,grade_stale,"{age_s=208.0, grade_display=0.0}"
507.0,GEAR,WAIT,GRAY,NO_DATA,missing_gear,{}
508.0,SPEED,14.0,AMBER,OK,below_reference,"{reference_kmh=19.933070866141517, age_s=0.0}"
508.0,POWER,170,NEUTRAL,OK,power_present,{age_s=0.0}
508.0,HR,135,NEUTRAL,OK,hr_present,{age_s=0.0}
508.0,CADENCE,65,GREEN,OK,preferred_low_cadence_band,{age_s=0.0}
508.0,GRADE,0.0,GRAY,STALE,grade_stale,"{age_s=209.0, grade_display=0.0}"
508.0,GEAR,WAIT,GRAY,NO_DATA,missing_gear,{}
509.0,SPEED,14.0,AMBER,OK,below_reference,"{reference_kmh=19.921414538310195, age_s=0.0}"
509.0,POWER,170,NEUTRAL,OK,power_present,{age_s=0.0}
509.0,HR,135,NEUTRAL,OK,hr_present,{age_s=0.0}
509.0,CADENCE,65,GREEN,OK,preferred_low_cadence_band,{age_s=0.0}
509.0,GRADE,0.0,GRAY,STALE,grade_stale,"{age_s=210.0, grade_display=0.0}"
509.0,GEAR,WAIT,GRAY,NO_DATA,missing_gear,{}
510.0,SPEED,14.0,AMBER,OK,below_reference,"{reference_kmh=19.90980392156841, age_s=0.0}"
510.0,POWER,170,NEUTRAL,OK,power_present,{age_s=0.0}
510.0,HR,135,NEUTRAL,OK,hr_present,{age_s=0.0}
510.0,CADENCE,65,GREEN,OK,preferred_low_cadence_band,{age_s=0.0}
510.0,GRADE,0.0,GRAY,STALE,grade_stale,"{age_s=211.0, grade_display=0.0}"
510.0,GEAR,WAIT,GRAY,NO_DATA,missing_gear,{}
511.0,SPEED,14.0,AMBER,OK,below_reference,"{reference_kmh=19.898238747553595, age_s=0.0}"
511.0,POWER,170,NEUTRAL,OK,power_present,{age_s=0.0}
511.0,HR,135,NEUTRAL,OK,hr_present,{age_s=0.0}
511.0,CADENCE,65,GREEN,OK,preferred_low_cadence_band,{age_s=0.0}
511.0,GRADE,0.0,GRAY,STALE,grade_stale,"{age_s=212.0, grade_display=0.0}"
511.0,GEAR,WAIT,GRAY,NO_DATA,missing_gear,{}
512.0,SPEED,14.0,AMBER,OK,below_reference,"{reference_kmh=19.88671874999978, age_s=0.0}"
512.0,POWER,170,NEUTRAL,OK,power_present,{age_s=0.0}
512.0,HR,135,NEUTRAL,OK,hr_present,{age_s=0.0}
512.0,CADENCE,65,GREEN,OK,preferred_low_cadence_band,{age_s=0.0}
512.0,GRADE,0.0,GRAY,STALE,grade_stale,"{age_s=213.0, grade_display=0.0}"
512.0,GEAR,WAIT,GRAY,NO_DATA,missing_gear,{}
513.0,SPEED,14.0,AMBER,OK,below_reference,"{reference_kmh=19.87524366471713, age_s=0.0}"
513.0,POWER,170,NEUTRAL,OK,power_present,{age_s=0.0}
513.0,HR,135,NEUTRAL,OK,hr_present,{age_s=0.0}
513.0,CADENCE,65,GREEN,OK,preferred_low_cadence_band,{age_s=0.0}
513.0,GRADE,0.0,GRAY,STALE,grade_stale,"{age_s=214.0, grade_display=0.0}"
513.0,GEAR,WAIT,GRAY,NO_DATA,missing_gear,{}
514.0,SPEED,14.0,AMBER,OK,below_reference,"{reference_kmh=19.86381322957176, age_s=0.0}"
514.0,POWER,170,NEUTRAL,OK,power_present,{age_s=0.0}
514.0,HR,135,NEUTRAL,OK,hr_present,{age_s=0.0}
514.0,CADENCE,65,GREEN,OK,preferred_low_cadence_band,{age_s=0.0}
514.0,GRADE,0.0,GRAY,STALE,grade_stale,"{age_s=215.0, grade_display=0.0}"
514.0,GEAR,WAIT,GRAY,NO_DATA,missing_gear,{}
515.0,SPEED,14.0,AMBER,OK,below_reference,"{reference_kmh=19.8524271844658, age_s=0.0}"
515.0,POWER,170,NEUTRAL,OK,power_present,{age_s=0.0}
515.0,HR,135,NEUTRAL,OK,hr_present,{age_s=0.0}
515.0,CADENCE,65,GREEN,OK,preferred_low_cadence_band,{age_s=0.0}
515.0,GRADE,0.0,GRAY,STALE,grade_stale,"{age_s=216.0, grade_display=0.0}"
515.0,GEAR,WAIT,GRAY,NO_DATA,missing_gear,{}
516.0,SPEED,14.0,AMBER,OK,below_reference,"{reference_kmh=19.841085271317606, age_s=0.0}"
516.0,POWER,170,NEUTRAL,OK,power_present,{age_s=0.0}
516.0,HR,135,NEUTRAL,OK,hr_present,{age_s=0.0}
516.0,CADENCE,65,GREEN,OK,preferred_low_cadence_band,{age_s=0.0}
516.0,GRADE,0.0,GRAY,STALE,grade_stale,"{age_s=217.0, grade_display=0.0}"
516.0,GEAR,WAIT,GRAY,NO_DATA,missing_gear,{}
517.0,SPEED,14.0,AMBER,OK,below_reference,"{reference_kmh=19.82978723404233, age_s=0.0}"
517.0,POWER,170,NEUTRAL,OK,power_present,{age_s=0.0}
517.0,HR,135,NEUTRAL,OK,hr_present,{age_s=0.0}
517.0,CADENCE,65,GREEN,OK,preferred_low_cadence_band,{age_s=0.0}
517.0,GRADE,0.0,GRAY,STALE,grade_stale,"{age_s=218.0, grade_display=0.0}"
517.0,GEAR,WAIT,GRAY,NO_DATA,missing_gear,{}
518.0,SPEED,14.0,AMBER,OK,below_reference,"{reference_kmh=19.818532818532592, age_s=0.0}"
518.0,POWER,170,NEUTRAL,OK,power_present,{age_s=0.0}
518.0,HR,135,NEUTRAL,OK,hr_present,{age_s=0.0}
518.0,CADENCE,65,GREEN,OK,preferred_low_cadence_band,{age_s=0.0}
518.0,GRADE,0.0,GRAY,STALE,grade_stale,"{age_s=219.0, grade_display=0.0}"
518.0,GEAR,WAIT,GRAY,NO_DATA,missing_gear,{}
519.0,SPEED,14.0,AMBER,OK,below_reference,"{reference_kmh=19.807321772639465, age_s=0.0}"
519.0,POWER,170,NEUTRAL,OK,power_present,{age_s=0.0}
519.0,HR,135,NEUTRAL,OK,hr_present,{age_s=0.0}
519.0,CADENCE,65,GREEN,OK,preferred_low_cadence_band,{age_s=0.0}
519.0,GRADE,0.0,GRAY,STALE,grade_stale,"{age_s=220.0, grade_display=0.0}"
519.0,GEAR,WAIT,GRAY,NO_DATA,missing_gear,{}
520.0,SPEED,14.0,AMBER,OK,below_reference,"{reference_kmh=19.796153846153622, age_s=0.0}"
520.0,POWER,170,NEUTRAL,OK,power_present,{age_s=0.0}
520.0,HR,135,NEUTRAL,OK,hr_present,{age_s=0.0}
520.0,CADENCE,65,GREEN,OK,preferred_low_cadence_band,{age_s=0.0}
520.0,GRADE,0.0,GRAY,STALE,grade_stale,"{age_s=221.0, grade_display=0.0}"
520.0,GEAR,WAIT,GRAY,NO_DATA,missing_gear,{}
521.0,SPEED,14.0,AMBER,OK,below_reference,"{reference_kmh=19.785028790786722, age_s=0.0}"
521.0,POWER,170,NEUTRAL,OK,power_present,{age_s=0.0}
521.0,HR,135,NEUTRAL,OK,hr_present,{age_s=0.0}
521.0,CADENCE,65,GREEN,OK,preferred_low_cadence_band,{age_s=0.0}
521.0,GRADE,0.0,GRAY,STALE,grade_stale,"{age_s=222.0, grade_display=0.0}"
521.0,GEAR,WAIT,GRAY,NO_DATA,missing_gear,{}
522.0,SPEED,14.0,AMBER,OK,below_reference,"{reference_kmh=19.77394636015303, age_s=0.0}"
522.0,POWER,170,NEUTRAL,OK,power_present,{age_s=0.0}
522.0,HR,135,NEUTRAL,OK,hr_present,{age_s=0.0}
522.0,CADENCE,65,GREEN,OK,preferred_low_cadence_band,{age_s=0.0}
522.0,GRADE,0.0,GRAY,STALE,grade_stale,"{age_s=223.0, grade_display=0.0}"
522.0,GEAR,WAIT,GRAY,NO_DATA,missing_gear,{}
523.0,SPEED,14.0,AMBER,OK,below_reference,"{reference_kmh=19.7629063097512, age_s=0.0}"
523.0,POWER,170,NEUTRAL,OK,power_present,{age_s=0.0}
523.0,HR,135,NEUTRAL,OK,hr_present,{age_s=0.0}
523.0,CADENCE,65,GREEN,OK,preferred_low_cadence_band,{age_s=0.0}
523.0,GRADE,0.0,GRAY,STALE,grade_stale,"{age_s=224.0, grade_display=0.0}"
523.0,GEAR,WAIT,GRAY,NO_DATA,missing_gear,{}
524.0,SPEED,14.0,AMBER,OK,below_reference,"{reference_kmh=19.751908396946334, age_s=0.0}"
524.0,POWER,170,NEUTRAL,OK,power_present,{age_s=0.0}
524.0,HR,135,NEUTRAL,OK,hr_present,{age_s=0.0}
524.0,CADENCE,65,GREEN,OK,preferred_low_cadence_band,{age_s=0.0}
524.0,GRADE,0.0,GRAY,STALE,grade_stale,"{age_s=225.0, grade_display=0.0}"
524.0,GEAR,WAIT,GRAY,NO_DATA,missing_gear,{}
525.0,SPEED,14.0,AMBER,OK,below_reference,"{reference_kmh=19.740952380952148, age_s=0.0}"
525.0,POWER,170,NEUTRAL,OK,power_present,{age_s=0.0}
525.0,HR,135,NEUTRAL,OK,hr_present,{age_s=0.0}
525.0,CADENCE,65,GREEN,OK,preferred_low_cadence_band,{age_s=0.0}
525.0,GRADE,0.0,GRAY,STALE,grade_stale,"{age_s=226.0, grade_display=0.0}"
525.0,GEAR,WAIT,GRAY,NO_DATA,missing_gear,{}
526.0,SPEED,14.0,AMBER,OK,below_reference,"{reference_kmh=19.730038022813456, age_s=0.0}"
526.0,POWER,170,NEUTRAL,OK,power_present,{age_s=0.0}
526.0,HR,135,NEUTRAL,OK,hr_present,{age_s=0.0}
526.0,CADENCE,65,GREEN,OK,preferred_low_cadence_band,{age_s=0.0}
526.0,GRADE,0.0,GRAY,STALE,grade_stale,"{age_s=227.0, grade_display=0.0}"
526.0,GEAR,WAIT,GRAY,NO_DATA,missing_gear,{}
527.0,SPEED,14.0,AMBER,OK,below_reference,"{reference_kmh=19.71916508538876, age_s=0.0}"
527.0,POWER,170,NEUTRAL,OK,power_present,{age_s=0.0}
527.0,HR,135,NEUTRAL,OK,hr_present,{age_s=0.0}
527.0,CADENCE,65,GREEN,OK,preferred_low_cadence_band,{age_s=0.0}
527.0,GRADE,0.0,GRAY,STALE,grade_stale,"{age_s=228.0, grade_display=0.0}"
527.0,GEAR,WAIT,GRAY,NO_DATA,missing_gear,{}
528.0,SPEED,14.0,AMBER,OK,below_reference,"{reference_kmh=19.708333333333098, age_s=0.0}"
528.0,POWER,170,NEUTRAL,OK,power_present,{age_s=0.0}
528.0,HR,135,NEUTRAL,OK,hr_present,{age_s=0.0}
528.0,CADENCE,65,GREEN,OK,preferred_low_cadence_band,{age_s=0.0}
528.0,GRADE,0.0,GRAY,STALE,grade_stale,"{age_s=229.0, grade_display=0.0}"
528.0,GEAR,WAIT,GRAY,NO_DATA,missing_gear,{}
529.0,SPEED,14.0,AMBER,OK,below_reference,"{reference_kmh=19.69754253308105, age_s=0.0}"
529.0,POWER,170,NEUTRAL,OK,power_present,{age_s=0.0}
529.0,HR,135,NEUTRAL,OK,hr_present,{age_s=0.0}
529.0,CADENCE,65,GREEN,OK,preferred_low_cadence_band,{age_s=0.0}
529.0,GRADE,0.0,GRAY,STALE,grade_stale,"{age_s=230.0, grade_display=0.0}"
529.0,GEAR,WAIT,GRAY,NO_DATA,missing_gear,{}
530.0,SPEED,14.0,AMBER,OK,below_reference,"{reference_kmh=19.686792452829952, age_s=0.0}"
530.0,POWER,170,NEUTRAL,OK,power_present,{age_s=0.0}
530.0,HR,135,NEUTRAL,OK,hr_present,{age_s=0.0}
530.0,CADENCE,65,GREEN,OK,preferred_low_cadence_band,{age_s=0.0}
530.0,GRADE,0.0,GRAY,STALE,grade_stale,"{age_s=231.0, grade_display=0.0}"
530.0,GEAR,WAIT,GRAY,NO_DATA,missing_gear,{}
531.0,SPEED,14.0,AMBER,OK,below_reference,"{reference_kmh=19.6760828625233, age_s=0.0}"
531.0,POWER,170,NEUTRAL,OK,power_present,{age_s=0.0}
531.0,HR,135,NEUTRAL,OK,hr_present,{age_s=0.0}
531.0,CADENCE,65,GREEN,OK,preferred_low_cadence_band,{age_s=0.0}
531.0,GRADE,0.0,GRAY,STALE,grade_stale,"{age_s=232.0, grade_display=0.0}"
531.0,GEAR,WAIT,GRAY,NO_DATA,missing_gear,{}
532.0,SPEED,14.0,AMBER,OK,below_reference,"{reference_kmh=19.665413533834347, age_s=0.0}"
532.0,POWER,170,NEUTRAL,OK,power_present,{age_s=0.0}
532.0,HR,135,NEUTRAL,OK,hr_present,{age_s=0.0}
532.0,CADENCE,65,GREEN,OK,preferred_low_cadence_band,{age_s=0.0}
532.0,GRADE,0.0,GRAY,STALE,grade_stale,"{age_s=233.0, grade_display=0.0}"
532.0,GEAR,WAIT,GRAY,NO_DATA,missing_gear,{}
533.0,SPEED,14.0,AMBER,OK,below_reference,"{reference_kmh=19.654784240149855, age_s=0.0}"
533.0,POWER,170,NEUTRAL,OK,power_present,{age_s=0.0}
533.0,HR,135,NEUTRAL,OK,hr_present,{age_s=0.0}
533.0,CADENCE,65,GREEN,OK,preferred_low_cadence_band,{age_s=0.0}
533.0,GRADE,0.0,GRAY,STALE,grade_stale,"{age_s=234.0, grade_display=0.0}"
533.0,GEAR,WAIT,GRAY,NO_DATA,missing_gear,{}
534.0,SPEED,14.0,AMBER,OK,below_reference,"{reference_kmh=19.644194756554064, age_s=0.0}"
534.0,POWER,170,NEUTRAL,OK,power_present,{age_s=0.0}
534.0,HR,135,NEUTRAL,OK,hr_present,{age_s=0.0}
534.0,CADENCE,65,GREEN,OK,preferred_low_cadence_band,{age_s=0.0}
534.0,GRADE,0.0,GRAY,STALE,grade_stale,"{age_s=235.0, grade_display=0.0}"
534.0,GEAR,WAIT,GRAY,NO_DATA,missing_gear,{}
535.0,SPEED,14.0,AMBER,OK,below_reference,"{reference_kmh=19.633644859812843, age_s=0.0}"
535.0,POWER,170,NEUTRAL,OK,power_present,{age_s=0.0}
535.0,HR,135,NEUTRAL,OK,hr_present,{age_s=0.0}
535.0,CADENCE,65,GREEN,OK,preferred_low_cadence_band,{age_s=0.0}
535.0,GRADE,0.0,GRAY,STALE,grade_stale,"{age_s=236.0, grade_display=0.0}"
535.0,GEAR,WAIT,GRAY,NO_DATA,missing_gear,{}
536.0,SPEED,14.0,AMBER,OK,below_reference,"{reference_kmh=19.623134328357967, age_s=0.0}"
536.0,POWER,170,NEUTRAL,OK,power_present,{age_s=0.0}
536.0,HR,135,NEUTRAL,OK,hr_present,{age_s=0.0}
536.0,CADENCE,65,GREEN,OK,preferred_low_cadence_band,{age_s=0.0}
536.0,GRADE,0.0,GRAY,STALE,grade_stale,"{age_s=237.0, grade_display=0.0}"
536.0,GEAR,WAIT,GRAY,NO_DATA,missing_gear,{}
537.0,SPEED,14.0,AMBER,OK,below_reference,"{reference_kmh=19.612662942271637, age_s=0.0}"
537.0,POWER,170,NEUTRAL,OK,power_present,{age_s=0.0}
537.0,HR,135,NEUTRAL,OK,hr_present,{age_s=0.0}
537.0,CADENCE,65,GREEN,OK,preferred_low_cadence_band,{age_s=0.0}
537.0,GRADE,0.0,GRAY,STALE,grade_stale,"{age_s=238.0, grade_display=0.0}"
537.0,GEAR,WAIT,GRAY,NO_DATA,missing_gear,{}
538.0,SPEED,14.0,AMBER,OK,below_reference,"{reference_kmh=19.602230483271132, age_s=0.0}"
538.0,POWER,170,NEUTRAL,OK,power_present,{age_s=0.0}
538.0,HR,135,NEUTRAL,OK,hr_present,{age_s=0.0}
538.0,CADENCE,65,GREEN,OK,preferred_low_cadence_band,{age_s=0.0}
538.0,GRADE,0.0,GRAY,STALE,grade_stale,"{age_s=239.0, grade_display=0.0}"
538.0,GEAR,WAIT,GRAY,NO_DATA,missing_gear,{}
539.0,SPEED,14.0,AMBER,OK,below_reference,"{reference_kmh=19.591836734693633, age_s=0.0}"
539.0,POWER,170,NEUTRAL,OK,power_present,{age_s=0.0}
539.0,HR,135,NEUTRAL,OK,hr_present,{age_s=0.0}
539.0,CADENCE,65,GREEN,OK,preferred_low_cadence_band,{age_s=0.0}
539.0,GRADE,0.0,GRAY,STALE,grade_stale,"{age_s=240.0, grade_display=0.0}"
539.0,GEAR,WAIT,GRAY,NO_DATA,missing_gear,{}
540.0,SPEED,14.0,AMBER,OK,below_reference,"{reference_kmh=19.581481481481237, age_s=0.0}"
540.0,POWER,170,NEUTRAL,OK,power_present,{age_s=0.0}
540.0,HR,135,NEUTRAL,OK,hr_present,{age_s=0.0}
540.0,CADENCE,65,GREEN,OK,preferred_low_cadence_band,{age_s=0.0}
540.0,GRADE,0.0,GRAY,STALE,grade_stale,"{age_s=241.0, grade_display=0.0}"
540.0,GEAR,WAIT,GRAY,NO_DATA,missing_gear,{}
541.0,SPEED,14.0,AMBER,OK,below_reference,"{reference_kmh=19.57116451016611, age_s=0.0}"
541.0,POWER,170,NEUTRAL,OK,power_present,{age_s=0.0}
541.0,HR,135,NEUTRAL,OK,hr_present,{age_s=0.0}
541.0,CADENCE,65,GREEN,OK,preferred_low_cadence_band,{age_s=0.0}
541.0,GRADE,0.0,GRAY,STALE,grade_stale,"{age_s=242.0, grade_display=0.0}"
541.0,GEAR,WAIT,GRAY,NO_DATA,missing_gear,{}
542.0,SPEED,14.0,AMBER,OK,below_reference,"{reference_kmh=19.56088560885584, age_s=0.0}"
542.0,POWER,170,NEUTRAL,OK,power_present,{age_s=0.0}
542.0,HR,135,NEUTRAL,OK,hr_present,{age_s=0.0}
542.0,CADENCE,65,GREEN,OK,preferred_low_cadence_band,{age_s=0.0}
542.0,GRADE,0.0,GRAY,STALE,grade_stale,"{age_s=243.0, grade_display=0.0}"
542.0,GEAR,WAIT,GRAY,NO_DATA,missing_gear,{}
543.0,SPEED,14.0,AMBER,OK,below_reference,"{reference_kmh=19.550644567218903, age_s=0.0}"
543.0,POWER,170,NEUTRAL,OK,power_present,{age_s=0.0}
543.0,HR,135,NEUTRAL,OK,hr_present,{age_s=0.0}
543.0,CADENCE,65,GREEN,OK,preferred_low_cadence_band,{age_s=0.0}
543.0,GRADE,0.0,GRAY,STALE,grade_stale,"{age_s=244.0, grade_display=0.0}"
543.0,GEAR,WAIT,GRAY,NO_DATA,missing_gear,{}
544.0,SPEED,14.0,AMBER,OK,below_reference,"{reference_kmh=19.54044117647034, age_s=0.0}"
544.0,POWER,170,NEUTRAL,OK,power_present,{age_s=0.0}
544.0,HR,135,NEUTRAL,OK,hr_present,{age_s=0.0}
544.0,CADENCE,65,GREEN,OK,preferred_low_cadence_band,{age_s=0.0}
544.0,GRADE,0.0,GRAY,STALE,grade_stale,"{age_s=245.0, grade_display=0.0}"
544.0,GEAR,WAIT,GRAY,NO_DATA,missing_gear,{}
545.0,SPEED,14.0,AMBER,OK,below_reference,"{reference_kmh=19.53027522935755, age_s=0.0}"
545.0,POWER,170,NEUTRAL,OK,power_present,{age_s=0.0}
545.0,HR,135,NEUTRAL,OK,hr_present,{age_s=0.0}
545.0,CADENCE,65,GREEN,OK,preferred_low_cadence_band,{age_s=0.0}
545.0,GRADE,0.0,GRAY,STALE,grade_stale,"{age_s=246.0, grade_display=0.0}"
545.0,GEAR,WAIT,GRAY,NO_DATA,missing_gear,{}
546.0,SPEED,14.0,AMBER,OK,below_reference,"{reference_kmh=19.52014652014627, age_s=0.0}"
546.0,POWER,170,NEUTRAL,OK,power_present,{age_s=0.0}
546.0,HR,135,NEUTRAL,OK,hr_present,{age_s=0.0}
546.0,CADENCE,65,GREEN,OK,preferred_low_cadence_band,{age_s=0.0}
546.0,GRADE,0.0,GRAY,STALE,grade_stale,"{age_s=247.0, grade_display=0.0}"
546.0,GEAR,WAIT,GRAY,NO_DATA,missing_gear,{}
547.0,SPEED,14.0,AMBER,OK,below_reference,"{reference_kmh=19.510054844606696, age_s=0.0}"
547.0,POWER,170,NEUTRAL,OK,power_present,{age_s=0.0}
547.0,HR,135,NEUTRAL,OK,hr_present,{age_s=0.0}
547.0,CADENCE,65,GREEN,OK,preferred_low_cadence_band,{age_s=0.0}
547.0,GRADE,0.0,GRAY,STALE,grade_stale,"{age_s=248.0, grade_display=0.0}"
547.0,GEAR,WAIT,GRAY,NO_DATA,missing_gear,{}
548.0,SPEED,14.0,AMBER,OK,below_reference,"{reference_kmh=19.499999999999744, age_s=0.0}"
548.0,POWER,170,NEUTRAL,OK,power_present,{age_s=0.0}
548.0,HR,135,NEUTRAL,OK,hr_present,{age_s=0.0}
548.0,CADENCE,65,GREEN,OK,preferred_low_cadence_band,{age_s=0.0}
548.0,GRADE,0.0,GRAY,STALE,grade_stale,"{age_s=249.0, grade_display=0.0}"
548.0,GEAR,WAIT,GRAY,NO_DATA,missing_gear,{}
549.0,SPEED,14.0,AMBER,OK,below_reference,"{reference_kmh=19.4899817850635, age_s=0.0}"
549.0,POWER,170,NEUTRAL,OK,power_present,{age_s=0.0}
549.0,HR,135,NEUTRAL,OK,hr_present,{age_s=0.0}
549.0,CADENCE,65,GREEN,OK,preferred_low_cadence_band,{age_s=0.0}
549.0,GRADE,0.0,GRAY,STALE,grade_stale,"{age_s=250.0, grade_display=0.0}"
549.0,GEAR,WAIT,GRAY,NO_DATA,missing_gear,{}
550.0,SPEED,14.0,AMBER,OK,below_reference,"{reference_kmh=19.479999999999745, age_s=0.0}"
550.0,POWER,170,NEUTRAL,OK,power_present,{age_s=0.0}
550.0,HR,135,NEUTRAL,OK,hr_present,{age_s=0.0}
550.0,CADENCE,65,GREEN,OK,preferred_low_cadence_band,{age_s=0.0}
550.0,GRADE,0.0,GRAY,STALE,grade_stale,"{age_s=251.0, grade_display=0.0}"
550.0,GEAR,WAIT,GRAY,NO_DATA,missing_gear,{}
551.0,SPEED,14.0,AMBER,OK,below_reference,"{reference_kmh=19.470054446460725, age_s=0.0}"
551.0,POWER,170,NEUTRAL,OK,power_present,{age_s=0.0}
551.0,HR,135,NEUTRAL,OK,hr_present,{age_s=0.0}
551.0,CADENCE,65,GREEN,OK,preferred_low_cadence_band,{age_s=0.0}
551.0,GRADE,0.0,GRAY,STALE,grade_stale,"{age_s=252.0, grade_display=0.0}"
551.0,GEAR,WAIT,GRAY,NO_DATA,missing_gear,{}
552.0,SPEED,14.0,AMBER,OK,below_reference,"{reference_kmh=19.460144927535975, age_s=0.0}"
552.0,POWER,170,NEUTRAL,OK,power_present,{age_s=0.0}
552.0,HR,135,NEUTRAL,OK,hr_present,{age_s=0.0}
552.0,CADENCE,65,GREEN,OK,preferred_low_cadence_band,{age_s=0.0}
552.0,GRADE,0.0,GRAY,STALE,grade_stale,"{age_s=253.0, grade_display=0.0}"
552.0,GEAR,WAIT,GRAY,NO_DATA,missing_gear,{}
553.0,SPEED,14.0,AMBER,OK,below_reference,"{reference_kmh=19.450271247739344, age_s=0.0}"
553.0,POWER,170,NEUTRAL,OK,power_present,{age_s=0.0}
553.0,HR,135,NEUTRAL,OK,hr_present,{age_s=0.0}
553.0,CADENCE,65,GREEN,OK,preferred_low_cadence_band,{age_s=0.0}
553.0,GRADE,0.0,GRAY,STALE,grade_stale,"{age_s=254.0, grade_display=0.0}"
553.0,GEAR,WAIT,GRAY,NO_DATA,missing_gear,{}
554.0,SPEED,14.0,AMBER,OK,below_reference,"{reference_kmh=19.440433212996133, age_s=0.0}"
554.0,POWER,170,NEUTRAL,OK,power_present,{age_s=0.0}
554.0,HR,135,NEUTRAL,OK,hr_present,{age_s=0.0}
554.0,CADENCE,65,GREEN,OK,preferred_low_cadence_band,{age_s=0.0}
554.0,GRADE,0.0,GRAY,STALE,grade_stale,"{age_s=255.0, grade_display=0.0}"
554.0,GEAR,WAIT,GRAY,NO_DATA,missing_gear,{}
555.0,SPEED,14.0,AMBER,OK,below_reference,"{reference_kmh=19.43063063063037, age_s=0.0}"
555.0,POWER,170,NEUTRAL,OK,power_present,{age_s=0.0}
555.0,HR,135,NEUTRAL,OK,hr_present,{age_s=0.0}
555.0,CADENCE,65,GREEN,OK,preferred_low_cadence_band,{age_s=0.0}
555.0,GRADE,0.0,GRAY,STALE,grade_stale,"{age_s=256.0, grade_display=0.0}"
555.0,GEAR,WAIT,GRAY,NO_DATA,missing_gear,{}
556.0,SPEED,14.0,AMBER,OK,below_reference,"{reference_kmh=19.42086330935226, age_s=0.0}"
556.0,POWER,170,NEUTRAL,OK,power_present,{age_s=0.0}
556.0,HR,135,NEUTRAL,OK,hr_present,{age_s=0.0}
556.0,CADENCE,65,GREEN,OK,preferred_low_cadence_band,{age_s=0.0}
556.0,GRADE,0.0,GRAY,STALE,grade_stale,"{age_s=257.0, grade_display=0.0}"
556.0,GEAR,WAIT,GRAY,NO_DATA,missing_gear,{}
557.0,SPEED,14.0,AMBER,OK,below_reference,"{reference_kmh=19.411131059245697, age_s=0.0}"
557.0,POWER,170,NEUTRAL,OK,power_present,{age_s=0.0}
557.0,HR,135,NEUTRAL,OK,hr_present,{age_s=0.0}
557.0,CADENCE,65,GREEN,OK,preferred_low_cadence_band,{age_s=0.0}
557.0,GRADE,0.0,GRAY,STALE,grade_stale,"{age_s=258.0, grade_display=0.0}"
557.0,GEAR,WAIT,GRAY,NO_DATA,missing_gear,{}
558.0,SPEED,14.0,AMBER,OK,below_reference,"{reference_kmh=19.40143369175601, age_s=0.0}"
558.0,POWER,170,NEUTRAL,OK,power_present,{age_s=0.0}
558.0,HR,135,NEUTRAL,OK,hr_present,{age_s=0.0}
558.0,CADENCE,65,GREEN,OK,preferred_low_cadence_band,{age_s=0.0}
558.0,GRADE,0.0,GRAY,STALE,grade_stale,"{age_s=259.0, grade_display=0.0}"
558.0,GEAR,WAIT,GRAY,NO_DATA,missing_gear,{}
559.0,SPEED,14.0,AMBER,OK,below_reference,"{reference_kmh=19.391771019677734, age_s=0.0}"
559.0,POWER,170,NEUTRAL,OK,power_present,{age_s=0.0}
559.0,HR,135,NEUTRAL,OK,hr_present,{age_s=0.0}
559.0,CADENCE,65,GREEN,OK,preferred_low_cadence_band,{age_s=0.0}
559.0,GRADE,0.0,GRAY,STALE,grade_stale,"{age_s=260.0, grade_display=0.0}"
559.0,GEAR,WAIT,GRAY,NO_DATA,missing_gear,{}
560.0,SPEED,14.0,AMBER,OK,below_reference,"{reference_kmh=19.382142857142593, age_s=0.0}"
560.0,POWER,170,NEUTRAL,OK,power_present,{age_s=0.0}
560.0,HR,135,NEUTRAL,OK,hr_present,{age_s=0.0}
560.0,CADENCE,65,GREEN,OK,preferred_low_cadence_band,{age_s=0.0}
560.0,GRADE,0.0,GRAY,STALE,grade_stale,"{age_s=261.0, grade_display=0.0}"
560.0,GEAR,WAIT,GRAY,NO_DATA,missing_gear,{}
561.0,SPEED,14.0,AMBER,OK,below_reference,"{reference_kmh=19.372549019607582, age_s=0.0}"
561.0,POWER,170,NEUTRAL,OK,power_present,{age_s=0.0}
561.0,HR,135,NEUTRAL,OK,hr_present,{age_s=0.0}
561.0,CADENCE,65,GREEN,OK,preferred_low_cadence_band,{age_s=0.0}
561.0,GRADE,0.0,GRAY,STALE,grade_stale,"{age_s=262.0, grade_display=0.0}"
561.0,GEAR,WAIT,GRAY,NO_DATA,missing_gear,{}
562.0,SPEED,14.0,AMBER,OK,below_reference,"{reference_kmh=19.362989323843152, age_s=0.0}"
562.0,POWER,170,NEUTRAL,OK,power_present,{age_s=0.0}
562.0,HR,135,NEUTRAL,OK,hr_present,{age_s=0.0}
562.0,CADENCE,65,GREEN,OK,preferred_low_cadence_band,{age_s=0.0}
562.0,GRADE,0.0,GRAY,STALE,grade_stale,"{age_s=263.0, grade_display=0.0}"
562.0,GEAR,WAIT,GRAY,NO_DATA,missing_gear,{}
563.0,SPEED,14.0,AMBER,OK,below_reference,"{reference_kmh=19.35346358792158, age_s=0.0}"
563.0,POWER,170,NEUTRAL,OK,power_present,{age_s=0.0}
563.0,HR,135,NEUTRAL,OK,hr_present,{age_s=0.0}
563.0,CADENCE,65,GREEN,OK,preferred_low_cadence_band,{age_s=0.0}
563.0,GRADE,0.0,GRAY,STALE,grade_stale,"{age_s=264.0, grade_display=0.0}"
563.0,GEAR,WAIT,GRAY,NO_DATA,missing_gear,{}
564.0,SPEED,14.0,AMBER,OK,below_reference,"{reference_kmh=19.343971631205406, age_s=0.0}"
564.0,POWER,170,NEUTRAL,OK,power_present,{age_s=0.0}
564.0,HR,135,NEUTRAL,OK,hr_present,{age_s=0.0}
564.0,CADENCE,65,GREEN,OK,preferred_low_cadence_band,{age_s=0.0}
564.0,GRADE,0.0,GRAY,STALE,grade_stale,"{age_s=265.0, grade_display=0.0}"
564.0,GEAR,WAIT,GRAY,NO_DATA,missing_gear,{}
565.0,SPEED,14.0,AMBER,OK,below_reference,"{reference_kmh=19.334513274336015, age_s=0.0}"
565.0,POWER,170,NEUTRAL,OK,power_present,{age_s=0.0}
565.0,HR,135,NEUTRAL,OK,hr_present,{age_s=0.0}
565.0,CADENCE,65,GREEN,OK,preferred_low_cadence_band,{age_s=0.0}
565.0,GRADE,0.0,GRAY,STALE,grade_stale,"{age_s=266.0, grade_display=0.0}"
565.0,GEAR,WAIT,GRAY,NO_DATA,missing_gear,{}
566.0,SPEED,14.0,AMBER,OK,below_reference,"{reference_kmh=19.325088339222347, age_s=0.0}"
566.0,POWER,170,NEUTRAL,OK,power_present,{age_s=0.0}
566.0,HR,135,NEUTRAL,OK,hr_present,{age_s=0.0}
566.0,CADENCE,65,GREEN,OK,preferred_low_cadence_band,{age_s=0.0}
566.0,GRADE,0.0,GRAY,STALE,grade_stale,"{age_s=267.0, grade_display=0.0}"
566.0,GEAR,WAIT,GRAY,NO_DATA,missing_gear,{}
567.0,SPEED,14.0,AMBER,OK,below_reference,"{reference_kmh=19.315696649029714, age_s=0.0}"
567.0,POWER,170,NEUTRAL,OK,power_present,{age_s=0.0}
567.0,HR,135,NEUTRAL,OK,hr_present,{age_s=0.0}
567.0,CADENCE,65,GREEN,OK,preferred_low_cadence_band,{age_s=0.0}
567.0,GRADE,0.0,GRAY,STALE,grade_stale,"{age_s=268.0, grade_display=0.0}"
567.0,GEAR,WAIT,GRAY,NO_DATA,missing_gear,{}
568.0,SPEED,14.0,AMBER,OK,below_reference,"{reference_kmh=19.306338028168746, age_s=0.0}"
568.0,POWER,170,NEUTRAL,OK,power_present,{age_s=0.0}
568.0,HR,135,NEUTRAL,OK,hr_present,{age_s=0.0}
568.0,CADENCE,65,GREEN,OK,preferred_low_cadence_band,{age_s=0.0}
568.0,GRADE,0.0,GRAY,STALE,grade_stale,"{age_s=269.0, grade_display=0.0}"
568.0,GEAR,WAIT,GRAY,NO_DATA,missing_gear,{}
569.0,SPEED,14.0,AMBER,OK,below_reference,"{reference_kmh=19.29701230228444, age_s=0.0}"
569.0,POWER,170,NEUTRAL,OK,power_present,{age_s=0.0}
569.0,HR,135,NEUTRAL,OK,hr_present,{age_s=0.0}
569.0,CADENCE,65,GREEN,OK,preferred_low_cadence_band,{age_s=0.0}
569.0,GRADE,0.0,GRAY,STALE,grade_stale,"{age_s=270.0, grade_display=0.0}"
569.0,GEAR,WAIT,GRAY,NO_DATA,missing_gear,{}
570.0,SPEED,14.0,AMBER,OK,below_reference,"{reference_kmh=19.287719298245342, age_s=0.0}"
570.0,POWER,170,NEUTRAL,OK,power_present,{age_s=0.0}
570.0,HR,135,NEUTRAL,OK,hr_present,{age_s=0.0}
570.0,CADENCE,65,GREEN,OK,preferred_low_cadence_band,{age_s=0.0}
570.0,GRADE,0.0,GRAY,STALE,grade_stale,"{age_s=271.0, grade_display=0.0}"
570.0,GEAR,WAIT,GRAY,NO_DATA,missing_gear,{}
571.0,SPEED,14.0,AMBER,OK,below_reference,"{reference_kmh=19.278458844132825, age_s=0.0}"
571.0,POWER,170,NEUTRAL,OK,power_present,{age_s=0.0}
571.0,HR,135,NEUTRAL,OK,hr_present,{age_s=0.0}
571.0,CADENCE,65,GREEN,OK,preferred_low_cadence_band,{age_s=0.0}
571.0,GRADE,0.0,GRAY,STALE,grade_stale,"{age_s=272.0, grade_display=0.0}"
571.0,GEAR,WAIT,GRAY,NO_DATA,missing_gear,{}
572.0,SPEED,14.0,AMBER,OK,below_reference,"{reference_kmh=19.269230769230496, age_s=0.0}"
572.0,POWER,170,NEUTRAL,OK,power_present,{age_s=0.0}
572.0,HR,135,NEUTRAL,OK,hr_present,{age_s=0.0}
572.0,CADENCE,65,GREEN,OK,preferred_low_cadence_band,{age_s=0.0}
572.0,GRADE,0.0,GRAY,STALE,grade_stale,"{age_s=273.0, grade_display=0.0}"
572.0,GEAR,WAIT,GRAY,NO_DATA,missing_gear,{}
573.0,SPEED,14.0,AMBER,OK,below_reference,"{reference_kmh=19.260034904013686, age_s=0.0}"
573.0,POWER,170,NEUTRAL,OK,power_present,{age_s=0.0}
573.0,HR,135,NEUTRAL,OK,hr_present,{age_s=0.0}
573.0,CADENCE,65,GREEN,OK,preferred_low_cadence_band,{age_s=0.0}
573.0,GRADE,0.0,GRAY,STALE,grade_stale,"{age_s=274.0, grade_display=0.0}"
573.0,GEAR,WAIT,GRAY,NO_DATA,missing_gear,{}
574.0,SPEED,14.0,AMBER,OK,below_reference,"{reference_kmh=19.2508710801391, age_s=0.0}"
574.0,POWER,170,NEUTRAL,OK,power_present,{age_s=0.0}
574.0,HR,135,NEUTRAL,OK,hr_present,{age_s=0.0}
574.0,CADENCE,65,GREEN,OK,preferred_low_cadence_band,{age_s=0.0}
574.0,GRADE,0.0,GRAY,STALE,grade_stale,"{age_s=275.0, grade_display=0.0}"
574.0,GEAR,WAIT,GRAY,NO_DATA,missing_gear,{}
575.0,SPEED,14.0,AMBER,OK,below_reference,"{reference_kmh=19.241739130434507, age_s=0.0}"
575.0,POWER,170,NEUTRAL,OK,power_present,{age_s=0.0}
575.0,HR,135,NEUTRAL,OK,hr_present,{age_s=0.0}
575.0,CADENCE,65,GREEN,OK,preferred_low_cadence_band,{age_s=0.0}
575.0,GRADE,0.0,GRAY,STALE,grade_stale,"{age_s=276.0, grade_display=0.0}"
575.0,GEAR,WAIT,GRAY,NO_DATA,missing_gear,{}
576.0,SPEED,14.0,AMBER,OK,below_reference,"{reference_kmh=19.232638888888612, age_s=0.0}"
576.0,POWER,170,NEUTRAL,OK,power_present,{age_s=0.0}
576.0,HR,135,NEUTRAL,OK,hr_present,{age_s=0.0}
576.0,CADENCE,65,GREEN,OK,preferred_low_cadence_band,{age_s=0.0}
576.0,GRADE,0.0,GRAY,STALE,grade_stale,"{age_s=277.0, grade_display=0.0}"
576.0,GEAR,WAIT,GRAY,NO_DATA,missing_gear,{}
577.0,SPEED,14.0,AMBER,OK,below_reference,"{reference_kmh=19.223570190640974, age_s=0.0}"
577.0,POWER,170,NEUTRAL,OK,power_present,{age_s=0.0}
577.0,HR,135,NEUTRAL,OK,hr_present,{age_s=0.0}
577.0,CADENCE,65,GREEN,OK,preferred_low_cadence_band,{age_s=0.0}
577.0,GRADE,0.0,GRAY,STALE,grade_stale,"{age_s=278.0, grade_display=0.0}"
577.0,GEAR,WAIT,GRAY,NO_DATA,missing_gear,{}
578.0,SPEED,14.0,AMBER,OK,below_reference,"{reference_kmh=19.21453287197204, age_s=0.0}"
578.0,POWER,170,NEUTRAL,OK,power_present,{age_s=0.0}
578.0,HR,135,NEUTRAL,OK,hr_present,{age_s=0.0}
578.0,CADENCE,65,GREEN,OK,preferred_low_cadence_band,{age_s=0.0}
578.0,GRADE,0.0,GRAY,STALE,grade_stale,"{age_s=279.0, grade_display=0.0}"
578.0,GEAR,WAIT,GRAY,NO_DATA,missing_gear,{}
579.0,SPEED,14.0,AMBER,OK,below_reference,"{reference_kmh=19.205526770293332, age_s=0.0}"
579.0,POWER,170,NEUTRAL,OK,power_present,{age_s=0.0}
579.0,HR,135,NEUTRAL,OK,hr_present,{age_s=0.0}
579.0,CADENCE,65,GREEN,OK,preferred_low_cadence_band,{age_s=0.0}
579.0,GRADE,0.0,GRAY,STALE,grade_stale,"{age_s=280.0, grade_display=0.0}"
579.0,GEAR,WAIT,GRAY,NO_DATA,missing_gear,{}
580.0,SPEED,14.0,AMBER,OK,below_reference,"{reference_kmh=19.19655172413765, age_s=0.0}"
580.0,POWER,170,NEUTRAL,OK,power_present,{age_s=0.0}
580.0,HR,135,NEUTRAL,OK,hr_present,{age_s=0.0}
580.0,CADENCE,65,GREEN,OK,preferred_low_cadence_band,{age_s=0.0}
580.0,GRADE,0.0,GRAY,STALE,grade_stale,"{age_s=281.0, grade_display=0.0}"
580.0,GEAR,WAIT,GRAY,NO_DATA,missing_gear,{}
581.0,SPEED,14.0,AMBER,OK,below_reference,"{reference_kmh=19.18760757314946, age_s=0.0}"
581.0,POWER,170,NEUTRAL,OK,power_present,{age_s=0.0}
581.0,HR,135,NEUTRAL,OK,hr_present,{age_s=0.0}
581.0,CADENCE,65,GREEN,OK,preferred_low_cadence_band,{age_s=0.0}
581.0,GRADE,0.0,GRAY,STALE,grade_stale,"{age_s=282.0, grade_display=0.0}"
581.0,GEAR,WAIT,GRAY,NO_DATA,missing_gear,{}
582.0,SPEED,14.0,AMBER,OK,below_reference,"{reference_kmh=19.17869415807532, age_s=0.0}"
582.0,POWER,170,NEUTRAL,OK,power_present,{age_s=0.0}
582.0,HR,135,NEUTRAL,OK,hr_present,{age_s=0.0}
582.0,CADENCE,65,GREEN,OK,preferred_low_cadence_band,{age_s=0.0}
582.0,GRADE,0.0,GRAY,STALE,grade_stale,"{age_s=283.0, grade_display=0.0}"
582.0,GEAR,WAIT,GRAY,NO_DATA,missing_gear,{}
583.0,SPEED,14.0,AMBER,OK,below_reference,"{reference_kmh=19.169811320754437, age_s=0.0}"
583.0,POWER,170,NEUTRAL,OK,power_present,{age_s=0.0}
583.0,HR,135,NEUTRAL,OK,hr_present,{age_s=0.0}
583.0,CADENCE,65,GREEN,OK,preferred_low_cadence_band,{age_s=0.0}
583.0,GRADE,0.0,GRAY,STALE,grade_stale,"{age_s=284.0, grade_display=0.0}"
583.0,GEAR,WAIT,GRAY,NO_DATA,missing_gear,{}
584.0,SPEED,14.0,AMBER,OK,below_reference,"{reference_kmh=19.160958904109307, age_s=0.0}"
584.0,POWER,170,NEUTRAL,OK,power_present,{age_s=0.0}
584.0,HR,135,NEUTRAL,OK,hr_present,{age_s=0.0}
584.0,CADENCE,65,GREEN,OK,preferred_low_cadence_band,{age_s=0.0}
584.0,GRADE,0.0,GRAY,STALE,grade_stale,"{age_s=285.0, grade_display=0.0}"
584.0,GEAR,WAIT,GRAY,NO_DATA,missing_gear,{}
585.0,SPEED,14.0,AMBER,OK,below_reference,"{reference_kmh=19.152136752136467, age_s=0.0}"
585.0,POWER,170,NEUTRAL,OK,power_present,{age_s=0.0}
585.0,HR,135,NEUTRAL,OK,hr_present,{age_s=0.0}
585.0,CADENCE,65,GREEN,OK,preferred_low_cadence_band,{age_s=0.0}
585.0,GRADE,0.0,GRAY,STALE,grade_stale,"{age_s=286.0, grade_display=0.0}"
585.0,GEAR,WAIT,GRAY,NO_DATA,missing_gear,{}
586.0,SPEED,14.0,AMBER,OK,below_reference,"{reference_kmh=19.143344709897328, age_s=0.0}"
586.0,POWER,170,NEUTRAL,OK,power_present,{age_s=0.0}
586.0,HR,135,NEUTRAL,OK,hr_present,{age_s=0.0}
586.0,CADENCE,65,GREEN,OK,preferred_low_cadence_band,{age_s=0.0}
586.0,GRADE,0.0,GRAY,STALE,grade_stale,"{age_s=287.0, grade_display=0.0}"
586.0,GEAR,WAIT,GRAY,NO_DATA,missing_gear,{}
587.0,SPEED,14.0,AMBER,OK,below_reference,"{reference_kmh=19.134582623509083, age_s=0.0}"
587.0,POWER,170,NEUTRAL,OK,power_present,{age_s=0.0}
587.0,HR,135,NEUTRAL,OK,hr_present,{age_s=0.0}
587.0,CADENCE,65,GREEN,OK,preferred_low_cadence_band,{age_s=0.0}
587.0,GRADE,0.0,GRAY,STALE,grade_stale,"{age_s=288.0, grade_display=0.0}"
587.0,GEAR,WAIT,GRAY,NO_DATA,missing_gear,{}
588.0,SPEED,14.0,AMBER,OK,below_reference,"{reference_kmh=19.125850340135766, age_s=0.0}"
588.0,POWER,170,NEUTRAL,OK,power_present,{age_s=0.0}
588.0,HR,135,NEUTRAL,OK,hr_present,{age_s=0.0}
588.0,CADENCE,65,GREEN,OK,preferred_low_cadence_band,{age_s=0.0}
588.0,GRADE,0.0,GRAY,STALE,grade_stale,"{age_s=289.0, grade_display=0.0}"
588.0,GEAR,WAIT,GRAY,NO_DATA,missing_gear,{}
589.0,SPEED,14.0,AMBER,OK,below_reference,"{reference_kmh=19.11714770797934, age_s=0.0}"
589.0,POWER,170,NEUTRAL,OK,power_present,{age_s=0.0}
589.0,HR,135,NEUTRAL,OK,hr_present,{age_s=0.0}
589.0,CADENCE,65,GREEN,OK,preferred_low_cadence_band,{age_s=0.0}
589.0,GRADE,0.0,GRAY,STALE,grade_stale,"{age_s=290.0, grade_display=0.0}"
589.0,GEAR,WAIT,GRAY,NO_DATA,missing_gear,{}
590.0,SPEED,14.0,AMBER,OK,below_reference,"{reference_kmh=19.1084745762709, age_s=0.0}"
590.0,POWER,170,NEUTRAL,OK,power_present,{age_s=0.0}
590.0,HR,135,NEUTRAL,OK,hr_present,{age_s=0.0}
590.0,CADENCE,65,GREEN,OK,preferred_low_cadence_band,{age_s=0.0}
590.0,GRADE,0.0,GRAY,STALE,grade_stale,"{age_s=291.0, grade_display=0.0}"
590.0,GEAR,WAIT,GRAY,NO_DATA,missing_gear,{}
591.0,SPEED,14.0,AMBER,OK,below_reference,"{reference_kmh=19.09983079526198, age_s=0.0}"
591.0,POWER,170,NEUTRAL,OK,power_present,{age_s=0.0}
591.0,HR,135,NEUTRAL,OK,hr_present,{age_s=0.0}
591.0,CADENCE,65,GREEN,OK,preferred_low_cadence_band,{age_s=0.0}
591.0,GRADE,0.0,GRAY,STALE,grade_stale,"{age_s=292.0, grade_display=0.0}"
591.0,GEAR,WAIT,GRAY,NO_DATA,missing_gear,{}
592.0,SPEED,14.0,AMBER,OK,below_reference,"{reference_kmh=19.091216216215926, age_s=0.0}"
592.0,POWER,170,NEUTRAL,OK,power_present,{age_s=0.0}
592.0,HR,135,NEUTRAL,OK,hr_present,{age_s=0.0}
592.0,CADENCE,65,GREEN,OK,preferred_low_cadence_band,{age_s=0.0}
592.0,GRADE,0.0,GRAY,STALE,grade_stale,"{age_s=293.0, grade_display=0.0}"
592.0,GEAR,WAIT,GRAY,NO_DATA,missing_gear,{}
593.0,SPEED,14.0,AMBER,OK,below_reference,"{reference_kmh=19.082630691399373, age_s=0.0}"
593.0,POWER,170,NEUTRAL,OK,power_present,{age_s=0.0}
593.0,HR,135,NEUTRAL,OK,hr_present,{age_s=0.0}
593.0,CADENCE,65,GREEN,OK,preferred_low_cadence_band,{age_s=0.0}
593.0,GRADE,0.0,GRAY,STALE,grade_stale,"{age_s=294.0, grade_display=0.0}"
593.0,GEAR,WAIT,GRAY,NO_DATA,missing_gear,{}
594.0,SPEED,14.0,AMBER,OK,below_reference,"{reference_kmh=19.074074074073785, age_s=0.0}"
594.0,POWER,170,NEUTRAL,OK,power_present,{age_s=0.0}
594.0,HR,135,NEUTRAL,OK,hr_present,{age_s=0.0}
594.0,CADENCE,65,GREEN,OK,preferred_low_cadence_band,{age_s=0.0}
594.0,GRADE,0.0,GRAY,STALE,grade_stale,"{age_s=295.0, grade_display=0.0}"
594.0,GEAR,WAIT,GRAY,NO_DATA,missing_gear,{}
595.0,SPEED,14.0,AMBER,OK,below_reference,"{reference_kmh=19.065546218487107, age_s=0.0}"
595.0,POWER,170,NEUTRAL,OK,power_present,{age_s=0.0}
595.0,HR,135,NEUTRAL,OK,hr_present,{age_s=0.0}
595.0,CADENCE,65,GREEN,OK,preferred_low_cadence_band,{age_s=0.0}
595.0,GRADE,0.0,GRAY,STALE,grade_stale,"{age_s=296.0, grade_display=0.0}"
595.0,GEAR,WAIT,GRAY,NO_DATA,missing_gear,{}
596.0,SPEED,14.0,AMBER,OK,below_reference,"{reference_kmh=19.05704697986548, age_s=0.0}"
596.0,POWER,170,NEUTRAL,OK,power_present,{age_s=0.0}
596.0,HR,135,NEUTRAL,OK,hr_present,{age_s=0.0}
596.0,CADENCE,65,GREEN,OK,preferred_low_cadence_band,{age_s=0.0}
596.0,GRADE,0.0,GRAY,STALE,grade_stale,"{age_s=297.0, grade_display=0.0}"
596.0,GEAR,WAIT,GRAY,NO_DATA,missing_gear,{}
597.0,SPEED,14.0,AMBER,OK,below_reference,"{reference_kmh=19.048576214405067, age_s=0.0}"
597.0,POWER,170,NEUTRAL,OK,power_present,{age_s=0.0}
597.0,HR,135,NEUTRAL,OK,hr_present,{age_s=0.0}
597.0,CADENCE,65,GREEN,OK,preferred_low_cadence_band,{age_s=0.0}
597.0,GRADE,0.0,GRAY,STALE,grade_stale,"{age_s=298.0, grade_display=0.0}"
597.0,GEAR,WAIT,GRAY,NO_DATA,missing_gear,{}
598.0,SPEED,14.0,AMBER,OK,below_reference,"{reference_kmh=19.040133779263922, age_s=0.0}"
598.0,POWER,170,NEUTRAL,OK,power_present,{age_s=0.0}
598.0,HR,135,NEUTRAL,OK,hr_present,{age_s=0.0}
598.0,CADENCE,65,GREEN,OK,preferred_low_cadence_band,{age_s=0.0}
598.0,GRADE,0.0,GRAY,STALE,grade_stale,"{age_s=299.0, grade_display=0.0}"
598.0,GEAR,WAIT,GRAY,NO_DATA,missing_gear,{}
599.0,SPEED,14.0,AMBER,OK,below_reference,"{reference_kmh=19.03171953255396, age_s=0.0}"
599.0,POWER,170,NEUTRAL,OK,power_present,{age_s=0.0}
599.0,HR,135,NEUTRAL,OK,hr_present,{age_s=0.0}
599.0,CADENCE,65,GREEN,OK,preferred_low_cadence_band,{age_s=0.0}
599.0,GRADE,0.0,GRAY,STALE,grade_stale,"{age_s=300.0, grade_display=0.0}"
599.0,GEAR,WAIT,GRAY,NO_DATA,missing_gear,{}
600.0,SPEED,30.0,GREEN,OK,above_reference,"{reference_kmh=19.04999999999971, age_s=0.0}"
600.0,POWER,170,NEUTRAL,OK,power_present,{age_s=0.0}
600.0,HR,135,NEUTRAL,OK,hr_present,{age_s=0.0}
600.0,CADENCE,65,GREEN,OK,preferred_low_cadence_band,{age_s=0.0}
600.0,GRADE,-6,BLUE,OK,descent,"{grade_raw=-6.0, grade_display=-6.0}"
600.0,GEAR,WAIT,GRAY,NO_DATA,missing_gear,{}
601.0,SPEED,30.0,GREEN,OK,above_reference,"{reference_kmh=19.068219633943137, age_s=0.0}"
601.0,POWER,170,NEUTRAL,OK,power_present,{age_s=0.0}
601.0,HR,135,NEUTRAL,OK,hr_present,{age_s=0.0}
601.0,CADENCE,65,GREEN,OK,preferred_low_cadence_band,{age_s=0.0}
601.0,GRADE,-6,BLUE,OK,descent,"{grade_raw=-6.0, grade_display=-6.0}"
601.0,GEAR,WAIT,GRAY,NO_DATA,missing_gear,{}
602.0,SPEED,30.0,GREEN,OK,above_reference,"{reference_kmh=19.086378737541242, age_s=0.0}"
602.0,POWER,170,NEUTRAL,OK,power_present,{age_s=0.0}
602.0,HR,135,NEUTRAL,OK,hr_present,{age_s=0.0}
602.0,CADENCE,65,GREEN,OK,preferred_low_cadence_band,{age_s=0.0}
602.0,GRADE,-6,BLUE,OK,descent,"{grade_raw=-6.0, grade_display=-6.0}"
602.0,GEAR,WAIT,GRAY,NO_DATA,missing_gear,{}
603.0,SPEED,30.0,GREEN,OK,above_reference,"{reference_kmh=19.10447761194001, age_s=0.0}"
603.0,POWER,170,NEUTRAL,OK,power_present,{age_s=0.0}
603.0,HR,135,NEUTRAL,OK,hr_present,{age_s=0.0}
603.0,CADENCE,65,GREEN,OK,preferred_low_cadence_band,{age_s=0.0}
603.0,GRADE,-6,BLUE,OK,descent,"{grade_raw=-6.0, grade_display=-6.0}"
603.0,GEAR,WAIT,GRAY,NO_DATA,missing_gear,{}
604.0,SPEED,30.0,GREEN,OK,above_reference,"{reference_kmh=19.122516556291103, age_s=0.0}"
604.0,POWER,170,NEUTRAL,OK,power_present,{age_s=0.0}
604.0,HR,135,NEUTRAL,OK,hr_present,{age_s=0.0}
604.0,CADENCE,65,GREEN,OK,preferred_low_cadence_band,{age_s=0.0}
604.0,GRADE,-6,BLUE,OK,descent,"{grade_raw=-6.0, grade_display=-6.0}"
604.0,GEAR,WAIT,GRAY,NO_DATA,missing_gear,{}
605.0,SPEED,30.0,GREEN,OK,above_reference,"{reference_kmh=19.14049586776831, age_s=0.0}"
605.0,POWER,170,NEUTRAL,OK,power_present,{age_s=0.0}
605.0,HR,135,NEUTRAL,OK,hr_present,{age_s=0.0}
605.0,CADENCE,65,GREEN,OK,preferred_low_cadence_band,{age_s=0.0}
605.0,GRADE,-6,BLUE,OK,descent,"{grade_raw=-6.0, grade_display=-6.0}"
605.0,GEAR,WAIT,GRAY,NO_DATA,missing_gear,{}
606.0,SPEED,30.0,GREEN,OK,above_reference,"{reference_kmh=19.158415841583874, age_s=0.0}"
606.0,POWER,170,NEUTRAL,OK,power_present,{age_s=0.0}
606.0,HR,135,NEUTRAL,OK,hr_present,{age_s=0.0}
606.0,CADENCE,65,GREEN,OK,preferred_low_cadence_band,{age_s=0.0}
606.0,GRADE,-6,BLUE,OK,descent,"{grade_raw=-6.0, grade_display=-6.0}"
606.0,GEAR,WAIT,GRAY,NO_DATA,missing_gear,{}
607.0,SPEED,30.0,GREEN,OK,above_reference,"{reference_kmh=19.176276771004662, age_s=0.0}"
607.0,POWER,170,NEUTRAL,OK,power_present,{age_s=0.0}
607.0,HR,135,NEUTRAL,OK,hr_present,{age_s=0.0}
607.0,CADENCE,65,GREEN,OK,preferred_low_cadence_band,{age_s=0.0}
607.0,GRADE,-6,BLUE,OK,descent,"{grade_raw=-6.0, grade_display=-6.0}"
607.0,GEAR,WAIT,GRAY,NO_DATA,missing_gear,{}
608.0,SPEED,30.0,GREEN,OK,above_reference,"{reference_kmh=19.19407894736814, age_s=0.0}"
608.0,POWER,170,NEUTRAL,OK,power_present,{age_s=0.0}
608.0,HR,135,NEUTRAL,OK,hr_present,{age_s=0.0}
608.0,CADENCE,65,GREEN,OK,preferred_low_cadence_band,{age_s=0.0}
608.0,GRADE,-6,BLUE,OK,descent,"{grade_raw=-6.0, grade_display=-6.0}"
608.0,GEAR,WAIT,GRAY,NO_DATA,missing_gear,{}
609.0,SPEED,30.0,GREEN,OK,above_reference,"{reference_kmh=19.211822660098246, age_s=0.0}"
609.0,POWER,170,NEUTRAL,OK,power_present,{age_s=0.0}
609.0,HR,135,NEUTRAL,OK,hr_present,{age_s=0.0}
609.0,CADENCE,65,GREEN,OK,preferred_low_cadence_band,{age_s=0.0}
609.0,GRADE,-6,BLUE,OK,descent,"{grade_raw=-6.0, grade_display=-6.0}"
609.0,GEAR,WAIT,GRAY,NO_DATA,missing_gear,{}
610.0,SPEED,30.0,GREEN,OK,above_reference,"{reference_kmh=19.22950819672103, age_s=0.0}"
610.0,POWER,170,NEUTRAL,OK,power_present,{age_s=0.0}
610.0,HR,135,NEUTRAL,OK,hr_present,{age_s=0.0}
610.0,CADENCE,65,GREEN,OK,preferred_low_cadence_band,{age_s=0.0}
610.0,GRADE,-6,BLUE,OK,descent,"{grade_raw=-6.0, grade_display=-6.0}"
610.0,GEAR,WAIT,GRAY,NO_DATA,missing_gear,{}
611.0,SPEED,30.0,GREEN,OK,above_reference,"{reference_kmh=19.247135842880247, age_s=0.0}"
611.0,POWER,170,NEUTRAL,OK,power_present,{age_s=0.0}
611.0,HR,135,NEUTRAL,OK,hr_present,{age_s=0.0}
611.0,CADENCE,65,GREEN,OK,preferred_low_cadence_band,{age_s=0.0}
611.0,GRADE,-6,BLUE,OK,descent,"{grade_raw=-6.0, grade_display=-6.0}"
611.0,GEAR,WAIT,GRAY,NO_DATA,missing_gear,{}
612.0,SPEED,30.0,GREEN,OK,above_reference,"{reference_kmh=19.264705882352665, age_s=0.0}"
612.0,POWER,170,NEUTRAL,OK,power_present,{age_s=0.0}
612.0,HR,135,NEUTRAL,OK,hr_present,{age_s=0.0}
612.0,CADENCE,65,GREEN,OK,preferred_low_cadence_band,{age_s=0.0}
612.0,GRADE,-6,BLUE,OK,descent,"{grade_raw=-6.0, grade_display=-6.0}"
612.0,GEAR,WAIT,GRAY,NO_DATA,missing_gear,{}
613.0,SPEED,30.0,GREEN,OK,above_reference,"{reference_kmh=19.28221859706335, age_s=0.0}"
613.0,POWER,170,NEUTRAL,OK,power_present,{age_s=0.0}
613.0,HR,135,NEUTRAL,OK,hr_present,{age_s=0.0}
613.0,CADENCE,65,GREEN,OK,preferred_low_cadence_band,{age_s=0.0}
613.0,GRADE,-6,BLUE,OK,descent,"{grade_raw=-6.0, grade_display=-6.0}"
613.0,GEAR,WAIT,GRAY,NO_DATA,missing_gear,{}
614.0,SPEED,30.0,GREEN,OK,above_reference,"{reference_kmh=19.299674267100706, age_s=0.0}"
614.0,POWER,170,NEUTRAL,OK,power_present,{age_s=0.0}
614.0,HR,135,NEUTRAL,OK,hr_present,{age_s=0.0}
614.0,CADENCE,65,GREEN,OK,preferred_low_cadence_band,{age_s=0.0}
614.0,GRADE,-6,BLUE,OK,descent,"{grade_raw=-6.0, grade_display=-6.0}"
614.0,GEAR,WAIT,GRAY,NO_DATA,missing_gear,{}
615.0,SPEED,30.0,GREEN,OK,above_reference,"{reference_kmh=19.317073170731437, age_s=0.0}"
615.0,POWER,170,NEUTRAL,OK,power_present,{age_s=0.0}
615.0,HR,135,NEUTRAL,OK,hr_present,{age_s=0.0}
615.0,CADENCE,65,GREEN,OK,preferred_low_cadence_band,{age_s=0.0}
615.0,GRADE,-6,BLUE,OK,descent,"{grade_raw=-6.0, grade_display=-6.0}"
615.0,GEAR,WAIT,GRAY,NO_DATA,missing_gear,{}
616.0,SPEED,30.0,GREEN,OK,above_reference,"{reference_kmh=19.334415584415314, age_s=0.0}"
616.0,POWER,170,NEUTRAL,OK,power_present,{age_s=0.0}
616.0,HR,135,NEUTRAL,OK,hr_present,{age_s=0.0}
616.0,CADENCE,65,GREEN,OK,preferred_low_cadence_band,{age_s=0.0}
616.0,GRADE,-6,BLUE,OK,descent,"{grade_raw=-6.0, grade_display=-6.0}"
616.0,GEAR,WAIT,GRAY,NO_DATA,missing_gear,{}
617.0,SPEED,30.0,GREEN,OK,above_reference,"{reference_kmh=19.351701782819827, age_s=0.0}"
617.0,POWER,170,NEUTRAL,OK,power_present,{age_s=0.0}
617.0,HR,135,NEUTRAL,OK,hr_present,{age_s=0.0}
617.0,CADENCE,65,GREEN,OK,preferred_low_cadence_band,{age_s=0.0}
617.0,GRADE,-6,BLUE,OK,descent,"{grade_raw=-6.0, grade_display=-6.0}"
617.0,GEAR,WAIT,GRAY,NO_DATA,missing_gear,{}
618.0,SPEED,30.0,GREEN,OK,above_reference,"{reference_kmh=19.368932038834686, age_s=0.0}"
618.0,POWER,170,NEUTRAL,OK,power_present,{age_s=0.0}
618.0,HR,135,NEUTRAL,OK,hr_present,{age_s=0.0}
618.0,CADENCE,65,GREEN,OK,preferred_low_cadence_band,{age_s=0.0}
618.0,GRADE,-6,BLUE,OK,descent,"{grade_raw=-6.0, grade_display=-6.0}"
618.0,GEAR,WAIT,GRAY,NO_DATA,missing_gear,{}
619.0,SPEED,30.0,GREEN,OK,above_reference,"{reference_kmh=19.386106623586162, age_s=0.0}"
619.0,POWER,170,NEUTRAL,OK,power_present,{age_s=0.0}
619.0,HR,135,NEUTRAL,OK,hr_present,{age_s=0.0}
619.0,CADENCE,65,GREEN,OK,preferred_low_cadence_band,{age_s=0.0}
619.0,GRADE,-6,BLUE,OK,descent,"{grade_raw=-6.0, grade_display=-6.0}"
619.0,GEAR,WAIT,GRAY,NO_DATA,missing_gear,{}
620.0,SPEED,30.0,GREEN,OK,above_reference,"{reference_kmh=19.40322580645135, age_s=0.0}"
620.0,POWER,170,NEUTRAL,OK,power_present,{age_s=0.0}
620.0,HR,135,NEUTRAL,OK,hr_present,{age_s=0.0}
620.0,CADENCE,65,GREEN,OK,preferred_low_cadence_band,{age_s=0.0}
620.0,GRADE,-6,BLUE,OK,descent,"{grade_raw=-6.0, grade_display=-6.0}"
620.0,GEAR,WAIT,GRAY,NO_DATA,missing_gear,{}
621.0,SPEED,30.0,GREEN,OK,above_reference,"{reference_kmh=19.420289855072202, age_s=0.0}"
621.0,POWER,170,NEUTRAL,OK,power_present,{age_s=0.0}
621.0,HR,135,NEUTRAL,OK,hr_present,{age_s=0.0}
621.0,CADENCE,65,GREEN,OK,preferred_low_cadence_band,{age_s=0.0}
621.0,GRADE,-6,BLUE,OK,descent,"{grade_raw=-6.0, grade_display=-6.0}"
621.0,GEAR,WAIT,GRAY,NO_DATA,missing_gear,{}
622.0,SPEED,30.0,GREEN,OK,above_reference,"{reference_kmh=19.437299035369513, age_s=0.0}"
622.0,POWER,170,NEUTRAL,OK,power_present,{age_s=0.0}
622.0,HR,135,NEUTRAL,OK,hr_present,{age_s=0.0}
622.0,CADENCE,65,GREEN,OK,preferred_low_cadence_band,{age_s=0.0}
622.0,GRADE,-6,BLUE,OK,descent,"{grade_raw=-6.0, grade_display=-6.0}"
622.0,GEAR,WAIT,GRAY,NO_DATA,missing_gear,{}
623.0,SPEED,30.0,GREEN,OK,above_reference,"{reference_kmh=19.454253611556723, age_s=0.0}"
623.0,POWER,170,NEUTRAL,OK,power_present,{age_s=0.0}
623.0,HR,135,NEUTRAL,OK,hr_present,{age_s=0.0}
623.0,CADENCE,65,GREEN,OK,preferred_low_cadence_band,{age_s=0.0}
623.0,GRADE,-6,BLUE,OK,descent,"{grade_raw=-6.0, grade_display=-6.0}"
623.0,GEAR,WAIT,GRAY,NO_DATA,missing_gear,{}
624.0,SPEED,30.0,GREEN,OK,above_reference,"{reference_kmh=19.471153846153587, age_s=0.0}"
624.0,POWER,170,NEUTRAL,OK,power_present,{age_s=0.0}
624.0,HR,135,NEUTRAL,OK,hr_present,{age_s=0.0}
624.0,CADENCE,65,GREEN,OK,preferred_low_cadence_band,{age_s=0.0}
624.0,GRADE,-6,BLUE,OK,descent,"{grade_raw=-6.0, grade_display=-6.0}"
624.0,GEAR,WAIT,GRAY,NO_DATA,missing_gear,{}
625.0,SPEED,30.0,GREEN,OK,above_reference,"{reference_kmh=19.487999999999744, age_s=0.0}"
625.0,POWER,170,NEUTRAL,OK,power_present,{age_s=0.0}
625.0,HR,135,NEUTRAL,OK,hr_present,{age_s=0.0}
625.0,CADENCE,65,GREEN,OK,preferred_low_cadence_band,{age_s=0.0}
625.0,GRADE,-6,BLUE,OK,descent,"{grade_raw=-6.0, grade_display=-6.0}"
625.0,GEAR,WAIT,GRAY,NO_DATA,missing_gear,{}
626.0,SPEED,30.0,GREEN,OK,above_reference,"{reference_kmh=19.50479233226811, age_s=0.0}"
626.0,POWER,170,NEUTRAL,OK,power_present,{age_s=0.0}
626.0,HR,135,NEUTRAL,OK,hr_present,{age_s=0.0}
626.0,CADENCE,65,GREEN,OK,preferred_low_cadence_band,{age_s=0.0}
626.0,GRADE,-6,BLUE,OK,descent,"{grade_raw=-6.0, grade_display=-6.0}"
626.0,GEAR,WAIT,GRAY,NO_DATA,missing_gear,{}
627.0,SPEED,30.0,GREEN,OK,above_reference,"{reference_kmh=19.521531100478214, age_s=0.0}"
627.0,POWER,170,NEUTRAL,OK,power_present,{age_s=0.0}
627.0,HR,135,NEUTRAL,OK,hr_present,{age_s=0.0}
627.0,CADENCE,65,GREEN,OK,preferred_low_cadence_band,{age_s=0.0}
627.0,GRADE,-6,BLUE,OK,descent,"{grade_raw=-6.0, grade_display=-6.0}"
627.0,GEAR,WAIT,GRAY,NO_DATA,missing_gear,{}
628.0,SPEED,30.0,GREEN,OK,above_reference,"{reference_kmh=19.538216560509298, age_s=0.0}"
628.0,POWER,170,NEUTRAL,OK,power_present,{age_s=0.0}
628.0,HR,135,NEUTRAL,OK,hr_present,{age_s=0.0}
628.0,CADENCE,65,GREEN,OK,preferred_low_cadence_band,{age_s=0.0}
628.0,GRADE,-6,BLUE,OK,descent,"{grade_raw=-6.0, grade_display=-6.0}"
628.0,GEAR,WAIT,GRAY,NO_DATA,missing_gear,{}
629.0,SPEED,30.0,GREEN,OK,above_reference,"{reference_kmh=19.55484896661342, age_s=0.0}"
629.0,POWER,170,NEUTRAL,OK,power_present,{age_s=0.0}
629.0,HR,135,NEUTRAL,OK,hr_present,{age_s=0.0}
629.0,CADENCE,65,GREEN,OK,preferred_low_cadence_band,{age_s=0.0}
629.0,GRADE,-6,BLUE,OK,descent,"{grade_raw=-6.0, grade_display=-6.0}"
629.0,GEAR,WAIT,GRAY,NO_DATA,missing_gear,{}
630.0,SPEED,30.0,GREEN,OK,above_reference,"{reference_kmh=19.57142857142832, age_s=0.0}"
630.0,POWER,170,NEUTRAL,OK,power_present,{age_s=0.0}
630.0,HR,135,NEUTRAL,OK,hr_present,{age_s=0.0}
630.0,CADENCE,65,GREEN,OK,preferred_low_cadence_band,{age_s=0.0}
630.0,GRADE,-6,BLUE,OK,descent,"{grade_raw=-6.0, grade_display=-6.0}"
630.0,GEAR,WAIT,GRAY,NO_DATA,missing_gear,{}
631.0,SPEED,30.0,GREEN,OK,above_reference,"{reference_kmh=19.58795562599024, age_s=0.0}"
631.0,POWER,170,NEUTRAL,OK,power_present,{age_s=0.0}
631.0,HR,135,NEUTRAL,OK,hr_present,{age_s=0.0}
631.0,CADENCE,65,GREEN,OK,preferred_low_cadence_band,{age_s=0.0}
631.0,GRADE,-6,BLUE,OK,descent,"{grade_raw=-6.0, grade_display=-6.0}"
631.0,GEAR,WAIT,GRAY,NO_DATA,missing_gear,{}
632.0,SPEED,30.0,GREEN,OK,above_reference,"{reference_kmh=19.60443037974659, age_s=0.0}"
632.0,POWER,170,NEUTRAL,OK,power_present,{age_s=0.0}
632.0,HR,135,NEUTRAL,OK,hr_present,{age_s=0.0}
632.0,CADENCE,65,GREEN,OK,preferred_low_cadence_band,{age_s=0.0}
632.0,GRADE,-6,BLUE,OK,descent,"{grade_raw=-6.0, grade_display=-6.0}"
632.0,GEAR,WAIT,GRAY,NO_DATA,missing_gear,{}
633.0,SPEED,30.0,GREEN,OK,above_reference,"{reference_kmh=19.62085308056847, age_s=0.0}"
633.0,POWER,170,NEUTRAL,OK,power_present,{age_s=0.0}
633.0,HR,135,NEUTRAL,OK,hr_present,{age_s=0.0}
633.0,CADENCE,65,GREEN,OK,preferred_low_cadence_band,{age_s=0.0}
633.0,GRADE,-6,BLUE,OK,descent,"{grade_raw=-6.0, grade_display=-6.0}"
633.0,GEAR,WAIT,GRAY,NO_DATA,missing_gear,{}
634.0,SPEED,30.0,GREEN,OK,above_reference,"{reference_kmh=19.63722397476316, age_s=0.0}"
634.0,POWER,170,NEUTRAL,OK,power_present,{age_s=0.0}
634.0,HR,135,NEUTRAL,OK,hr_present,{age_s=0.0}
634.0,CADENCE,65,GREEN,OK,preferred_low_cadence_band,{age_s=0.0}
634.0,GRADE,-6,BLUE,OK,descent,"{grade_raw=-6.0, grade_display=-6.0}"
634.0,GEAR,WAIT,GRAY,NO_DATA,missing_gear,{}
635.0,SPEED,30.0,GREEN,OK,above_reference,"{reference_kmh=19.653543307086366, age_s=0.0}"
635.0,POWER,170,NEUTRAL,OK,power_present,{age_s=0.0}
635.0,HR,135,NEUTRAL,OK,hr_present,{age_s=0.0}
635.0,CADENCE,65,GREEN,OK,preferred_low_cadence_band,{age_s=0.0}
635.0,GRADE,-6,BLUE,OK,descent,"{grade_raw=-6.0, grade_display=-6.0}"
635.0,GEAR,WAIT,GRAY,NO_DATA,missing_gear,{}
636.0,SPEED,30.0,GREEN,OK,above_reference,"{reference_kmh=19.669811320754473, age_s=0.0}"
636.0,POWER,170,NEUTRAL,OK,power_present,{age_s=0.0}
636.0,HR,135,NEUTRAL,OK,hr_present,{age_s=0.0}
636.0,CADENCE,65,GREEN,OK,preferred_low_cadence_band,{age_s=0.0}
636.0,GRADE,-6,BLUE,OK,descent,"{grade_raw=-6.0, grade_display=-6.0}"
636.0,GEAR,WAIT,GRAY,NO_DATA,missing_gear,{}
637.0,SPEED,30.0,GREEN,OK,above_reference,"{reference_kmh=19.686028257456588, age_s=0.0}"
637.0,POWER,170,NEUTRAL,OK,power_present,{age_s=0.0}
637.0,HR,135,NEUTRAL,OK,hr_present,{age_s=0.0}
637.0,CADENCE,65,GREEN,OK,preferred_low_cadence_band,{age_s=0.0}
637.0,GRADE,-6,BLUE,OK,descent,"{grade_raw=-6.0, grade_display=-6.0}"
637.0,GEAR,WAIT,GRAY,NO_DATA,missing_gear,{}
638.0,SPEED,30.0,GREEN,OK,above_reference,"{reference_kmh=19.702194357366526, age_s=0.0}"
638.0,POWER,170,NEUTRAL,OK,power_present,{age_s=0.0}
638.0,HR,135,NEUTRAL,OK,hr_present,{age_s=0.0}
638.0,CADENCE,65,GREEN,OK,preferred_low_cadence_band,{age_s=0.0}
638.0,GRADE,-6,BLUE,OK,descent,"{grade_raw=-6.0, grade_display=-6.0}"
638.0,GEAR,WAIT,GRAY,NO_DATA,missing_gear,{}
639.0,SPEED,30.0,GREEN,OK,above_reference,"{reference_kmh=19.71830985915469, age_s=0.0}"
639.0,POWER,170,NEUTRAL,OK,power_present,{age_s=0.0}
639.0,HR,135,NEUTRAL,OK,hr_present,{age_s=0.0}
639.0,CADENCE,65,GREEN,OK,preferred_low_cadence_band,{age_s=0.0}
639.0,GRADE,-6,BLUE,OK,descent,"{grade_raw=-6.0, grade_display=-6.0}"
639.0,GEAR,WAIT,GRAY,NO_DATA,missing_gear,{}
640.0,SPEED,30.0,GREEN,OK,above_reference,"{reference_kmh=19.73437499999976, age_s=0.0}"
640.0,POWER,170,NEUTRAL,OK,power_present,{age_s=0.0}
640.0,HR,135,NEUTRAL,OK,hr_present,{age_s=0.0}
640.0,CADENCE,65,GREEN,OK,preferred_low_cadence_band,{age_s=0.0}
640.0,GRADE,-6,BLUE,OK,descent,"{grade_raw=-6.0, grade_display=-6.0}"
640.0,GEAR,WAIT,GRAY,NO_DATA,missing_gear,{}
641.0,SPEED,30.0,GREEN,OK,above_reference,"{reference_kmh=19.750390015600388, age_s=0.0}"
641.0,POWER,170,NEUTRAL,OK,power_present,{age_s=0.0}
641.0,HR,135,NEUTRAL,OK,hr_present,{age_s=0.0}
641.0,CADENCE,65,GREEN,OK,preferred_low_cadence_band,{age_s=0.0}
641.0,GRADE,-6,BLUE,OK,descent,"{grade_raw=-6.0, grade_display=-6.0}"
641.0,GEAR,WAIT,GRAY,NO_DATA,missing_gear,{}
642.0,SPEED,30.0,GREEN,OK,above_reference,"{reference_kmh=19.76635514018668, age_s=0.0}"
642.0,POWER,170,NEUTRAL,OK,power_present,{age_s=0.0}
642.0,HR,135,NEUTRAL,OK,hr_present,{age_s=0.0}
642.0,CADENCE,65,GREEN,OK,preferred_low_cadence_band,{age_s=0.0}
642.0,GRADE,-6,BLUE,OK,descent,"{grade_raw=-6.0, grade_display=-6.0}"
642.0,GEAR,WAIT,GRAY,NO_DATA,missing_gear,{}
643.0,SPEED,30.0,GREEN,OK,above_reference,"{reference_kmh=19.782270606531647, age_s=0.0}"
643.0,POWER,170,NEUTRAL,OK,power_present,{age_s=0.0}
643.0,HR,135,NEUTRAL,OK,hr_present,{age_s=0.0}
643.0,CADENCE,65,GREEN,OK,preferred_low_cadence_band,{age_s=0.0}
643.0,GRADE,-6,BLUE,OK,descent,"{grade_raw=-6.0, grade_display=-6.0}"
643.0,GEAR,WAIT,GRAY,NO_DATA,missing_gear,{}
644.0,SPEED,30.0,GREEN,OK,above_reference,"{reference_kmh=19.7981366459625, age_s=0.0}"
644.0,POWER,170,NEUTRAL,OK,power_present,{age_s=0.0}
644.0,HR,135,NEUTRAL,OK,hr_present,{age_s=0.0}
644.0,CADENCE,65,GREEN,OK,preferred_low_cadence_band,{age_s=0.0}
644.0,GRADE,-6,BLUE,OK,descent,"{grade_raw=-6.0, grade_display=-6.0}"
644.0,GEAR,WAIT,GRAY,NO_DATA,missing_gear,{}
645.0,SPEED,30.0,GREEN,OK,above_reference,"{reference_kmh=19.813953488371858, age_s=0.0}"
645.0,POWER,170,NEUTRAL,OK,power_present,{age_s=0.0}
645.0,HR,135,NEUTRAL,OK,hr_present,{age_s=0.0}
645.0,CADENCE,65,GREEN,OK,preferred_low_cadence_band,{age_s=0.0}
645.0,GRADE,-6,BLUE,OK,descent,"{grade_raw=-6.0, grade_display=-6.0}"
645.0,GEAR,WAIT,GRAY,NO_DATA,missing_gear,{}
646.0,SPEED,30.0,GREEN,OK,above_reference,"{reference_kmh=19.829721362228874, age_s=0.0}"
646.0,POWER,170,NEUTRAL,OK,power_present,{age_s=0.0}
646.0,HR,135,NEUTRAL,OK,hr_present,{age_s=0.0}
646.0,CADENCE,65,GREEN,OK,preferred_low_cadence_band,{age_s=0.0}
646.0,GRADE,-6,BLUE,OK,descent,"{grade_raw=-6.0, grade_display=-6.0}"
646.0,GEAR,WAIT,GRAY,NO_DATA,missing_gear,{}
647.0,SPEED,30.0,GREEN,OK,above_reference,"{reference_kmh=19.845440494590186, age_s=0.0}"
647.0,POWER,170,NEUTRAL,OK,power_present,{age_s=0.0}
647.0,HR,135,NEUTRAL,OK,hr_present,{age_s=0.0}
647.0,CADENCE,65,GREEN,OK,preferred_low_cadence_band,{age_s=0.0}
647.0,GRADE,-6,BLUE,OK,descent,"{grade_raw=-6.0, grade_display=-6.0}"
647.0,GEAR,WAIT,GRAY,NO_DATA,missing_gear,{}
648.0,SPEED,30.0,GREEN,OK,above_reference,"{reference_kmh=19.86111111111088, age_s=0.0}"
648.0,POWER,170,NEUTRAL,OK,power_present,{age_s=0.0}
648.0,HR,135,NEUTRAL,OK,hr_present,{age_s=0.0}
648.0,CADENCE,65,GREEN,OK,preferred_low_cadence_band,{age_s=0.0}
648.0,GRADE,-6,BLUE,OK,descent,"{grade_raw=-6.0, grade_display=-6.0}"
648.0,GEAR,WAIT,GRAY,NO_DATA,missing_gear,{}
649.0,SPEED,30.0,GREEN,OK,above_reference,"{reference_kmh=19.87673343605524, age_s=0.0}"
649.0,POWER,170,NEUTRAL,OK,power_present,{age_s=0.0}
649.0,HR,135,NEUTRAL,OK,hr_present,{age_s=0.0}
649.0,CADENCE,65,GREEN,OK,preferred_low_cadence_band,{age_s=0.0}
649.0,GRADE,-6,BLUE,OK,descent,"{grade_raw=-6.0, grade_display=-6.0}"
649.0,GEAR,WAIT,GRAY,NO_DATA,missing_gear,{}
650.0,SPEED,30.0,GREEN,OK,above_reference,"{reference_kmh=19.892307692307465, age_s=0.0}"
650.0,POWER,170,NEUTRAL,OK,power_present,{age_s=0.0}
650.0,HR,135,NEUTRAL,OK,hr_present,{age_s=0.0}
650.0,CADENCE,65,GREEN,OK,preferred_low_cadence_band,{age_s=0.0}
650.0,GRADE,-6,BLUE,OK,descent,"{grade_raw=-6.0, grade_display=-6.0}"
650.0,GEAR,WAIT,GRAY,NO_DATA,missing_gear,{}
651.0,SPEED,30.0,GREEN,OK,above_reference,"{reference_kmh=19.90783410138226, age_s=0.0}"
651.0,POWER,170,NEUTRAL,OK,power_present,{age_s=0.0}
651.0,HR,135,NEUTRAL,OK,hr_present,{age_s=0.0}
651.0,CADENCE,65,GREEN,OK,preferred_low_cadence_band,{age_s=0.0}
651.0,GRADE,-6,BLUE,OK,descent,"{grade_raw=-6.0, grade_display=-6.0}"
651.0,GEAR,WAIT,GRAY,NO_DATA,missing_gear,{}
652.0,SPEED,30.0,GREEN,OK,above_reference,"{reference_kmh=19.923312883435358, age_s=0.0}"
652.0,POWER,170,NEUTRAL,OK,power_present,{age_s=0.0}
652.0,HR,135,NEUTRAL,OK,hr_present,{age_s=0.0}
652.0,CADENCE,65,GREEN,OK,preferred_low_cadence_band,{age_s=0.0}
652.0,GRADE,-6,BLUE,OK,descent,"{grade_raw=-6.0, grade_display=-6.0}"
652.0,GEAR,WAIT,GRAY,NO_DATA,missing_gear,{}
653.0,SPEED,30.0,GREEN,OK,above_reference,"{reference_kmh=19.938744257273896, age_s=0.0}"
653.0,POWER,170,NEUTRAL,OK,power_present,{age_s=0.0}
653.0,HR,135,NEUTRAL,OK,hr_present,{age_s=0.0}
653.0,CADENCE,65,GREEN,OK,preferred_low_cadence_band,{age_s=0.0}
653.0,GRADE,-6,BLUE,OK,descent,"{grade_raw=-6.0, grade_display=-6.0}"
653.0,GEAR,WAIT,GRAY,NO_DATA,missing_gear,{}
654.0,SPEED,30.0,GREEN,OK,above_reference,"{reference_kmh=19.95412844036675, age_s=0.0}"
654.0,POWER,170,NEUTRAL,OK,power_present,{age_s=0.0}
654.0,HR,135,NEUTRAL,OK,hr_present,{age_s=0.0}
654.0,CADENCE,65,GREEN,OK,preferred_low_cadence_band,{age_s=0.0}
654.0,GRADE,-6,BLUE,OK,descent,"{grade_raw=-6.0, grade_display=-6.0}"
654.0,GEAR,WAIT,GRAY,NO_DATA,missing_gear,{}
655.0,SPEED,30.0,GREEN,OK,above_reference,"{reference_kmh=19.96946564885474, age_s=0.0}"
655.0,POWER,170,NEUTRAL,OK,power_present,{age_s=0.0}
655.0,HR,135,NEUTRAL,OK,hr_present,{age_s=0.0}
655.0,CADENCE,65,GREEN,OK,preferred_low_cadence_band,{age_s=0.0}
655.0,GRADE,-6,BLUE,OK,descent,"{grade_raw=-6.0, grade_display=-6.0}"
655.0,GEAR,WAIT,GRAY,NO_DATA,missing_gear,{}
656.0,SPEED,30.0,GREEN,OK,above_reference,"{reference_kmh=19.984756097560755, age_s=0.0}"
656.0,POWER,170,NEUTRAL,OK,power_present,{age_s=0.0}
656.0,HR,135,NEUTRAL,OK,hr_present,{age_s=0.0}
656.0,CADENCE,65,GREEN,OK,preferred_low_cadence_band,{age_s=0.0}
656.0,GRADE,-6,BLUE,OK,descent,"{grade_raw=-6.0, grade_display=-6.0}"
656.0,GEAR,WAIT,GRAY,NO_DATA,missing_gear,{}
657.0,SPEED,30.0,GREEN,OK,above_reference,"{reference_kmh=19.99999999999978, age_s=0.0}"
657.0,POWER,170,NEUTRAL,OK,power_present,{age_s=0.0}
657.0,HR,135,NEUTRAL,OK,hr_present,{age_s=0.0}
657.0,CADENCE,65,GREEN,OK,preferred_low_cadence_band,{age_s=0.0}
657.0,GRADE,-6,BLUE,OK,descent,"{grade_raw=-6.0, grade_display=-6.0}"
657.0,GEAR,WAIT,GRAY,NO_DATA,missing_gear,{}
658.0,SPEED,30.0,GREEN,OK,above_reference,"{reference_kmh=20.01519756838884, age_s=0.0}"
658.0,POWER,170,NEUTRAL,OK,power_present,{age_s=0.0}
658.0,HR,135,NEUTRAL,OK,hr_present,{age_s=0.0}
658.0,CADENCE,65,GREEN,OK,preferred_low_cadence_band,{age_s=0.0}
658.0,GRADE,-6,BLUE,OK,descent,"{grade_raw=-6.0, grade_display=-6.0}"
658.0,GEAR,WAIT,GRAY,NO_DATA,missing_gear,{}
659.0,SPEED,30.0,GREEN,OK,above_reference,"{reference_kmh=20.03034901365684, age_s=0.0}"
659.0,POWER,170,NEUTRAL,OK,power_present,{age_s=0.0}
659.0,HR,135,NEUTRAL,OK,hr_present,{age_s=0.0}
659.0,CADENCE,65,GREEN,OK,preferred_low_cadence_band,{age_s=0.0}
659.0,GRADE,-6,BLUE,OK,descent,"{grade_raw=-6.0, grade_display=-6.0}"
659.0,GEAR,WAIT,GRAY,NO_DATA,missing_gear,{}
660.0,SPEED,30.0,GREEN,OK,above_reference,"{reference_kmh=20.04545454545433, age_s=0.0}"
660.0,POWER,170,NEUTRAL,OK,power_present,{age_s=0.0}
660.0,HR,135,NEUTRAL,OK,hr_present,{age_s=0.0}
660.0,CADENCE,65,GREEN,OK,preferred_low_cadence_band,{age_s=0.0}
660.0,GRADE,-6,BLUE,OK,descent,"{grade_raw=-6.0, grade_display=-6.0}"
660.0,GEAR,WAIT,GRAY,NO_DATA,missing_gear,{}
661.0,SPEED,30.0,GREEN,OK,above_reference,"{reference_kmh=20.060514372163176, age_s=0.0}"
661.0,POWER,170,NEUTRAL,OK,power_present,{age_s=0.0}
661.0,HR,135,NEUTRAL,OK,hr_present,{age_s=0.0}
661.0,CADENCE,65,GREEN,OK,preferred_low_cadence_band,{age_s=0.0}
661.0,GRADE,-6,BLUE,OK,descent,"{grade_raw=-6.0, grade_display=-6.0}"
661.0,GEAR,WAIT,GRAY,NO_DATA,missing_gear,{}
662.0,SPEED,30.0,GREEN,OK,above_reference,"{reference_kmh=20.075528700906133, age_s=0.0}"
662.0,POWER,170,NEUTRAL,OK,power_present,{age_s=0.0}
662.0,HR,135,NEUTRAL,OK,hr_present,{age_s=0.0}
662.0,CADENCE,65,GREEN,OK,preferred_low_cadence_band,{age_s=0.0}
662.0,GRADE,-6,BLUE,OK,descent,"{grade_raw=-6.0, grade_display=-6.0}"
662.0,GEAR,WAIT,GRAY,NO_DATA,missing_gear,{}
663.0,SPEED,30.0,GREEN,OK,above_reference,"{reference_kmh=20.090497737556348, age_s=0.0}"
663.0,POWER,170,NEUTRAL,OK,power_present,{age_s=0.0}
663.0,HR,135,NEUTRAL,OK,hr_present,{age_s=0.0}
663.0,CADENCE,65,GREEN,OK,preferred_low_cadence_band,{age_s=0.0}
663.0,GRADE,-6,BLUE,OK,descent,"{grade_raw=-6.0, grade_display=-6.0}"
663.0,GEAR,WAIT,GRAY,NO_DATA,missing_gear,{}
664.0,SPEED,30.0,GREEN,OK,above_reference,"{reference_kmh=20.105421686746777, age_s=0.0}"
664.0,POWER,170,NEUTRAL,OK,power_present,{age_s=0.0}
664.0,HR,135,NEUTRAL,OK,hr_present,{age_s=0.0}
664.0,CADENCE,65,GREEN,OK,preferred_low_cadence_band,{age_s=0.0}
664.0,GRADE,-6,BLUE,OK,descent,"{grade_raw=-6.0, grade_display=-6.0}"
664.0,GEAR,WAIT,GRAY,NO_DATA,missing_gear,{}
665.0,SPEED,30.0,GREEN,OK,above_reference,"{reference_kmh=20.120300751879487, age_s=0.0}"
665.0,POWER,170,NEUTRAL,OK,power_present,{age_s=0.0}
665.0,HR,135,NEUTRAL,OK,hr_present,{age_s=0.0}
665.0,CADENCE,65,GREEN,OK,preferred_low_cadence_band,{age_s=0.0}
665.0,GRADE,-6,BLUE,OK,descent,"{grade_raw=-6.0, grade_display=-6.0}"
665.0,GEAR,WAIT,GRAY,NO_DATA,missing_gear,{}
666.0,SPEED,30.0,GREEN,OK,above_reference,"{reference_kmh=20.135135135134927, age_s=0.0}"
666.0,POWER,170,NEUTRAL,OK,power_present,{age_s=0.0}
666.0,HR,135,NEUTRAL,OK,hr_present,{age_s=0.0}
666.0,CADENCE,65,GREEN,OK,preferred_low_cadence_band,{age_s=0.0}
666.0,GRADE,-6,BLUE,OK,descent,"{grade_raw=-6.0, grade_display=-6.0}"
666.0,GEAR,WAIT,GRAY,NO_DATA,missing_gear,{}
667.0,SPEED,30.0,GREEN,OK,above_reference,"{reference_kmh=20.14992503748105, age_s=0.0}"
667.0,POWER,170,NEUTRAL,OK,power_present,{age_s=0.0}
667.0,HR,135,NEUTRAL,OK,hr_present,{age_s=0.0}
667.0,CADENCE,65,GREEN,OK,preferred_low_cadence_band,{age_s=0.0}
667.0,GRADE,-6,BLUE,OK,descent,"{grade_raw=-6.0, grade_display=-6.0}"
667.0,GEAR,WAIT,GRAY,NO_DATA,missing_gear,{}
668.0,SPEED,30.0,GREEN,OK,above_reference,"{reference_kmh=20.16467065868243, age_s=0.0}"
668.0,POWER,170,NEUTRAL,OK,power_present,{age_s=0.0}
668.0,HR,135,NEUTRAL,OK,hr_present,{age_s=0.0}
668.0,CADENCE,65,GREEN,OK,preferred_low_cadence_band,{age_s=0.0}
668.0,GRADE,-6,BLUE,OK,descent,"{grade_raw=-6.0, grade_display=-6.0}"
668.0,GEAR,WAIT,GRAY,NO_DATA,missing_gear,{}
669.0,SPEED,30.0,GREEN,OK,above_reference,"{reference_kmh=20.179372197309213, age_s=0.0}"
669.0,POWER,170,NEUTRAL,OK,power_present,{age_s=0.0}
669.0,HR,135,NEUTRAL,OK,hr_present,{age_s=0.0}
669.0,CADENCE,65,GREEN,OK,preferred_low_cadence_band,{age_s=0.0}
669.0,GRADE,-6,BLUE,OK,descent,"{grade_raw=-6.0, grade_display=-6.0}"
669.0,GEAR,WAIT,GRAY,NO_DATA,missing_gear,{}
670.0,SPEED,30.0,GREEN,OK,above_reference,"{reference_kmh=20.194029850746062, age_s=0.0}"
670.0,POWER,170,NEUTRAL,OK,power_present,{age_s=0.0}
670.0,HR,135,NEUTRAL,OK,hr_present,{age_s=0.0}
670.0,CADENCE,65,GREEN,OK,preferred_low_cadence_band,{age_s=0.0}
670.0,GRADE,-6,BLUE,OK,descent,"{grade_raw=-6.0, grade_display=-6.0}"
670.0,GEAR,WAIT,GRAY,NO_DATA,missing_gear,{}
671.0,SPEED,30.0,GREEN,OK,above_reference,"{reference_kmh=20.20864381520099, age_s=0.0}"
671.0,POWER,170,NEUTRAL,OK,power_present,{age_s=0.0}
671.0,HR,135,NEUTRAL,OK,hr_present,{age_s=0.0}
671.0,CADENCE,65,GREEN,OK,preferred_low_cadence_band,{age_s=0.0}
671.0,GRADE,-6,BLUE,OK,descent,"{grade_raw=-6.0, grade_display=-6.0}"
671.0,GEAR,WAIT,GRAY,NO_DATA,missing_gear,{}
672.0,SPEED,30.0,GREEN,OK,above_reference,"{reference_kmh=20.223214285714082, age_s=0.0}"
672.0,POWER,170,NEUTRAL,OK,power_present,{age_s=0.0}
672.0,HR,135,NEUTRAL,OK,hr_present,{age_s=0.0}
672.0,CADENCE,65,GREEN,OK,preferred_low_cadence_band,{age_s=0.0}
672.0,GRADE,-6,BLUE,OK,descent,"{grade_raw=-6.0, grade_display=-6.0}"
672.0,GEAR,WAIT,GRAY,NO_DATA,missing_gear,{}
673.0,SPEED,30.0,GREEN,OK,above_reference,"{reference_kmh=20.23774145616622, age_s=0.0}"
673.0,POWER,170,NEUTRAL,OK,power_present,{age_s=0.0}
673.0,HR,135,NEUTRAL,OK,hr_present,{age_s=0.0}
673.0,CADENCE,65,GREEN,OK,preferred_low_cadence_band,{age_s=0.0}
673.0,GRADE,-6,BLUE,OK,descent,"{grade_raw=-6.0, grade_display=-6.0}"
673.0,GEAR,WAIT,GRAY,NO_DATA,missing_gear,{}
674.0,SPEED,30.0,GREEN,OK,above_reference,"{reference_kmh=20.25222551928763, age_s=0.0}"
674.0,POWER,170,NEUTRAL,OK,power_present,{age_s=0.0}
674.0,HR,135,NEUTRAL,OK,hr_present,{age_s=0.0}
674.0,CADENCE,65,GREEN,OK,preferred_low_cadence_band,{age_s=0.0}
674.0,GRADE,-6,BLUE,OK,descent,"{grade_raw=-6.0, grade_display=-6.0}"
674.0,GEAR,WAIT,GRAY,NO_DATA,missing_gear,{}
675.0,SPEED,30.0,GREEN,OK,above_reference,"{reference_kmh=20.266666666666467, age_s=0.0}"
675.0,POWER,170,NEUTRAL,OK,power_present,{age_s=0.0}
675.0,HR,135,NEUTRAL,OK,hr_present,{age_s=0.0}
675.0,CADENCE,65,GREEN,OK,preferred_low_cadence_band,{age_s=0.0}
675.0,GRADE,-6,BLUE,OK,descent,"{grade_raw=-6.0, grade_display=-6.0}"
675.0,GEAR,WAIT,GRAY,NO_DATA,missing_gear,{}
676.0,SPEED,30.0,GREEN,OK,above_reference,"{reference_kmh=20.2810650887572, age_s=0.0}"
676.0,POWER,170,NEUTRAL,OK,power_present,{age_s=0.0}
676.0,HR,135,NEUTRAL,OK,hr_present,{age_s=0.0}
676.0,CADENCE,65,GREEN,OK,preferred_low_cadence_band,{age_s=0.0}
676.0,GRADE,-6,BLUE,OK,descent,"{grade_raw=-6.0, grade_display=-6.0}"
676.0,GEAR,WAIT,GRAY,NO_DATA,missing_gear,{}
677.0,SPEED,30.0,GREEN,OK,above_reference,"{reference_kmh=20.29542097488902, age_s=0.0}"
677.0,POWER,170,NEUTRAL,OK,power_present,{age_s=0.0}
677.0,HR,135,NEUTRAL,OK,hr_present,{age_s=0.0}
677.0,CADENCE,65,GREEN,OK,preferred_low_cadence_band,{age_s=0.0}
677.0,GRADE,-6,BLUE,OK,descent,"{grade_raw=-6.0, grade_display=-6.0}"
677.0,GEAR,WAIT,GRAY,NO_DATA,missing_gear,{}
678.0,SPEED,30.0,GREEN,OK,above_reference,"{reference_kmh=20.309734513274144, age_s=0.0}"
678.0,POWER,170,NEUTRAL,OK,power_present,{age_s=0.0}
678.0,HR,135,NEUTRAL,OK,hr_present,{age_s=0.0}
678.0,CADENCE,65,GREEN,OK,preferred_low_cadence_band,{age_s=0.0}
678.0,GRADE,-6,BLUE,OK,descent,"{grade_raw=-6.0, grade_display=-6.0}"
678.0,GEAR,WAIT,GRAY,NO_DATA,missing_gear,{}
679.0,SPEED,30.0,GREEN,OK,above_reference,"{reference_kmh=20.324005891016004, age_s=0.0}"
679.0,POWER,170,NEUTRAL,OK,power_present,{age_s=0.0}
679.0,HR,135,NEUTRAL,OK,hr_present,{age_s=0.0}
679.0,CADENCE,65,GREEN,OK,preferred_low_cadence_band,{age_s=0.0}
679.0,GRADE,-6,BLUE,OK,descent,"{grade_raw=-6.0, grade_display=-6.0}"
679.0,GEAR,WAIT,GRAY,NO_DATA,missing_gear,{}
680.0,SPEED,30.0,GREEN,OK,above_reference,"{reference_kmh=20.338235294117453, age_s=0.0}"
680.0,POWER,170,NEUTRAL,OK,power_present,{age_s=0.0}
680.0,HR,135,NEUTRAL,OK,hr_present,{age_s=0.0}
680.0,CADENCE,65,GREEN,OK,preferred_low_cadence_band,{age_s=0.0}
680.0,GRADE,-6,BLUE,OK,descent,"{grade_raw=-6.0, grade_display=-6.0}"
680.0,GEAR,WAIT,GRAY,NO_DATA,missing_gear,{}
681.0,SPEED,30.0,GREEN,OK,above_reference,"{reference_kmh=20.352422907488794, age_s=0.0}"
681.0,POWER,170,NEUTRAL,OK,power_present,{age_s=0.0}
681.0,HR,135,NEUTRAL,OK,hr_present,{age_s=0.0}
681.0,CADENCE,65,GREEN,OK,preferred_low_cadence_band,{age_s=0.0}
681.0,GRADE,-6,BLUE,OK,descent,"{grade_raw=-6.0, grade_display=-6.0}"
681.0,GEAR,WAIT,GRAY,NO_DATA,missing_gear,{}
682.0,SPEED,30.0,GREEN,OK,above_reference,"{reference_kmh=20.36656891495582, age_s=0.0}"
682.0,POWER,170,NEUTRAL,OK,power_present,{age_s=0.0}
682.0,HR,135,NEUTRAL,OK,hr_present,{age_s=0.0}
682.0,CADENCE,65,GREEN,OK,preferred_low_cadence_band,{age_s=0.0}
682.0,GRADE,-6,BLUE,OK,descent,"{grade_raw=-6.0, grade_display=-6.0}"
682.0,GEAR,WAIT,GRAY,NO_DATA,missing_gear,{}
683.0,SPEED,30.0,GREEN,OK,above_reference,"{reference_kmh=20.380673499267747, age_s=0.0}"
683.0,POWER,170,NEUTRAL,OK,power_present,{age_s=0.0}
683.0,HR,135,NEUTRAL,OK,hr_present,{age_s=0.0}
683.0,CADENCE,65,GREEN,OK,preferred_low_cadence_band,{age_s=0.0}
683.0,GRADE,-6,BLUE,OK,descent,"{grade_raw=-6.0, grade_display=-6.0}"
683.0,GEAR,WAIT,GRAY,NO_DATA,missing_gear,{}
684.0,SPEED,30.0,GREEN,OK,above_reference,"{reference_kmh=20.394736842105072, age_s=0.0}"
684.0,POWER,170,NEUTRAL,OK,power_present,{age_s=0.0}
684.0,HR,135,NEUTRAL,OK,hr_present,{age_s=0.0}
684.0,CADENCE,65,GREEN,OK,preferred_low_cadence_band,{age_s=0.0}
684.0,GRADE,-6,BLUE,OK,descent,"{grade_raw=-6.0, grade_display=-6.0}"
684.0,GEAR,WAIT,GRAY,NO_DATA,missing_gear,{}
685.0,SPEED,30.0,GREEN,OK,above_reference,"{reference_kmh=20.408759124087407, age_s=0.0}"
685.0,POWER,170,NEUTRAL,OK,power_present,{age_s=0.0}
685.0,HR,135,NEUTRAL,OK,hr_present,{age_s=0.0}
685.0,CADENCE,65,GREEN,OK,preferred_low_cadence_band,{age_s=0.0}
685.0,GRADE,-6,BLUE,OK,descent,"{grade_raw=-6.0, grade_display=-6.0}"
685.0,GEAR,WAIT,GRAY,NO_DATA,missing_gear,{}
686.0,SPEED,30.0,GREEN,OK,above_reference,"{reference_kmh=20.422740524781155, age_s=0.0}"
686.0,POWER,170,NEUTRAL,OK,power_present,{age_s=0.0}
686.0,HR,135,NEUTRAL,OK,hr_present,{age_s=0.0}
686.0,CADENCE,65,GREEN,OK,preferred_low_cadence_band,{age_s=0.0}
686.0,GRADE,-6,BLUE,OK,descent,"{grade_raw=-6.0, grade_display=-6.0}"
686.0,GEAR,WAIT,GRAY,NO_DATA,missing_gear,{}
687.0,SPEED,30.0,GREEN,OK,above_reference,"{reference_kmh=20.436681222707236, age_s=0.0}"
687.0,POWER,170,NEUTRAL,OK,power_present,{age_s=0.0}
687.0,HR,135,NEUTRAL,OK,hr_present,{age_s=0.0}
687.0,CADENCE,65,GREEN,OK,preferred_low_cadence_band,{age_s=0.0}
687.0,GRADE,-6,BLUE,OK,descent,"{grade_raw=-6.0, grade_display=-6.0}"
687.0,GEAR,WAIT,GRAY,NO_DATA,missing_gear,{}
688.0,SPEED,30.0,GREEN,OK,above_reference,"{reference_kmh=20.450581395348653, age_s=0.0}"
688.0,POWER,170,NEUTRAL,OK,power_present,{age_s=0.0}
688.0,HR,135,NEUTRAL,OK,hr_present,{age_s=0.0}
688.0,CADENCE,65,GREEN,OK,preferred_low_cadence_band,{age_s=0.0}
688.0,GRADE,-6,BLUE,OK,descent,"{grade_raw=-6.0, grade_display=-6.0}"
688.0,GEAR,WAIT,GRAY,NO_DATA,missing_gear,{}
689.0,SPEED,30.0,GREEN,OK,above_reference,"{reference_kmh=20.464441219158015, age_s=0.0}"
689.0,POWER,170,NEUTRAL,OK,power_present,{age_s=0.0}
689.0,HR,135,NEUTRAL,OK,hr_present,{age_s=0.0}
689.0,CADENCE,65,GREEN,OK,preferred_low_cadence_band,{age_s=0.0}
689.0,GRADE,-6,BLUE,OK,descent,"{grade_raw=-6.0, grade_display=-6.0}"
689.0,GEAR,WAIT,GRAY,NO_DATA,missing_gear,{}
690.0,SPEED,30.0,GREEN,OK,above_reference,"{reference_kmh=20.478260869565034, age_s=0.0}"
690.0,POWER,170,NEUTRAL,OK,power_present,{age_s=0.0}
690.0,HR,135,NEUTRAL,OK,hr_present,{age_s=0.0}
690.0,CADENCE,65,GREEN,OK,preferred_low_cadence_band,{age_s=0.0}
690.0,GRADE,-6,BLUE,OK,descent,"{grade_raw=-6.0, grade_display=-6.0}"
690.0,GEAR,WAIT,GRAY,NO_DATA,missing_gear,{}
691.0,SPEED,30.0,GREEN,OK,above_reference,"{reference_kmh=20.4920405209839, age_s=0.0}"
691.0,POWER,170,NEUTRAL,OK,power_present,{age_s=0.0}
691.0,HR,135,NEUTRAL,OK,hr_present,{age_s=0.0}
691.0,CADENCE,65,GREEN,OK,preferred_low_cadence_band,{age_s=0.0}
691.0,GRADE,-6,BLUE,OK,descent,"{grade_raw=-6.0, grade_display=-6.0}"
691.0,GEAR,WAIT,GRAY,NO_DATA,missing_gear,{}
692.0,SPEED,30.0,GREEN,OK,above_reference,"{reference_kmh=20.50578034682063, age_s=0.0}"
692.0,POWER,170,NEUTRAL,OK,power_present,{age_s=0.0}
692.0,HR,135,NEUTRAL,OK,hr_present,{age_s=0.0}
692.0,CADENCE,65,GREEN,OK,preferred_low_cadence_band,{age_s=0.0}
692.0,GRADE,-6,BLUE,OK,descent,"{grade_raw=-6.0, grade_display=-6.0}"
692.0,GEAR,WAIT,GRAY,NO_DATA,missing_gear,{}
693.0,SPEED,30.0,GREEN,OK,above_reference,"{reference_kmh=20.51948051948034, age_s=0.0}"
693.0,POWER,170,NEUTRAL,OK,power_present,{age_s=0.0}
693.0,HR,135,NEUTRAL,OK,hr_present,{age_s=0.0}
693.0,CADENCE,65,GREEN,OK,preferred_low_cadence_band,{age_s=0.0}
693.0,GRADE,-6,BLUE,OK,descent,"{grade_raw=-6.0, grade_display=-6.0}"
693.0,GEAR,WAIT,GRAY,NO_DATA,missing_gear,{}
694.0,SPEED,30.0,GREEN,OK,above_reference,"{reference_kmh=20.533141210374463, age_s=0.0}"
694.0,POWER,170,NEUTRAL,OK,power_present,{age_s=0.0}
694.0,HR,135,NEUTRAL,OK,hr_present,{age_s=0.0}
694.0,CADENCE,65,GREEN,OK,preferred_low_cadence_band,{age_s=0.0}
694.0,GRADE,-6,BLUE,OK,descent,"{grade_raw=-6.0, grade_display=-6.0}"
694.0,GEAR,WAIT,GRAY,NO_DATA,missing_gear,{}
695.0,SPEED,30.0,GREEN,OK,above_reference,"{reference_kmh=20.54676258992788, age_s=0.0}"
695.0,POWER,170,NEUTRAL,OK,power_present,{age_s=0.0}
695.0,HR,135,NEUTRAL,OK,hr_present,{age_s=0.0}
695.0,CADENCE,65,GREEN,OK,preferred_low_cadence_band,{age_s=0.0}
695.0,GRADE,-6,BLUE,OK,descent,"{grade_raw=-6.0, grade_display=-6.0}"
695.0,GEAR,WAIT,GRAY,NO_DATA,missing_gear,{}
696.0,SPEED,30.0,GREEN,OK,above_reference,"{reference_kmh=20.560344827586032, age_s=0.0}"
696.0,POWER,170,NEUTRAL,OK,power_present,{age_s=0.0}
696.0,HR,135,NEUTRAL,OK,hr_present,{age_s=0.0}
696.0,CADENCE,65,GREEN,OK,preferred_low_cadence_band,{age_s=0.0}
696.0,GRADE,-6,BLUE,OK,descent,"{grade_raw=-6.0, grade_display=-6.0}"
696.0,GEAR,WAIT,GRAY,NO_DATA,missing_gear,{}
697.0,SPEED,30.0,GREEN,OK,above_reference,"{reference_kmh=20.573888091821917, age_s=0.0}"
697.0,POWER,170,NEUTRAL,OK,power_present,{age_s=0.0}
697.0,HR,135,NEUTRAL,OK,hr_present,{age_s=0.0}
697.0,CADENCE,65,GREEN,OK,preferred_low_cadence_band,{age_s=0.0}
697.0,GRADE,-6,BLUE,OK,descent,"{grade_raw=-6.0, grade_display=-6.0}"
697.0,GEAR,WAIT,GRAY,NO_DATA,missing_gear,{}
698.0,SPEED,30.0,GREEN,OK,above_reference,"{reference_kmh=20.587392550143093, age_s=0.0}"
698.0,POWER,170,NEUTRAL,OK,power_present,{age_s=0.0}
698.0,HR,135,NEUTRAL,OK,hr_present,{age_s=0.0}
698.0,CADENCE,65,GREEN,OK,preferred_low_cadence_band,{age_s=0.0}
698.0,GRADE,-6,BLUE,OK,descent,"{grade_raw=-6.0, grade_display=-6.0}"
698.0,GEAR,WAIT,GRAY,NO_DATA,missing_gear,{}
699.0,SPEED,30.0,GREEN,OK,above_reference,"{reference_kmh=20.60085836909854, age_s=0.0}"
699.0,POWER,170,NEUTRAL,OK,power_present,{age_s=0.0}
699.0,HR,135,NEUTRAL,OK,hr_present,{age_s=0.0}
699.0,CADENCE,65,GREEN,OK,preferred_low_cadence_band,{age_s=0.0}
699.0,GRADE,-6,BLUE,OK,descent,"{grade_raw=-6.0, grade_display=-6.0}"
699.0,GEAR,WAIT,GRAY,NO_DATA,missing_gear,{}
700.0,SPEED,30.0,GREEN,OK,above_reference,"{reference_kmh=20.614285714285543, age_s=0.0}"
700.0,POWER,170,NEUTRAL,OK,power_present,{age_s=0.0}
700.0,HR,135,NEUTRAL,OK,hr_present,{age_s=0.0}
700.0,CADENCE,65,GREEN,OK,preferred_low_cadence_band,{age_s=0.0}
700.0,GRADE,-6,BLUE,OK,descent,"{grade_raw=-6.0, grade_display=-6.0}"
700.0,GEAR,WAIT,GRAY,NO_DATA,missing_gear,{}
701.0,SPEED,30.0,GREEN,OK,above_reference,"{reference_kmh=20.627674750356466, age_s=0.0}"
701.0,POWER,170,NEUTRAL,OK,power_present,{age_s=0.0}
701.0,HR,135,NEUTRAL,OK,hr_present,{age_s=0.0}
701.0,CADENCE,65,GREEN,OK,preferred_low_cadence_band,{age_s=0.0}
701.0,GRADE,-6,BLUE,OK,descent,"{grade_raw=-6.0, grade_display=-6.0}"
701.0,GEAR,WAIT,GRAY,NO_DATA,missing_gear,{}
702.0,SPEED,30.0,GREEN,OK,above_reference,"{reference_kmh=20.641025641025468, age_s=0.0}"
702.0,POWER,170,NEUTRAL,OK,power_present,{age_s=0.0}
702.0,HR,135,NEUTRAL,OK,hr_present,{age_s=0.0}
702.0,CADENCE,65,GREEN,OK,preferred_low_cadence_band,{age_s=0.0}
702.0,GRADE,-6,BLUE,OK,descent,"{grade_raw=-6.0, grade_display=-6.0}"
702.0,GEAR,WAIT,GRAY,NO_DATA,missing_gear,{}
703.0,SPEED,30.0,GREEN,OK,above_reference,"{reference_kmh=20.654338549075224, age_s=0.0}"
703.0,POWER,170,NEUTRAL,OK,power_present,{age_s=0.0}
703.0,HR,135,NEUTRAL,OK,hr_present,{age_s=0.0}
703.0,CADENCE,65,GREEN,OK,preferred_low_cadence_band,{age_s=0.0}
703.0,GRADE,-6,BLUE,OK,descent,"{grade_raw=-6.0, grade_display=-6.0}"
703.0,GEAR,WAIT,GRAY,NO_DATA,missing_gear,{}
704.0,SPEED,30.0,GREEN,OK,above_reference,"{reference_kmh=20.66761363636347, age_s=0.0}"
704.0,POWER,170,NEUTRAL,OK,power_present,{age_s=0.0}
704.0,HR,135,NEUTRAL,OK,hr_present,{age_s=0.0}
704.0,CADENCE,65,GREEN,OK,preferred_low_cadence_band,{age_s=0.0}
704.0,GRADE,-6,BLUE,OK,descent,"{grade_raw=-6.0, grade_display=-6.0}"
704.0,GEAR,WAIT,GRAY,NO_DATA,missing_gear,{}
705.0,SPEED,30.0,GREEN,OK,above_reference,"{reference_kmh=20.680851063829618, age_s=0.0}"
705.0,POWER,170,NEUTRAL,OK,power_present,{age_s=0.0}
705.0,HR,135,NEUTRAL,OK,hr_present,{age_s=0.0}
705.0,CADENCE,65,GREEN,OK,preferred_low_cadence_band,{age_s=0.0}
705.0,GRADE,-6,BLUE,OK,descent,"{grade_raw=-6.0, grade_display=-6.0}"
705.0,GEAR,WAIT,GRAY,NO_DATA,missing_gear,{}
706.0,SPEED,30.0,GREEN,OK,above_reference,"{reference_kmh=20.69405099150125, age_s=0.0}"
706.0,POWER,170,NEUTRAL,OK,power_present,{age_s=0.0}
706.0,HR,135,NEUTRAL,OK,hr_present,{age_s=0.0}
706.0,CADENCE,65,GREEN,OK,preferred_low_cadence_band,{age_s=0.0}
706.0,GRADE,-6,BLUE,OK,descent,"{grade_raw=-6.0, grade_display=-6.0}"
706.0,GEAR,WAIT,GRAY,NO_DATA,missing_gear,{}
707.0,SPEED,30.0,GREEN,OK,above_reference,"{reference_kmh=20.707213578500543, age_s=0.0}"
707.0,POWER,170,NEUTRAL,OK,power_present,{age_s=0.0}
707.0,HR,135,NEUTRAL,OK,hr_present,{age_s=0.0}
707.0,CADENCE,65,GREEN,OK,preferred_low_cadence_band,{age_s=0.0}
707.0,GRADE,-6,BLUE,OK,descent,"{grade_raw=-6.0, grade_display=-6.0}"
707.0,GEAR,WAIT,GRAY,NO_DATA,missing_gear,{}
708.0,SPEED,30.0,GREEN,OK,above_reference,"{reference_kmh=20.72033898305068, age_s=0.0}"
708.0,POWER,170,NEUTRAL,OK,power_present,{age_s=0.0}
708.0,HR,135,NEUTRAL,OK,hr_present,{age_s=0.0}
708.0,CADENCE,65,GREEN,OK,preferred_low_cadence_band,{age_s=0.0}
708.0,GRADE,-6,BLUE,OK,descent,"{grade_raw=-6.0, grade_display=-6.0}"
708.0,GEAR,WAIT,GRAY,NO_DATA,missing_gear,{}
709.0,SPEED,30.0,GREEN,OK,above_reference,"{reference_kmh=20.733427362482207, age_s=0.0}"
709.0,POWER,170,NEUTRAL,OK,power_present,{age_s=0.0}
709.0,HR,135,NEUTRAL,OK,hr_present,{age_s=0.0}
709.0,CADENCE,65,GREEN,OK,preferred_low_cadence_band,{age_s=0.0}
709.0,GRADE,-6,BLUE,OK,descent,"{grade_raw=-6.0, grade_display=-6.0}"
709.0,GEAR,WAIT,GRAY,NO_DATA,missing_gear,{}
710.0,SPEED,30.0,GREEN,OK,above_reference,"{reference_kmh=20.746478873239276, age_s=0.0}"
710.0,POWER,170,NEUTRAL,OK,power_present,{age_s=0.0}
710.0,HR,135,NEUTRAL,OK,hr_present,{age_s=0.0}
710.0,CADENCE,65,GREEN,OK,preferred_low_cadence_band,{age_s=0.0}
710.0,GRADE,-6,BLUE,OK,descent,"{grade_raw=-6.0, grade_display=-6.0}"
710.0,GEAR,WAIT,GRAY,NO_DATA,missing_gear,{}
711.0,SPEED,30.0,GREEN,OK,above_reference,"{reference_kmh=20.759493670885917, age_s=0.0}"
711.0,POWER,170,NEUTRAL,OK,power_present,{age_s=0.0}
711.0,HR,135,NEUTRAL,OK,hr_present,{age_s=0.0}
711.0,CADENCE,65,GREEN,OK,preferred_low_cadence_band,{age_s=0.0}
711.0,GRADE,-6,BLUE,OK,descent,"{grade_raw=-6.0, grade_display=-6.0}"
711.0,GEAR,WAIT,GRAY,NO_DATA,missing_gear,{}
712.0,SPEED,30.0,GREEN,OK,above_reference,"{reference_kmh=20.7724719101122, age_s=0.0}"
712.0,POWER,170,NEUTRAL,OK,power_present,{age_s=0.0}
712.0,HR,135,NEUTRAL,OK,hr_present,{age_s=0.0}
712.0,CADENCE,65,GREEN,OK,preferred_low_cadence_band,{age_s=0.0}
712.0,GRADE,-6,BLUE,OK,descent,"{grade_raw=-6.0, grade_display=-6.0}"
712.0,GEAR,WAIT,GRAY,NO_DATA,missing_gear,{}
713.0,SPEED,30.0,GREEN,OK,above_reference,"{reference_kmh=20.785413744740367, age_s=0.0}"
713.0,POWER,170,NEUTRAL,OK,power_present,{age_s=0.0}
713.0,HR,135,NEUTRAL,OK,hr_present,{age_s=0.0}
713.0,CADENCE,65,GREEN,OK,preferred_low_cadence_band,{age_s=0.0}
713.0,GRADE,-6,BLUE,OK,descent,"{grade_raw=-6.0, grade_display=-6.0}"
713.0,GEAR,WAIT,GRAY,NO_DATA,missing_gear,{}
714.0,SPEED,30.0,GREEN,OK,above_reference,"{reference_kmh=20.798319327730926, age_s=0.0}"
714.0,POWER,170,NEUTRAL,OK,power_present,{age_s=0.0}
714.0,HR,135,NEUTRAL,OK,hr_present,{age_s=0.0}
714.0,CADENCE,65,GREEN,OK,preferred_low_cadence_band,{age_s=0.0}
714.0,GRADE,-6,BLUE,OK,descent,"{grade_raw=-6.0, grade_display=-6.0}"
714.0,GEAR,WAIT,GRAY,NO_DATA,missing_gear,{}
715.0,SPEED,30.0,GREEN,OK,above_reference,"{reference_kmh=20.811188811188643, age_s=0.0}"
715.0,POWER,170,NEUTRAL,OK,power_present,{age_s=0.0}
715.0,HR,135,NEUTRAL,OK,hr_present,{age_s=0.0}
715.0,CADENCE,65,GREEN,OK,preferred_low_cadence_band,{age_s=0.0}
715.0,GRADE,-6,BLUE,OK,descent,"{grade_raw=-6.0, grade_display=-6.0}"
715.0,GEAR,WAIT,GRAY,NO_DATA,missing_gear,{}
716.0,SPEED,30.0,GREEN,OK,above_reference,"{reference_kmh=20.824022346368547, age_s=0.0}"
716.0,POWER,170,NEUTRAL,OK,power_present,{age_s=0.0}
716.0,HR,135,NEUTRAL,OK,hr_present,{age_s=0.0}
716.0,CADENCE,65,GREEN,OK,preferred_low_cadence_band,{age_s=0.0}
716.0,GRADE,-6,BLUE,OK,descent,"{grade_raw=-6.0, grade_display=-6.0}"
716.0,GEAR,WAIT,GRAY,NO_DATA,missing_gear,{}
717.0,SPEED,30.0,GREEN,OK,above_reference,"{reference_kmh=20.836820083681843, age_s=0.0}"
717.0,POWER,170,NEUTRAL,OK,power_present,{age_s=0.0}
717.0,HR,135,NEUTRAL,OK,hr_present,{age_s=0.0}
717.0,CADENCE,65,GREEN,OK,preferred_low_cadence_band,{age_s=0.0}
717.0,GRADE,-6,BLUE,OK,descent,"{grade_raw=-6.0, grade_display=-6.0}"
717.0,GEAR,WAIT,GRAY,NO_DATA,missing_gear,{}
718.0,SPEED,30.0,GREEN,OK,above_reference,"{reference_kmh=20.84958217270178, age_s=0.0}"
718.0,POWER,170,NEUTRAL,OK,power_present,{age_s=0.0}
718.0,HR,135,NEUTRAL,OK,hr_present,{age_s=0.0}
718.0,CADENCE,65,GREEN,OK,preferred_low_cadence_band,{age_s=0.0}
718.0,GRADE,-6,BLUE,OK,descent,"{grade_raw=-6.0, grade_display=-6.0}"
718.0,GEAR,WAIT,GRAY,NO_DATA,missing_gear,{}
719.0,SPEED,30.0,GREEN,OK,above_reference,"{reference_kmh=20.86230876216951, age_s=0.0}"
719.0,POWER,170,NEUTRAL,OK,power_present,{age_s=0.0}
719.0,HR,135,NEUTRAL,OK,hr_present,{age_s=0.0}
719.0,CADENCE,65,GREEN,OK,preferred_low_cadence_band,{age_s=0.0}
719.0,GRADE,-6,BLUE,OK,descent,"{grade_raw=-6.0, grade_display=-6.0}"
719.0,GEAR,WAIT,GRAY,NO_DATA,missing_gear,{}
720.0,SPEED,30.0,GREEN,OK,above_reference,"{reference_kmh=20.874999999999826, age_s=0.0}"
720.0,POWER,170,NEUTRAL,OK,power_present,{age_s=0.0}
720.0,HR,135,NEUTRAL,OK,hr_present,{age_s=0.0}
720.0,CADENCE,65,GREEN,OK,preferred_low_cadence_band,{age_s=0.0}
720.0,GRADE,-6,BLUE,OK,descent,"{grade_raw=-6.0, grade_display=-6.0}"
720.0,GEAR,WAIT,GRAY,NO_DATA,missing_gear,{}
721.0,SPEED,30.0,GREEN,OK,above_reference,"{reference_kmh=20.887656033286927, age_s=0.0}"
721.0,POWER,170,NEUTRAL,OK,power_present,{age_s=0.0}
721.0,HR,135,NEUTRAL,OK,hr_present,{age_s=0.0}
721.0,CADENCE,65,GREEN,OK,preferred_low_cadence_band,{age_s=0.0}
721.0,GRADE,-6,BLUE,OK,descent,"{grade_raw=-6.0, grade_display=-6.0}"
721.0,GEAR,WAIT,GRAY,NO_DATA,missing_gear,{}
722.0,SPEED,30.0,GREEN,OK,above_reference,"{reference_kmh=20.900277008310077, age_s=0.0}"
722.0,POWER,170,NEUTRAL,OK,power_present,{age_s=0.0}
722.0,HR,135,NEUTRAL,OK,hr_present,{age_s=0.0}
722.0,CADENCE,65,GREEN,OK,preferred_low_cadence_band,{age_s=0.0}
722.0,GRADE,-6,BLUE,OK,descent,"{grade_raw=-6.0, grade_display=-6.0}"
722.0,GEAR,WAIT,GRAY,NO_DATA,missing_gear,{}
723.0,SPEED,30.0,GREEN,OK,above_reference,"{reference_kmh=20.91286307053924, age_s=0.0}"
723.0,POWER,170,NEUTRAL,OK,power_present,{age_s=0.0}
723.0,HR,135,NEUTRAL,OK,hr_present,{age_s=0.0}
723.0,CADENCE,65,GREEN,OK,preferred_low_cadence_band,{age_s=0.0}
723.0,GRADE,-6,BLUE,OK,descent,"{grade_raw=-6.0, grade_display=-6.0}"
723.0,GEAR,WAIT,GRAY,NO_DATA,missing_gear,{}
724.0,SPEED,30.0,GREEN,OK,above_reference,"{reference_kmh=20.925414364640705, age_s=0.0}"
724.0,POWER,170,NEUTRAL,OK,power_present,{age_s=0.0}
724.0,HR,135,NEUTRAL,OK,hr_present,{age_s=0.0}
724.0,CADENCE,65,GREEN,OK,preferred_low_cadence_band,{age_s=0.0}
724.0,GRADE,-6,BLUE,OK,descent,"{grade_raw=-6.0, grade_display=-6.0}"
724.0,GEAR,WAIT,GRAY,NO_DATA,missing_gear,{}
725.0,SPEED,30.0,GREEN,OK,above_reference,"{reference_kmh=20.937931034482578, age_s=0.0}"
725.0,POWER,170,NEUTRAL,OK,power_present,{age_s=0.0}
725.0,HR,135,NEUTRAL,OK,hr_present,{age_s=0.0}
725.0,CADENCE,65,GREEN,OK,preferred_low_cadence_band,{age_s=0.0}
725.0,GRADE,-6,BLUE,OK,descent,"{grade_raw=-6.0, grade_display=-6.0}"
725.0,GEAR,WAIT,GRAY,NO_DATA,missing_gear,{}
726.0,SPEED,30.0,GREEN,OK,above_reference,"{reference_kmh=20.950413223140313, age_s=0.0}"
726.0,POWER,170,NEUTRAL,OK,power_present,{age_s=0.0}
726.0,HR,135,NEUTRAL,OK,hr_present,{age_s=0.0}
726.0,CADENCE,65,GREEN,OK,preferred_low_cadence_band,{age_s=0.0}
726.0,GRADE,-6,BLUE,OK,descent,"{grade_raw=-6.0, grade_display=-6.0}"
726.0,GEAR,WAIT,GRAY,NO_DATA,missing_gear,{}
727.0,SPEED,30.0,GREEN,OK,above_reference,"{reference_kmh=20.962861072902157, age_s=0.0}"
727.0,POWER,170,NEUTRAL,OK,power_present,{age_s=0.0}
727.0,HR,135,NEUTRAL,OK,hr_present,{age_s=0.0}
727.0,CADENCE,65,GREEN,OK,preferred_low_cadence_band,{age_s=0.0}
727.0,GRADE,-6,BLUE,OK,descent,"{grade_raw=-6.0, grade_display=-6.0}"
727.0,GEAR,WAIT,GRAY,NO_DATA,missing_gear,{}
728.0,SPEED,30.0,GREEN,OK,above_reference,"{reference_kmh=20.975274725274545, age_s=0.0}"
728.0,POWER,170,NEUTRAL,OK,power_present,{age_s=0.0}
728.0,HR,135,NEUTRAL,OK,hr_present,{age_s=0.0}
728.0,CADENCE,65,GREEN,OK,preferred_low_cadence_band,{age_s=0.0}
728.0,GRADE,-6,BLUE,OK,descent,"{grade_raw=-6.0, grade_display=-6.0}"
728.0,GEAR,WAIT,GRAY,NO_DATA,missing_gear,{}
729.0,SPEED,30.0,GREEN,OK,above_reference,"{reference_kmh=20.98765432098747, age_s=0.0}"
729.0,POWER,170,NEUTRAL,OK,power_present,{age_s=0.0}
729.0,HR,135,NEUTRAL,OK,hr_present,{age_s=0.0}
729.0,CADENCE,65,GREEN,OK,preferred_low_cadence_band,{age_s=0.0}
729.0,GRADE,-6,BLUE,OK,descent,"{grade_raw=-6.0, grade_display=-6.0}"
729.0,GEAR,WAIT,GRAY,NO_DATA,missing_gear,{}
730.0,SPEED,30.0,GREEN,OK,above_reference,"{reference_kmh=20.999999999999815, age_s=0.0}"
730.0,POWER,170,NEUTRAL,OK,power_present,{age_s=0.0}
730.0,HR,135,NEUTRAL,OK,hr_present,{age_s=0.0}
730.0,CADENCE,65,GREEN,OK,preferred_low_cadence_band,{age_s=0.0}
730.0,GRADE,-6,BLUE,OK,descent,"{grade_raw=-6.0, grade_display=-6.0}"
730.0,GEAR,WAIT,GRAY,NO_DATA,missing_gear,{}
731.0,SPEED,30.0,GREEN,OK,above_reference,"{reference_kmh=21.0123119015046, age_s=0.0}"
731.0,POWER,170,NEUTRAL,OK,power_present,{age_s=0.0}
731.0,HR,135,NEUTRAL,OK,hr_present,{age_s=0.0}
731.0,CADENCE,65,GREEN,OK,preferred_low_cadence_band,{age_s=0.0}
731.0,GRADE,-6,BLUE,OK,descent,"{grade_raw=-6.0, grade_display=-6.0}"
731.0,GEAR,WAIT,GRAY,NO_DATA,missing_gear,{}
732.0,SPEED,30.0,GREEN,OK,above_reference,"{reference_kmh=21.02459016393424, age_s=0.0}"
732.0,POWER,170,NEUTRAL,OK,power_present,{age_s=0.0}
732.0,HR,135,NEUTRAL,OK,hr_present,{age_s=0.0}
732.0,CADENCE,65,GREEN,OK,preferred_low_cadence_band,{age_s=0.0}
732.0,GRADE,-6,BLUE,OK,descent,"{grade_raw=-6.0, grade_display=-6.0}"
732.0,GEAR,WAIT,GRAY,NO_DATA,missing_gear,{}
733.0,SPEED,30.0,GREEN,OK,above_reference,"{reference_kmh=21.036834924965707, age_s=0.0}"
733.0,POWER,170,NEUTRAL,OK,power_present,{age_s=0.0}
733.0,HR,135,NEUTRAL,OK,hr_present,{age_s=0.0}
733.0,CADENCE,65,GREEN,OK,preferred_low_cadence_band,{age_s=0.0}
733.0,GRADE,-6,BLUE,OK,descent,"{grade_raw=-6.0, grade_display=-6.0}"
733.0,GEAR,WAIT,GRAY,NO_DATA,missing_gear,{}
734.0,SPEED,30.0,GREEN,OK,above_reference,"{reference_kmh=21.049046321525694, age_s=0.0}"
734.0,POWER,170,NEUTRAL,OK,power_present,{age_s=0.0}
734.0,HR,135,NEUTRAL,OK,hr_present,{age_s=0.0}
734.0,CADENCE,65,GREEN,OK,preferred_low_cadence_band,{age_s=0.0}
734.0,GRADE,-6,BLUE,OK,descent,"{grade_raw=-6.0, grade_display=-6.0}"
734.0,GEAR,WAIT,GRAY,NO_DATA,missing_gear,{}
735.0,SPEED,30.0,GREEN,OK,above_reference,"{reference_kmh=21.061224489795727, age_s=0.0}"
735.0,POWER,170,NEUTRAL,OK,power_present,{age_s=0.0}
735.0,HR,135,NEUTRAL,OK,hr_present,{age_s=0.0}
735.0,CADENCE,65,GREEN,OK,preferred_low_cadence_band,{age_s=0.0}
735.0,GRADE,-6,BLUE,OK,descent,"{grade_raw=-6.0, grade_display=-6.0}"
735.0,GEAR,WAIT,GRAY,NO_DATA,missing_gear,{}
736.0,SPEED,30.0,GREEN,OK,above_reference,"{reference_kmh=21.073369565217195, age_s=0.0}"
736.0,POWER,170,NEUTRAL,OK,power_present,{age_s=0.0}
736.0,HR,135,NEUTRAL,OK,hr_present,{age_s=0.0}
736.0,CADENCE,65,GREEN,OK,preferred_low_cadence_band,{age_s=0.0}
736.0,GRADE,-6,BLUE,OK,descent,"{grade_raw=-6.0, grade_display=-6.0}"
736.0,GEAR,WAIT,GRAY,NO_DATA,missing_gear,{}
737.0,SPEED,30.0,GREEN,OK,above_reference,"{reference_kmh=21.085481682496415, age_s=0.0}"
737.0,POWER,170,NEUTRAL,OK,power_present,{age_s=0.0}
737.0,HR,135,NEUTRAL,OK,hr_present,{age_s=0.0}
737.0,CADENCE,65,GREEN,OK,preferred_low_cadence_band,{age_s=0.0}
737.0,GRADE,-6,BLUE,OK,descent,"{grade_raw=-6.0, grade_display=-6.0}"
737.0,GEAR,WAIT,GRAY,NO_DATA,missing_gear,{}
738.0,SPEED,30.0,GREEN,OK,above_reference,"{reference_kmh=21.097560975609564, age_s=0.0}"
738.0,POWER,170,NEUTRAL,OK,power_present,{age_s=0.0}
738.0,HR,135,NEUTRAL,OK,hr_present,{age_s=0.0}
738.0,CADENCE,65,GREEN,OK,preferred_low_cadence_band,{age_s=0.0}
738.0,GRADE,-6,BLUE,OK,descent,"{grade_raw=-6.0, grade_display=-6.0}"
738.0,GEAR,WAIT,GRAY,NO_DATA,missing_gear,{}
739.0,SPEED,30.0,GREEN,OK,above_reference,"{reference_kmh=21.10960757780765, age_s=0.0}"
739.0,POWER,170,NEUTRAL,OK,power_present,{age_s=0.0}
739.0,HR,135,NEUTRAL,OK,hr_present,{age_s=0.0}
739.0,CADENCE,65,GREEN,OK,preferred_low_cadence_band,{age_s=0.0}
739.0,GRADE,-6,BLUE,OK,descent,"{grade_raw=-6.0, grade_display=-6.0}"
739.0,GEAR,WAIT,GRAY,NO_DATA,missing_gear,{}
740.0,SPEED,30.0,GREEN,OK,above_reference,"{reference_kmh=21.121621621621426, age_s=0.0}"
740.0,POWER,170,NEUTRAL,OK,power_present,{age_s=0.0}
740.0,HR,135,NEUTRAL,OK,hr_present,{age_s=0.0}
740.0,CADENCE,65,GREEN,OK,preferred_low_cadence_band,{age_s=0.0}
740.0,GRADE,-6,BLUE,OK,descent,"{grade_raw=-6.0, grade_display=-6.0}"
740.0,GEAR,WAIT,GRAY,NO_DATA,missing_gear,{}
741.0,SPEED,30.0,GREEN,OK,above_reference,"{reference_kmh=21.133603238866197, age_s=0.0}"
741.0,POWER,170,NEUTRAL,OK,power_present,{age_s=0.0}
741.0,HR,135,NEUTRAL,OK,hr_present,{age_s=0.0}
741.0,CADENCE,65,GREEN,OK,preferred_low_cadence_band,{age_s=0.0}
741.0,GRADE,-6,BLUE,OK,descent,"{grade_raw=-6.0, grade_display=-6.0}"
741.0,GEAR,WAIT,GRAY,NO_DATA,missing_gear,{}
742.0,SPEED,30.0,GREEN,OK,above_reference,"{reference_kmh=21.145552560646703, age_s=0.0}"
742.0,POWER,170,NEUTRAL,OK,power_present,{age_s=0.0}
742.0,HR,135,NEUTRAL,OK,hr_present,{age_s=0.0}
742.0,CADENCE,65,GREEN,OK,preferred_low_cadence_band,{age_s=0.0}
742.0,GRADE,-6,BLUE,OK,descent,"{grade_raw=-6.0, grade_display=-6.0}"
742.0,GEAR,WAIT,GRAY,NO_DATA,missing_gear,{}
743.0,SPEED,30.0,GREEN,OK,above_reference,"{reference_kmh=21.157469717361845, age_s=0.0}"
743.0,POWER,170,NEUTRAL,OK,power_present,{age_s=0.0}
743.0,HR,135,NEUTRAL,OK,hr_present,{age_s=0.0}
743.0,CADENCE,65,GREEN,OK,preferred_low_cadence_band,{age_s=0.0}
743.0,GRADE,-6,BLUE,OK,descent,"{grade_raw=-6.0, grade_display=-6.0}"
743.0,GEAR,WAIT,GRAY,NO_DATA,missing_gear,{}
744.0,SPEED,30.0,GREEN,OK,above_reference,"{reference_kmh=21.169354838709477, age_s=0.0}"
744.0,POWER,170,NEUTRAL,OK,power_present,{age_s=0.0}
744.0,HR,135,NEUTRAL,OK,hr_present,{age_s=0.0}
744.0,CADENCE,65,GREEN,OK,preferred_low_cadence_band,{age_s=0.0}
744.0,GRADE,-6,BLUE,OK,descent,"{grade_raw=-6.0, grade_display=-6.0}"
744.0,GEAR,WAIT,GRAY,NO_DATA,missing_gear,{}
745.0,SPEED,30.0,GREEN,OK,above_reference,"{reference_kmh=21.181208053691073, age_s=0.0}"
745.0,POWER,170,NEUTRAL,OK,power_present,{age_s=0.0}
745.0,HR,135,NEUTRAL,OK,hr_present,{age_s=0.0}
745.0,CADENCE,65,GREEN,OK,preferred_low_cadence_band,{age_s=0.0}
745.0,GRADE,-6,BLUE,OK,descent,"{grade_raw=-6.0, grade_display=-6.0}"
745.0,GEAR,WAIT,GRAY,NO_DATA,missing_gear,{}
746.0,SPEED,30.0,GREEN,OK,above_reference,"{reference_kmh=21.193029490616414, age_s=0.0}"
746.0,POWER,170,NEUTRAL,OK,power_present,{age_s=0.0}
746.0,HR,135,NEUTRAL,OK,hr_present,{age_s=0.0}
746.0,CADENCE,65,GREEN,OK,preferred_low_cadence_band,{age_s=0.0}
746.0,GRADE,-6,BLUE,OK,descent,"{grade_raw=-6.0, grade_display=-6.0}"
746.0,GEAR,WAIT,GRAY,NO_DATA,missing_gear,{}
747.0,SPEED,30.0,GREEN,OK,above_reference,"{reference_kmh=21.20481927710823, age_s=0.0}"
747.0,POWER,170,NEUTRAL,OK,power_present,{age_s=0.0}
747.0,HR,135,NEUTRAL,OK,hr_present,{age_s=0.0}
747.0,CADENCE,65,GREEN,OK,preferred_low_cadence_band,{age_s=0.0}
747.0,GRADE,-6,BLUE,OK,descent,"{grade_raw=-6.0, grade_display=-6.0}"
747.0,GEAR,WAIT,GRAY,NO_DATA,missing_gear,{}
748.0,SPEED,30.0,GREEN,OK,above_reference,"{reference_kmh=21.216577540106744, age_s=0.0}"
748.0,POWER,170,NEUTRAL,OK,power_present,{age_s=0.0}
748.0,HR,135,NEUTRAL,OK,hr_present,{age_s=0.0}
748.0,CADENCE,65,GREEN,OK,preferred_low_cadence_band,{age_s=0.0}
748.0,GRADE,-6,BLUE,OK,descent,"{grade_raw=-6.0, grade_display=-6.0}"
748.0,GEAR,WAIT,GRAY,NO_DATA,missing_gear,{}
749.0,SPEED,30.0,GREEN,OK,above_reference,"{reference_kmh=21.228304405874294, age_s=0.0}"
749.0,POWER,170,NEUTRAL,OK,power_present,{age_s=0.0}
749.0,HR,135,NEUTRAL,OK,hr_present,{age_s=0.0}
749.0,CADENCE,65,GREEN,OK,preferred_low_cadence_band,{age_s=0.0}
749.0,GRADE,-6,BLUE,OK,descent,"{grade_raw=-6.0, grade_display=-6.0}"
749.0,GEAR,WAIT,GRAY,NO_DATA,missing_gear,{}
750.0,SPEED,30.0,GREEN,OK,above_reference,"{reference_kmh=21.23999999999979, age_s=0.0}"
750.0,POWER,170,NEUTRAL,OK,power_present,{age_s=0.0}
750.0,HR,135,NEUTRAL,OK,hr_present,{age_s=0.0}
750.0,CADENCE,65,GREEN,OK,preferred_low_cadence_band,{age_s=0.0}
750.0,GRADE,-6,BLUE,OK,descent,"{grade_raw=-6.0, grade_display=-6.0}"
750.0,GEAR,WAIT,GRAY,NO_DATA,missing_gear,{}
751.0,SPEED,30.0,GREEN,OK,above_reference,"{reference_kmh=21.25166444740325, age_s=0.0}"
751.0,POWER,170,NEUTRAL,OK,power_present,{age_s=0.0}
751.0,HR,135,NEUTRAL,OK,hr_present,{age_s=0.0}
751.0,CADENCE,65,GREEN,OK,preferred_low_cadence_band,{age_s=0.0}
751.0,GRADE,-6,BLUE,OK,descent,"{grade_raw=-6.0, grade_display=-6.0}"
751.0,GEAR,WAIT,GRAY,NO_DATA,missing_gear,{}
752.0,SPEED,30.0,GREEN,OK,above_reference,"{reference_kmh=21.26329787234021, age_s=0.0}"
752.0,POWER,170,NEUTRAL,OK,power_present,{age_s=0.0}
752.0,HR,135,NEUTRAL,OK,hr_present,{age_s=0.0}
752.0,CADENCE,65,GREEN,OK,preferred_low_cadence_band,{age_s=0.0}
752.0,GRADE,-6,BLUE,OK,descent,"{grade_raw=-6.0, grade_display=-6.0}"
752.0,GEAR,WAIT,GRAY,NO_DATA,missing_gear,{}
753.0,SPEED,30.0,GREEN,OK,above_reference,"{reference_kmh=21.274900398406164, age_s=0.0}"
753.0,POWER,170,NEUTRAL,OK,power_present,{age_s=0.0}
753.0,HR,135,NEUTRAL,OK,hr_present,{age_s=0.0}
753.0,CADENCE,65,GREEN,OK,preferred_low_cadence_band,{age_s=0.0}
753.0,GRADE,-6,BLUE,OK,descent,"{grade_raw=-6.0, grade_display=-6.0}"
753.0,GEAR,WAIT,GRAY,NO_DATA,missing_gear,{}
754.0,SPEED,30.0,GREEN,OK,above_reference,"{reference_kmh=21.286472148540902, age_s=0.0}"
754.0,POWER,170,NEUTRAL,OK,power_present,{age_s=0.0}
754.0,HR,135,NEUTRAL,OK,hr_present,{age_s=0.0}
754.0,CADENCE,65,GREEN,OK,preferred_low_cadence_band,{age_s=0.0}
754.0,GRADE,-6,BLUE,OK,descent,"{grade_raw=-6.0, grade_display=-6.0}"
754.0,GEAR,WAIT,GRAY,NO_DATA,missing_gear,{}
755.0,SPEED,30.0,GREEN,OK,above_reference,"{reference_kmh=21.298013245032898, age_s=0.0}"
755.0,POWER,170,NEUTRAL,OK,power_present,{age_s=0.0}
755.0,HR,135,NEUTRAL,OK,hr_present,{age_s=0.0}
755.0,CADENCE,65,GREEN,OK,preferred_low_cadence_band,{age_s=0.0}
755.0,GRADE,-6,BLUE,OK,descent,"{grade_raw=-6.0, grade_display=-6.0}"
755.0,GEAR,WAIT,GRAY,NO_DATA,missing_gear,{}
756.0,SPEED,30.0,GREEN,OK,above_reference,"{reference_kmh=21.309523809523593, age_s=0.0}"
756.0,POWER,170,NEUTRAL,OK,power_present,{age_s=0.0}
756.0,HR,135,NEUTRAL,OK,hr_present,{age_s=0.0}
756.0,CADENCE,65,GREEN,OK,preferred_low_cadence_band,{age_s=0.0}
756.0,GRADE,-6,BLUE,OK,descent,"{grade_raw=-6.0, grade_display=-6.0}"
756.0,GEAR,WAIT,GRAY,NO_DATA,missing_gear,{}
757.0,SPEED,30.0,GREEN,OK,above_reference,"{reference_kmh=21.32100396301167, age_s=0.0}"
757.0,POWER,170,NEUTRAL,OK,power_present,{age_s=0.0}
757.0,HR,135,NEUTRAL,OK,hr_present,{age_s=0.0}
757.0,CADENCE,65,GREEN,OK,preferred_low_cadence_band,{age_s=0.0}
757.0,GRADE,-6,BLUE,OK,descent,"{grade_raw=-6.0, grade_display=-6.0}"
757.0,GEAR,WAIT,GRAY,NO_DATA,missing_gear,{}
758.0,SPEED,30.0,GREEN,OK,above_reference,"{reference_kmh=21.332453825857304, age_s=0.0}"
758.0,POWER,170,NEUTRAL,OK,power_present,{age_s=0.0}
758.0,HR,135,NEUTRAL,OK,hr_present,{age_s=0.0}
758.0,CADENCE,65,GREEN,OK,preferred_low_cadence_band,{age_s=0.0}
758.0,GRADE,-6,BLUE,OK,descent,"{grade_raw=-6.0, grade_display=-6.0}"
758.0,GEAR,WAIT,GRAY,NO_DATA,missing_gear,{}
759.0,SPEED,30.0,GREEN,OK,above_reference,"{reference_kmh=21.343873517786342, age_s=0.0}"
759.0,POWER,170,NEUTRAL,OK,power_present,{age_s=0.0}
759.0,HR,135,NEUTRAL,OK,hr_present,{age_s=0.0}
759.0,CADENCE,65,GREEN,OK,preferred_low_cadence_band,{age_s=0.0}
759.0,GRADE,-6,BLUE,OK,descent,"{grade_raw=-6.0, grade_display=-6.0}"
759.0,GEAR,WAIT,GRAY,NO_DATA,missing_gear,{}
760.0,SPEED,30.0,GREEN,OK,above_reference,"{reference_kmh=21.355263157894516, age_s=0.0}"
760.0,POWER,170,NEUTRAL,OK,power_present,{age_s=0.0}
760.0,HR,135,NEUTRAL,OK,hr_present,{age_s=0.0}
760.0,CADENCE,65,GREEN,OK,preferred_low_cadence_band,{age_s=0.0}
760.0,GRADE,-6,BLUE,OK,descent,"{grade_raw=-6.0, grade_display=-6.0}"
760.0,GEAR,WAIT,GRAY,NO_DATA,missing_gear,{}
761.0,SPEED,30.0,GREEN,OK,above_reference,"{reference_kmh=21.366622864651553, age_s=0.0}"
761.0,POWER,170,NEUTRAL,OK,power_present,{age_s=0.0}
761.0,HR,135,NEUTRAL,OK,hr_present,{age_s=0.0}
761.0,CADENCE,65,GREEN,OK,preferred_low_cadence_band,{age_s=0.0}
761.0,GRADE,-6,BLUE,OK,descent,"{grade_raw=-6.0, grade_display=-6.0}"
761.0,GEAR,WAIT,GRAY,NO_DATA,missing_gear,{}
762.0,SPEED,30.0,GREEN,OK,above_reference,"{reference_kmh=21.377952755905287, age_s=0.0}"
762.0,POWER,170,NEUTRAL,OK,power_present,{age_s=0.0}
762.0,HR,135,NEUTRAL,OK,hr_present,{age_s=0.0}
762.0,CADENCE,65,GREEN,OK,preferred_low_cadence_band,{age_s=0.0}
762.0,GRADE,-6,BLUE,OK,descent,"{grade_raw=-6.0, grade_display=-6.0}"
762.0,GEAR,WAIT,GRAY,NO_DATA,missing_gear,{}
763.0,SPEED,30.0,GREEN,OK,above_reference,"{reference_kmh=21.389252948885755, age_s=0.0}"
763.0,POWER,170,NEUTRAL,OK,power_present,{age_s=0.0}
763.0,HR,135,NEUTRAL,OK,hr_present,{age_s=0.0}
763.0,CADENCE,65,GREEN,OK,preferred_low_cadence_band,{age_s=0.0}
763.0,GRADE,-6,BLUE,OK,descent,"{grade_raw=-6.0, grade_display=-6.0}"
763.0,GEAR,WAIT,GRAY,NO_DATA,missing_gear,{}
764.0,SPEED,30.0,GREEN,OK,above_reference,"{reference_kmh=21.400523560209198, age_s=0.0}"
764.0,POWER,170,NEUTRAL,OK,power_present,{age_s=0.0}
764.0,HR,135,NEUTRAL,OK,hr_present,{age_s=0.0}
764.0,CADENCE,65,GREEN,OK,preferred_low_cadence_band,{age_s=0.0}
764.0,GRADE,-6,BLUE,OK,descent,"{grade_raw=-6.0, grade_display=-6.0}"
764.0,GEAR,WAIT,GRAY,NO_DATA,missing_gear,{}
765.0,SPEED,30.0,GREEN,OK,above_reference,"{reference_kmh=21.411764705882128, age_s=0.0}"
765.0,POWER,170,NEUTRAL,OK,power_present,{age_s=0.0}
765.0,HR,135,NEUTRAL,OK,hr_present,{age_s=0.0}
765.0,CADENCE,65,GREEN,OK,preferred_low_cadence_band,{age_s=0.0}
765.0,GRADE,-6,BLUE,OK,descent,"{grade_raw=-6.0, grade_display=-6.0}"
765.0,GEAR,WAIT,GRAY,NO_DATA,missing_gear,{}
766.0,SPEED,30.0,GREEN,OK,above_reference,"{reference_kmh=21.422976501305254, age_s=0.0}"
766.0,POWER,170,NEUTRAL,OK,power_present,{age_s=0.0}
766.0,HR,135,NEUTRAL,OK,hr_present,{age_s=0.0}
766.0,CADENCE,65,GREEN,OK,preferred_low_cadence_band,{age_s=0.0}
766.0,GRADE,-6,BLUE,OK,descent,"{grade_raw=-6.0, grade_display=-6.0}"
766.0,GEAR,WAIT,GRAY,NO_DATA,missing_gear,{}
767.0,SPEED,30.0,GREEN,OK,above_reference,"{reference_kmh=21.434159061277477, age_s=0.0}"
767.0,POWER,170,NEUTRAL,OK,power_present,{age_s=0.0}
767.0,HR,135,NEUTRAL,OK,hr_present,{age_s=0.0}
767.0,CADENCE,65,GREEN,OK,preferred_low_cadence_band,{age_s=0.0}
767.0,GRADE,-6,BLUE,OK,descent,"{grade_raw=-6.0, grade_display=-6.0}"
767.0,GEAR,WAIT,GRAY,NO_DATA,missing_gear,{}
768.0,SPEED,30.0,GREEN,OK,above_reference,"{reference_kmh=21.44531249999977, age_s=0.0}"
768.0,POWER,170,NEUTRAL,OK,power_present,{age_s=0.0}
768.0,HR,135,NEUTRAL,OK,hr_present,{age_s=0.0}
768.0,CADENCE,65,GREEN,OK,preferred_low_cadence_band,{age_s=0.0}
768.0,GRADE,-6,BLUE,OK,descent,"{grade_raw=-6.0, grade_display=-6.0}"
768.0,GEAR,WAIT,GRAY,NO_DATA,missing_gear,{}
769.0,SPEED,30.0,GREEN,OK,above_reference,"{reference_kmh=21.456436931079093, age_s=0.0}"
769.0,POWER,170,NEUTRAL,OK,power_present,{age_s=0.0}
769.0,HR,135,NEUTRAL,OK,hr_present,{age_s=0.0}
769.0,CADENCE,65,GREEN,OK,preferred_low_cadence_band,{age_s=0.0}
769.0,GRADE,-6,BLUE,OK,descent,"{grade_raw=-6.0, grade_display=-6.0}"
769.0,GEAR,WAIT,GRAY,NO_DATA,missing_gear,{}
770.0,SPEED,30.0,GREEN,OK,above_reference,"{reference_kmh=21.467532467532237, age_s=0.0}"
770.0,POWER,170,NEUTRAL,OK,power_present,{age_s=0.0}
770.0,HR,135,NEUTRAL,OK,hr_present,{age_s=0.0}
770.0,CADENCE,65,GREEN,OK,preferred_low_cadence_band,{age_s=0.0}
770.0,GRADE,-6,BLUE,OK,descent,"{grade_raw=-6.0, grade_display=-6.0}"
770.0,GEAR,WAIT,GRAY,NO_DATA,missing_gear,{}
771.0,SPEED,30.0,GREEN,OK,above_reference,"{reference_kmh=21.478599221789647, age_s=0.0}"
771.0,POWER,170,NEUTRAL,OK,power_present,{age_s=0.0}
771.0,HR,135,NEUTRAL,OK,hr_present,{age_s=0.0}
771.0,CADENCE,65,GREEN,OK,preferred_low_cadence_band,{age_s=0.0}
771.0,GRADE,-6,BLUE,OK,descent,"{grade_raw=-6.0, grade_display=-6.0}"
771.0,GEAR,WAIT,GRAY,NO_DATA,missing_gear,{}
772.0,SPEED,30.0,GREEN,OK,above_reference,"{reference_kmh=21.489637305699247, age_s=0.0}"
772.0,POWER,170,NEUTRAL,OK,power_present,{age_s=0.0}
772.0,HR,135,NEUTRAL,OK,hr_present,{age_s=0.0}
772.0,CADENCE,65,GREEN,OK,preferred_low_cadence_band,{age_s=0.0}
772.0,GRADE,-6,BLUE,OK,descent,"{grade_raw=-6.0, grade_display=-6.0}"
772.0,GEAR,WAIT,GRAY,NO_DATA,missing_gear,{}
773.0,SPEED,30.0,GREEN,OK,above_reference,"{reference_kmh=21.50064683053016, age_s=0.0}"
773.0,POWER,170,NEUTRAL,OK,power_present,{age_s=0.0}
773.0,HR,135,NEUTRAL,OK,hr_present,{age_s=0.0}
773.0,CADENCE,65,GREEN,OK,preferred_low_cadence_band,{age_s=0.0}
773.0,GRADE,-6,BLUE,OK,descent,"{grade_raw=-6.0, grade_display=-6.0}"
773.0,GEAR,WAIT,GRAY,NO_DATA,missing_gear,{}
774.0,SPEED,30.0,GREEN,OK,above_reference,"{reference_kmh=21.51162790697651, age_s=0.0}"
774.0,POWER,170,NEUTRAL,OK,power_present,{age_s=0.0}
774.0,HR,135,NEUTRAL,OK,hr_present,{age_s=0.0}
774.0,CADENCE,65,GREEN,OK,preferred_low_cadence_band,{age_s=0.0}
774.0,GRADE,-6,BLUE,OK,descent,"{grade_raw=-6.0, grade_display=-6.0}"
774.0,GEAR,WAIT,GRAY,NO_DATA,missing_gear,{}
775.0,SPEED,30.0,GREEN,OK,above_reference,"{reference_kmh=21.522580645161053, age_s=0.0}"
775.0,POWER,170,NEUTRAL,OK,power_present,{age_s=0.0}
775.0,HR,135,NEUTRAL,OK,hr_present,{age_s=0.0}
775.0,CADENCE,65,GREEN,OK,preferred_low_cadence_band,{age_s=0.0}
775.0,GRADE,-6,BLUE,OK,descent,"{grade_raw=-6.0, grade_display=-6.0}"
775.0,GEAR,WAIT,GRAY,NO_DATA,missing_gear,{}
776.0,SPEED,30.0,GREEN,OK,above_reference,"{reference_kmh=21.533505154638934, age_s=0.0}"
776.0,POWER,170,NEUTRAL,OK,power_present,{age_s=0.0}
776.0,HR,135,NEUTRAL,OK,hr_present,{age_s=0.0}
776.0,CADENCE,65,GREEN,OK,preferred_low_cadence_band,{age_s=0.0}
776.0,GRADE,-6,BLUE,OK,descent,"{grade_raw=-6.0, grade_display=-6.0}"
776.0,GEAR,WAIT,GRAY,NO_DATA,missing_gear,{}
777.0,SPEED,30.0,GREEN,OK,above_reference,"{reference_kmh=21.544401544401303, age_s=0.0}"
777.0,POWER,170,NEUTRAL,OK,power_present,{age_s=0.0}
777.0,HR,135,NEUTRAL,OK,hr_present,{age_s=0.0}
777.0,CADENCE,65,GREEN,OK,preferred_low_cadence_band,{age_s=0.0}
777.0,GRADE,-6,BLUE,OK,descent,"{grade_raw=-6.0, grade_display=-6.0}"
777.0,GEAR,WAIT,GRAY,NO_DATA,missing_gear,{}
778.0,SPEED,30.0,GREEN,OK,above_reference,"{reference_kmh=21.555269922878935, age_s=0.0}"
778.0,POWER,170,NEUTRAL,OK,power_present,{age_s=0.0}
778.0,HR,135,NEUTRAL,OK,hr_present,{age_s=0.0}
778.0,CADENCE,65,GREEN,OK,preferred_low_cadence_band,{age_s=0.0}
778.0,GRADE,-6,BLUE,OK,descent,"{grade_raw=-6.0, grade_display=-6.0}"
778.0,GEAR,WAIT,GRAY,NO_DATA,missing_gear,{}
779.0,SPEED,30.0,GREEN,OK,above_reference,"{reference_kmh=21.566110397945845, age_s=0.0}"
779.0,POWER,170,NEUTRAL,OK,power_present,{age_s=0.0}
779.0,HR,135,NEUTRAL,OK,hr_present,{age_s=0.0}
779.0,CADENCE,65,GREEN,OK,preferred_low_cadence_band,{age_s=0.0}
779.0,GRADE,-6,BLUE,OK,descent,"{grade_raw=-6.0, grade_display=-6.0}"
779.0,GEAR,WAIT,GRAY,NO_DATA,missing_gear,{}
780.0,SPEED,30.0,GREEN,OK,above_reference,"{reference_kmh=21.576923076922835, age_s=0.0}"
780.0,POWER,170,NEUTRAL,OK,power_present,{age_s=0.0}
780.0,HR,135,NEUTRAL,OK,hr_present,{age_s=0.0}
780.0,CADENCE,65,GREEN,OK,preferred_low_cadence_band,{age_s=0.0}
780.0,GRADE,-6,BLUE,OK,descent,"{grade_raw=-6.0, grade_display=-6.0}"
780.0,GEAR,WAIT,GRAY,NO_DATA,missing_gear,{}
781.0,SPEED,30.0,GREEN,OK,above_reference,"{reference_kmh=21.58770806658106, age_s=0.0}"
781.0,POWER,170,NEUTRAL,OK,power_present,{age_s=0.0}
781.0,HR,135,NEUTRAL,OK,hr_present,{age_s=0.0}
781.0,CADENCE,65,GREEN,OK,preferred_low_cadence_band,{age_s=0.0}
781.0,GRADE,-6,BLUE,OK,descent,"{grade_raw=-6.0, grade_display=-6.0}"
781.0,GEAR,WAIT,GRAY,NO_DATA,missing_gear,{}
782.0,SPEED,30.0,GREEN,OK,above_reference,"{reference_kmh=21.59846547314553, age_s=0.0}"
782.0,POWER,170,NEUTRAL,OK,power_present,{age_s=0.0}
782.0,HR,135,NEUTRAL,OK,hr_present,{age_s=0.0}
782.0,CADENCE,65,GREEN,OK,preferred_low_cadence_band,{age_s=0.0}
782.0,GRADE,-6,BLUE,OK,descent,"{grade_raw=-6.0, grade_display=-6.0}"
782.0,GEAR,WAIT,GRAY,NO_DATA,missing_gear,{}
783.0,SPEED,30.0,GREEN,OK,above_reference,"{reference_kmh=21.609195402298603, age_s=0.0}"
783.0,POWER,170,NEUTRAL,OK,power_present,{age_s=0.0}
783.0,HR,135,NEUTRAL,OK,hr_present,{age_s=0.0}
783.0,CADENCE,65,GREEN,OK,preferred_low_cadence_band,{age_s=0.0}
783.0,GRADE,-6,BLUE,OK,descent,"{grade_raw=-6.0, grade_display=-6.0}"
783.0,GEAR,WAIT,GRAY,NO_DATA,missing_gear,{}
784.0,SPEED,30.0,GREEN,OK,above_reference,"{reference_kmh=21.61989795918343, age_s=0.0}"
784.0,POWER,170,NEUTRAL,OK,power_present,{age_s=0.0}
784.0,HR,135,NEUTRAL,OK,hr_present,{age_s=0.0}
784.0,CADENCE,65,GREEN,OK,preferred_low_cadence_band,{age_s=0.0}
784.0,GRADE,-6,BLUE,OK,descent,"{grade_raw=-6.0, grade_display=-6.0}"
784.0,GEAR,WAIT,GRAY,NO_DATA,missing_gear,{}
785.0,SPEED,30.0,GREEN,OK,above_reference,"{reference_kmh=21.630573248407394, age_s=0.0}"
785.0,POWER,170,NEUTRAL,OK,power_present,{age_s=0.0}
785.0,HR,135,NEUTRAL,OK,hr_present,{age_s=0.0}
785.0,CADENCE,65,GREEN,OK,preferred_low_cadence_band,{age_s=0.0}
785.0,GRADE,-6,BLUE,OK,descent,"{grade_raw=-6.0, grade_display=-6.0}"
785.0,GEAR,WAIT,GRAY,NO_DATA,missing_gear,{}
786.0,SPEED,30.0,GREEN,OK,above_reference,"{reference_kmh=21.641221374045553, age_s=0.0}"
786.0,POWER,170,NEUTRAL,OK,power_present,{age_s=0.0}
786.0,HR,135,NEUTRAL,OK,hr_present,{age_s=0.0}
786.0,CADENCE,65,GREEN,OK,preferred_low_cadence_band,{age_s=0.0}
786.0,GRADE,-6,BLUE,OK,descent,"{grade_raw=-6.0, grade_display=-6.0}"
786.0,GEAR,WAIT,GRAY,NO_DATA,missing_gear,{}
787.0,SPEED,30.0,GREEN,OK,above_reference,"{reference_kmh=21.651842439643968, age_s=0.0}"
787.0,POWER,170,NEUTRAL,OK,power_present,{age_s=0.0}
787.0,HR,135,NEUTRAL,OK,hr_present,{age_s=0.0}
787.0,CADENCE,65,GREEN,OK,preferred_low_cadence_band,{age_s=0.0}
787.0,GRADE,-6,BLUE,OK,descent,"{grade_raw=-6.0, grade_display=-6.0}"
787.0,GEAR,WAIT,GRAY,NO_DATA,missing_gear,{}
788.0,SPEED,30.0,GREEN,OK,above_reference,"{reference_kmh=21.6624365482231, age_s=0.0}"
788.0,POWER,170,NEUTRAL,OK,power_present,{age_s=0.0}
788.0,HR,135,NEUTRAL,OK,hr_present,{age_s=0.0}
788.0,CADENCE,65,GREEN,OK,preferred_low_cadence_band,{age_s=0.0}
788.0,GRADE,-6,BLUE,OK,descent,"{grade_raw=-6.0, grade_display=-6.0}"
788.0,GEAR,WAIT,GRAY,NO_DATA,missing_gear,{}
789.0,SPEED,30.0,GREEN,OK,above_reference,"{reference_kmh=21.673003802281116, age_s=0.0}"
789.0,POWER,170,NEUTRAL,OK,power_present,{age_s=0.0}
789.0,HR,135,NEUTRAL,OK,hr_present,{age_s=0.0}
789.0,CADENCE,65,GREEN,OK,preferred_low_cadence_band,{age_s=0.0}
789.0,GRADE,-6,BLUE,OK,descent,"{grade_raw=-6.0, grade_display=-6.0}"
789.0,GEAR,WAIT,GRAY,NO_DATA,missing_gear,{}
790.0,SPEED,30.0,GREEN,OK,above_reference,"{reference_kmh=21.683544303797216, age_s=0.0}"
790.0,POWER,170,NEUTRAL,OK,power_present,{age_s=0.0}
790.0,HR,135,NEUTRAL,OK,hr_present,{age_s=0.0}
790.0,CADENCE,65,GREEN,OK,preferred_low_cadence_band,{age_s=0.0}
790.0,GRADE,-6,BLUE,OK,descent,"{grade_raw=-6.0, grade_display=-6.0}"
790.0,GEAR,WAIT,GRAY,NO_DATA,missing_gear,{}
791.0,SPEED,30.0,GREEN,OK,above_reference,"{reference_kmh=21.694058154234888, age_s=0.0}"
791.0,POWER,170,NEUTRAL,OK,power_present,{age_s=0.0}
791.0,HR,135,NEUTRAL,OK,hr_present,{age_s=0.0}
791.0,CADENCE,65,GREEN,OK,preferred_low_cadence_band,{age_s=0.0}
791.0,GRADE,-6,BLUE,OK,descent,"{grade_raw=-6.0, grade_display=-6.0}"
791.0,GEAR,WAIT,GRAY,NO_DATA,missing_gear,{}
792.0,SPEED,30.0,GREEN,OK,above_reference,"{reference_kmh=21.704545454545197, age_s=0.0}"
792.0,POWER,170,NEUTRAL,OK,power_present,{age_s=0.0}
792.0,HR,135,NEUTRAL,OK,hr_present,{age_s=0.0}
792.0,CADENCE,65,GREEN,OK,preferred_low_cadence_band,{age_s=0.0}
792.0,GRADE,-6,BLUE,OK,descent,"{grade_raw=-6.0, grade_display=-6.0}"
792.0,GEAR,WAIT,GRAY,NO_DATA,missing_gear,{}
793.0,SPEED,30.0,GREEN,OK,above_reference,"{reference_kmh=21.715006305169982, age_s=0.0}"
793.0,POWER,170,NEUTRAL,OK,power_present,{age_s=0.0}
793.0,HR,135,NEUTRAL,OK,hr_present,{age_s=0.0}
793.0,CADENCE,65,GREEN,OK,preferred_low_cadence_band,{age_s=0.0}
793.0,GRADE,-6,BLUE,OK,descent,"{grade_raw=-6.0, grade_display=-6.0}"
793.0,GEAR,WAIT,GRAY,NO_DATA,missing_gear,{}
794.0,SPEED,30.0,GREEN,OK,above_reference,"{reference_kmh=21.72544080604508, age_s=0.0}"
794.0,POWER,170,NEUTRAL,OK,power_present,{age_s=0.0}
794.0,HR,135,NEUTRAL,OK,hr_present,{age_s=0.0}
794.0,CADENCE,65,GREEN,OK,preferred_low_cadence_band,{age_s=0.0}
794.0,GRADE,-6,BLUE,OK,descent,"{grade_raw=-6.0, grade_display=-6.0}"
794.0,GEAR,WAIT,GRAY,NO_DATA,missing_gear,{}
795.0,SPEED,30.0,GREEN,OK,above_reference,"{reference_kmh=21.735849056603517, age_s=0.0}"
795.0,POWER,170,NEUTRAL,OK,power_present,{age_s=0.0}
795.0,HR,135,NEUTRAL,OK,hr_present,{age_s=0.0}
795.0,CADENCE,65,GREEN,OK,preferred_low_cadence_band,{age_s=0.0}
795.0,GRADE,-6,BLUE,OK,descent,"{grade_raw=-6.0, grade_display=-6.0}"
795.0,GEAR,WAIT,GRAY,NO_DATA,missing_gear,{}
796.0,SPEED,30.0,GREEN,OK,above_reference,"{reference_kmh=21.746231155778634, age_s=0.0}"
796.0,POWER,170,NEUTRAL,OK,power_present,{age_s=0.0}
796.0,HR,135,NEUTRAL,OK,hr_present,{age_s=0.0}
796.0,CADENCE,65,GREEN,OK,preferred_low_cadence_band,{age_s=0.0}
796.0,GRADE,-6,BLUE,OK,descent,"{grade_raw=-6.0, grade_display=-6.0}"
796.0,GEAR,WAIT,GRAY,NO_DATA,missing_gear,{}
797.0,SPEED,30.0,GREEN,OK,above_reference,"{reference_kmh=21.756587202007267, age_s=0.0}"
797.0,POWER,170,NEUTRAL,OK,power_present,{age_s=0.0}
797.0,HR,135,NEUTRAL,OK,hr_present,{age_s=0.0}
797.0,CADENCE,65,GREEN,OK,preferred_low_cadence_band,{age_s=0.0}
797.0,GRADE,-6,BLUE,OK,descent,"{grade_raw=-6.0, grade_display=-6.0}"
797.0,GEAR,WAIT,GRAY,NO_DATA,missing_gear,{}
798.0,SPEED,30.0,GREEN,OK,above_reference,"{reference_kmh=21.76691729323282, age_s=0.0}"
798.0,POWER,170,NEUTRAL,OK,power_present,{age_s=0.0}
798.0,HR,135,NEUTRAL,OK,hr_present,{age_s=0.0}
798.0,CADENCE,65,GREEN,OK,preferred_low_cadence_band,{age_s=0.0}
798.0,GRADE,-6,BLUE,OK,descent,"{grade_raw=-6.0, grade_display=-6.0}"
798.0,GEAR,WAIT,GRAY,NO_DATA,missing_gear,{}
799.0,SPEED,30.0,GREEN,OK,above_reference,"{reference_kmh=21.77722152690837, age_s=0.0}"
799.0,POWER,170,NEUTRAL,OK,power_present,{age_s=0.0}
799.0,HR,135,NEUTRAL,OK,hr_present,{age_s=0.0}
799.0,CADENCE,65,GREEN,OK,preferred_low_cadence_band,{age_s=0.0}
799.0,GRADE,-6,BLUE,OK,descent,"{grade_raw=-6.0, grade_display=-6.0}"
799.0,GEAR,WAIT,GRAY,NO_DATA,missing_gear,{}
800.0,SPEED,30.0,GREEN,OK,above_reference,"{reference_kmh=21.78749999999974, age_s=0.0}"
800.0,POWER,170,NEUTRAL,OK,power_present,{age_s=0.0}
800.0,HR,135,NEUTRAL,OK,hr_present,{age_s=0.0}
800.0,CADENCE,65,GREEN,OK,preferred_low_cadence_band,{age_s=0.0}
800.0,GRADE,-6,BLUE,OK,descent,"{grade_raw=-6.0, grade_display=-6.0}"
800.0,GEAR,WAIT,GRAY,NO_DATA,missing_gear,{}
801.0,SPEED,30.0,GREEN,OK,above_reference,"{reference_kmh=21.7977528089885, age_s=0.0}"
801.0,POWER,170,NEUTRAL,OK,power_present,{age_s=0.0}
801.0,HR,135,NEUTRAL,OK,hr_present,{age_s=0.0}
801.0,CADENCE,65,GREEN,OK,preferred_low_cadence_band,{age_s=0.0}
801.0,GRADE,-6,BLUE,OK,descent,"{grade_raw=-6.0, grade_display=-6.0}"
801.0,GEAR,WAIT,GRAY,NO_DATA,missing_gear,{}
802.0,SPEED,30.0,GREEN,OK,above_reference,"{reference_kmh=21.807980049875045, age_s=0.0}"
802.0,POWER,170,NEUTRAL,OK,power_present,{age_s=0.0}
802.0,HR,135,NEUTRAL,OK,hr_present,{age_s=0.0}
802.0,CADENCE,65,GREEN,OK,preferred_low_cadence_band,{age_s=0.0}
802.0,GRADE,-6,BLUE,OK,descent,"{grade_raw=-6.0, grade_display=-6.0}"
802.0,GEAR,WAIT,GRAY,NO_DATA,missing_gear,{}
803.0,SPEED,30.0,GREEN,OK,above_reference,"{reference_kmh=21.81818181818155, age_s=0.0}"
803.0,POWER,170,NEUTRAL,OK,power_present,{age_s=0.0}
803.0,HR,135,NEUTRAL,OK,hr_present,{age_s=0.0}
803.0,CADENCE,65,GREEN,OK,preferred_low_cadence_band,{age_s=0.0}
803.0,GRADE,-6,BLUE,OK,descent,"{grade_raw=-6.0, grade_display=-6.0}"
803.0,GEAR,WAIT,GRAY,NO_DATA,missing_gear,{}
804.0,SPEED,30.0,GREEN,OK,above_reference,"{reference_kmh=21.828358208954953, age_s=0.0}"
804.0,POWER,170,NEUTRAL,OK,power_present,{age_s=0.0}
804.0,HR,135,NEUTRAL,OK,hr_present,{age_s=0.0}
804.0,CADENCE,65,GREEN,OK,preferred_low_cadence_band,{age_s=0.0}
804.0,GRADE,-6,BLUE,OK,descent,"{grade_raw=-6.0, grade_display=-6.0}"
804.0,GEAR,WAIT,GRAY,NO_DATA,missing_gear,{}
805.0,SPEED,30.0,GREEN,OK,above_reference,"{reference_kmh=21.838509316769915, age_s=0.0}"
805.0,POWER,170,NEUTRAL,OK,power_present,{age_s=0.0}
805.0,HR,135,NEUTRAL,OK,hr_present,{age_s=0.0}
805.0,CADENCE,65,GREEN,OK,preferred_low_cadence_band,{age_s=0.0}
805.0,GRADE,-6,BLUE,OK,descent,"{grade_raw=-6.0, grade_display=-6.0}"
805.0,GEAR,WAIT,GRAY,NO_DATA,missing_gear,{}
806.0,SPEED,30.0,GREEN,OK,above_reference,"{reference_kmh=21.84863523573174, age_s=0.0}"
806.0,POWER,170,NEUTRAL,OK,power_present,{age_s=0.0}
806.0,HR,135,NEUTRAL,OK,hr_present,{age_s=0.0}
806.0,CADENCE,65,GREEN,OK,preferred_low_cadence_band,{age_s=0.0}
806.0,GRADE,-6,BLUE,OK,descent,"{grade_raw=-6.0, grade_display=-6.0}"
806.0,GEAR,WAIT,GRAY,NO_DATA,missing_gear,{}
807.0,SPEED,30.0,GREEN,OK,above_reference,"{reference_kmh=21.858736059479284, age_s=0.0}"
807.0,POWER,170,NEUTRAL,OK,power_present,{age_s=0.0}
807.0,HR,135,NEUTRAL,OK,hr_present,{age_s=0.0}
807.0,CADENCE,65,GREEN,OK,preferred_low_cadence_band,{age_s=0.0}
807.0,GRADE,-6,BLUE,OK,descent,"{grade_raw=-6.0, grade_display=-6.0}"
807.0,GEAR,WAIT,GRAY,NO_DATA,missing_gear,{}
808.0,SPEED,30.0,GREEN,OK,above_reference,"{reference_kmh=21.868811881187845, age_s=0.0}"
808.0,POWER,170,NEUTRAL,OK,power_present,{age_s=0.0}
808.0,HR,135,NEUTRAL,OK,hr_present,{age_s=0.0}
808.0,CADENCE,65,GREEN,OK,preferred_low_cadence_band,{age_s=0.0}
808.0,GRADE,-6,BLUE,OK,descent,"{grade_raw=-6.0, grade_display=-6.0}"
808.0,GEAR,WAIT,GRAY,NO_DATA,missing_gear,{}
809.0,SPEED,30.0,GREEN,OK,above_reference,"{reference_kmh=21.878862793572036, age_s=0.0}"
809.0,POWER,170,NEUTRAL,OK,power_present,{age_s=0.0}
809.0,HR,135,NEUTRAL,OK,hr_present,{age_s=0.0}
809.0,CADENCE,65,GREEN,OK,preferred_low_cadence_band,{age_s=0.0}
809.0,GRADE,-6,BLUE,OK,descent,"{grade_raw=-6.0, grade_display=-6.0}"
809.0,GEAR,WAIT,GRAY,NO_DATA,missing_gear,{}
810.0,SPEED,30.0,GREEN,OK,above_reference,"{reference_kmh=21.888888888888616, age_s=0.0}"
810.0,POWER,170,NEUTRAL,OK,power_present,{age_s=0.0}
810.0,HR,135,NEUTRAL,OK,hr_present,{age_s=0.0}
810.0,CADENCE,65,GREEN,OK,preferred_low_cadence_band,{age_s=0.0}
810.0,GRADE,-6,BLUE,OK,descent,"{grade_raw=-6.0, grade_display=-6.0}"
810.0,GEAR,WAIT,GRAY,NO_DATA,missing_gear,{}
811.0,SPEED,30.0,GREEN,OK,above_reference,"{reference_kmh=21.898890258939307, age_s=0.0}"
811.0,POWER,170,NEUTRAL,OK,power_present,{age_s=0.0}
811.0,HR,135,NEUTRAL,OK,hr_present,{age_s=0.0}
811.0,CADENCE,65,GREEN,OK,preferred_low_cadence_band,{age_s=0.0}
811.0,GRADE,-6,BLUE,OK,descent,"{grade_raw=-6.0, grade_display=-6.0}"
811.0,GEAR,WAIT,GRAY,NO_DATA,missing_gear,{}
812.0,SPEED,30.0,GREEN,OK,above_reference,"{reference_kmh=21.908866995073613, age_s=0.0}"
812.0,POWER,170,NEUTRAL,OK,power_present,{age_s=0.0}
812.0,HR,135,NEUTRAL,OK,hr_present,{age_s=0.0}
812.0,CADENCE,65,GREEN,OK,preferred_low_cadence_band,{age_s=0.0}
812.0,GRADE,-6,BLUE,OK,descent,"{grade_raw=-6.0, grade_display=-6.0}"
812.0,GEAR,WAIT,GRAY,NO_DATA,missing_gear,{}
813.0,SPEED,30.0,GREEN,OK,above_reference,"{reference_kmh=21.918819188191605, age_s=0.0}"
813.0,POWER,170,NEUTRAL,OK,power_present,{age_s=0.0}
813.0,HR,135,NEUTRAL,OK,hr_present,{age_s=0.0}
813.0,CADENCE,65,GREEN,OK,preferred_low_cadence_band,{age_s=0.0}
813.0,GRADE,-6,BLUE,OK,descent,"{grade_raw=-6.0, grade_display=-6.0}"
813.0,GEAR,WAIT,GRAY,NO_DATA,missing_gear,{}
814.0,SPEED,30.0,GREEN,OK,above_reference,"{reference_kmh=21.928746928746648, age_s=0.0}"
814.0,POWER,170,NEUTRAL,OK,power_present,{age_s=0.0}
814.0,HR,135,NEUTRAL,OK,hr_present,{age_s=0.0}
814.0,CADENCE,65,GREEN,OK,preferred_low_cadence_band,{age_s=0.0}
814.0,GRADE,-6,BLUE,OK,descent,"{grade_raw=-6.0, grade_display=-6.0}"
814.0,GEAR,WAIT,GRAY,NO_DATA,missing_gear,{}
815.0,SPEED,30.0,GREEN,OK,above_reference,"{reference_kmh=21.938650306748187, age_s=0.0}"
815.0,POWER,170,NEUTRAL,OK,power_present,{age_s=0.0}
815.0,HR,135,NEUTRAL,OK,hr_present,{age_s=0.0}
815.0,CADENCE,65,GREEN,OK,preferred_low_cadence_band,{age_s=0.0}
815.0,GRADE,-6,BLUE,OK,descent,"{grade_raw=-6.0, grade_display=-6.0}"
815.0,GEAR,WAIT,GRAY,NO_DATA,missing_gear,{}
816.0,SPEED,30.0,GREEN,OK,above_reference,"{reference_kmh=21.948529411764426, age_s=0.0}"
816.0,POWER,170,NEUTRAL,OK,power_present,{age_s=0.0}
816.0,HR,135,NEUTRAL,OK,hr_present,{age_s=0.0}
816.0,CADENCE,65,GREEN,OK,preferred_low_cadence_band,{age_s=0.0}
816.0,GRADE,-6,BLUE,OK,descent,"{grade_raw=-6.0, grade_display=-6.0}"
816.0,GEAR,WAIT,GRAY,NO_DATA,missing_gear,{}
817.0,SPEED,30.0,GREEN,OK,above_reference,"{reference_kmh=21.958384332925053, age_s=0.0}"
817.0,POWER,170,NEUTRAL,OK,power_present,{age_s=0.0}
817.0,HR,135,NEUTRAL,OK,hr_present,{age_s=0.0}
817.0,CADENCE,65,GREEN,OK,preferred_low_cadence_band,{age_s=0.0}
817.0,GRADE,-6,BLUE,OK,descent,"{grade_raw=-6.0, grade_display=-6.0}"
817.0,GEAR,WAIT,GRAY,NO_DATA,missing_gear,{}
818.0,SPEED,30.0,GREEN,OK,above_reference,"{reference_kmh=21.968215158923922, age_s=0.0}"
818.0,POWER,170,NEUTRAL,OK,power_present,{age_s=0.0}
818.0,HR,135,NEUTRAL,OK,hr_present,{age_s=0.0}
818.0,CADENCE,65,GREEN,OK,preferred_low_cadence_band,{age_s=0.0}
818.0,GRADE,-6,BLUE,OK,descent,"{grade_raw=-6.0, grade_display=-6.0}"
818.0,GEAR,WAIT,GRAY,NO_DATA,missing_gear,{}
819.0,SPEED,30.0,GREEN,OK,above_reference,"{reference_kmh=21.978021978021694, age_s=0.0}"
819.0,POWER,170,NEUTRAL,OK,power_present,{age_s=0.0}
819.0,HR,135,NEUTRAL,OK,hr_present,{age_s=0.0}
819.0,CADENCE,65,GREEN,OK,preferred_low_cadence_band,{age_s=0.0}
819.0,GRADE,-6,BLUE,OK,descent,"{grade_raw=-6.0, grade_display=-6.0}"
819.0,GEAR,WAIT,GRAY,NO_DATA,missing_gear,{}
820.0,SPEED,30.0,GREEN,OK,above_reference,"{reference_kmh=21.987804878048493, age_s=0.0}"
820.0,POWER,170,NEUTRAL,OK,power_present,{age_s=0.0}
820.0,HR,135,NEUTRAL,OK,hr_present,{age_s=0.0}
820.0,CADENCE,65,GREEN,OK,preferred_low_cadence_band,{age_s=0.0}
820.0,GRADE,-6,BLUE,OK,descent,"{grade_raw=-6.0, grade_display=-6.0}"
820.0,GEAR,WAIT,GRAY,NO_DATA,missing_gear,{}
821.0,SPEED,30.0,GREEN,OK,above_reference,"{reference_kmh=21.997563946406537, age_s=0.0}"
821.0,POWER,170,NEUTRAL,OK,power_present,{age_s=0.0}
821.0,HR,135,NEUTRAL,OK,hr_present,{age_s=0.0}
821.0,CADENCE,65,GREEN,OK,preferred_low_cadence_band,{age_s=0.0}
821.0,GRADE,-6,BLUE,OK,descent,"{grade_raw=-6.0, grade_display=-6.0}"
821.0,GEAR,WAIT,GRAY,NO_DATA,missing_gear,{}
822.0,SPEED,30.0,GREEN,OK,above_reference,"{reference_kmh=22.007299270072707, age_s=0.0}"
822.0,POWER,170,NEUTRAL,OK,power_present,{age_s=0.0}
822.0,HR,135,NEUTRAL,OK,hr_present,{age_s=0.0}
822.0,CADENCE,65,GREEN,OK,preferred_low_cadence_band,{age_s=0.0}
822.0,GRADE,-6,BLUE,OK,descent,"{grade_raw=-6.0, grade_display=-6.0}"
822.0,GEAR,WAIT,GRAY,NO_DATA,missing_gear,{}
823.0,SPEED,30.0,GREEN,OK,above_reference,"{reference_kmh=22.01701093560117, age_s=0.0}"
823.0,POWER,170,NEUTRAL,OK,power_present,{age_s=0.0}
823.0,HR,135,NEUTRAL,OK,hr_present,{age_s=0.0}
823.0,CADENCE,65,GREEN,OK,preferred_low_cadence_band,{age_s=0.0}
823.0,GRADE,-6,BLUE,OK,descent,"{grade_raw=-6.0, grade_display=-6.0}"
823.0,GEAR,WAIT,GRAY,NO_DATA,missing_gear,{}
824.0,SPEED,30.0,GREEN,OK,above_reference,"{reference_kmh=22.026699029125922, age_s=0.0}"
824.0,POWER,170,NEUTRAL,OK,power_present,{age_s=0.0}
824.0,HR,135,NEUTRAL,OK,hr_present,{age_s=0.0}
824.0,CADENCE,65,GREEN,OK,preferred_low_cadence_band,{age_s=0.0}
824.0,GRADE,-6,BLUE,OK,descent,"{grade_raw=-6.0, grade_display=-6.0}"
824.0,GEAR,WAIT,GRAY,NO_DATA,missing_gear,{}
825.0,SPEED,30.0,GREEN,OK,above_reference,"{reference_kmh=22.036363636363347, age_s=0.0}"
825.0,POWER,170,NEUTRAL,OK,power_present,{age_s=0.0}
825.0,HR,135,NEUTRAL,OK,hr_present,{age_s=0.0}
825.0,CADENCE,65,GREEN,OK,preferred_low_cadence_band,{age_s=0.0}
825.0,GRADE,-6,BLUE,OK,descent,"{grade_raw=-6.0, grade_display=-6.0}"
825.0,GEAR,WAIT,GRAY,NO_DATA,missing_gear,{}
826.0,SPEED,30.0,GREEN,OK,above_reference,"{reference_kmh=22.04600484261472, age_s=0.0}"
826.0,POWER,170,NEUTRAL,OK,power_present,{age_s=0.0}
826.0,HR,135,NEUTRAL,OK,hr_present,{age_s=0.0}
826.0,CADENCE,65,GREEN,OK,preferred_low_cadence_band,{age_s=0.0}
826.0,GRADE,-6,BLUE,OK,descent,"{grade_raw=-6.0, grade_display=-6.0}"
826.0,GEAR,WAIT,GRAY,NO_DATA,missing_gear,{}
827.0,SPEED,30.0,GREEN,OK,above_reference,"{reference_kmh=22.055622732768754, age_s=0.0}"
827.0,POWER,170,NEUTRAL,OK,power_present,{age_s=0.0}
827.0,HR,135,NEUTRAL,OK,hr_present,{age_s=0.0}
827.0,CADENCE,65,GREEN,OK,preferred_low_cadence_band,{age_s=0.0}
827.0,GRADE,-6,BLUE,OK,descent,"{grade_raw=-6.0, grade_display=-6.0}"
827.0,GEAR,WAIT,GRAY,NO_DATA,missing_gear,{}
828.0,SPEED,30.0,GREEN,OK,above_reference,"{reference_kmh=22.065217391304053, age_s=0.0}"
828.0,POWER,170,NEUTRAL,OK,power_present,{age_s=0.0}
828.0,HR,135,NEUTRAL,OK,hr_present,{age_s=0.0}
828.0,CADENCE,65,GREEN,OK,preferred_low_cadence_band,{age_s=0.0}
828.0,GRADE,-6,BLUE,OK,descent,"{grade_raw=-6.0, grade_display=-6.0}"
828.0,GEAR,WAIT,GRAY,NO_DATA,missing_gear,{}
829.0,SPEED,30.0,GREEN,OK,above_reference,"{reference_kmh=22.074788902291623, age_s=0.0}"
829.0,POWER,170,NEUTRAL,OK,power_present,{age_s=0.0}
829.0,HR,135,NEUTRAL,OK,hr_present,{age_s=0.0}
829.0,CADENCE,65,GREEN,OK,preferred_low_cadence_band,{age_s=0.0}
829.0,GRADE,-6,BLUE,OK,descent,"{grade_raw=-6.0, grade_display=-6.0}"
829.0,GEAR,WAIT,GRAY,NO_DATA,missing_gear,{}
830.0,SPEED,30.0,GREEN,OK,above_reference,"{reference_kmh=22.08433734939729, age_s=0.0}"
830.0,POWER,170,NEUTRAL,OK,power_present,{age_s=0.0}
830.0,HR,135,NEUTRAL,OK,hr_present,{age_s=0.0}
830.0,CADENCE,65,GREEN,OK,preferred_low_cadence_band,{age_s=0.0}
830.0,GRADE,-6,BLUE,OK,descent,"{grade_raw=-6.0, grade_display=-6.0}"
830.0,GEAR,WAIT,GRAY,NO_DATA,missing_gear,{}
831.0,SPEED,30.0,GREEN,OK,above_reference,"{reference_kmh=22.093862815884183, age_s=0.0}"
831.0,POWER,170,NEUTRAL,OK,power_present,{age_s=0.0}
831.0,HR,135,NEUTRAL,OK,hr_present,{age_s=0.0}
831.0,CADENCE,65,GREEN,OK,preferred_low_cadence_band,{age_s=0.0}
831.0,GRADE,-6,BLUE,OK,descent,"{grade_raw=-6.0, grade_display=-6.0}"
831.0,GEAR,WAIT,GRAY,NO_DATA,missing_gear,{}
832.0,SPEED,30.0,GREEN,OK,above_reference,"{reference_kmh=22.10336538461509, age_s=0.0}"
832.0,POWER,170,NEUTRAL,OK,power_present,{age_s=0.0}
832.0,HR,135,NEUTRAL,OK,hr_present,{age_s=0.0}
832.0,CADENCE,65,GREEN,OK,preferred_low_cadence_band,{age_s=0.0}
832.0,GRADE,-6,BLUE,OK,descent,"{grade_raw=-6.0, grade_display=-6.0}"
832.0,GEAR,WAIT,GRAY,NO_DATA,missing_gear,{}
833.0,SPEED,30.0,GREEN,OK,above_reference,"{reference_kmh=22.112845138054926, age_s=0.0}"
833.0,POWER,170,NEUTRAL,OK,power_present,{age_s=0.0}
833.0,HR,135,NEUTRAL,OK,hr_present,{age_s=0.0}
833.0,CADENCE,65,GREEN,OK,preferred_low_cadence_band,{age_s=0.0}
833.0,GRADE,-6,BLUE,OK,descent,"{grade_raw=-6.0, grade_display=-6.0}"
833.0,GEAR,WAIT,GRAY,NO_DATA,missing_gear,{}
834.0,SPEED,30.0,GREEN,OK,above_reference,"{reference_kmh=22.122302158273083, age_s=0.0}"
834.0,POWER,170,NEUTRAL,OK,power_present,{age_s=0.0}
834.0,HR,135,NEUTRAL,OK,hr_present,{age_s=0.0}
834.0,CADENCE,65,GREEN,OK,preferred_low_cadence_band,{age_s=0.0}
834.0,GRADE,-6,BLUE,OK,descent,"{grade_raw=-6.0, grade_display=-6.0}"
834.0,GEAR,WAIT,GRAY,NO_DATA,missing_gear,{}
835.0,SPEED,30.0,GREEN,OK,above_reference,"{reference_kmh=22.131736526945808, age_s=0.0}"
835.0,POWER,170,NEUTRAL,OK,power_present,{age_s=0.0}
835.0,HR,135,NEUTRAL,OK,hr_present,{age_s=0.0}
835.0,CADENCE,65,GREEN,OK,preferred_low_cadence_band,{age_s=0.0}
835.0,GRADE,-6,BLUE,OK,descent,"{grade_raw=-6.0, grade_display=-6.0}"
835.0,GEAR,WAIT,GRAY,NO_DATA,missing_gear,{}
836.0,SPEED,30.0,GREEN,OK,above_reference,"{reference_kmh=22.141148325358554, age_s=0.0}"
836.0,POWER,170,NEUTRAL,OK,power_present,{age_s=0.0}
836.0,HR,135,NEUTRAL,OK,hr_present,{age_s=0.0}
836.0,CADENCE,65,GREEN,OK,preferred_low_cadence_band,{age_s=0.0}
836.0,GRADE,-6,BLUE,OK,descent,"{grade_raw=-6.0, grade_display=-6.0}"
836.0,GEAR,WAIT,GRAY,NO_DATA,missing_gear,{}
837.0,SPEED,30.0,GREEN,OK,above_reference,"{reference_kmh=22.150537634408302, age_s=0.0}"
837.0,POWER,170,NEUTRAL,OK,power_present,{age_s=0.0}
837.0,HR,135,NEUTRAL,OK,hr_present,{age_s=0.0}
837.0,CADENCE,65,GREEN,OK,preferred_low_cadence_band,{age_s=0.0}
837.0,GRADE,-6,BLUE,OK,descent,"{grade_raw=-6.0, grade_display=-6.0}"
837.0,GEAR,WAIT,GRAY,NO_DATA,missing_gear,{}
838.0,SPEED,30.0,GREEN,OK,above_reference,"{reference_kmh=22.159904534605904, age_s=0.0}"
838.0,POWER,170,NEUTRAL,OK,power_present,{age_s=0.0}
838.0,HR,135,NEUTRAL,OK,hr_present,{age_s=0.0}
838.0,CADENCE,65,GREEN,OK,preferred_low_cadence_band,{age_s=0.0}
838.0,GRADE,-6,BLUE,OK,descent,"{grade_raw=-6.0, grade_display=-6.0}"
838.0,GEAR,WAIT,GRAY,NO_DATA,missing_gear,{}
839.0,SPEED,30.0,GREEN,OK,above_reference,"{reference_kmh=22.16924910607836, age_s=0.0}"
839.0,POWER,170,NEUTRAL,OK,power_present,{age_s=0.0}
839.0,HR,135,NEUTRAL,OK,hr_present,{age_s=0.0}
839.0,CADENCE,65,GREEN,OK,preferred_low_cadence_band,{age_s=0.0}
839.0,GRADE,-6,BLUE,OK,descent,"{grade_raw=-6.0, grade_display=-6.0}"
839.0,GEAR,WAIT,GRAY,NO_DATA,missing_gear,{}
840.0,SPEED,30.0,GREEN,OK,above_reference,"{reference_kmh=22.17857142857112, age_s=0.0}"
840.0,POWER,170,NEUTRAL,OK,power_present,{age_s=0.0}
840.0,HR,135,NEUTRAL,OK,hr_present,{age_s=0.0}
840.0,CADENCE,65,GREEN,OK,preferred_low_cadence_band,{age_s=0.0}
840.0,GRADE,-6,BLUE,OK,descent,"{grade_raw=-6.0, grade_display=-6.0}"
840.0,GEAR,WAIT,GRAY,NO_DATA,missing_gear,{}
841.0,SPEED,30.0,GREEN,OK,above_reference,"{reference_kmh=22.187871581450352, age_s=0.0}"
841.0,POWER,170,NEUTRAL,OK,power_present,{age_s=0.0}
841.0,HR,135,NEUTRAL,OK,hr_present,{age_s=0.0}
841.0,CADENCE,65,GREEN,OK,preferred_low_cadence_band,{age_s=0.0}
841.0,GRADE,-6,BLUE,OK,descent,"{grade_raw=-6.0, grade_display=-6.0}"
841.0,GEAR,WAIT,GRAY,NO_DATA,missing_gear,{}
842.0,SPEED,30.0,GREEN,OK,above_reference,"{reference_kmh=22.197149643705156, age_s=0.0}"
842.0,POWER,170,NEUTRAL,OK,power_present,{age_s=0.0}
842.0,HR,135,NEUTRAL,OK,hr_present,{age_s=0.0}
842.0,CADENCE,65,GREEN,OK,preferred_low_cadence_band,{age_s=0.0}
842.0,GRADE,-6,BLUE,OK,descent,"{grade_raw=-6.0, grade_display=-6.0}"
842.0,GEAR,WAIT,GRAY,NO_DATA,missing_gear,{}
843.0,SPEED,30.0,GREEN,OK,above_reference,"{reference_kmh=22.206405693949872, age_s=0.0}"
843.0,POWER,170,NEUTRAL,OK,power_present,{age_s=0.0}
843.0,HR,135,NEUTRAL,OK,hr_present,{age_s=0.0}
843.0,CADENCE,65,GREEN,OK,preferred_low_cadence_band,{age_s=0.0}
843.0,GRADE,-6,BLUE,OK,descent,"{grade_raw=-6.0, grade_display=-6.0}"
843.0,GEAR,WAIT,GRAY,NO_DATA,missing_gear,{}
844.0,SPEED,30.0,GREEN,OK,above_reference,"{reference_kmh=22.215639810426232, age_s=0.0}"
844.0,POWER,170,NEUTRAL,OK,power_present,{age_s=0.0}
844.0,HR,135,NEUTRAL,OK,hr_present,{age_s=0.0}
844.0,CADENCE,65,GREEN,OK,preferred_low_cadence_band,{age_s=0.0}
844.0,GRADE,-6,BLUE,OK,descent,"{grade_raw=-6.0, grade_display=-6.0}"
844.0,GEAR,WAIT,GRAY,NO_DATA,missing_gear,{}
845.0,SPEED,30.0,GREEN,OK,above_reference,"{reference_kmh=22.224852071005607, age_s=0.0}"
845.0,POWER,170,NEUTRAL,OK,power_present,{age_s=0.0}
845.0,HR,135,NEUTRAL,OK,hr_present,{age_s=0.0}
845.0,CADENCE,65,GREEN,OK,preferred_low_cadence_band,{age_s=0.0}
845.0,GRADE,-6,BLUE,OK,descent,"{grade_raw=-6.0, grade_display=-6.0}"
845.0,GEAR,WAIT,GRAY,NO_DATA,missing_gear,{}
846.0,SPEED,30.0,GREEN,OK,above_reference,"{reference_kmh=22.23404255319118, age_s=0.0}"
846.0,POWER,170,NEUTRAL,OK,power_present,{age_s=0.0}
846.0,HR,135,NEUTRAL,OK,hr_present,{age_s=0.0}
846.0,CADENCE,65,GREEN,OK,preferred_low_cadence_band,{age_s=0.0}
846.0,GRADE,-6,BLUE,OK,descent,"{grade_raw=-6.0, grade_display=-6.0}"
846.0,GEAR,WAIT,GRAY,NO_DATA,missing_gear,{}
847.0,SPEED,30.0,GREEN,OK,above_reference,"{reference_kmh=22.243211334120115, age_s=0.0}"
847.0,POWER,170,NEUTRAL,OK,power_present,{age_s=0.0}
847.0,HR,135,NEUTRAL,OK,hr_present,{age_s=0.0}
847.0,CADENCE,65,GREEN,OK,preferred_low_cadence_band,{age_s=0.0}
847.0,GRADE,-6,BLUE,OK,descent,"{grade_raw=-6.0, grade_display=-6.0}"
847.0,GEAR,WAIT,GRAY,NO_DATA,missing_gear,{}
848.0,SPEED,30.0,GREEN,OK,above_reference,"{reference_kmh=22.25235849056573, age_s=0.0}"
848.0,POWER,170,NEUTRAL,OK,power_present,{age_s=0.0}
848.0,HR,135,NEUTRAL,OK,hr_present,{age_s=0.0}
848.0,CADENCE,65,GREEN,OK,preferred_low_cadence_band,{age_s=0.0}
848.0,GRADE,-6,BLUE,OK,descent,"{grade_raw=-6.0, grade_display=-6.0}"
848.0,GEAR,WAIT,GRAY,NO_DATA,missing_gear,{}
849.0,SPEED,30.0,GREEN,OK,above_reference,"{reference_kmh=22.261484098939615, age_s=0.0}"
849.0,POWER,170,NEUTRAL,OK,power_present,{age_s=0.0}
849.0,HR,135,NEUTRAL,OK,hr_present,{age_s=0.0}
849.0,CADENCE,65,GREEN,OK,preferred_low_cadence_band,{age_s=0.0}
849.0,GRADE,-6,BLUE,OK,descent,"{grade_raw=-6.0, grade_display=-6.0}"
849.0,GEAR,WAIT,GRAY,NO_DATA,missing_gear,{}
850.0,SPEED,30.0,GREEN,OK,above_reference,"{reference_kmh=22.270588235293804, age_s=0.0}"
850.0,POWER,170,NEUTRAL,OK,power_present,{age_s=0.0}
850.0,HR,135,NEUTRAL,OK,hr_present,{age_s=0.0}
850.0,CADENCE,65,GREEN,OK,preferred_low_cadence_band,{age_s=0.0}
850.0,GRADE,-6,BLUE,OK,descent,"{grade_raw=-6.0, grade_display=-6.0}"
850.0,GEAR,WAIT,GRAY,NO_DATA,missing_gear,{}
851.0,SPEED,30.0,GREEN,OK,above_reference,"{reference_kmh=22.279670975322833, age_s=0.0}"
851.0,POWER,170,NEUTRAL,OK,power_present,{age_s=0.0}
851.0,HR,135,NEUTRAL,OK,hr_present,{age_s=0.0}
851.0,CADENCE,65,GREEN,OK,preferred_low_cadence_band,{age_s=0.0}
851.0,GRADE,-6,BLUE,OK,descent,"{grade_raw=-6.0, grade_display=-6.0}"
851.0,GEAR,WAIT,GRAY,NO_DATA,missing_gear,{}
852.0,SPEED,30.0,GREEN,OK,above_reference,"{reference_kmh=22.288732394365883, age_s=0.0}"
852.0,POWER,170,NEUTRAL,OK,power_present,{age_s=0.0}
852.0,HR,135,NEUTRAL,OK,hr_present,{age_s=0.0}
852.0,CADENCE,65,GREEN,OK,preferred_low_cadence_band,{age_s=0.0}
852.0,GRADE,-6,BLUE,OK,descent,"{grade_raw=-6.0, grade_display=-6.0}"
852.0,GEAR,WAIT,GRAY,NO_DATA,missing_gear,{}
853.0,SPEED,30.0,GREEN,OK,above_reference,"{reference_kmh=22.297772567408828, age_s=0.0}"
853.0,POWER,170,NEUTRAL,OK,power_present,{age_s=0.0}
853.0,HR,135,NEUTRAL,OK,hr_present,{age_s=0.0}
853.0,CADENCE,65,GREEN,OK,preferred_low_cadence_band,{age_s=0.0}
853.0,GRADE,-6,BLUE,OK,descent,"{grade_raw=-6.0, grade_display=-6.0}"
853.0,GEAR,WAIT,GRAY,NO_DATA,missing_gear,{}
854.0,SPEED,30.0,GREEN,OK,above_reference,"{reference_kmh=22.306791569086332, age_s=0.0}"
854.0,POWER,170,NEUTRAL,OK,power_present,{age_s=0.0}
854.0,HR,135,NEUTRAL,OK,hr_present,{age_s=0.0}
854.0,CADENCE,65,GREEN,OK,preferred_low_cadence_band,{age_s=0.0}
854.0,GRADE,-6,BLUE,OK,descent,"{grade_raw=-6.0, grade_display=-6.0}"
854.0,GEAR,WAIT,GRAY,NO_DATA,missing_gear,{}
855.0,SPEED,30.0,GREEN,OK,above_reference,"{reference_kmh=22.315789473683893, age_s=0.0}"
855.0,POWER,170,NEUTRAL,OK,power_present,{age_s=0.0}
855.0,HR,135,NEUTRAL,OK,hr_present,{age_s=0.0}
855.0,CADENCE,65,GREEN,OK,preferred_low_cadence_band,{age_s=0.0}
855.0,GRADE,-6,BLUE,OK,descent,"{grade_raw=-6.0, grade_display=-6.0}"
855.0,GEAR,WAIT,GRAY,NO_DATA,missing_gear,{}
856.0,SPEED,30.0,GREEN,OK,above_reference,"{reference_kmh=22.324766355139865, age_s=0.0}"
856.0,POWER,170,NEUTRAL,OK,power_present,{age_s=0.0}
856.0,HR,135,NEUTRAL,OK,hr_present,{age_s=0.0}
856.0,CADENCE,65,GREEN,OK,preferred_low_cadence_band,{age_s=0.0}
856.0,GRADE,-6,BLUE,OK,descent,"{grade_raw=-6.0, grade_display=-6.0}"
856.0,GEAR,WAIT,GRAY,NO_DATA,missing_gear,{}
857.0,SPEED,30.0,GREEN,OK,above_reference,"{reference_kmh=22.333722287047525, age_s=0.0}"
857.0,POWER,170,NEUTRAL,OK,power_present,{age_s=0.0}
857.0,HR,135,NEUTRAL,OK,hr_present,{age_s=0.0}
857.0,CADENCE,65,GREEN,OK,preferred_low_cadence_band,{age_s=0.0}
857.0,GRADE,-6,BLUE,OK,descent,"{grade_raw=-6.0, grade_display=-6.0}"
857.0,GEAR,WAIT,GRAY,NO_DATA,missing_gear,{}
858.0,SPEED,30.0,GREEN,OK,above_reference,"{reference_kmh=22.342657342657024, age_s=0.0}"
858.0,POWER,170,NEUTRAL,OK,power_present,{age_s=0.0}
858.0,HR,135,NEUTRAL,OK,hr_present,{age_s=0.0}
858.0,CADENCE,65,GREEN,OK,preferred_low_cadence_band,{age_s=0.0}
858.0,GRADE,-6,BLUE,OK,descent,"{grade_raw=-6.0, grade_display=-6.0}"
858.0,GEAR,WAIT,GRAY,NO_DATA,missing_gear,{}
859.0,SPEED,30.0,GREEN,OK,above_reference,"{reference_kmh=22.351571594877445, age_s=0.0}"
859.0,POWER,170,NEUTRAL,OK,power_present,{age_s=0.0}
859.0,HR,135,NEUTRAL,OK,hr_present,{age_s=0.0}
859.0,CADENCE,65,GREEN,OK,preferred_low_cadence_band,{age_s=0.0}
859.0,GRADE,-6,BLUE,OK,descent,"{grade_raw=-6.0, grade_display=-6.0}"
859.0,GEAR,WAIT,GRAY,NO_DATA,missing_gear,{}
860.0,SPEED,30.0,GREEN,OK,above_reference,"{reference_kmh=22.360465116278746, age_s=0.0}"
860.0,POWER,170,NEUTRAL,OK,power_present,{age_s=0.0}
860.0,HR,135,NEUTRAL,OK,hr_present,{age_s=0.0}
860.0,CADENCE,65,GREEN,OK,preferred_low_cadence_band,{age_s=0.0}
860.0,GRADE,-6,BLUE,OK,descent,"{grade_raw=-6.0, grade_display=-6.0}"
860.0,GEAR,WAIT,GRAY,NO_DATA,missing_gear,{}
861.0,SPEED,30.0,GREEN,OK,above_reference,"{reference_kmh=22.369337979093753, age_s=0.0}"
861.0,POWER,170,NEUTRAL,OK,power_present,{age_s=0.0}
861.0,HR,135,NEUTRAL,OK,hr_present,{age_s=0.0}
861.0,CADENCE,65,GREEN,OK,preferred_low_cadence_band,{age_s=0.0}
861.0,GRADE,-6,BLUE,OK,descent,"{grade_raw=-6.0, grade_display=-6.0}"
861.0,GEAR,WAIT,GRAY,NO_DATA,missing_gear,{}
862.0,SPEED,30.0,GREEN,OK,above_reference,"{reference_kmh=22.378190255220098, age_s=0.0}"
862.0,POWER,170,NEUTRAL,OK,power_present,{age_s=0.0}
862.0,HR,135,NEUTRAL,OK,hr_present,{age_s=0.0}
862.0,CADENCE,65,GREEN,OK,preferred_low_cadence_band,{age_s=0.0}
862.0,GRADE,-6,BLUE,OK,descent,"{grade_raw=-6.0, grade_display=-6.0}"
862.0,GEAR,WAIT,GRAY,NO_DATA,missing_gear,{}
863.0,SPEED,30.0,GREEN,OK,above_reference,"{reference_kmh=22.387022016222154, age_s=0.0}"
863.0,POWER,170,NEUTRAL,OK,power_present,{age_s=0.0}
863.0,HR,135,NEUTRAL,OK,hr_present,{age_s=0.0}
863.0,CADENCE,65,GREEN,OK,preferred_low_cadence_band,{age_s=0.0}
863.0,GRADE,-6,BLUE,OK,descent,"{grade_raw=-6.0, grade_display=-6.0}"
863.0,GEAR,WAIT,GRAY,NO_DATA,missing_gear,{}
864.0,SPEED,30.0,GREEN,OK,above_reference,"{reference_kmh=22.39583333333301, age_s=0.0}"
864.0,POWER,170,NEUTRAL,OK,power_present,{age_s=0.0}
864.0,HR,135,NEUTRAL,OK,hr_present,{age_s=0.0}
864.0,CADENCE,65,GREEN,OK,preferred_low_cadence_band,{age_s=0.0}
864.0,GRADE,-6,BLUE,OK,descent,"{grade_raw=-6.0, grade_display=-6.0}"
864.0,GEAR,WAIT,GRAY,NO_DATA,missing_gear,{}
865.0,SPEED,30.0,GREEN,OK,above_reference,"{reference_kmh=22.40462427745632, age_s=0.0}"
865.0,POWER,170,NEUTRAL,OK,power_present,{age_s=0.0}
865.0,HR,135,NEUTRAL,OK,hr_present,{age_s=0.0}
865.0,CADENCE,65,GREEN,OK,preferred_low_cadence_band,{age_s=0.0}
865.0,GRADE,-6,BLUE,OK,descent,"{grade_raw=-6.0, grade_display=-6.0}"
865.0,GEAR,WAIT,GRAY,NO_DATA,missing_gear,{}
866.0,SPEED,30.0,GREEN,OK,above_reference,"{reference_kmh=22.41339491916826, age_s=0.0}"
866.0,POWER,170,NEUTRAL,OK,power_present,{age_s=0.0}
866.0,HR,135,NEUTRAL,OK,hr_present,{age_s=0.0}
866.0,CADENCE,65,GREEN,OK,preferred_low_cadence_band,{age_s=0.0}
866.0,GRADE,-6,BLUE,OK,descent,"{grade_raw=-6.0, grade_display=-6.0}"
866.0,GEAR,WAIT,GRAY,NO_DATA,missing_gear,{}
867.0,SPEED,30.0,GREEN,OK,above_reference,"{reference_kmh=22.422145328719395, age_s=0.0}"
867.0,POWER,170,NEUTRAL,OK,power_present,{age_s=0.0}
867.0,HR,135,NEUTRAL,OK,hr_present,{age_s=0.0}
867.0,CADENCE,65,GREEN,OK,preferred_low_cadence_band,{age_s=0.0}
867.0,GRADE,-6,BLUE,OK,descent,"{grade_raw=-6.0, grade_display=-6.0}"
867.0,GEAR,WAIT,GRAY,NO_DATA,missing_gear,{}
868.0,SPEED,30.0,GREEN,OK,above_reference,"{reference_kmh=22.430875576036538, age_s=0.0}"
868.0,POWER,170,NEUTRAL,OK,power_present,{age_s=0.0}
868.0,HR,135,NEUTRAL,OK,hr_present,{age_s=0.0}
868.0,CADENCE,65,GREEN,OK,preferred_low_cadence_band,{age_s=0.0}
868.0,GRADE,-6,BLUE,OK,descent,"{grade_raw=-6.0, grade_display=-6.0}"
868.0,GEAR,WAIT,GRAY,NO_DATA,missing_gear,{}
869.0,SPEED,30.0,GREEN,OK,above_reference,"{reference_kmh=22.43958573072464, age_s=0.0}"
869.0,POWER,170,NEUTRAL,OK,power_present,{age_s=0.0}
869.0,HR,135,NEUTRAL,OK,hr_present,{age_s=0.0}
869.0,CADENCE,65,GREEN,OK,preferred_low_cadence_band,{age_s=0.0}
869.0,GRADE,-6,BLUE,OK,descent,"{grade_raw=-6.0, grade_display=-6.0}"
869.0,GEAR,WAIT,GRAY,NO_DATA,missing_gear,{}
870.0,SPEED,30.0,GREEN,OK,above_reference,"{reference_kmh=22.448275862068634, age_s=0.0}"
870.0,POWER,170,NEUTRAL,OK,power_present,{age_s=0.0}
870.0,HR,135,NEUTRAL,OK,hr_present,{age_s=0.0}
870.0,CADENCE,65,GREEN,OK,preferred_low_cadence_band,{age_s=0.0}
870.0,GRADE,-6,BLUE,OK,descent,"{grade_raw=-6.0, grade_display=-6.0}"
870.0,GEAR,WAIT,GRAY,NO_DATA,missing_gear,{}
871.0,SPEED,30.0,GREEN,OK,above_reference,"{reference_kmh=22.45694603903526, age_s=0.0}"
871.0,POWER,170,NEUTRAL,OK,power_present,{age_s=0.0}
871.0,HR,135,NEUTRAL,OK,hr_present,{age_s=0.0}
871.0,CADENCE,65,GREEN,OK,preferred_low_cadence_band,{age_s=0.0}
871.0,GRADE,-6,BLUE,OK,descent,"{grade_raw=-6.0, grade_display=-6.0}"
871.0,GEAR,WAIT,GRAY,NO_DATA,missing_gear,{}
872.0,SPEED,30.0,GREEN,OK,above_reference,"{reference_kmh=22.465596330274895, age_s=0.0}"
872.0,POWER,170,NEUTRAL,OK,power_present,{age_s=0.0}
872.0,HR,135,NEUTRAL,OK,hr_present,{age_s=0.0}
872.0,CADENCE,65,GREEN,OK,preferred_low_cadence_band,{age_s=0.0}
872.0,GRADE,-6,BLUE,OK,descent,"{grade_raw=-6.0, grade_display=-6.0}"
872.0,GEAR,WAIT,GRAY,NO_DATA,missing_gear,{}
873.0,SPEED,30.0,GREEN,OK,above_reference,"{reference_kmh=22.47422680412338, age_s=0.0}"
873.0,POWER,170,NEUTRAL,OK,power_present,{age_s=0.0}
873.0,HR,135,NEUTRAL,OK,hr_present,{age_s=0.0}
873.0,CADENCE,65,GREEN,OK,preferred_low_cadence_band,{age_s=0.0}
873.0,GRADE,-6,BLUE,OK,descent,"{grade_raw=-6.0, grade_display=-6.0}"
873.0,GEAR,WAIT,GRAY,NO_DATA,missing_gear,{}
874.0,SPEED,30.0,GREEN,OK,above_reference,"{reference_kmh=22.482837528603785, age_s=0.0}"
874.0,POWER,170,NEUTRAL,OK,power_present,{age_s=0.0}
874.0,HR,135,NEUTRAL,OK,hr_present,{age_s=0.0}
874.0,CADENCE,65,GREEN,OK,preferred_low_cadence_band,{age_s=0.0}
874.0,GRADE,-6,BLUE,OK,descent,"{grade_raw=-6.0, grade_display=-6.0}"
874.0,GEAR,WAIT,GRAY,NO_DATA,missing_gear,{}
875.0,SPEED,30.0,GREEN,OK,above_reference,"{reference_kmh=22.491428571428237, age_s=0.0}"
875.0,POWER,170,NEUTRAL,OK,power_present,{age_s=0.0}
875.0,HR,135,NEUTRAL,OK,hr_present,{age_s=0.0}
875.0,CADENCE,65,GREEN,OK,preferred_low_cadence_band,{age_s=0.0}
875.0,GRADE,-6,BLUE,OK,descent,"{grade_raw=-6.0, grade_display=-6.0}"
875.0,GEAR,WAIT,GRAY,NO_DATA,missing_gear,{}
876.0,SPEED,30.0,GREEN,OK,above_reference,"{reference_kmh=22.499999999999662, age_s=0.0}"
876.0,POWER,170,NEUTRAL,OK,power_present,{age_s=0.0}
876.0,HR,135,NEUTRAL,OK,hr_present,{age_s=0.0}
876.0,CADENCE,65,GREEN,OK,preferred_low_cadence_band,{age_s=0.0}
876.0,GRADE,-6,BLUE,OK,descent,"{grade_raw=-6.0, grade_display=-6.0}"
876.0,GEAR,WAIT,GRAY,NO_DATA,missing_gear,{}
877.0,SPEED,30.0,GREEN,OK,above_reference,"{reference_kmh=22.508551881413574, age_s=0.0}"
877.0,POWER,170,NEUTRAL,OK,power_present,{age_s=0.0}
877.0,HR,135,NEUTRAL,OK,hr_present,{age_s=0.0}
877.0,CADENCE,65,GREEN,OK,preferred_low_cadence_band,{age_s=0.0}
877.0,GRADE,-6,BLUE,OK,descent,"{grade_raw=-6.0, grade_display=-6.0}"
877.0,GEAR,WAIT,GRAY,NO_DATA,missing_gear,{}
878.0,SPEED,30.0,GREEN,OK,above_reference,"{reference_kmh=22.517084282459802, age_s=0.0}"
878.0,POWER,170,NEUTRAL,OK,power_present,{age_s=0.0}
878.0,HR,135,NEUTRAL,OK,hr_present,{age_s=0.0}
878.0,CADENCE,65,GREEN,OK,preferred_low_cadence_band,{age_s=0.0}
878.0,GRADE,-6,BLUE,OK,descent,"{grade_raw=-6.0, grade_display=-6.0}"
878.0,GEAR,WAIT,GRAY,NO_DATA,missing_gear,{}
879.0,SPEED,30.0,GREEN,OK,above_reference,"{reference_kmh=22.525597269624235, age_s=0.0}"
879.0,POWER,170,NEUTRAL,OK,power_present,{age_s=0.0}
879.0,HR,135,NEUTRAL,OK,hr_present,{age_s=0.0}
879.0,CADENCE,65,GREEN,OK,preferred_low_cadence_band,{age_s=0.0}
879.0,GRADE,-6,BLUE,OK,descent,"{grade_raw=-6.0, grade_display=-6.0}"
879.0,GEAR,WAIT,GRAY,NO_DATA,missing_gear,{}
880.0,SPEED,30.0,GREEN,OK,above_reference,"{reference_kmh=22.53409090909057, age_s=0.0}"
880.0,POWER,170,NEUTRAL,OK,power_present,{age_s=0.0}
880.0,HR,135,NEUTRAL,OK,hr_present,{age_s=0.0}
880.0,CADENCE,65,GREEN,OK,preferred_low_cadence_band,{age_s=0.0}
880.0,GRADE,-6,BLUE,OK,descent,"{grade_raw=-6.0, grade_display=-6.0}"
880.0,GEAR,WAIT,GRAY,NO_DATA,missing_gear,{}
881.0,SPEED,30.0,GREEN,OK,above_reference,"{reference_kmh=22.542565266741995, age_s=0.0}"
881.0,POWER,170,NEUTRAL,OK,power_present,{age_s=0.0}
881.0,HR,135,NEUTRAL,OK,hr_present,{age_s=0.0}
881.0,CADENCE,65,GREEN,OK,preferred_low_cadence_band,{age_s=0.0}
881.0,GRADE,-6,BLUE,OK,descent,"{grade_raw=-6.0, grade_display=-6.0}"
881.0,GEAR,WAIT,GRAY,NO_DATA,missing_gear,{}
882.0,SPEED,30.0,GREEN,OK,above_reference,"{reference_kmh=22.551020408162923, age_s=0.0}"
882.0,POWER,170,NEUTRAL,OK,power_present,{age_s=0.0}
882.0,HR,135,NEUTRAL,OK,hr_present,{age_s=0.0}
882.0,CADENCE,65,GREEN,OK,preferred_low_cadence_band,{age_s=0.0}
882.0,GRADE,-6,BLUE,OK,descent,"{grade_raw=-6.0, grade_display=-6.0}"
882.0,GEAR,WAIT,GRAY,NO_DATA,missing_gear,{}
883.0,SPEED,30.0,GREEN,OK,above_reference,"{reference_kmh=22.559456398640656, age_s=0.0}"
883.0,POWER,170,NEUTRAL,OK,power_present,{age_s=0.0}
883.0,HR,135,NEUTRAL,OK,hr_present,{age_s=0.0}
883.0,CADENCE,65,GREEN,OK,preferred_low_cadence_band,{age_s=0.0}
883.0,GRADE,-6,BLUE,OK,descent,"{grade_raw=-6.0, grade_display=-6.0}"
883.0,GEAR,WAIT,GRAY,NO_DATA,missing_gear,{}
884.0,SPEED,30.0,GREEN,OK,above_reference,"{reference_kmh=22.56787330316708, age_s=0.0}"
884.0,POWER,170,NEUTRAL,OK,power_present,{age_s=0.0}
884.0,HR,135,NEUTRAL,OK,hr_present,{age_s=0.0}
884.0,CADENCE,65,GREEN,OK,preferred_low_cadence_band,{age_s=0.0}
884.0,GRADE,-6,BLUE,OK,descent,"{grade_raw=-6.0, grade_display=-6.0}"
884.0,GEAR,WAIT,GRAY,NO_DATA,missing_gear,{}
885.0,SPEED,30.0,GREEN,OK,above_reference,"{reference_kmh=22.576271186440334, age_s=0.0}"
885.0,POWER,170,NEUTRAL,OK,power_present,{age_s=0.0}
885.0,HR,135,NEUTRAL,OK,hr_present,{age_s=0.0}
885.0,CADENCE,65,GREEN,OK,preferred_low_cadence_band,{age_s=0.0}
885.0,GRADE,-6,BLUE,OK,descent,"{grade_raw=-6.0, grade_display=-6.0}"
885.0,GEAR,WAIT,GRAY,NO_DATA,missing_gear,{}
886.0,SPEED,30.0,GREEN,OK,above_reference,"{reference_kmh=22.58465011286647, age_s=0.0}"
886.0,POWER,170,NEUTRAL,OK,power_present,{age_s=0.0}
886.0,HR,135,NEUTRAL,OK,hr_present,{age_s=0.0}
886.0,CADENCE,65,GREEN,OK,preferred_low_cadence_band,{age_s=0.0}
886.0,GRADE,-6,BLUE,OK,descent,"{grade_raw=-6.0, grade_display=-6.0}"
886.0,GEAR,WAIT,GRAY,NO_DATA,missing_gear,{}
887.0,SPEED,30.0,GREEN,OK,above_reference,"{reference_kmh=22.593010146561095, age_s=0.0}"
887.0,POWER,170,NEUTRAL,OK,power_present,{age_s=0.0}
887.0,HR,135,NEUTRAL,OK,hr_present,{age_s=0.0}
887.0,CADENCE,65,GREEN,OK,preferred_low_cadence_band,{age_s=0.0}
887.0,GRADE,-6,BLUE,OK,descent,"{grade_raw=-6.0, grade_display=-6.0}"
887.0,GEAR,WAIT,GRAY,NO_DATA,missing_gear,{}
888.0,SPEED,30.0,GREEN,OK,above_reference,"{reference_kmh=22.601351351351006, age_s=0.0}"
888.0,POWER,170,NEUTRAL,OK,power_present,{age_s=0.0}
888.0,HR,135,NEUTRAL,OK,hr_present,{age_s=0.0}
888.0,CADENCE,65,GREEN,OK,preferred_low_cadence_band,{age_s=0.0}
888.0,GRADE,-6,BLUE,OK,descent,"{grade_raw=-6.0, grade_display=-6.0}"
888.0,GEAR,WAIT,GRAY,NO_DATA,missing_gear,{}
889.0,SPEED,30.0,GREEN,OK,above_reference,"{reference_kmh=22.60967379077581, age_s=0.0}"
889.0,POWER,170,NEUTRAL,OK,power_present,{age_s=0.0}
889.0,HR,135,NEUTRAL,OK,hr_present,{age_s=0.0}
889.0,CADENCE,65,GREEN,OK,preferred_low_cadence_band,{age_s=0.0}
889.0,GRADE,-6,BLUE,OK,descent,"{grade_raw=-6.0, grade_display=-6.0}"
889.0,GEAR,WAIT,GRAY,NO_DATA,missing_gear,{}
890.0,SPEED,30.0,GREEN,OK,above_reference,"{reference_kmh=22.61797752808954, age_s=0.0}"
890.0,POWER,170,NEUTRAL,OK,power_present,{age_s=0.0}
890.0,HR,135,NEUTRAL,OK,hr_present,{age_s=0.0}
890.0,CADENCE,65,GREEN,OK,preferred_low_cadence_band,{age_s=0.0}
890.0,GRADE,-6,BLUE,OK,descent,"{grade_raw=-6.0, grade_display=-6.0}"
890.0,GEAR,WAIT,GRAY,NO_DATA,missing_gear,{}
891.0,SPEED,30.0,GREEN,OK,above_reference,"{reference_kmh=22.626262626262278, age_s=0.0}"
891.0,POWER,170,NEUTRAL,OK,power_present,{age_s=0.0}
891.0,HR,135,NEUTRAL,OK,hr_present,{age_s=0.0}
891.0,CADENCE,65,GREEN,OK,preferred_low_cadence_band,{age_s=0.0}
891.0,GRADE,-6,BLUE,OK,descent,"{grade_raw=-6.0, grade_display=-6.0}"
891.0,GEAR,WAIT,GRAY,NO_DATA,missing_gear,{}
892.0,SPEED,30.0,GREEN,OK,above_reference,"{reference_kmh=22.63452914798171, age_s=0.0}"
892.0,POWER,170,NEUTRAL,OK,power_present,{age_s=0.0}
892.0,HR,135,NEUTRAL,OK,hr_present,{age_s=0.0}
892.0,CADENCE,65,GREEN,OK,preferred_low_cadence_band,{age_s=0.0}
892.0,GRADE,-6,BLUE,OK,descent,"{grade_raw=-6.0, grade_display=-6.0}"
892.0,GEAR,WAIT,GRAY,NO_DATA,missing_gear,{}
893.0,SPEED,30.0,GREEN,OK,above_reference,"{reference_kmh=22.642777155654745, age_s=0.0}"
893.0,POWER,170,NEUTRAL,OK,power_present,{age_s=0.0}
893.0,HR,135,NEUTRAL,OK,hr_present,{age_s=0.0}
893.0,CADENCE,65,GREEN,OK,preferred_low_cadence_band,{age_s=0.0}
893.0,GRADE,-6,BLUE,OK,descent,"{grade_raw=-6.0, grade_display=-6.0}"
893.0,GEAR,WAIT,GRAY,NO_DATA,missing_gear,{}
894.0,SPEED,30.0,GREEN,OK,above_reference,"{reference_kmh=22.651006711409046, age_s=0.0}"
894.0,POWER,170,NEUTRAL,OK,power_present,{age_s=0.0}
894.0,HR,135,NEUTRAL,OK,hr_present,{age_s=0.0}
894.0,CADENCE,65,GREEN,OK,preferred_low_cadence_band,{age_s=0.0}
894.0,GRADE,-6,BLUE,OK,descent,"{grade_raw=-6.0, grade_display=-6.0}"
894.0,GEAR,WAIT,GRAY,NO_DATA,missing_gear,{}
895.0,SPEED,30.0,GREEN,OK,above_reference,"{reference_kmh=22.65921787709462, age_s=0.0}"
895.0,POWER,170,NEUTRAL,OK,power_present,{age_s=0.0}
895.0,HR,135,NEUTRAL,OK,hr_present,{age_s=0.0}
895.0,CADENCE,65,GREEN,OK,preferred_low_cadence_band,{age_s=0.0}
895.0,GRADE,-6,BLUE,OK,descent,"{grade_raw=-6.0, grade_display=-6.0}"
895.0,GEAR,WAIT,GRAY,NO_DATA,missing_gear,{}
896.0,SPEED,30.0,GREEN,OK,above_reference,"{reference_kmh=22.66741071428536, age_s=0.0}"
896.0,POWER,170,NEUTRAL,OK,power_present,{age_s=0.0}
896.0,HR,135,NEUTRAL,OK,hr_present,{age_s=0.0}
896.0,CADENCE,65,GREEN,OK,preferred_low_cadence_band,{age_s=0.0}
896.0,GRADE,-6,BLUE,OK,descent,"{grade_raw=-6.0, grade_display=-6.0}"
896.0,GEAR,WAIT,GRAY,NO_DATA,missing_gear,{}
897.0,SPEED,30.0,GREEN,OK,above_reference,"{reference_kmh=22.67558528428058, age_s=0.0}"
897.0,POWER,170,NEUTRAL,OK,power_present,{age_s=0.0}
897.0,HR,135,NEUTRAL,OK,hr_present,{age_s=0.0}
897.0,CADENCE,65,GREEN,OK,preferred_low_cadence_band,{age_s=0.0}
897.0,GRADE,-6,BLUE,OK,descent,"{grade_raw=-6.0, grade_display=-6.0}"
897.0,GEAR,WAIT,GRAY,NO_DATA,missing_gear,{}
898.0,SPEED,30.0,GREEN,OK,above_reference,"{reference_kmh=22.683741648106547, age_s=0.0}"
898.0,POWER,170,NEUTRAL,OK,power_present,{age_s=0.0}
898.0,HR,135,NEUTRAL,OK,hr_present,{age_s=0.0}
898.0,CADENCE,65,GREEN,OK,preferred_low_cadence_band,{age_s=0.0}
898.0,GRADE,-6,BLUE,OK,descent,"{grade_raw=-6.0, grade_display=-6.0}"
898.0,GEAR,WAIT,GRAY,NO_DATA,missing_gear,{}
899.0,SPEED,30.0,GREEN,OK,above_reference,"{reference_kmh=22.691879866517997, age_s=0.0}"
899.0,POWER,170,NEUTRAL,OK,power_present,{age_s=0.0}
899.0,HR,135,NEUTRAL,OK,hr_present,{age_s=0.0}
899.0,CADENCE,65,GREEN,OK,preferred_low_cadence_band,{age_s=0.0}
899.0,GRADE,-6,BLUE,OK,descent,"{grade_raw=-6.0, grade_display=-6.0}"
899.0,GEAR,WAIT,GRAY,NO_DATA,missing_gear,{}
