t,field,value,color,status,reason,raw
0.0,SPEED,24.0,NEUTRAL,OK,near_reference,"{reference_kmh=24.0, age_s=0.0}"
0.0,POWER,160,NEUTRAL,OK,power_present,{age_s=0.0}
0.0,HR,130,NEUTRAL,OK,hr_present,{age_s=0.0}
0.0,CADENCE,65,GREEN,OK,preferred_low_cadence_band,{age_s=0.0}
0.0,GRADE,WAIT,GRAY,NO_DATA,missing_grade,{}
0.0,GEAR,WAIT,GRAY,NO_DATA,missing_gear,{}
1.0,SPEED,24.0,NEUTRAL,OK,near_reference,"{reference_kmh=24.0, age_s=0.0}"
1.0,POWER,160,NEUTRAL,OK,power_present,{age_s=0.0}
1.0,HR,130,NEUTRAL,OK,hr_present,{age_s=0.0}
1.0,CADENCE,65,GREEN,OK,preferred_low_cadence_band,{age_s=0.0}
1.0,GRADE,0,NEUTRAL,OK,flat_deadband,"{grade_raw=0.0, grade_display=0.0}"
1.0,GEAR,WAIT,GRAY,NO_DATA,missing_gear,{}
2.0,SPEED,24.0,NEUTRAL,OK,near_reference,"{reference_kmh=24.0, age_s=0.0}"
2.0,POWER,160,NEUTRAL,OK,power_present,{age_s=0.0}
2.0,HR,130,NEUTRAL,OK,hr_present,{age_s=0.0}
2.0,CADENCE,65,GREEN,OK,preferred_low_cadence_band,{age_s=0.0}
2.0,GRADE,0,NEUTRAL,OK,flat_deadband,"{grade_raw=0.0, grade_display=0.0}"
2.0,GEAR,WAIT,GRAY,NO_DATA,missing_gear,{}
3.0,SPEED,24.0,NEUTRAL,OK,near_reference,"{reference_kmh=24.0, age_s=0.0}"
3.0,POWER,160,NEUTRAL,OK,power_present,{age_s=0.0}
3.0,HR,130,NEUTRAL,OK,hr_present,{age_s=0.0}
3.0,CADENCE,65,GREEN,OK,preferred_low_cadence_band,{age_s=0.0}
3.0,GRADE,0,NEUTRAL,OK,flat_deadband,"{grade_raw=0.0, grade_display=0.0}"
3.0,GEAR,WAIT,GRAY,NO_DATA,missing_gear,{}
4.0,SPEED,24.0,NEUTRAL,OK,near_reference,"{reference_kmh=24.0, age_s=0.0}"
4.0,POWER,160,NEUTRAL,OK,power_present,{age_s=0.0}
4.0,HR,130,NEUTRAL,OK,hr_present,{age_s=0.0}
4.0,CADENCE,65,GREEN,OK,preferred_low_cadence_band,{age_s=0.0}
4.0,GRADE,0,NEUTRAL,OK,flat_deadband,"{grade_raw=0.0, grade_display=0.0}"
4.0,GEAR,WAIT,GRAY,NO_DATA,missing_gear,{}
5.0,SPEED,24.0,NEUTRAL,OK,near_reference,"{reference_kmh=24.0, age_s=0.0}"
5.0,POWER,160,NEUTRAL,OK,power_present,{age_s=0.0}
5.0,HR,130,NEUTRAL,OK,hr_present,{age_s=0.0}
5.0,CADENCE,65,GREEN,OK,preferred_low_cadence_band,{age_s=0.0}
5.0,GRADE,0,NEUTRAL,OK,flat_deadband,"{grade_raw=0.0, grade_display=0.0}"
5.0,GEAR,WAIT,GRAY,NO_DATA,missing_gear,{}
6.0,SPEED,24.0,NEUTRAL,OK,near_reference,"{reference_kmh=24.0, age_s=0.0}"
6.0,POWER,160,NEUTRAL,OK,power_present,{age_s=0.0}
6.0,HR,130,NEUTRAL,OK,hr_present,{age_s=0.0}
6.0,CADENCE,65,GREEN,OK,preferred_low_cadence_band,{age_s=0.0}
6.0,GRADE,0,NEUTRAL,OK,flat_deadband,"{grade_raw=0.0, grade_display=0.0}"
6.0,GEAR,WAIT,GRAY,NO_DATA,missing_gear,{}
7.0,SPEED,24.0,NEUTRAL,OK,near_reference,"{reference_kmh=24.0, age_s=0.0}"
7.0,POWER,160,NEUTRAL,OK,power_present,{age_s=0.0}
7.0,HR,130,NEUTRAL,OK,hr_present,{age_s=0.0}
7.0,CADENCE,65,GREEN,OK,preferred_low_cadence_band,{age_s=0.0}
7.0,GRADE,0,NEUTRAL,OK,flat_deadband,"{grade_raw=0.0, grade_display=0.0}"
7.0,GEAR,WAIT,GRAY,NO_DATA,missing_gear,{}
8.0,SPEED,24.0,NEUTRAL,OK,near_reference,"{reference_kmh=24.0, age_s=0.0}"
8.0,POWER,160,NEUTRAL,OK,power_present,{age_s=0.0}
8.0,HR,130,NEUTRAL,OK,hr_present,{age_s=0.0}
8.0,CADENCE,65,GREEN,OK,preferred_low_cadence_band,{age_s=0.0}
8.0,GRADE,0,NEUTRAL,OK,flat_deadband,"{grade_raw=0.0, grade_display=0.0}"
8.0,GEAR,WAIT,GRAY,NO_DATA,missing_gear,{}
9.0,SPEED,24.0,NEUTRAL,OK,near_reference,"{reference_kmh=24.0, age_s=0.0}"
9.0,POWER,160,NEUTRAL,OK,power_present,{age_s=0.0}
9.0,HR,130,NEUTRAL,OK,hr_present,{age_s=0.0}
9.0,CADENCE,65,GREEN,OK,preferred_low_cadence_band,{age_s=0.0}
9.0,GRADE,0,NEUTRAL,OK,flat_deadband,"{grade_raw=0.0, grade_display=0.0}"
9.0,GEAR,WAIT,GRAY,NO_DATA,missing_gear,{}
10.0,SPEED,24.0,NEUTRAL,OK,near_reference,"{reference_kmh=24.0, age_s=0.0}"
10.0,POWER,160,NEUTRAL,OK,power_present,{age_s=0.0}
10.0,HR,130,NEUTRAL,OK,hr_present,{age_s=0.0}
10.0,CADENCE,65,GREEN,OK,preferred_low_cadence_band,{age_s=0.0}
10.0,GRADE,0,NEUTRAL,OK,flat_deadband,"{grade_raw=0.0, grade_display=0.0}"
10.0,GEAR,WAIT,GRAY,NO_DATA,missing_gear,{}
11.0,SPEED,24.0,NEUTRAL,OK,near_reference,"{reference_kmh=24.0, age_s=0.0}"
11.0,POWER,160,NEUTRAL,OK,power_present,{age_s=0.0}
11.0,HR,130,NEUTRAL,OK,hr_present,{age_s=0.0}
11.0,CADENCE,65,GREEN,OK,preferred_low_cadence_band,{age_s=0.0}
11.0,GRADE,0,NEUTRAL,OK,flat_deadband,"{grade_raw=0.0, grade_display=0.0}"
11.0,GEAR,WAIT,GRAY,NO_DATA,missing_gear,{}
12.0,SPEED,24.0,NEUTRAL,OK,near_reference,"{reference_kmh=24.0, age_s=0.0}"
12.0,POWER,160,NEUTRAL,OK,power_present,{age_s=0.0}
12.0,HR,130,NEUTRAL,OK,hr_present,{age_s=0.0}
12.0,CADENCE,65,GREEN,OK,preferred_low_cadence_band,{age_s=0.0}
12.0,GRADE,0,NEUTRAL,OK,flat_deadband,"{grade_raw=0.0, grade_display=0.0}"
12.0,GEAR,WAIT,GRAY,NO_DATA,missing_gear,{}
13.0,SPEED,24.0,NEUTRAL,OK,near_reference,"{reference_kmh=24.0, age_s=0.0}"
13.0,POWER,160,NEUTRAL,OK,power_present,{age_s=0.0}
13.0,HR,130,NEUTRAL,OK,hr_present,{age_s=0.0}
13.0,CADENCE,65,GREEN,OK,preferred_low_cadence_band,{age_s=0.0}
13.0,GRADE,0,NEUTRAL,OK,flat_deadband,"{grade_raw=0.0, grade_display=0.0}"
13.0,GEAR,WAIT,GRAY,NO_DATA,missing_gear,{}
14.0,SPEED,24.0,NEUTRAL,OK,near_reference,"{reference_kmh=24.0, age_s=0.0}"
14.0,POWER,160,NEUTRAL,OK,power_present,{age_s=0.0}
14.0,HR,130,NEUTRAL,OK,hr_present,{age_s=0.0}
14.0,CADENCE,65,GREEN,OK,preferred_low_cadence_band,{age_s=0.0}
14.0,GRADE,0,NEUTRAL,OK,flat_deadband,"{grade_raw=0.0, grade_display=0.0}"
14.0,GEAR,WAIT,GRAY,NO_DATA,missing_gear,{}
15.0,SPEED,24.0,NEUTRAL,OK,near_reference,"{reference_kmh=24.0, age_s=0.0}"
15.0,POWER,160,NEUTRAL,OK,power_present,{age_s=0.0}
15.0,HR,130,NEUTRAL,OK,hr_present,{age_s=0.0}
15.0,CADENCE,65,GREEN,OK,preferred_low_cadence_band,{age_s=0.0}
15.0,GRADE,0,NEUTRAL,OK,flat_deadband,"{grade_raw=0.0, grade_display=0.0}"
15.0,GEAR,WAIT,GRAY,NO_DATA,missing_gear,{}
16.0,SPEED,24.0,NEUTRAL,OK,near_reference,"{reference_kmh=24.0, age_s=0.0}"
16.0,POWER,160,NEUTRAL,OK,power_present,{age_s=0.0}
16.0,HR,130,NEUTRAL,OK,hr_present,{age_s=0.0}
16.0,CADENCE,65,GREEN,OK,preferred_low_cadence_band,{age_s=0.0}
16.0,GRADE,0,NEUTRAL,OK,flat_deadband,"{grade_raw=0.0, grade_display=0.0}"
16.0,GEAR,WAIT,GRAY,NO_DATA,missing_gear,{}
17.0,SPEED,24.0,NEUTRAL,OK,near_reference,"{reference_kmh=24.0, age_s=0.0}"
17.0,POWER,160,NEUTRAL,OK,power_present,{age_s=0.0}
17.0,HR,130,NEUTRAL,OK,hr_present,{age_s=0.0}
17.0,CADENCE,65,GREEN,OK,preferred_low_cadence_band,{age_s=0.0}
17.0,GRADE,0,NEUTRAL,OK,flat_deadband,"{grade_raw=0.0, grade_display=0.0}"
17.0,GEAR,WAIT,GRAY,NO_DATA,missing_gear,{}
18.0,SPEED,24.0,NEUTRAL,OK,near_reference,"{reference_kmh=24.0, age_s=0.0}"
18.0,POWER,160,NEUTRAL,OK,power_present,{age_s=0.0}
18.0,HR,130,NEUTRAL,OK,hr_present,{age_s=0.0}
18.0,CADENCE,65,GREEN,OK,preferred_low_cadence_band,{age_s=0.0}
18.0,GRADE,0,NEUTRAL,OK,flat_deadband,"{grade_raw=0.0, grade_display=0.0}"
18.0,GEAR,WAIT,GRAY,NO_DATA,missing_gear,{}
19.0,SPEED,24.0,NEUTRAL,OK,near_reference,"{reference_kmh=24.0, age_s=0.0}"
19.0,POWER,160,NEUTRAL,OK,power_present,{age_s=0.0}
19.0,HR,130,NEUTRAL,OK,hr_present,{age_s=0.0}
19.0,CADENCE,65,GREEN,OK,preferred_low_cadence_band,{age_s=0.0}
19.0,GRADE,0,NEUTRAL,OK,flat_deadband,"{grade_raw=0.0, grade_display=0.0}"
19.0,GEAR,WAIT,GRAY,NO_DATA,missing_gear,{}
20.0,SPEED,24.0,NEUTRAL,OK,near_reference,"{reference_kmh=24.0, age_s=0.0}"
20.0,POWER,160,NEUTRAL,OK,power_present,{age_s=0.0}
20.0,HR,130,NEUTRAL,OK,hr_present,{age_s=0.0}
20.0,CADENCE,65,GREEN,OK,preferred_low_cadence_band,{age_s=0.0}
20.0,GRADE,0,NEUTRAL,OK,flat_deadband,"{grade_raw=0.0, grade_display=0.0}"
20.0,GEAR,WAIT,GRAY,NO_DATA,missing_gear,{}
21.0,SPEED,24.0,NEUTRAL,OK,near_reference,"{reference_kmh=24.0, age_s=0.0}"
21.0,POWER,160,NEUTRAL,OK,power_present,{age_s=0.0}
21.0,HR,130,NEUTRAL,OK,hr_present,{age_s=0.0}
21.0,CADENCE,65,GREEN,OK,preferred_low_cadence_band,{age_s=0.0}
21.0,GRADE,0,NEUTRAL,OK,flat_deadband,"{grade_raw=0.0, grade_display=0.0}"
21.0,GEAR,WAIT,GRAY,NO_DATA,missing_gear,{}
22.0,SPEED,24.0,NEUTRAL,OK,near_reference,"{reference_kmh=24.0, age_s=0.0}"
22.0,POWER,160,NEUTRAL,OK,power_present,{age_s=0.0}
22.0,HR,130,NEUTRAL,OK,hr_present,{age_s=0.0}
22.0,CADENCE,65,GREEN,OK,preferred_low_cadence_band,{age_s=0.0}
22.0,GRADE,0,NEUTRAL,OK,flat_deadband,"{grade_raw=0.0, grade_display=0.0}"
22.0,GEAR,WAIT,GRAY,NO_DATA,missing_gear,{}
23.0,SPEED,24.0,NEUTRAL,OK,near_reference,"{reference_kmh=24.0, age_s=0.0}"
23.0,POWER,160,NEUTRAL,OK,power_present,{age_s=0.0}
23.0,HR,130,NEUTRAL,OK,hr_present,{age_s=0.0}
23.0,CADENCE,65,GREEN,OK,preferred_low_cadence_band,{age_s=0.0}
23.0,GRADE,0,NEUTRAL,OK,flat_deadband,"{grade_raw=0.0, grade_display=0.0}"
23.0,GEAR,WAIT,GRAY,NO_DATA,missing_gear,{}
24.0,SPEED,24.0,NEUTRAL,OK,near_reference,"{reference_kmh=24.0, age_s=0.0}"
24.0,POWER,160,NEUTRAL,OK,power_present,{age_s=0.0}
24.0,HR,130,NEUTRAL,OK,hr_present,{age_s=0.0}
24.0,CADENCE,65,GREEN,OK,preferred_low_cadence_band,{age_s=0.0}
24.0,GRADE,0,NEUTRAL,OK,flat_deadband,"{grade_raw=0.0, grade_display=0.0}"
24.0,GEAR,WAIT,GRAY,NO_DATA,missing_gear,{}
25.0,SPEED,24.0,NEUTRAL,OK,near_reference,"{reference_kmh=24.0, age_s=0.0}"
25.0,POWER,160,NEUTRAL,OK,power_present,{age_s=0.0}
25.0,HR,130,NEUTRAL,OK,hr_present,{age_s=0.0}
25.0,CADENCE,65,GREEN,OK,preferred_low_cadence_band,{age_s=0.0}
25.0,GRADE,0,NEUTRAL,OK,flat_deadband,"{grade_raw=0.0, grade_display=0.0}"
25.0,GEAR,WAIT,GRAY,NO_DATA,missing_gear,{}
26.0,SPEED,24.0,NEUTRAL,OK,near_reference,"{reference_kmh=24.0, age_s=0.0}"
26.0,POWER,160,NEUTRAL,OK,power_present,{age_s=0.0}
26.0,HR,130,NEUTRAL,OK,hr_present,{age_s=0.0}
26.0,CADENCE,65,GREEN,OK,preferred_low_cadence_band,{age_s=0.0}
26.0,GRADE,0,NEUTRAL,OK,flat_deadband,"{grade_raw=0.0, grade_display=0.0}"
26.0,GEAR,WAIT,GRAY,NO_DATA,missing_gear,{}
27.0,SPEED,24.0,NEUTRAL,OK,near_reference,"{reference_kmh=24.0, age_s=0.0}"
27.0,POWER,160,NEUTRAL,OK,power_present,{age_s=0.0}
27.0,HR,130,NEUTRAL,OK,hr_present,{age_s=0.0}
27.0,CADENCE,65,GREEN,OK,preferred_low_cadence_band,{age_s=0.0}
27.0,GRADE,0,NEUTRAL,OK,flat_deadband,"{grade_raw=0.0, grade_display=0.0}"
27.0,GEAR,WAIT,GRAY,NO_DATA,missing_gear,{}
28.0,SPEED,24.0,NEUTRAL,OK,near_reference,"{reference_kmh=24.0, age_s=0.0}"
28.0,POWER,160,NEUTRAL,OK,power_present,{age_s=0.0}
28.0,HR,130,NEUTRAL,OK,hr_present,{age_s=0.0}
28.0,CADENCE,65,GREEN,OK,preferred_low_cadence_band,{age_s=0.0}
28.0,GRADE,0,NEUTRAL,OK,flat_deadband,"{grade_raw=0.0, grade_display=0.0}"
28.0,GEAR,WAIT,GRAY,NO_DATA,missing_gear,{}
29.0,SPEED,24.0,NEUTRAL,OK,near_reference,"{reference_kmh=24.0, age_s=0.0}"
29.0,POWER,160,NEUTRAL,OK,power_present,{age_s=0.0}
29.0,HR,130,NEUTRAL,OK,hr_present,{age_s=0.0}
29.0,CADENCE,65,GREEN,OK,preferred_low_cadence_band,{age_s=0.0}
29.0,GRADE,0,NEUTRAL,OK,flat_deadband,"{grade_raw=0.0, grade_display=0.0}"
29.0,GEAR,WAIT,GRAY,NO_DATA,missing_gear,{}
30.0,SPEED,24.0,NEUTRAL,OK,near_reference,"{reference_kmh=24.0, age_s=0.0}"
30.0,POWER,160,NEUTRAL,OK,power_present,{age_s=0.0}
30.0,HR,130,NEUTRAL,OK,hr_present,{age_s=0.0}
30.0,CADENCE,65,GREEN,OK,preferred_low_cadence_band,{age_s=0.0}
30.0,GRADE,0,NEUTRAL,OK,flat_deadband,"{grade_raw=0.0, grade_display=0.0}"
30.0,GEAR,WAIT,GRAY,NO_DATA,missing_gear,{}
31.0,SPEED,24.0,NEUTRAL,OK,near_reference,"{reference_kmh=24.0, age_s=0.0}"
31.0,POWER,160,NEUTRAL,OK,power_present,{age_s=0.0}
31.0,HR,130,NEUTRAL,OK,hr_present,{age_s=0.0}
31.0,CADENCE,65,GREEN,OK,preferred_low_cadence_band,{age_s=0.0}
31.0,GRADE,0,NEUTRAL,OK,flat_deadband,"{grade_raw=0.0, grade_display=0.0}"
31.0,GEAR,WAIT,GRAY,NO_DATA,missing_gear,{}
32.0,SPEED,24.0,NEUTRAL,OK,near_reference,"{reference_kmh=24.0, age_s=0.0}"
32.0,POWER,160,NEUTRAL,OK,power_present,{age_s=0.0}
32.0,HR,130,NEUTRAL,OK,hr_present,{age_s=0.0}
32.0,CADENCE,65,GREEN,OK,preferred_low_cadence_band,{age_s=0.0}
32.0,GRADE,0,NEUTRAL,OK,flat_deadband,"{grade_raw=0.0, grade_display=0.0}"
32.0,GEAR,WAIT,GRAY,NO_DATA,missing_gear,{}
33.0,SPEED,24.0,NEUTRAL,OK,near_reference,"{reference_kmh=24.0, age_s=0.0}"
33.0,POWER,160,NEUTRAL,OK,power_present,{age_s=0.0}
33.0,HR,130,NEUTRAL,OK,hr_present,{age_s=0.0}
33.0,CADENCE,65,GREEN,OK,preferred_low_cadence_band,{age_s=0.0}
33.0,GRADE,0,NEUTRAL,OK,flat_deadband,"{grade_raw=0.0, grade_display=0.0}"
33.0,GEAR,WAIT,GRAY,NO_DATA,missing_gear,{}
34.0,SPEED,24.0,NEUTRAL,OK,near_reference,"{reference_kmh=24.0, age_s=0.0}"
34.0,POWER,160,NEUTRAL,OK,power_present,{age_s=0.0}
34.0,HR,130,NEUTRAL,OK,hr_present,{age_s=0.0}
34.0,CADENCE,65,GREEN,OK,preferred_low_cadence_band,{age_s=0.0}
34.0,GRADE,0,NEUTRAL,OK,flat_deadband,"{grade_raw=0.0, grade_display=0.0}"
34.0,GEAR,WAIT,GRAY,NO_DATA,missing_gear,{}
35.0,SPEED,24.0,NEUTRAL,OK,near_reference,"{reference_kmh=24.0, age_s=0.0}"
35.0,POWER,160,NEUTRAL,OK,power_present,{age_s=0.0}
35.0,HR,130,NEUTRAL,OK,hr_present,{age_s=0.0}
35.0,CADENCE,65,GREEN,OK,preferred_low_cadence_band,{age_s=0.0}
35.0,GRADE,0,NEUTRAL,OK,flat_deadband,"{grade_raw=0.0, grade_display=0.0}"
35.0,GEAR,WAIT,GRAY,NO_DATA,missing_gear,{}
36.0,SPEED,24.0,NEUTRAL,OK,near_reference,"{reference_kmh=24.0, age_s=0.0}"
36.0,POWER,160,NEUTRAL,OK,power_present,{age_s=0.0}
36.0,HR,130,NEUTRAL,OK,hr_present,{age_s=0.0}
36.0,CADENCE,65,GREEN,OK,preferred_low_cadence_band,{age_s=0.0}
36.0,GRADE,0,NEUTRAL,OK,flat_deadband,"{grade_raw=0.0, grade_display=0.0}"
36.0,GEAR,WAIT,GRAY,NO_DATA,missing_gear,{}
37.0,SPEED,24.0,NEUTRAL,OK,near_reference,"{reference_kmh=24.0, age_s=0.0}"
37.0,POWER,160,NEUTRAL,OK,power_present,{age_s=0.0}
37.0,HR,130,NEUTRAL,OK,hr_present,{age_s=0.0}
37.0,CADENCE,65,GREEN,OK,preferred_low_cadence_band,{age_s=0.0}
37.0,GRADE,0,NEUTRAL,OK,flat_deadband,"{grade_raw=0.0, grade_display=0.0}"
37.0,GEAR,WAIT,GRAY,NO_DATA,missing_gear,{}
38.0,SPEED,24.0,NEUTRAL,OK,near_reference,"{reference_kmh=24.0, age_s=0.0}"
38.0,POWER,160,NEUTRAL,OK,power_present,{age_s=0.0}
38.0,HR,130,NEUTRAL,OK,hr_present,{age_s=0.0}
38.0,CADENCE,65,GREEN,OK,preferred_low_cadence_band,{age_s=0.0}
38.0,GRADE,0,NEUTRAL,OK,flat_deadband,"{grade_raw=0.0, grade_display=0.0}"
38.0,GEAR,WAIT,GRAY,NO_DATA,missing_gear,{}
39.0,SPEED,24.0,NEUTRAL,OK,near_reference,"{reference_kmh=24.0, age_s=0.0}"
39.0,POWER,160,NEUTRAL,OK,power_present,{age_s=0.0}
39.0,HR,130,NEUTRAL,OK,hr_present,{age_s=0.0}
39.0,CADENCE,65,GREEN,OK,preferred_low_cadence_band,{age_s=0.0}
39.0,GRADE,0,NEUTRAL,OK,flat_deadband,"{grade_raw=0.0, grade_display=0.0}"
39.0,GEAR,WAIT,GRAY,NO_DATA,missing_gear,{}
40.0,SPEED,24.0,NEUTRAL,OK,near_reference,"{reference_kmh=24.0, age_s=0.0}"
40.0,POWER,160,NEUTRAL,OK,power_present,{age_s=0.0}
40.0,HR,130,NEUTRAL,OK,hr_present,{age_s=0.0}
40.0,CADENCE,65,GREEN,OK,preferred_low_cadence_band,{age_s=0.0}
40.0,GRADE,0,NEUTRAL,OK,flat_deadband,"{grade_raw=0.0, grade_display=0.0}"
40.0,GEAR,WAIT,GRAY,NO_DATA,missing_gear,{}
41.0,SPEED,24.0,NEUTRAL,OK,near_reference,"{reference_kmh=24.0, age_s=0.0}"
41.0,POWER,160,NEUTRAL,OK,power_present,{age_s=0.0}
41.0,HR,130,NEUTRAL,OK,hr_present,{age_s=0.0}
41.0,CADENCE,65,GREEN,OK,preferred_low_cadence_band,{age_s=0.0}
41.0,GRADE,0,NEUTRAL,OK,flat_deadband,"{grade_raw=0.0, grade_display=0.0}"
41.0,GEAR,WAIT,GRAY,NO_DATA,missing_gear,{}
42.0,SPEED,24.0,NEUTRAL,OK,near_reference,"{reference_kmh=24.0, age_s=0.0}"
42.0,POWER,160,NEUTRAL,OK,power_present,{age_s=0.0}
42.0,HR,130,NEUTRAL,OK,hr_present,{age_s=0.0}
42.0,CADENCE,65,GREEN,OK,preferred_low_cadence_band,{age_s=0.0}
42.0,GRADE,0,NEUTRAL,OK,flat_deadband,"{grade_raw=0.0, grade_display=0.0}"
42.0,GEAR,WAIT,GRAY,NO_DATA,missing_gear,{}
43.0,SPEED,24.0,NEUTRAL,OK,near_reference,"{reference_kmh=24.0, age_s=0.0}"
43.0,POWER,160,NEUTRAL,OK,power_present,{age_s=0.0}
43.0,HR,130,NEUTRAL,OK,hr_present,{age_s=0.0}
43.0,CADENCE,65,GREEN,OK,preferred_low_cadence_band,{age_s=0.0}
43.0,GRADE,0,NEUTRAL,OK,flat_deadband,"{grade_raw=0.0, grade_display=0.0}"
43.0,GEAR,WAIT,GRAY,NO_DATA,missing_gear,{}
44.0,SPEED,24.0,NEUTRAL,OK,near_reference,"{reference_kmh=24.0, age_s=0.0}"
44.0,POWER,160,NEUTRAL,OK,power_present,{age_s=0.0}
44.0,HR,130,NEUTRAL,OK,hr_present,{age_s=0.0}
44.0,CADENCE,65,GREEN,OK,preferred_low_cadence_band,{age_s=0.0}
44.0,GRADE,0,NEUTRAL,OK,flat_deadband,"{grade_raw=0.0, grade_display=0.0}"
44.0,GEAR,WAIT,GRAY,NO_DATA,missing_gear,{}
45.0,SPEED,24.0,NEUTRAL,OK,near_reference,"{reference_kmh=24.0, age_s=0.0}"
45.0,POWER,160,NEUTRAL,OK,power_present,{age_s=0.0}
45.0,HR,130,NEUTRAL,OK,hr_present,{age_s=0.0}
45.0,CADENCE,65,GREEN,OK,preferred_low_cadence_band,{age_s=0.0}
45.0,GRADE,0,NEUTRAL,OK,flat_deadband,"{grade_raw=0.0, grade_display=0.0}"
45.0,GEAR,WAIT,GRAY,NO_DATA,missing_gear,{}
46.0,SPEED,24.0,NEUTRAL,OK,near_reference,"{reference_kmh=24.0, age_s=0.0}"
46.0,POWER,160,NEUTRAL,OK,power_present,{age_s=0.0}
46.0,HR,130,NEUTRAL,OK,hr_present,{age_s=0.0}
46.0,CADENCE,65,GREEN,OK,preferred_low_cadence_band,{age_s=0.0}
46.0,GRADE,0,NEUTRAL,OK,flat_deadband,"{grade_raw=0.0, grade_display=0.0}"
46.0,GEAR,WAIT,GRAY,NO_DATA,missing_gear,{}
47.0,SPEED,24.0,NEUTRAL,OK,near_reference,"{reference_kmh=24.0, age_s=0.0}"
47.0,POWER,160,NEUTRAL,OK,power_present,{age_s=0.0}
47.0,HR,130,NEUTRAL,OK,hr_present,{age_s=0.0}
47.0,CADENCE,65,GREEN,OK,preferred_low_cadence_band,{age_s=0.0}
47.0,GRADE,0,NEUTRAL,OK,flat_deadband,"{grade_raw=0.0, grade_display=0.0}"
47.0,GEAR,WAIT,GRAY,NO_DATA,missing_gear,{}
48.0,SPEED,24.0,NEUTRAL,OK,near_reference,"{reference_kmh=24.0, age_s=0.0}"
48.0,POWER,160,NEUTRAL,OK,power_present,{age_s=0.0}
48.0,HR,130,NEUTRAL,OK,hr_present,{age_s=0.0}
48.0,CADENCE,65,GREEN,OK,preferred_low_cadence_band,{age_s=0.0}
48.0,GRADE,0,NEUTRAL,OK,flat_deadband,"{grade_raw=0.0, grade_display=0.0}"
48.0,GEAR,WAIT,GRAY,NO_DATA,missing_gear,{}
49.0,SPEED,24.0,NEUTRAL,OK,near_reference,"{reference_kmh=24.0, age_s=0.0}"
49.0,POWER,160,NEUTRAL,OK,power_present,{age_s=0.0}
49.0,HR,130,NEUTRAL,OK,hr_present,{age_s=0.0}
49.0,CADENCE,65,GREEN,OK,preferred_low_cadence_band,{age_s=0.0}
49.0,GRADE,0,NEUTRAL,OK,flat_deadband,"{grade_raw=0.0, grade_display=0.0}"
49.0,GEAR,WAIT,GRAY,NO_DATA,missing_gear,{}
50.0,SPEED,24.0,NEUTRAL,OK,near_reference,"{reference_kmh=24.0, age_s=0.0}"
50.0,POWER,160,NEUTRAL,OK,power_present,{age_s=0.0}
50.0,HR,130,NEUTRAL,OK,hr_present,{age_s=0.0}
50.0,CADENCE,65,GREEN,OK,preferred_low_cadence_band,{age_s=0.0}
50.0,GRADE,0,NEUTRAL,OK,flat_deadband,"{grade_raw=0.0, grade_display=0.0}"
50.0,GEAR,WAIT,GRAY,NO_DATA,missing_gear,{}
51.0,SPEED,24.0,NEUTRAL,OK,near_reference,"{reference_kmh=24.0, age_s=0.0}"
51.0,POWER,160,NEUTRAL,OK,power_present,{age_s=0.0}
51.0,HR,130,NEUTRAL,OK,hr_present,{age_s=0.0}
51.0,CADENCE,65,GREEN,OK,preferred_low_cadence_band,{age_s=0.0}
51.0,GRADE,0,NEUTRAL,OK,flat_deadband,"{grade_raw=0.0, grade_display=0.0}"
51.0,GEAR,WAIT,GRAY,NO_DATA,missing_gear,{}
52.0,SPEED,24.0,NEUTRAL,OK,near_reference,"{reference_kmh=24.0, age_s=0.0}"
52.0,POWER,160,NEUTRAL,OK,power_present,{age_s=0.0}
52.0,HR,130,NEUTRAL,OK,hr_present,{age_s=0.0}
52.0,CADENCE,65,GREEN,OK,preferred_low_cadence_band,{age_s=0.0}
52.0,GRADE,0,NEUTRAL,OK,flat_deadband,"{grade_raw=0.0, grade_display=0.0}"
52.0,GEAR,WAIT,GRAY,NO_DATA,missing_gear,{}
53.0,SPEED,24.0,NEUTRAL,OK,near_reference,"{reference_kmh=24.0, age_s=0.0}"
53.0,POWER,160,NEUTRAL,OK,power_present,{age_s=0.0}
53.0,HR,130,NEUTRAL,OK,hr_present,{age_s=0.0}
53.0,CADENCE,65,GREEN,OK,preferred_low_cadence_band,{age_s=0.0}
53.0,GRADE,0,NEUTRAL,OK,flat_deadband,"{grade_raw=0.0, grade_display=0.0}"
53.0,GEAR,WAIT,GRAY,NO_DATA,missing_gear,{}
54.0,SPEED,24.0,NEUTRAL,OK,near_reference,"{reference_kmh=24.0, age_s=0.0}"
54.0,POWER,160,NEUTRAL,OK,power_present,{age_s=0.0}
54.0,HR,130,NEUTRAL,OK,hr_present,{age_s=0.0}
54.0,CADENCE,65,GREEN,OK,preferred_low_cadence_band,{age_s=0.0}
54.0,GRADE,0,NEUTRAL,OK,flat_deadband,"{grade_raw=0.0, grade_display=0.0}"
54.0,GEAR,WAIT,GRAY,NO_DATA,missing_gear,{}
55.0,SPEED,24.0,NEUTRAL,OK,near_reference,"{reference_kmh=24.0, age_s=0.0}"
55.0,POWER,160,NEUTRAL,OK,power_present,{age_s=0.0}
55.0,HR,130,NEUTRAL,OK,hr_present,{age_s=0.0}
55.0,CADENCE,65,GREEN,OK,preferred_low_cadence_band,{age_s=0.0}
55.0,GRADE,0,NEUTRAL,OK,flat_deadband,"{grade_raw=0.0, grade_display=0.0}"
55.0,GEAR,WAIT,GRAY,NO_DATA,missing_gear,{}
56.0,SPEED,24.0,NEUTRAL,OK,near_reference,"{reference_kmh=24.0, age_s=0.0}"
56.0,POWER,160,NEUTRAL,OK,power_present,{age_s=0.0}
56.0,HR,130,NEUTRAL,OK,hr_present,{age_s=0.0}
56.0,CADENCE,65,GREEN,OK,preferred_low_cadence_band,{age_s=0.0}
56.0,GRADE,0,NEUTRAL,OK,flat_deadband,"{grade_raw=0.0, grade_display=0.0}"
56.0,GEAR,WAIT,GRAY,NO_DATA,missing_gear,{}
57.0,SPEED,24.0,NEUTRAL,OK,near_reference,"{reference_kmh=24.0, age_s=0.0}"
57.0,POWER,160,NEUTRAL,OK,power_present,{age_s=0.0}
57.0,HR,130,NEUTRAL,OK,hr_present,{age_s=0.0}
57.0,CADENCE,65,GREEN,OK,preferred_low_cadence_band,{age_s=0.0}
57.0,GRADE,0,NEUTRAL,OK,flat_deadband,"{grade_raw=0.0, grade_display=0.0}"
57.0,GEAR,WAIT,GRAY,NO_DATA,missing_gear,{}
58.0,SPEED,24.0,NEUTRAL,OK,near_reference,"{reference_kmh=24.0, age_s=0.0}"
58.0,POWER,160,NEUTRAL,OK,power_present,{age_s=0.0}
58.0,HR,130,NEUTRAL,OK,hr_present,{age_s=0.0}
58.0,CADENCE,65,GREEN,OK,preferred_low_cadence_band,{age_s=0.0}
58.0,GRADE,0,NEUTRAL,OK,flat_deadband,"{grade_raw=0.0, grade_display=0.0}"
58.0,GEAR,WAIT,GRAY,NO_DATA,missing_gear,{}
59.0,SPEED,24.0,NEUTRAL,OK,near_reference,"{reference_kmh=24.0, age_s=0.0}"
59.0,POWER,160,NEUTRAL,OK,power_present,{age_s=0.0}
59.0,HR,130,NEUTRAL,OK,hr_present,{age_s=0.0}
59.0,CADENCE,65,GREEN,OK,preferred_low_cadence_band,{age_s=0.0}
59.0,GRADE,0,NEUTRAL,OK,flat_deadband,"{grade_raw=0.0, grade_display=0.0}"
59.0,GEAR,WAIT,GRAY,NO_DATA,missing_gear,{}
60.0,SPEED,24.0,NEUTRAL,OK,near_reference,"{reference_kmh=24.400000000000016, age_s=0.0}"
60.0,POWER,160,NEUTRAL,OK,power_present,{age_s=0.0}
60.0,HR,130,NEUTRAL,OK,hr_present,{age_s=0.0}
60.0,CADENCE,65,GREEN,OK,preferred_low_cadence_band,{age_s=0.0}
60.0,GRADE,0,NEUTRAL,OK,flat_deadband,"{grade_raw=0.0, grade_display=0.0}"
60.0,GEAR,WAIT,GRAY,NO_DATA,missing_gear,{}
61.0,SPEED,24.0,NEUTRAL,OK,near_reference,"{reference_kmh=24.393442622950836, age_s=0.0}"
61.0,POWER,160,NEUTRAL,OK,power_present,{age_s=0.0}
61.0,HR,130,NEUTRAL,OK,hr_present,{age_s=0.0}
61.0,CADENCE,65,GREEN,OK,preferred_low_cadence_band,{age_s=0.0}
61.0,GRADE,0,NEUTRAL,OK,flat_deadband,"{grade_raw=0.0, grade_display=0.0}"
61.0,GEAR,WAIT,GRAY,NO_DATA,missing_gear,{}
62.0,SPEED,24.0,NEUTRAL,OK,near_reference,"{reference_kmh=24.387096774193566, age_s=0.0}"
62.0,POWER,160,NEUTRAL,OK,power_present,{age_s=0.0}
62.0,HR,130,NEUTRAL,OK,hr_present,{age_s=0.0}
62.0,CADENCE,65,GREEN,OK,preferred_low_cadence_band,{age_s=0.0}
62.0,GRADE,0,NEUTRAL,OK,flat_deadband,"{grade_raw=0.0, grade_display=0.0}"
62.0,GEAR,WAIT,GRAY,NO_DATA,missing_gear,{}
63.0,SPEED,24.0,NEUTRAL,OK,near_reference,"{reference_kmh=24.3809523809524, age_s=0.0}"
63.0,POWER,160,NEUTRAL,OK,power_present,{age_s=0.0}
63.0,HR,130,NEUTRAL,OK,hr_present,{age_s=0.0}
63.0,CADENCE,65,GREEN,OK,preferred_low_cadence_band,{age_s=0.0}
63.0,GRADE,0,NEUTRAL,OK,flat_deadband,"{grade_raw=0.0, grade_display=0.0}"
63.0,GEAR,WAIT,GRAY,NO_DATA,missing_gear,{}
64.0,SPEED,24.0,NEUTRAL,OK,near_reference,"{reference_kmh=24.37500000000002, age_s=0.0}"
64.0,POWER,160,NEUTRAL,OK,power_present,{age_s=0.0}
64.0,HR,130,NEUTRAL,OK,hr_present,{age_s=0.0}
64.0,CADENCE,65,GREEN,OK,preferred_low_cadence_band,{age_s=0.0}
64.0,GRADE,0,NEUTRAL,OK,flat_deadband,"{grade_raw=0.0, grade_display=0.0}"
64.0,GEAR,WAIT,GRAY,NO_DATA,missing_gear,{}
65.0,SPEED,24.0,NEUTRAL,OK,near_reference,"{reference_kmh=24.369230769230793, age_s=0.0}"
65.0,POWER,160,NEUTRAL,OK,power_present,{age_s=0.0}
65.0,HR,130,NEUTRAL,OK,hr_present,{age_s=0.0}
65.0,CADENCE,65,GREEN,OK,preferred_low_cadence_band,{age_s=0.0}
65.0,GRADE,0,NEUTRAL,OK,flat_deadband,"{grade_raw=0.0, grade_display=0.0}"
65.0,GEAR,WAIT,GRAY,NO_DATA,missing_gear,{}
66.0,SPEED,24.0,NEUTRAL,OK,near_reference,"{reference_kmh=24.363636363636388, age_s=0.0}"
66.0,POWER,160,NEUTRAL,OK,power_present,{age_s=0.0}
66.0,HR,130,NEUTRAL,OK,hr_present,{age_s=0.0}
66.0,CADENCE,65,GREEN,OK,preferred_low_cadence_band,{age_s=0.0}
66.0,GRADE,0,NEUTRAL,OK,flat_deadband,"{grade_raw=0.0, grade_display=0.0}"
66.0,GEAR,WAIT,GRAY,NO_DATA,missing_gear,{}
67.0,SPEED,24.0,NEUTRAL,OK,near_reference,"{reference_kmh=24.358208955223905, age_s=0.0}"
67.0,POWER,160,NEUTRAL,OK,power_present,{age_s=0.0}
67.0,HR,130,NEUTRAL,OK,hr_present,{age_s=0.0}
67.0,CADENCE,65,GREEN,OK,preferred_low_cadence_band,{age_s=0.0}
67.0,GRADE,0,NEUTRAL,OK,flat_deadband,"{grade_raw=0.0, grade_display=0.0}"
67.0,GEAR,WAIT,GRAY,NO_DATA,missing_gear,{}
68.0,SPEED,24.0,NEUTRAL,OK,near_reference,"{reference_kmh=24.352941176470612, age_s=0.0}"
68.0,POWER,160,NEUTRAL,OK,power_present,{age_s=0.0}
68.0,HR,130,NEUTRAL,OK,hr_present,{age_s=0.0}
68.0,CADENCE,65,GREEN,OK,preferred_low_cadence_band,{age_s=0.0}
68.0,GRADE,0,NEUTRAL,OK,flat_deadband,"{grade_raw=0.0, grade_display=0.0}"
68.0,GEAR,WAIT,GRAY,NO_DATA,missing_gear,{}
69.0,SPEED,24.0,NEUTRAL,OK,near_reference,"{reference_kmh=24.347826086956548, age_s=0.0}"
69.0,POWER,160,NEUTRAL,OK,power_present,{age_s=0.0}
69.0,HR,130,NEUTRAL,OK,hr_present,{age_s=0.0}
69.0,CADENCE,65,GREEN,OK,preferred_low_cadence_band,{age_s=0.0}
69.0,GRADE,0,NEUTRAL,OK,flat_deadband,"{grade_raw=0.0, grade_display=0.0}"
69.0,GEAR,WAIT,GRAY,NO_DATA,missing_gear,{}
70.0,SPEED,24.0,NEUTRAL,OK,near_reference,"{reference_kmh=24.342857142857167, age_s=0.0}"
70.0,POWER,160,NEUTRAL,OK,power_present,{age_s=0.0}
70.0,HR,130,NEUTRAL,OK,hr_present,{age_s=0.0}
70.0,CADENCE,65,GREEN,OK,preferred_low_cadence_band,{age_s=0.0}
70.0,GRADE,0,NEUTRAL,OK,flat_deadband,"{grade_raw=0.0, grade_display=0.0}"
70.0,GEAR,WAIT,GRAY,NO_DATA,missing_gear,{}
71.0,SPEED,24.0,NEUTRAL,OK,near_reference,"{reference_kmh=24.338028169014112, age_s=0.0}"
71.0,POWER,160,NEUTRAL,OK,power_present,{age_s=0.0}
71.0,HR,130,NEUTRAL,OK,hr_present,{age_s=0.0}
71.0,CADENCE,65,GREEN,OK,preferred_low_cadence_band,{age_s=0.0}
71.0,GRADE,0,NEUTRAL,OK,flat_deadband,"{grade_raw=0.0, grade_display=0.0}"
71.0,GEAR,WAIT,GRAY,NO_DATA,missing_gear,{}
72.0,SPEED,24.0,NEUTRAL,OK,near_reference,"{reference_kmh=24.33333333333336, age_s=0.0}"
72.0,POWER,160,NEUTRAL,OK,power_present,{age_s=0.0}
72.0,HR,130,NEUTRAL,OK,hr_present,{age_s=0.0}
72.0,CADENCE,65,GREEN,OK,preferred_low_cadence_band,{age_s=0.0}
72.0,GRADE,0,NEUTRAL,OK,flat_deadband,"{grade_raw=0.0, grade_display=0.0}"
72.0,GEAR,WAIT,GRAY,NO_DATA,missing_gear,{}
73.0,SPEED,24.0,NEUTRAL,OK,near_reference,"{reference_kmh=24.3287671232877, age_s=0.0}"
73.0,POWER,160,NEUTRAL,OK,power_present,{age_s=0.0}
73.0,HR,130,NEUTRAL,OK,hr_present,{age_s=0.0}
73.0,CADENCE,65,GREEN,OK,preferred_low_cadence_band,{age_s=0.0}
73.0,GRADE,0,NEUTRAL,OK,flat_deadband,"{grade_raw=0.0, grade_display=0.0}"
73.0,GEAR,WAIT,GRAY,NO_DATA,missing_gear,{}
74.0,SPEED,24.0,NEUTRAL,OK,near_reference,"{reference_kmh=24.32432432432435, age_s=0.0}"
74.0,POWER,160,NEUTRAL,OK,power_present,{age_s=0.0}
74.0,HR,130,NEUTRAL,OK,hr_present,{age_s=0.0}
74.0,CADENCE,65,GREEN,OK,preferred_low_cadence_band,{age_s=0.0}
74.0,GRADE,0,NEUTRAL,OK,flat_deadband,"{grade_raw=0.0, grade_display=0.0}"
74.0,GEAR,WAIT,GRAY,NO_DATA,missing_gear,{}
75.0,SPEED,24.0,NEUTRAL,OK,near_reference,"{reference_kmh=24.32000000000003, age_s=0.0}"
75.0,POWER,160,NEUTRAL,OK,power_present,{age_s=0.0}
75.0,HR,130,NEUTRAL,OK,hr_present,{age_s=0.0}
75.0,CADENCE,65,GREEN,OK,preferred_low_cadence_band,{age_s=0.0}
75.0,GRADE,0,NEUTRAL,OK,flat_deadband,"{grade_raw=0.0, grade_display=0.0}"
75.0,GEAR,WAIT,GRAY,NO_DATA,missing_gear,{}
76.0,SPEED,24.0,NEUTRAL,OK,near_reference,"{reference_kmh=24.31578947368424, age_s=0.0}"
76.0,POWER,160,NEUTRAL,OK,power_present,{age_s=0.0}
76.0,HR,130,NEUTRAL,OK,hr_present,{age_s=0.0}
76.0,CADENCE,65,GREEN,OK,preferred_low_cadence_band,{age_s=0.0}
76.0,GRADE,0,NEUTRAL,OK,flat_deadband,"{grade_raw=0.0, grade_display=0.0}"
76.0,GEAR,WAIT,GRAY,NO_DATA,missing_gear,{}
77.0,SPEED,24.0,NEUTRAL,OK,near_reference,"{reference_kmh=24.31168831168834, age_s=0.0}"
77.0,POWER,160,NEUTRAL,OK,power_present,{age_s=0.0}
77.0,HR,130,NEUTRAL,OK,hr_present,{age_s=0.0}
77.0,CADENCE,65,GREEN,OK,preferred_low_cadence_band,{age_s=0.0}
77.0,GRADE,0,NEUTRAL,OK,flat_deadband,"{grade_raw=0.0, grade_display=0.0}"
77.0,GEAR,WAIT,GRAY,NO_DATA,missing_gear,{}
78.0,SPEED,24.0,NEUTRAL,OK,near_reference,"{reference_kmh=24.30769230769233, age_s=0.0}"
78.0,POWER,160,NEUTRAL,OK,power_present,{age_s=0.0}
78.0,HR,130,NEUTRAL,OK,hr_present,{age_s=0.0}
78.0,CADENCE,65,GREEN,OK,preferred_low_cadence_band,{age_s=0.0}
78.0,GRADE,0,NEUTRAL,OK,flat_deadband,"{grade_raw=0.0, grade_display=0.0}"
78.0,GEAR,WAIT,GRAY,NO_DATA,missing_gear,{}
79.0,SPEED,24.0,NEUTRAL,OK,near_reference,"{reference_kmh=24.303797468354457, age_s=0.0}"
79.0,POWER,160,NEUTRAL,OK,power_present,{age_s=0.0}
79.0,HR,130,NEUTRAL,OK,hr_present,{age_s=0.0}
79.0,CADENCE,65,GREEN,OK,preferred_low_cadence_band,{age_s=0.0}
79.0,GRADE,0,NEUTRAL,OK,flat_deadband,"{grade_raw=0.0, grade_display=0.0}"
79.0,GEAR,WAIT,GRAY,NO_DATA,missing_gear,{}
80.0,SPEED,24.0,NEUTRAL,OK,near_reference,"{reference_kmh=24.300000000000022, age_s=0.0}"
80.0,POWER,160,NEUTRAL,OK,power_present,{age_s=0.0}
80.0,HR,130,NEUTRAL,OK,hr_present,{age_s=0.0}
80.0,CADENCE,65,GREEN,OK,preferred_low_cadence_band,{age_s=0.0}
80.0,GRADE,0,NEUTRAL,OK,flat_deadband,"{grade_raw=0.0, grade_display=0.0}"
80.0,GEAR,WAIT,GRAY,NO_DATA,missing_gear,{}
81.0,SPEED,24.0,NEUTRAL,OK,near_reference,"{reference_kmh=24.296296296296315, age_s=0.0}"
81.0,POWER,160,NEUTRAL,OK,power_present,{age_s=0.0}
81.0,HR,130,NEUTRAL,OK,hr_present,{age_s=0.0}
81.0,CADENCE,65,GREEN,OK,preferred_low_cadence_band,{age_s=0.0}
81.0,GRADE,0,NEUTRAL,OK,flat_deadband,"{grade_raw=0.0, grade_display=0.0}"
81.0,GEAR,WAIT,GRAY,NO_DATA,missing_gear,{}
82.0,SPEED,24.0,NEUTRAL,OK,near_reference,"{reference_kmh=24.292682926829283, age_s=0.0}"
82.0,POWER,160,NEUTRAL,OK,power_present,{age_s=0.0}
82.0,HR,130,NEUTRAL,OK,hr_present,{age_s=0.0}
82.0,CADENCE,65,GREEN,OK,preferred_low_cadence_band,{age_s=0.0}
82.0,GRADE,0,NEUTRAL,OK,flat_deadband,"{grade_raw=0.0, grade_display=0.0}"
82.0,GEAR,WAIT,GRAY,NO_DATA,missing_gear,{}
83.0,SPEED,24.0,NEUTRAL,OK,near_reference,"{reference_kmh=24.289156626506042, age_s=0.0}"
83.0,POWER,160,NEUTRAL,OK,power_present,{age_s=0.0}
83.0,HR,130,NEUTRAL,OK,hr_present,{age_s=0.0}
83.0,CADENCE,65,GREEN,OK,preferred_low_cadence_band,{age_s=0.0}
83.0,GRADE,0,NEUTRAL,OK,flat_deadband,"{grade_raw=0.0, grade_display=0.0}"
83.0,GEAR,WAIT,GRAY,NO_DATA,missing_gear,{}
84.0,SPEED,24.0,NEUTRAL,OK,near_reference,"{reference_kmh=24.2857142857143, age_s=0.0}"
84.0,POWER,160,NEUTRAL,OK,power_present,{age_s=0.0}
84.0,HR,130,NEUTRAL,OK,hr_present,{age_s=0.0}
84.0,CADENCE,65,GREEN,OK,preferred_low_cadence_band,{age_s=0.0}
84.0,GRADE,0,NEUTRAL,OK,flat_deadband,"{grade_raw=0.0, grade_display=0.0}"
84.0,GEAR,WAIT,GRAY,NO_DATA,missing_gear,{}
85.0,SPEED,24.0,NEUTRAL,OK,near_reference,"{reference_kmh=24.28235294117648, age_s=0.0}"
85.0,POWER,160,NEUTRAL,OK,power_present,{age_s=0.0}
85.0,HR,130,NEUTRAL,OK,hr_present,{age_s=0.0}
85.0,CADENCE,65,GREEN,OK,preferred_low_cadence_band,{age_s=0.0}
85.0,GRADE,0,NEUTRAL,OK,flat_deadband,"{grade_raw=0.0, grade_display=0.0}"
85.0,GEAR,WAIT,GRAY,NO_DATA,missing_gear,{}
86.0,SPEED,24.0,NEUTRAL,OK,near_reference,"{reference_kmh=24.279069767441868, age_s=0.0}"
86.0,POWER,160,NEUTRAL,OK,power_present,{age_s=0.0}
86.0,HR,130,NEUTRAL,OK,hr_present,{age_s=0.0}
86.0,CADENCE,65,GREEN,OK,preferred_low_cadence_band,{age_s=0.0}
86.0,GRADE,0,NEUTRAL,OK,flat_deadband,"{grade_raw=0.0, grade_display=0.0}"
86.0,GEAR,WAIT,GRAY,NO_DATA,missing_gear,{}
87.0,SPEED,24.0,NEUTRAL,OK,near_reference,"{reference_kmh=24.275862068965527, age_s=0.0}"
87.0,POWER,160,NEUTRAL,OK,power_present,{age_s=0.0}
87.0,HR,130,NEUTRAL,OK,hr_present,{age_s=0.0}
87.0,CADENCE,65,GREEN,OK,preferred_low_cadence_band,{age_s=0.0}
87.0,GRADE,0,NEUTRAL,OK,flat_deadband,"{grade_raw=0.0, grade_display=0.0}"
87.0,GEAR,WAIT,GRAY,NO_DATA,missing_gear,{}
88.0,SPEED,24.0,NEUTRAL,OK,near_reference,"{reference_kmh=24.272727272727277, age_s=0.0}"
88.0,POWER,160,NEUTRAL,OK,power_present,{age_s=0.0}
88.0,HR,130,NEUTRAL,OK,hr_present,{age_s=0.0}
88.0,CADENCE,65,GREEN,OK,preferred_low_cadence_band,{age_s=0.0}
88.0,GRADE,0,NEUTRAL,OK,flat_deadband,"{grade_raw=0.0, grade_display=0.0}"
88.0,GEAR,WAIT,GRAY,NO_DATA,missing_gear,{}
89.0,SPEED,24.0,NEUTRAL,OK,near_reference,"{reference_kmh=24.269662921348317, age_s=0.0}"
89.0,POWER,160,NEUTRAL,OK,power_present,{age_s=0.0}
89.0,HR,130,NEUTRAL,OK,hr_present,{age_s=0.0}
89.0,CADENCE,65,GREEN,OK,preferred_low_cadence_band,{age_s=0.0}
89.0,GRADE,0,NEUTRAL,OK,flat_deadband,"{grade_raw=0.0, grade_display=0.0}"
89.0,GEAR,WAIT,GRAY,NO_DATA,missing_gear,{}
90.0,SPEED,24.0,NEUTRAL,OK,near_reference,"{reference_kmh=24.266666666666666, age_s=0.0}"
90.0,POWER,160,NEUTRAL,OK,power_present,{age_s=0.0}
90.0,HR,130,NEUTRAL,OK,hr_present,{age_s=0.0}
90.0,CADENCE,65,GREEN,OK,preferred_low_cadence_band,{age_s=0.0}
90.0,GRADE,0,NEUTRAL,OK,flat_deadband,"{grade_raw=0.0, grade_display=0.0}"
90.0,GEAR,WAIT,GRAY,NO_DATA,missing_gear,{}
91.0,SPEED,24.0,NEUTRAL,OK,near_reference,"{reference_kmh=24.263736263736266, age_s=0.0}"
91.0,POWER,160,NEUTRAL,OK,power_present,{age_s=0.0}
91.0,HR,130,NEUTRAL,OK,hr_present,{age_s=0.0}
91.0,CADENCE,65,GREEN,OK,preferred_low_cadence_band,{age_s=0.0}
91.0,GRADE,0,NEUTRAL,OK,flat_deadband,"{grade_raw=0.0, grade_display=0.0}"
91.0,GEAR,WAIT,GRAY,NO_DATA,missing_gear,{}
92.0,SPEED,24.0,NEUTRAL,OK,near_reference,"{reference_kmh=24.26086956521739, age_s=0.0}"
92.0,POWER,160,NEUTRAL,OK,power_present,{age_s=0.0}
92.0,HR,130,NEUTRAL,OK,hr_present,{age_s=0.0}
92.0,CADENCE,65,GREEN,OK,preferred_low_cadence_band,{age_s=0.0}
92.0,GRADE,0,NEUTRAL,OK,flat_deadband,"{grade_raw=0.0, grade_display=0.0}"
92.0,GEAR,WAIT,GRAY,NO_DATA,missing_gear,{}
93.0,SPEED,24.0,NEUTRAL,OK,near_reference,"{reference_kmh=24.25806451612903, age_s=0.0}"
93.0,POWER,160,NEUTRAL,OK,power_present,{age_s=0.0}
93.0,HR,130,NEUTRAL,OK,hr_present,{age_s=0.0}
93.0,CADENCE,65,GREEN,OK,preferred_low_cadence_band,{age_s=0.0}
93.0,GRADE,0,NEUTRAL,OK,flat_deadband,"{grade_raw=0.0, grade_display=0.0}"
93.0,GEAR,WAIT,GRAY,NO_DATA,missing_gear,{}
94.0,SPEED,24.0,NEUTRAL,OK,near_reference,"{reference_kmh=24.255319148936167, age_s=0.0}"
94.0,POWER,160,NEUTRAL,OK,power_present,{age_s=0.0}
94.0,HR,130,NEUTRAL,OK,hr_present,{age_s=0.0}
94.0,CADENCE,65,GREEN,OK,preferred_low_cadence_band,{age_s=0.0}
94.0,GRADE,0,NEUTRAL,OK,flat_deadband,"{grade_raw=0.0, grade_display=0.0}"
94.0,GEAR,WAIT,GRAY,NO_DATA,missing_gear,{}
95.0,SPEED,24.0,NEUTRAL,OK,near_reference,"{reference_kmh=24.252631578947366, age_s=0.0}"
95.0,POWER,160,NEUTRAL,OK,power_present,{age_s=0.0}
95.0,HR,130,NEUTRAL,OK,hr_present,{age_s=0.0}
95.0,CADENCE,65,GREEN,OK,preferred_low_cadence_band,{age_s=0.0}
95.0,GRADE,0,NEUTRAL,OK,flat_deadband,"{grade_raw=0.0, grade_display=0.0}"
95.0,GEAR,WAIT,GRAY,NO_DATA,missing_gear,{}
96.0,SPEED,24.0,NEUTRAL,OK,near_reference,"{reference_kmh=24.249999999999993, age_s=0.0}"
96.0,POWER,160,NEUTRAL,OK,power_present,{age_s=0.0}
96.0,HR,130,NEUTRAL,OK,hr_present,{age_s=0.0}
96.0,CADENCE,65,GREEN,OK,preferred_low_cadence_band,{age_s=0.0}
96.0,GRADE,0,NEUTRAL,OK,flat_deadband,"{grade_raw=0.0, grade_display=0.0}"
96.0,GEAR,WAIT,GRAY,NO_DATA,missing_gear,{}
97.0,SPEED,24.0,NEUTRAL,OK,near_reference,"{reference_kmh=24.247422680412363, age_s=0.0}"
97.0,POWER,160,NEUTRAL,OK,power_present,{age_s=0.0}
97.0,HR,130,NEUTRAL,OK,hr_present,{age_s=0.0}
97.0,CADENCE,65,GREEN,OK,preferred_low_cadence_band,{age_s=0.0}
97.0,GRADE,0,NEUTRAL,OK,flat_deadband,"{grade_raw=0.0, grade_display=0.0}"
97.0,GEAR,WAIT,GRAY,NO_DATA,missing_gear,{}
98.0,SPEED,24.0,NEUTRAL,OK,near_reference,"{reference_kmh=24.244897959183668, age_s=0.0}"
98.0,POWER,160,NEUTRAL,OK,power_present,{age_s=0.0}
98.0,HR,130,NEUTRAL,OK,hr_present,{age_s=0.0}
98.0,CADENCE,65,GREEN,OK,preferred_low_cadence_band,{age_s=0.0}
98.0,GRADE,0,NEUTRAL,OK,flat_deadband,"{grade_raw=0.0, grade_display=0.0}"
98.0,GEAR,WAIT,GRAY,NO_DATA,missing_gear,{}
99.0,SPEED,24.0,NEUTRAL,OK,near_reference,"{reference_kmh=24.24242424242423, age_s=0.0}"
99.0,POWER,160,NEUTRAL,OK,power_present,{age_s=0.0}
99.0,HR,130,NEUTRAL,OK,hr_present,{age_s=0.0}
99.0,CADENCE,65,GREEN,OK,preferred_low_cadence_band,{age_s=0.0}
99.0,GRADE,0,NEUTRAL,OK,flat_deadband,"{grade_raw=0.0, grade_display=0.0}"
99.0,GEAR,WAIT,GRAY,NO_DATA,missing_gear,{}
100.0,SPEED,24.0,NEUTRAL,OK,near_reference,"{reference_kmh=24.23999999999999, age_s=0.0}"
100.0,POWER,160,NEUTRAL,OK,power_present,{age_s=0.0}
100.0,HR,130,NEUTRAL,OK,hr_present,{age_s=0.0}
100.0,CADENCE,65,GREEN,OK,preferred_low_cadence_band,{age_s=0.0}
100.0,GRADE,0,NEUTRAL,OK,flat_deadband,"{grade_raw=0.0, grade_display=0.0}"
100.0,GEAR,WAIT,GRAY,NO_DATA,missing_gear,{}
101.0,SPEED,24.0,NEUTRAL,OK,near_reference,"{reference_kmh=24.237623762376224, age_s=0.0}"
101.0,POWER,160,NEUTRAL,OK,power_present,{age_s=0.0}
101.0,HR,130,NEUTRAL,OK,hr_present,{age_s=0.0}
101.0,CADENCE,65,GREEN,OK,preferred_low_cadence_band,{age_s=0.0}
101.0,GRADE,0,NEUTRAL,OK,flat_deadband,"{grade_raw=0.0, grade_display=0.0}"
101.0,GEAR,WAIT,GRAY,NO_DATA,missing_gear,{}
102.0,SPEED,24.0,NEUTRAL,OK,near_reference,"{reference_kmh=24.235294117647047, age_s=0.0}"
102.0,POWER,160,NEUTRAL,OK,power_present,{age_s=0.0}
102.0,HR,130,NEUTRAL,OK,hr_present,{age_s=0.0}
102.0,CADENCE,65,GREEN,OK,preferred_low_cadence_band,{age_s=0.0}
102.0,GRADE,0,NEUTRAL,OK,flat_deadband,"{grade_raw=0.0, grade_display=0.0}"
102.0,GEAR,WAIT,GRAY,NO_DATA,missing_gear,{}
103.0,SPEED,24.0,NEUTRAL,OK,near_reference,"{reference_kmh=24.23300970873785, age_s=0.0}"
103.0,POWER,160,NEUTRAL,OK,power_present,{age_s=0.0}
103.0,HR,130,NEUTRAL,OK,hr_present,{age_s=0.0}
103.0,CADENCE,65,GREEN,OK,preferred_low_cadence_band,{age_s=0.0}
103.0,GRADE,0,NEUTRAL,OK,flat_deadband,"{grade_raw=0.0, grade_display=0.0}"
103.0,GEAR,WAIT,GRAY,NO_DATA,missing_gear,{}
104.0,SPEED,24.0,NEUTRAL,OK,near_reference,"{reference_kmh=24.230769230769216, age_s=0.0}"
104.0,POWER,160,NEUTRAL,OK,power_present,{age_s=0.0}
104.0,HR,130,NEUTRAL,OK,hr_present,{age_s=0.0}
104.0,CADENCE,65,GREEN,OK,preferred_low_cadence_band,{age_s=0.0}
104.0,GRADE,0,NEUTRAL,OK,flat_deadband,"{grade_raw=0.0, grade_display=0.0}"
104.0,GEAR,WAIT,GRAY,NO_DATA,missing_gear,{}
105.0,SPEED,24.0,NEUTRAL,OK,near_reference,"{reference_kmh=24.228571428571414, age_s=0.0}"
105.0,POWER,160,NEUTRAL,OK,power_present,{age_s=0.0}
105.0,HR,130,NEUTRAL,OK,hr_present,{age_s=0.0}
105.0,CADENCE,65,GREEN,OK,preferred_low_cadence_band,{age_s=0.0}
105.0,GRADE,0,NEUTRAL,OK,flat_deadband,"{grade_raw=0.0, grade_display=0.0}"
105.0,GEAR,WAIT,GRAY,NO_DATA,missing_gear,{}
106.0,SPEED,24.0,NEUTRAL,OK,near_reference,"{reference_kmh=24.226415094339607, age_s=0.0}"
106.0,POWER,160,NEUTRAL,OK,power_present,{age_s=0.0}
106.0,HR,130,NEUTRAL,OK,hr_present,{age_s=0.0}
106.0,CADENCE,65,GREEN,OK,preferred_low_cadence_band,{age_s=0.0}
106.0,GRADE,0,NEUTRAL,OK,flat_deadband,"{grade_raw=0.0, grade_display=0.0}"
106.0,GEAR,WAIT,GRAY,NO_DATA,missing_gear,{}
107.0,SPEED,24.0,NEUTRAL,OK,near_reference,"{reference_kmh=24.224299065420542, age_s=0.0}"
107.0,POWER,160,NEUTRAL,OK,power_present,{age_s=0.0}
107.0,HR,130,NEUTRAL,OK,hr_present,{age_s=0.0}
107.0,CADENCE,65,GREEN,OK,preferred_low_cadence_band,{age_s=0.0}
107.0,GRADE,0,NEUTRAL,OK,flat_deadband,"{grade_raw=0.0, grade_display=0.0}"
107.0,GEAR,WAIT,GRAY,NO_DATA,missing_gear,{}
108.0,SPEED,24.0,NEUTRAL,OK,near_reference,"{reference_kmh=24.2222222222222, age_s=0.0}"
108.0,POWER,160,NEUTRAL,OK,power_present,{age_s=0.0}
108.0,HR,130,NEUTRAL,OK,hr_present,{age_s=0.0}
108.0,CADENCE,65,GREEN,OK,preferred_low_cadence_band,{age_s=0.0}
108.0,GRADE,0,NEUTRAL,OK,flat_deadband,"{grade_raw=0.0, grade_display=0.0}"
108.0,GEAR,WAIT,GRAY,NO_DATA,missing_gear,{}
109.0,SPEED,24.0,NEUTRAL,OK,near_reference,"{reference_kmh=24.22018348623851, age_s=0.0}"
109.0,POWER,160,NEUTRAL,OK,power_present,{age_s=0.0}
109.0,HR,130,NEUTRAL,OK,hr_present,{age_s=0.0}
109.0,CADENCE,65,GREEN,OK,preferred_low_cadence_band,{age_s=0.0}
109.0,GRADE,0,NEUTRAL,OK,flat_deadband,"{grade_raw=0.0, grade_display=0.0}"
109.0,GEAR,WAIT,GRAY,NO_DATA,missing_gear,{}
110.0,SPEED,24.0,NEUTRAL,OK,near_reference,"{reference_kmh=24.218181818181797, age_s=0.0}"
110.0,POWER,160,NEUTRAL,OK,power_present,{age_s=0.0}
110.0,HR,130,NEUTRAL,OK,hr_present,{age_s=0.0}
110.0,CADENCE,65,GREEN,OK,preferred_low_cadence_band,{age_s=0.0}
110.0,GRADE,0,NEUTRAL,OK,flat_deadband,"{grade_raw=0.0, grade_display=0.0}"
110.0,GEAR,WAIT,GRAY,NO_DATA,missing_gear,{}
111.0,SPEED,24.0,NEUTRAL,OK,near_reference,"{reference_kmh=24.216216216216193, age_s=0.0}"
111.0,POWER,160,NEUTRAL,OK,power_present,{age_s=0.0}
111.0,HR,130,NEUTRAL,OK,hr_present,{age_s=0.0}
111.0,CADENCE,65,GREEN,OK,preferred_low_cadence_band,{age_s=0.0}
111.0,GRADE,0,NEUTRAL,OK,flat_deadband,"{grade_raw=0.0, grade_display=0.0}"
111.0,GEAR,WAIT,GRAY,NO_DATA,missing_gear,{}
112.0,SPEED,24.0,NEUTRAL,OK,near_reference,"{reference_kmh=24.21428571428569, age_s=0.0}"
112.0,POWER,160,NEUTRAL,OK,power_present,{age_s=0.0}
112.0,HR,130,NEUTRAL,OK,hr_present,{age_s=0.0}
112.0,CADENCE,65,GREEN,OK,preferred_low_cadence_band,{age_s=0.0}
112.0,GRADE,0,NEUTRAL,OK,flat_deadband,"{grade_raw=0.0, grade_display=0.0}"
112.0,GEAR,WAIT,GRAY,NO_DATA,missing_gear,{}
113.0,SPEED,24.0,NEUTRAL,OK,near_reference,"{reference_kmh=24.212389380530947, age_s=0.0}"
113.0,POWER,160,NEUTRAL,OK,power_present,{age_s=0.0}
113.0,HR,130,NEUTRAL,OK,hr_present,{age_s=0.0}
113.0,CADENCE,65,GREEN,OK,preferred_low_cadence_band,{age_s=0.0}
113.0,GRADE,0,NEUTRAL,OK,flat_deadband,"{grade_raw=0.0, grade_display=0.0}"
113.0,GEAR,WAIT,GRAY,NO_DATA,missing_gear,{}
114.0,SPEED,24.0,NEUTRAL,OK,near_reference,"{reference_kmh=24.210526315789444, age_s=0.0}"
114.0,POWER,160,NEUTRAL,OK,power_present,{age_s=0.0}
114.0,HR,130,NEUTRAL,OK,hr_present,{age_s=0.0}
114.0,CADENCE,65,GREEN,OK,preferred_low_cadence_band,{age_s=0.0}
114.0,GRADE,0,NEUTRAL,OK,flat_deadband,"{grade_raw=0.0, grade_display=0.0}"
114.0,GEAR,WAIT,GRAY,NO_DATA,missing_gear,{}
115.0,SPEED,24.0,NEUTRAL,OK,near_reference,"{reference_kmh=24.208695652173887, age_s=0.0}"
115.0,POWER,160,NEUTRAL,OK,power_present,{age_s=0.0}
115.0,HR,130,NEUTRAL,OK,hr_present,{age_s=0.0}
115.0,CADENCE,65,GREEN,OK,preferred_low_cadence_band,{age_s=0.0}
115.0,GRADE,0,NEUTRAL,OK,flat_deadband,"{grade_raw=0.0, grade_display=0.0}"
115.0,GEAR,WAIT,GRAY,NO_DATA,missing_gear,{}
116.0,SPEED,24.0,NEUTRAL,OK,near_reference,"{reference_kmh=24.20689655172411, age_s=0.0}"
116.0,POWER,160,NEUTRAL,OK,power_present,{age_s=0.0}
116.0,HR,130,NEUTRAL,OK,hr_present,{age_s=0.0}
116.0,CADENCE,65,GREEN,OK,preferred_low_cadence_band,{age_s=0.0}
116.0,GRADE,0,NEUTRAL,OK,flat_deadband,"{grade_raw=0.0, grade_display=0.0}"
116.0,GEAR,WAIT,GRAY,NO_DATA,missing_gear,{}
117.0,SPEED,24.0,NEUTRAL,OK,near_reference,"{reference_kmh=24.205128205128176, age_s=0.0}"
117.0,POWER,160,NEUTRAL,OK,power_present,{age_s=0.0}
117.0,HR,130,NEUTRAL,OK,hr_present,{age_s=0.0}
117.0,CADENCE,65,GREEN,OK,preferred_low_cadence_band,{age_s=0.0}
117.0,GRADE,0,NEUTRAL,OK,flat_deadband,"{grade_raw=0.0, grade_display=0.0}"
117.0,GEAR,WAIT,GRAY,NO_DATA,missing_gear,{}
118.0,SPEED,24.0,NEUTRAL,OK,near_reference,"{reference_kmh=24.203389830508442, age_s=0.0}"
118.0,POWER,160,NEUTRAL,OK,power_present,{age_s=0.0}
118.0,HR,130,NEUTRAL,OK,hr_present,{age_s=0.0}
118.0,CADENCE,65,GREEN,OK,preferred_low_cadence_band,{age_s=0.0}
118.0,GRADE,0,NEUTRAL,OK,flat_deadband,"{grade_raw=0.0, grade_display=0.0}"
118.0,GEAR,WAIT,GRAY,NO_DATA,missing_gear,{}
119.0,SPEED,24.0,NEUTRAL,OK,near_reference,"{reference_kmh=24.20168067226888, age_s=0.0}"
119.0,POWER,160,NEUTRAL,OK,power_present,{age_s=0.0}
119.0,HR,130,NEUTRAL,OK,hr_present,{age_s=0.0}
119.0,CADENCE,65,GREEN,OK,preferred_low_cadence_band,{age_s=0.0}
119.0,GRADE,0,NEUTRAL,OK,flat_deadband,"{grade_raw=0.0, grade_display=0.0}"
119.0,GEAR,WAIT,GRAY,NO_DATA,missing_gear,{}
120.0,SPEED,24.0,NEUTRAL,OK,near_reference,"{reference_kmh=24.19999999999997, age_s=1.0}"
120.0,POWER,160,NEUTRAL,OK,power_present,{age_s=0.0}
120.0,HR,130,NEUTRAL,OK,hr_present,{age_s=0.0}
120.0,CADENCE,65,GREEN,OK,preferred_low_cadence_band,{age_s=0.0}
120.0,GRADE,0,NEUTRAL,OK,flat_deadband,"{grade_raw=0.0, grade_display=0.0}"
120.0,GEAR,WAIT,GRAY,NO_DATA,missing_gear,{}
121.0,SPEED,24.0,NEUTRAL,OK,near_reference,"{reference_kmh=24.198347107437982, age_s=2.0}"
121.0,POWER,160,NEUTRAL,OK,power_present,{age_s=0.0}
121.0,HR,130,NEUTRAL,OK,hr_present,{age_s=0.0}
121.0,CADENCE,65,GREEN,OK,preferred_low_cadence_band,{age_s=0.0}
121.0,GRADE,0,NEUTRAL,OK,flat_deadband,"{grade_raw=0.0, grade_display=0.0}"
121.0,GEAR,WAIT,GRAY,NO_DATA,missing_gear,{}
122.0,SPEED,24.0,NEUTRAL,OK,near_reference,"{reference_kmh=24.196721311475372, age_s=3.0}"
122.0,POWER,160,NEUTRAL,OK,power_present,{age_s=0.0}
122.0,HR,130,NEUTRAL,OK,hr_present,{age_s=0.0}
122.0,CADENCE,65,GREEN,OK,preferred_low_cadence_band,{age_s=0.0}
122.0,GRADE,0,NEUTRAL,OK,flat_deadband,"{grade_raw=0.0, grade_display=0.0}"
122.0,GEAR,WAIT,GRAY,NO_DATA,missing_gear,{}
123.0,SPEED,24.0,NEUTRAL,OK,near_reference,"{reference_kmh=24.195121951219477, age_s=4.0}"
123.0,POWER,160,NEUTRAL,OK,power_present,{age_s=0.0}
123.0,HR,130,NEUTRAL,OK,hr_present,{age_s=0.0}
123.0,CADENCE,65,GREEN,OK,preferred_low_cadence_band,{age_s=0.0}
123.0,GRADE,0,NEUTRAL,OK,flat_deadband,"{grade_raw=0.0, grade_display=0.0}"
123.0,GEAR,WAIT,GRAY,NO_DATA,missing_gear,{}
124.0,SPEED,24.0,NEUTRAL,OK,near_reference,"{reference_kmh=24.19354838709674, age_s=5.0}"
124.0,POWER,160,NEUTRAL,OK,power_present,{age_s=0.0}
124.0,HR,130,NEUTRAL,OK,hr_present,{age_s=0.0}
124.0,CADENCE,65,GREEN,OK,preferred_low_cadence_band,{age_s=0.0}
124.0,GRADE,0,NEUTRAL,OK,flat_deadband,"{grade_raw=0.0, grade_display=0.0}"
124.0,GEAR,WAIT,GRAY,NO_DATA,missing_gear,{}
125.0,SPEED,24.0,GRAY,STALE,speed_stale,{age_s=6.0}
125.0,POWER,160,NEUTRAL,OK,power_present,{age_s=0.0}
125.0,HR,130,NEUTRAL,OK,hr_present,{age_s=0.0}
125.0,CADENCE,65,GREEN,OK,preferred_low_cadence_band,{age_s=0.0}
125.0,GRADE,0,NEUTRAL,OK,flat_deadband,"{grade_raw=0.0, grade_display=0.0}"
125.0,GEAR,WAIT,GRAY,NO_DATA,missing_gear,{}
126.0,SPEED,24.0,GRAY,STALE,speed_stale,{age_s=7.0}
126.0,POWER,160,NEUTRAL,OK,power_present,{age_s=0.0}
126.0,HR,130,NEUTRAL,OK,hr_present,{age_s=0.0}
126.0,CADENCE,65,GREEN,OK,preferred_low_cadence_band,{age_s=0.0}
126.0,GRADE,0,NEUTRAL,OK,flat_deadband,"{grade_raw=0.0, grade_display=0.0}"
126.0,GEAR,WAIT,GRAY,NO_DATA,missing_gear,{}
127.0,SPEED,24.0,GRAY,STALE,speed_stale,{age_s=8.0}
127.0,POWER,160,NEUTRAL,OK,power_present,{age_s=0.0}
127.0,HR,130,NEUTRAL,OK,hr_present,{age_s=0.0}
127.0,CADENCE,65,GREEN,OK,preferred_low_cadence_band,{age_s=0.0}
127.0,GRADE,0,NEUTRAL,OK,flat_deadband,"{grade_raw=0.0, grade_display=0.0}"
127.0,GEAR,WAIT,GRAY,NO_DATA,missing_gear,{}
128.0,SPEED,24.0,GRAY,STALE,speed_stale,{age_s=9.0}
128.0,POWER,160,NEUTRAL,OK,power_present,{age_s=0.0}
128.0,HR,130,NEUTRAL,OK,hr_present,{age_s=0.0}
128.0,CADENCE,65,GREEN,OK,preferred_low_cadence_band,{age_s=0.0}
128.0,GRADE,0,NEUTRAL,OK,flat_deadband,"{grade_raw=0.0, grade_display=0.0}"
128.0,GEAR,WAIT,GRAY,NO_DATA,missing_gear,{}
129.0,SPEED,24.0,GRAY,STALE,speed_stale,{age_s=10.0}
129.0,POWER,160,NEUTRAL,OK,power_present,{age_s=0.0}
129.0,HR,130,NEUTRAL,OK,hr_present,{age_s=0.0}
129.0,CADENCE,65,GREEN,OK,preferred_low_cadence_band,{age_s=0.0}
129.0,GRADE,0,NEUTRAL,OK,flat_deadband,"{grade_raw=0.0, grade_display=0.0}"
129.0,GEAR,WAIT,GRAY,NO_DATA,missing_gear,{}
130.0,SPEED,24.0,GRAY,STALE,speed_stale,{age_s=11.0}
130.0,POWER,160,NEUTRAL,OK,power_present,{age_s=0.0}
130.0,HR,130,NEUTRAL,OK,hr_present,{age_s=0.0}
130.0,CADENCE,65,GREEN,OK,preferred_low_cadence_band,{age_s=0.0}
130.0,GRADE,0,NEUTRAL,OK,flat_deadband,"{grade_raw=0.0, grade_display=0.0}"
130.0,GEAR,WAIT,GRAY,NO_DATA,missing_gear,{}
131.0,SPEED,24.0,GRAY,STALE,speed_stale,{age_s=12.0}
131.0,POWER,160,NEUTRAL,OK,power_present,{age_s=0.0}
131.0,HR,130,NEUTRAL,OK,hr_present,{age_s=0.0}
131.0,CADENCE,65,GREEN,OK,preferred_low_cadence_band,{age_s=0.0}
131.0,GRADE,0,NEUTRAL,OK,flat_deadband,"{grade_raw=0.0, grade_display=0.0}"
131.0,GEAR,WAIT,GRAY,NO_DATA,missing_gear,{}
132.0,SPEED,24.0,GRAY,STALE,speed_stale,{age_s=13.0}
132.0,POWER,160,NEUTRAL,OK,power_present,{age_s=0.0}
132.0,HR,130,NEUTRAL,OK,hr_present,{age_s=0.0}
132.0,CADENCE,65,GREEN,OK,preferred_low_cadence_band,{age_s=0.0}
132.0,GRADE,0,NEUTRAL,OK,flat_deadband,"{grade_raw=0.0, grade_display=0.0}"
132.0,GEAR,WAIT,GRAY,NO_DATA,missing_gear,{}
133.0,SPEED,24.0,GRAY,STALE,speed_stale,{age_s=14.0}
133.0,POWER,160,NEUTRAL,OK,power_present,{age_s=0.0}
133.0,HR,130,NEUTRAL,OK,hr_present,{age_s=0.0}
133.0,CADENCE,65,GREEN,OK,preferred_low_cadence_band,{age_s=0.0}
133.0,GRADE,0,NEUTRAL,OK,flat_deadband,"{grade_raw=0.0, grade_display=0.0}"
133.0,GEAR,WAIT,GRAY,NO_DATA,missing_gear,{}
134.0,SPEED,24.0,GRAY,STALE,speed_stale,{age_s=15.0}
134.0,POWER,160,NEUTRAL,OK,power_present,{age_s=0.0}
134.0,HR,130,NEUTRAL,OK,hr_present,{age_s=0.0}
134.0,CADENCE,65,GREEN,OK,preferred_low_cadence_band,{age_s=0.0}
134.0,GRADE,0,NEUTRAL,OK,flat_deadband,"{grade_raw=0.0, grade_display=0.0}"
134.0,GEAR,WAIT,GRAY,NO_DATA,missing_gear,{}
135.0,SPEED,24.0,GRAY,STALE,speed_stale,{age_s=16.0}
135.0,POWER,160,NEUTRAL,OK,power_present,{age_s=0.0}
135.0,HR,130,NEUTRAL,OK,hr_present,{age_s=0.0}
135.0,CADENCE,65,GREEN,OK,preferred_low_cadence_band,{age_s=0.0}
135.0,GRADE,0,NEUTRAL,OK,flat_deadband,"{grade_raw=0.0, grade_display=0.0}"
135.0,GEAR,WAIT,GRAY,NO_DATA,missing_gear,{}
136.0,SPEED,24.0,GRAY,STALE,speed_stale,{age_s=17.0}
136.0,POWER,160,NEUTRAL,OK,power_present,{age_s=0.0}
136.0,HR,130,NEUTRAL,OK,hr_present,{age_s=0.0}
136.0,CADENCE,65,GREEN,OK,preferred_low_cadence_band,{age_s=0.0}
136.0,GRADE,0,NEUTRAL,OK,flat_deadband,"{grade_raw=0.0, grade_display=0.0}"
136.0,GEAR,WAIT,GRAY,NO_DATA,missing_gear,{}
137.0,SPEED,24.0,GRAY,STALE,speed_stale,{age_s=18.0}
137.0,POWER,160,NEUTRAL,OK,power_present,{age_s=0.0}
137.0,HR,130,NEUTRAL,OK,hr_present,{age_s=0.0}
137.0,CADENCE,65,GREEN,OK,preferred_low_cadence_band,{age_s=0.0}
137.0,GRADE,0,NEUTRAL,OK,flat_deadband,"{grade_raw=0.0, grade_display=0.0}"
137.0,GEAR,WAIT,GRAY,NO_DATA,missing_gear,{}
138.0,SPEED,24.0,GRAY,STALE,speed_stale,{age_s=19.0}
138.0,POWER,160,NEUTRAL,OK,power_present,{age_s=0.0}
138.0,HR,130,NEUTRAL,OK,hr_present,{age_s=0.0}
138.0,CADENCE,65,GREEN,OK,preferred_low_cadence_band,{age_s=0.0}
138.0,GRADE,0,NEUTRAL,OK,flat_deadband,"{grade_raw=0.0, grade_display=0.0}"
138.0,GEAR,WAIT,GRAY,NO_DATA,missing_gear,{}
139.0,SPEED,24.0,GRAY,STALE,speed_stale,{age_s=20.0}
139.0,POWER,160,NEUTRAL,OK,power_present,{age_s=0.0}
139.0,HR,130,NEUTRAL,OK,hr_present,{age_s=0.0}
139.0,CADENCE,65,GREEN,OK,preferred_low_cadence_band,{age_s=0.0}
139.0,GRADE,0,NEUTRAL,OK,flat_deadband,"{grade_raw=0.0, grade_display=0.0}"
139.0,GEAR,WAIT,GRAY,NO_DATA,missing_gear,{}
140.0,SPEED,24.0,GRAY,STALE,speed_stale,{age_s=21.0}
140.0,POWER,160,NEUTRAL,OK,power_present,{age_s=0.0}
140.0,HR,130,NEUTRAL,OK,hr_present,{age_s=0.0}
140.0,CADENCE,65,GREEN,OK,preferred_low_cadence_band,{age_s=0.0}
140.0,GRADE,0,NEUTRAL,OK,flat_deadband,"{grade_raw=0.0, grade_display=0.0}"
140.0,GEAR,WAIT,GRAY,NO_DATA,missing_gear,{}
141.0,SPEED,24.0,GRAY,STALE,speed_stale,{age_s=22.0}
141.0,POWER,160,NEUTRAL,OK,power_present,{age_s=0.0}
141.0,HR,130,NEUTRAL,OK,hr_present,{age_s=0.0}
141.0,CADENCE,65,GREEN,OK,preferred_low_cadence_band,{age_s=0.0}
141.0,GRADE,0,NEUTRAL,OK,flat_deadband,"{grade_raw=0.0, grade_display=0.0}"
141.0,GEAR,WAIT,GRAY,NO_DATA,missing_gear,{}
142.0,SPEED,24.0,GRAY,STALE,speed_stale,{age_s=23.0}
142.0,POWER,160,NEUTRAL,OK,power_present,{age_s=0.0}
142.0,HR,130,NEUTRAL,OK,hr_present,{age_s=0.0}
142.0,CADENCE,65,GREEN,OK,preferred_low_cadence_band,{age_s=0.0}
142.0,GRADE,0,NEUTRAL,OK,flat_deadband,"{grade_raw=0.0, grade_display=0.0}"
142.0,GEAR,WAIT,GRAY,NO_DATA,missing_gear,{}
143.0,SPEED,24.0,GRAY,STALE,speed_stale,{age_s=24.0}
143.0,POWER,160,NEUTRAL,OK,power_present,{age_s=0.0}
143.0,HR,130,NEUTRAL,OK,hr_present,{age_s=0.0}
143.0,CADENCE,65,GREEN,OK,preferred_low_cadence_band,{age_s=0.0}
143.0,GRADE,0,NEUTRAL,OK,flat_deadband,"{grade_raw=0.0, grade_display=0.0}"
143.0,GEAR,WAIT,GRAY,NO_DATA,missing_gear,{}
144.0,SPEED,24.0,GRAY,STALE,speed_stale,{age_s=25.0}
144.0,POWER,160,NEUTRAL,OK,power_present,{age_s=0.0}
144.0,HR,130,NEUTRAL,OK,hr_present,{age_s=0.0}
144.0,CADENCE,65,GREEN,OK,preferred_low_cadence_band,{age_s=0.0}
144.0,GRADE,0,NEUTRAL,OK,flat_deadband,"{grade_raw=0.0, grade_display=0.0}"
144.0,GEAR,WAIT,GRAY,NO_DATA,missing_gear,{}
145.0,SPEED,24.0,GRAY,STALE,speed_stale,{age_s=26.0}
145.0,POWER,160,NEUTRAL,OK,power_present,{age_s=0.0}
145.0,HR,130,NEUTRAL,OK,hr_present,{age_s=0.0}
145.0,CADENCE,65,GREEN,OK,preferred_low_cadence_band,{age_s=0.0}
145.0,GRADE,0,NEUTRAL,OK,flat_deadband,"{grade_raw=0.0, grade_display=0.0}"
145.0,GEAR,WAIT,GRAY,NO_DATA,missing_gear,{}
146.0,SPEED,24.0,GRAY,STALE,speed_stale,{age_s=27.0}
146.0,POWER,160,NEUTRAL,OK,power_present,{age_s=0.0}
146.0,HR,130,NEUTRAL,OK,hr_present,{age_s=0.0}
146.0,CADENCE,65,GREEN,OK,preferred_low_cadence_band,{age_s=0.0}
146.0,GRADE,0,NEUTRAL,OK,flat_deadband,"{grade_raw=0.0, grade_display=0.0}"
146.0,GEAR,WAIT,GRAY,NO_DATA,missing_gear,{}
147.0,SPEED,24.0,GRAY,STALE,speed_stale,{age_s=28.0}
147.0,POWER,160,NEUTRAL,OK,power_present,{age_s=0.0}
147.0,HR,130,NEUTRAL,OK,hr_present,{age_s=0.0}
147.0,CADENCE,65,GREEN,OK,preferred_low_cadence_band,{age_s=0.0}
147.0,GRADE,0,NEUTRAL,OK,flat_deadband,"{grade_raw=0.0, grade_display=0.0}"
147.0,GEAR,WAIT,GRAY,NO_DATA,missing_gear,{}
148.0,SPEED,24.0,GRAY,STALE,speed_stale,{age_s=29.0}
148.0,POWER,160,NEUTRAL,OK,power_present,{age_s=0.0}
148.0,HR,130,NEUTRAL,OK,hr_present,{age_s=0.0}
148.0,CADENCE,65,GREEN,OK,preferred_low_cadence_band,{age_s=0.0}
148.0,GRADE,0,NEUTRAL,OK,flat_deadband,"{grade_raw=0.0, grade_display=0.0}"
148.0,GEAR,WAIT,GRAY,NO_DATA,missing_gear,{}
149.0,SPEED,24.0,GRAY,STALE,speed_stale,{age_s=30.0}
149.0,POWER,160,NEUTRAL,OK,power_present,{age_s=0.0}
149.0,HR,130,NEUTRAL,OK,hr_present,{age_s=0.0}
149.0,CADENCE,65,GREEN,OK,preferred_low_cadence_band,{age_s=0.0}
149.0,GRADE,0,NEUTRAL,OK,flat_deadband,"{grade_raw=0.0, grade_display=0.0}"
149.0,GEAR,WAIT,GRAY,NO_DATA,missing_gear,{}
150.0,SPEED,24.0,NEUTRAL,OK,near_reference,"{reference_kmh=24.159999999999947, age_s=0.0}"
150.0,POWER,160,NEUTRAL,OK,power_present,{age_s=0.0}
150.0,HR,130,NEUTRAL,OK,hr_present,{age_s=0.0}
150.0,CADENCE,65,GREEN,OK,preferred_low_cadence_band,{age_s=0.0}
150.0,GRADE,0,NEUTRAL,OK,flat_deadband,"{grade_raw=0.0, grade_display=0.0}"
150.0,GEAR,WAIT,GRAY,NO_DATA,missing_gear,{}
151.0,SPEED,24.0,NEUTRAL,OK,near_reference,"{reference_kmh=24.158940397350943, age_s=0.0}"
151.0,POWER,160,NEUTRAL,OK,power_present,{age_s=0.0}
151.0,HR,130,NEUTRAL,OK,hr_present,{age_s=0.0}
151.0,CADENCE,65,GREEN,OK,preferred_low_cadence_band,{age_s=0.0}
151.0,GRADE,0,NEUTRAL,OK,flat_deadband,"{grade_raw=0.0, grade_display=0.0}"
151.0,GEAR,WAIT,GRAY,NO_DATA,missing_gear,{}
152.0,SPEED,24.0,NEUTRAL,OK,near_reference,"{reference_kmh=24.157894736842053, age_s=0.0}"
152.0,POWER,160,NEUTRAL,OK,power_present,{age_s=0.0}
152.0,HR,130,NEUTRAL,OK,hr_present,{age_s=0.0}
152.0,CADENCE,65,GREEN,OK,preferred_low_cadence_band,{age_s=0.0}
152.0,GRADE,0,NEUTRAL,OK,flat_deadband,"{grade_raw=0.0, grade_display=0.0}"
152.0,GEAR,WAIT,GRAY,NO_DATA,missing_gear,{}
153.0,SPEED,24.0,NEUTRAL,OK,near_reference,"{reference_kmh=24.156862745097985, age_s=0.0}"
153.0,POWER,160,NEUTRAL,OK,power_present,{age_s=0.0}
153.0,HR,130,NEUTRAL,OK,hr_present,{age_s=0.0}
153.0,CADENCE,65,GREEN,OK,preferred_low_cadence_band,{age_s=0.0}
153.0,GRADE,0,NEUTRAL,OK,flat_deadband,"{grade_raw=0.0, grade_display=0.0}"
153.0,GEAR,WAIT,GRAY,NO_DATA,missing_gear,{}
154.0,SPEED,24.0,NEUTRAL,OK,near_reference,"{reference_kmh=24.155844155844107, age_s=0.0}"
154.0,POWER,160,NEUTRAL,OK,power_present,{age_s=0.0}
154.0,HR,130,NEUTRAL,OK,hr_present,{age_s=0.0}
154.0,CADENCE,65,GREEN,OK,preferred_low_cadence_band,{age_s=0.0}
154.0,GRADE,0,NEUTRAL,OK,flat_deadband,"{grade_raw=0.0, grade_display=0.0}"
154.0,GEAR,WAIT,GRAY,NO_DATA,missing_gear,{}
155.0,SPEED,24.0,NEUTRAL,OK,near_reference,"{reference_kmh=24.154838709677374, age_s=0.0}"
155.0,POWER,160,NEUTRAL,OK,power_present,{age_s=0.0}
155.0,HR,130,NEUTRAL,OK,hr_present,{age_s=0.0}
155.0,CADENCE,65,GREEN,OK,preferred_low_cadence_band,{age_s=0.0}
155.0,GRADE,0,NEUTRAL,OK,flat_deadband,"{grade_raw=0.0, grade_display=0.0}"
155.0,GEAR,WAIT,GRAY,NO_DATA,missing_gear,{}
156.0,SPEED,24.0,NEUTRAL,OK,near_reference,"{reference_kmh=24.153846153846107, age_s=0.0}"
156.0,POWER,160,NEUTRAL,OK,power_present,{age_s=0.0}
156.0,HR,130,NEUTRAL,OK,hr_present,{age_s=0.0}
156.0,CADENCE,65,GREEN,OK,preferred_low_cadence_band,{age_s=0.0}
156.0,GRADE,0,NEUTRAL,OK,flat_deadband,"{grade_raw=0.0, grade_display=0.0}"
156.0,GEAR,WAIT,GRAY,NO_DATA,missing_gear,{}
157.0,SPEED,24.0,NEUTRAL,OK,near_reference,"{reference_kmh=24.152866242038172, age_s=0.0}"
157.0,POWER,160,NEUTRAL,OK,power_present,{age_s=0.0}
157.0,HR,130,NEUTRAL,OK,hr_present,{age_s=0.0}
157.0,CADENCE,65,GREEN,OK,preferred_low_cadence_band,{age_s=0.0}
157.0,GRADE,0,NEUTRAL,OK,flat_deadband,"{grade_raw=0.0, grade_display=0.0}"
157.0,GEAR,WAIT,GRAY,NO_DATA,missing_gear,{}
158.0,SPEED,24.0,NEUTRAL,OK,near_reference,"{reference_kmh=24.151898734177177, age_s=0.0}"
158.0,POWER,160,NEUTRAL,OK,power_present,{age_s=0.0}
158.0,HR,130,NEUTRAL,OK,hr_present,{age_s=0.0}
158.0,CADENCE,65,GREEN,OK,preferred_low_cadence_band,{age_s=0.0}
158.0,GRADE,0,NEUTRAL,OK,flat_deadband,"{grade_raw=0.0, grade_display=0.0}"
158.0,GEAR,WAIT,GRAY,NO_DATA,missing_gear,{}
159.0,SPEED,24.0,NEUTRAL,OK,near_reference,"{reference_kmh=24.150943396226374, age_s=0.0}"
159.0,POWER,160,NEUTRAL,OK,power_present,{age_s=0.0}
159.0,HR,130,NEUTRAL,OK,hr_present,{age_s=0.0}
159.0,CADENCE,65,GREEN,OK,preferred_low_cadence_band,{age_s=0.0}
159.0,GRADE,0,NEUTRAL,OK,flat_deadband,"{grade_raw=0.0, grade_display=0.0}"
159.0,GEAR,WAIT,GRAY,NO_DATA,missing_gear,{}
160.0,SPEED,24.0,NEUTRAL,OK,near_reference,"{reference_kmh=24.149999999999963, age_s=0.0}"
160.0,POWER,160,NEUTRAL,OK,power_present,{age_s=0.0}
160.0,HR,130,NEUTRAL,OK,hr_present,{age_s=0.0}
160.0,CADENCE,65,GREEN,OK,preferred_low_cadence_band,{age_s=0.0}
160.0,GRADE,0,NEUTRAL,OK,flat_deadband,"{grade_raw=0.0, grade_display=0.0}"
160.0,GEAR,WAIT,GRAY,NO_DATA,missing_gear,{}
161.0,SPEED,24.0,NEUTRAL,OK,near_reference,"{reference_kmh=24.149068322981336, age_s=0.0}"
161.0,POWER,160,NEUTRAL,OK,power_present,{age_s=0.0}
161.0,HR,130,NEUTRAL,OK,hr_present,{age_s=0.0}
161.0,CADENCE,65,GREEN,OK,preferred_low_cadence_band,{age_s=0.0}
161.0,GRADE,0,NEUTRAL,OK,flat_deadband,"{grade_raw=0.0, grade_display=0.0}"
161.0,GEAR,WAIT,GRAY,NO_DATA,missing_gear,{}
162.0,SPEED,24.0,NEUTRAL,OK,near_reference,"{reference_kmh=24.148148148148113, age_s=0.0}"
162.0,POWER,160,NEUTRAL,OK,power_present,{age_s=0.0}
162.0,HR,130,NEUTRAL,OK,hr_present,{age_s=0.0}
162.0,CADENCE,65,GREEN,OK,preferred_low_cadence_band,{age_s=0.0}
162.0,GRADE,0,NEUTRAL,OK,flat_deadband,"{grade_raw=0.0, grade_display=0.0}"
162.0,GEAR,WAIT,GRAY,NO_DATA,missing_gear,{}
163.0,SPEED,24.0,NEUTRAL,OK,near_reference,"{reference_kmh=24.14723926380365, age_s=0.0}"
163.0,POWER,160,NEUTRAL,OK,power_present,{age_s=0.0}
163.0,HR,130,NEUTRAL,OK,hr_present,{age_s=0.0}
163.0,CADENCE,65,GREEN,OK,preferred_low_cadence_band,{age_s=0.0}
163.0,GRADE,0,NEUTRAL,OK,flat_deadband,"{grade_raw=0.0, grade_display=0.0}"
163.0,GEAR,WAIT,GRAY,NO_DATA,missing_gear,{}
164.0,SPEED,24.0,NEUTRAL,OK,near_reference,"{reference_kmh=24.1463414634146, age_s=0.0}"
164.0,POWER,160,NEUTRAL,OK,power_present,{age_s=0.0}
164.0,HR,130,NEUTRAL,OK,hr_present,{age_s=0.0}
164.0,CADENCE,65,GREEN,OK,preferred_low_cadence_band,{age_s=0.0}
164.0,GRADE,0,NEUTRAL,OK,flat_deadband,"{grade_raw=0.0, grade_display=0.0}"
164.0,GEAR,WAIT,GRAY,NO_DATA,missing_gear,{}
165.0,SPEED,24.0,NEUTRAL,OK,near_reference,"{reference_kmh=24.14545454545452, age_s=0.0}"
165.0,POWER,160,NEUTRAL,OK,power_present,{age_s=0.0}
165.0,HR,130,NEUTRAL,OK,hr_present,{age_s=0.0}
165.0,CADENCE,65,GREEN,OK,preferred_low_cadence_band,{age_s=0.0}
165.0,GRADE,0,NEUTRAL,OK,flat_deadband,"{grade_raw=0.0, grade_display=0.0}"
165.0,GEAR,WAIT,GRAY,NO_DATA,missing_gear,{}
166.0,SPEED,24.0,NEUTRAL,OK,near_reference,"{reference_kmh=24.14457831325299, age_s=0.0}"
166.0,POWER,160,NEUTRAL,OK,power_present,{age_s=0.0}
166.0,HR,130,NEUTRAL,OK,hr_present,{age_s=0.0}
166.0,CADENCE,65,GREEN,OK,preferred_low_cadence_band,{age_s=0.0}
166.0,GRADE,0,NEUTRAL,OK,flat_deadband,"{grade_raw=0.0, grade_display=0.0}"
166.0,GEAR,WAIT,GRAY,NO_DATA,missing_gear,{}
167.0,SPEED,24.0,NEUTRAL,OK,near_reference,"{reference_kmh=24.143712574850273, age_s=0.0}"
167.0,POWER,160,NEUTRAL,OK,power_present,{age_s=0.0}
167.0,HR,130,NEUTRAL,OK,hr_present,{age_s=0.0}
167.0,CADENCE,65,GREEN,OK,preferred_low_cadence_band,{age_s=0.0}
167.0,GRADE,0,NEUTRAL,OK,flat_deadband,"{grade_raw=0.0, grade_display=0.0}"
167.0,GEAR,WAIT,GRAY,NO_DATA,missing_gear,{}
168.0,SPEED,24.0,NEUTRAL,OK,near_reference,"{reference_kmh=24.142857142857117, age_s=0.0}"
168.0,POWER,160,NEUTRAL,OK,power_present,{age_s=0.0}
168.0,HR,130,NEUTRAL,OK,hr_present,{age_s=0.0}
168.0,CADENCE,65,GREEN,OK,preferred_low_cadence_band,{age_s=0.0}
168.0,GRADE,0,NEUTRAL,OK,flat_deadband,"{grade_raw=0.0, grade_display=0.0}"
168.0,GEAR,WAIT,GRAY,NO_DATA,missing_gear,{}
169.0,SPEED,24.0,NEUTRAL,OK,near_reference,"{reference_kmh=24.142011834319508, age_s=0.0}"
169.0,POWER,160,NEUTRAL,OK,power_present,{age_s=0.0}
169.0,HR,130,NEUTRAL,OK,hr_present,{age_s=0.0}
169.0,CADENCE,65,GREEN,OK,preferred_low_cadence_band,{age_s=0.0}
169.0,GRADE,0,NEUTRAL,OK,flat_deadband,"{grade_raw=0.0, grade_display=0.0}"
169.0,GEAR,WAIT,GRAY,NO_DATA,missing_gear,{}
170.0,SPEED,24.0,NEUTRAL,OK,near_reference,"{reference_kmh=24.141176470588213, age_s=0.0}"
170.0,POWER,160,NEUTRAL,OK,power_present,{age_s=0.0}
170.0,HR,130,NEUTRAL,OK,hr_present,{age_s=0.0}
170.0,CADENCE,65,GREEN,OK,preferred_low_cadence_band,{age_s=0.0}
170.0,GRADE,0,NEUTRAL,OK,flat_deadband,"{grade_raw=0.0, grade_display=0.0}"
170.0,GEAR,WAIT,GRAY,NO_DATA,missing_gear,{}
171.0,SPEED,24.0,NEUTRAL,OK,near_reference,"{reference_kmh=24.140350877192965, age_s=0.0}"
171.0,POWER,160,NEUTRAL,OK,power_present,{age_s=0.0}
171.0,HR,130,NEUTRAL,OK,hr_present,{age_s=0.0}
171.0,CADENCE,65,GREEN,OK,preferred_low_cadence_band,{age_s=0.0}
171.0,GRADE,0,NEUTRAL,OK,flat_deadband,"{grade_raw=0.0, grade_display=0.0}"
171.0,GEAR,WAIT,GRAY,NO_DATA,missing_gear,{}
172.0,SPEED,24.0,NEUTRAL,OK,near_reference,"{reference_kmh=24.139534883720916, age_s=0.0}"
172.0,POWER,160,NEUTRAL,OK,power_present,{age_s=0.0}
172.0,HR,130,NEUTRAL,OK,hr_present,{age_s=0.0}
172.0,CADENCE,65,GREEN,OK,preferred_low_cadence_band,{age_s=0.0}
172.0,GRADE,0,NEUTRAL,OK,flat_deadband,"{grade_raw=0.0, grade_display=0.0}"
172.0,GEAR,WAIT,GRAY,NO_DATA,missing_gear,{}
173.0,SPEED,24.0,NEUTRAL,OK,near_reference,"{reference_kmh=24.138728323699407, age_s=0.0}"
173.0,POWER,160,NEUTRAL,OK,power_present,{age_s=0.0}
173.0,HR,130,NEUTRAL,OK,hr_present,{age_s=0.0}
173.0,CADENCE,65,GREEN,OK,preferred_low_cadence_band,{age_s=0.0}
173.0,GRADE,0,NEUTRAL,OK,flat_deadband,"{grade_raw=0.0, grade_display=0.0}"
173.0,GEAR,WAIT,GRAY,NO_DATA,missing_gear,{}
174.0,SPEED,24.0,NEUTRAL,OK,near_reference,"{reference_kmh=24.137931034482747, age_s=0.0}"
174.0,POWER,160,NEUTRAL,OK,power_present,{age_s=0.0}
174.0,HR,130,NEUTRAL,OK,hr_present,{age_s=0.0}
174.0,CADENCE,65,GREEN,OK,preferred_low_cadence_band,{age_s=0.0}
174.0,GRADE,0,NEUTRAL,OK,flat_deadband,"{grade_raw=0.0, grade_display=0.0}"
174.0,GEAR,WAIT,GRAY,NO_DATA,missing_gear,{}
175.0,SPEED,24.0,NEUTRAL,OK,near_reference,"{reference_kmh=24.137142857142848, age_s=0.0}"
175.0,POWER,160,NEUTRAL,OK,power_present,{age_s=0.0}
175.0,HR,130,NEUTRAL,OK,hr_present,{age_s=0.0}
175.0,CADENCE,65,GREEN,OK,preferred_low_cadence_band,{age_s=0.0}
175.0,GRADE,0,NEUTRAL,OK,flat_deadband,"{grade_raw=0.0, grade_display=0.0}"
175.0,GEAR,WAIT,GRAY,NO_DATA,missing_gear,{}
176.0,SPEED,24.0,NEUTRAL,OK,near_reference,"{reference_kmh=24.136363636363626, age_s=0.0}"
176.0,POWER,160,NEUTRAL,OK,power_present,{age_s=0.0}
176.0,HR,130,NEUTRAL,OK,hr_present,{age_s=0.0}
176.0,CADENCE,65,GREEN,OK,preferred_low_cadence_band,{age_s=0.0}
176.0,GRADE,0,NEUTRAL,OK,flat_deadband,"{grade_raw=0.0, grade_display=0.0}"
176.0,GEAR,WAIT,GRAY,NO_DATA,missing_gear,{}
177.0,SPEED,24.0,NEUTRAL,OK,near_reference,"{reference_kmh=24.135593220338976, age_s=0.0}"
177.0,POWER,160,NEUTRAL,OK,power_present,{age_s=0.0}
177.0,HR,130,NEUTRAL,OK,hr_present,{age_s=0.0}
177.0,CADENCE,65,GREEN,OK,preferred_low_cadence_band,{age_s=0.0}
177.0,GRADE,0,NEUTRAL,OK,flat_deadband,"{grade_raw=0.0, grade_display=0.0}"
177.0,GEAR,WAIT,GRAY,NO_DATA,missing_gear,{}
178.0,SPEED,24.0,NEUTRAL,OK,near_reference,"{reference_kmh=24.134831460674153, age_s=0.0}"
178.0,POWER,160,NEUTRAL,OK,power_present,{age_s=0.0}
178.0,HR,130,NEUTRAL,OK,hr_present,{age_s=0.0}
178.0,CADENCE,65,GREEN,OK,preferred_low_cadence_band,{age_s=0.0}
178.0,GRADE,0,NEUTRAL,OK,flat_deadband,"{grade_raw=0.0, grade_display=0.0}"
178.0,GEAR,WAIT,GRAY,NO_DATA,missing_gear,{}
179.0,SPEED,24.0,NEUTRAL,OK,near_reference,"{reference_kmh=24.134078212290497, age_s=0.0}"
179.0,POWER,160,NEUTRAL,OK,power_present,{age_s=0.0}
179.0,HR,130,NEUTRAL,OK,hr_present,{age_s=0.0}
179.0,CADENCE,65,GREEN,OK,preferred_low_cadence_band,{age_s=0.0}
179.0,GRADE,0,NEUTRAL,OK,flat_deadband,"{grade_raw=0.0, grade_display=0.0}"
179.0,GEAR,WAIT,GRAY,NO_DATA,missing_gear,{}
180.0,SPEED,24.0,NEUTRAL,OK,near_reference,"{reference_kmh=24.13333333333333, age_s=0.0}"
180.0,POWER,160,NEUTRAL,OK,power_present,{age_s=0.0}
180.0,HR,130,NEUTRAL,OK,hr_present,{age_s=0.0}
180.0,CADENCE,65,GREEN,OK,preferred_low_cadence_band,{age_s=0.0}
180.0,GRADE,0,NEUTRAL,OK,flat_deadband,"{grade_raw=0.0, grade_display=0.0}"
180.0,GEAR,WAIT,GRAY,NO_DATA,missing_gear,{}
181.0,SPEED,24.0,NEUTRAL,OK,near_reference,"{reference_kmh=24.13259668508287, age_s=0.0}"
181.0,POWER,160,NEUTRAL,OK,power_present,{age_s=0.0}
181.0,HR,130,NEUTRAL,OK,hr_present,{age_s=0.0}
181.0,CADENCE,65,GREEN,OK,preferred_low_cadence_band,{age_s=0.0}
181.0,GRADE,0,NEUTRAL,OK,flat_deadband,"{grade_raw=0.0, grade_display=0.0}"
181.0,GEAR,WAIT,GRAY,NO_DATA,missing_gear,{}
182.0,SPEED,24.0,NEUTRAL,OK,near_reference,"{reference_kmh=24.13186813186813, age_s=0.0}"
182.0,POWER,160,NEUTRAL,OK,power_present,{age_s=0.0}
182.0,HR,130,NEUTRAL,OK,hr_present,{age_s=0.0}
182.0,CADENCE,65,GREEN,OK,preferred_low_cadence_band,{age_s=0.0}
182.0,GRADE,0,NEUTRAL,OK,flat_deadband,"{grade_raw=0.0, grade_display=0.0}"
182.0,GEAR,WAIT,GRAY,NO_DATA,missing_gear,{}
183.0,SPEED,24.0,NEUTRAL,OK,near_reference,"{reference_kmh=24.13114754098361, age_s=0.0}"
183.0,POWER,160,NEUTRAL,OK,power_present,{age_s=0.0}
183.0,HR,130,NEUTRAL,OK,hr_present,{age_s=0.0}
183.0,CADENCE,65,GREEN,OK,preferred_low_cadence_band,{age_s=0.0}
183.0,GRADE,0,NEUTRAL,OK,flat_deadband,"{grade_raw=0.0, grade_display=0.0}"
183.0,GEAR,WAIT,GRAY,NO_DATA,missing_gear,{}
184.0,SPEED,24.0,NEUTRAL,OK,near_reference,"{reference_kmh=24.130434782608695, age_s=0.0}"
184.0,POWER,160,NEUTRAL,OK,power_present,{age_s=0.0}
184.0,HR,130,NEUTRAL,OK,hr_present,{age_s=0.0}
184.0,CADENCE,65,GREEN,OK,preferred_low_cadence_band,{age_s=0.0}
184.0,GRADE,0,NEUTRAL,OK,flat_deadband,"{grade_raw=0.0, grade_display=0.0}"
184.0,GEAR,WAIT,GRAY,NO_DATA,missing_gear,{}
185.0,SPEED,24.0,NEUTRAL,OK,near_reference,"{reference_kmh=24.129729729729736, age_s=0.0}"
185.0,POWER,160,NEUTRAL,OK,power_present,{age_s=0.0}
185.0,HR,130,NEUTRAL,OK,hr_present,{age_s=0.0}
185.0,CADENCE,65,GREEN,OK,preferred_low_cadence_band,{age_s=0.0}
185.0,GRADE,0,NEUTRAL,OK,flat_deadband,"{grade_raw=0.0, grade_display=0.0}"
185.0,GEAR,WAIT,GRAY,NO_DATA,missing_gear,{}
186.0,SPEED,24.0,NEUTRAL,OK,near_reference,"{reference_kmh=24.129032258064523, age_s=0.0}"
186.0,POWER,160,NEUTRAL,OK,power_present,{age_s=0.0}
186.0,HR,130,NEUTRAL,OK,hr_present,{age_s=0.0}
186.0,CADENCE,65,GREEN,OK,preferred_low_cadence_band,{age_s=0.0}
186.0,GRADE,0,NEUTRAL,OK,flat_deadband,"{grade_raw=0.0, grade_display=0.0}"
186.0,GEAR,WAIT,GRAY,NO_DATA,missing_gear,{}
187.0,SPEED,24.0,NEUTRAL,OK,near_reference,"{reference_kmh=24.12834224598931, age_s=0.0}"
187.0,POWER,160,NEUTRAL,OK,power_present,{age_s=0.0}
187.0,HR,130,NEUTRAL,OK,hr_present,{age_s=0.0}
187.0,CADENCE,65,GREEN,OK,preferred_low_cadence_band,{age_s=0.0}
187.0,GRADE,0,NEUTRAL,OK,flat_deadband,"{grade_raw=0.0, grade_display=0.0}"
187.0,GEAR,WAIT,GRAY,NO_DATA,missing_gear,{}
188.0,SPEED,24.0,NEUTRAL,OK,near_reference,"{reference_kmh=24.127659574468094, age_s=0.0}"
188.0,POWER,160,NEUTRAL,OK,power_present,{age_s=0.0}
188.0,HR,130,NEUTRAL,OK,hr_present,{age_s=0.0}
188.0,CADENCE,65,GREEN,OK,preferred_low_cadence_band,{age_s=0.0}
188.0,GRADE,0,NEUTRAL,OK,flat_deadband,"{grade_raw=0.0, grade_display=0.0}"
188.0,GEAR,WAIT,GRAY,NO_DATA,missing_gear,{}
189.0,SPEED,24.0,NEUTRAL,OK,near_reference,"{reference_kmh=24.12698412698414, age_s=0.0}"
189.0,POWER,160,NEUTRAL,OK,power_present,{age_s=0.0}
189.0,HR,130,NEUTRAL,OK,hr_present,{age_s=0.0}
189.0,CADENCE,65,GREEN,OK,preferred_low_cadence_band,{age_s=0.0}
189.0,GRADE,0,NEUTRAL,OK,flat_deadband,"{grade_raw=0.0, grade_display=0.0}"
189.0,GEAR,WAIT,GRAY,NO_DATA,missing_gear,{}
190.0,SPEED,24.0,NEUTRAL,OK,near_reference,"{reference_kmh=24.126315789473693, age_s=0.0}"
190.0,POWER,160,NEUTRAL,OK,power_present,{age_s=0.0}
190.0,HR,130,NEUTRAL,OK,hr_present,{age_s=0.0}
190.0,CADENCE,65,GREEN,OK,preferred_low_cadence_band,{age_s=0.0}
190.0,GRADE,0,NEUTRAL,OK,flat_deadband,"{grade_raw=0.0, grade_display=0.0}"
190.0,GEAR,WAIT,GRAY,NO_DATA,missing_gear,{}
191.0,SPEED,24.0,NEUTRAL,OK,near_reference,"{reference_kmh=24.12565445026179, age_s=0.0}"
191.0,POWER,160,NEUTRAL,OK,power_present,{age_s=0.0}
191.0,HR,130,NEUTRAL,OK,hr_present,{age_s=0.0}
191.0,CADENCE,65,GREEN,OK,preferred_low_cadence_band,{age_s=0.0}
191.0,GRADE,0,NEUTRAL,OK,flat_deadband,"{grade_raw=0.0, grade_display=0.0}"
191.0,GEAR,WAIT,GRAY,NO_DATA,missing_gear,{}
192.0,SPEED,24.0,NEUTRAL,OK,near_reference,"{reference_kmh=24.125000000000014, age_s=0.0}"
192.0,POWER,160,NEUTRAL,OK,power_present,{age_s=0.0}
192.0,HR,130,NEUTRAL,OK,hr_present,{age_s=0.0}
192.0,CADENCE,65,GREEN,OK,preferred_low_cadence_band,{age_s=0.0}
192.0,GRADE,0,NEUTRAL,OK,flat_deadband,"{grade_raw=0.0, grade_display=0.0}"
192.0,GEAR,WAIT,GRAY,NO_DATA,missing_gear,{}
193.0,SPEED,24.0,NEUTRAL,OK,near_reference,"{reference_kmh=24.124352331606232, age_s=0.0}"
193.0,POWER,160,NEUTRAL,OK,power_present,{age_s=0.0}
193.0,HR,130,NEUTRAL,OK,hr_present,{age_s=0.0}
193.0,CADENCE,65,GREEN,OK,preferred_low_cadence_band,{age_s=0.0}
193.0,GRADE,0,NEUTRAL,OK,flat_deadband,"{grade_raw=0.0, grade_display=0.0}"
193.0,GEAR,WAIT,GRAY,NO_DATA,missing_gear,{}
194.0,SPEED,24.0,NEUTRAL,OK,near_reference,"{reference_kmh=24.123711340206203, age_s=0.0}"
194.0,POWER,160,NEUTRAL,OK,power_present,{age_s=0.0}
194.0,HR,130,NEUTRAL,OK,hr_present,{age_s=0.0}
194.0,CADENCE,65,GREEN,OK,preferred_low_cadence_band,{age_s=0.0}
194.0,GRADE,0,NEUTRAL,OK,flat_deadband,"{grade_raw=0.0, grade_display=0.0}"
194.0,GEAR,WAIT,GRAY,NO_DATA,missing_gear,{}
195.0,SPEED,24.0,NEUTRAL,OK,near_reference,"{reference_kmh=24.123076923076944, age_s=0.0}"
195.0,POWER,160,NEUTRAL,OK,power_present,{age_s=0.0}
195.0,HR,130,NEUTRAL,OK,hr_present,{age_s=0.0}
195.0,CADENCE,65,GREEN,OK,preferred_low_cadence_band,{age_s=0.0}
195.0,GRADE,0,NEUTRAL,OK,flat_deadband,"{grade_raw=0.0, grade_display=0.0}"
195.0,GEAR,WAIT,GRAY,NO_DATA,missing_gear,{}
196.0,SPEED,24.0,NEUTRAL,OK,near_reference,"{reference_kmh=24.12244897959186, age_s=0.0}"
196.0,POWER,160,NEUTRAL,OK,power_present,{age_s=0.0}
196.0,HR,130,NEUTRAL,OK,hr_present,{age_s=0.0}
196.0,CADENCE,65,GREEN,OK,preferred_low_cadence_band,{age_s=0.0}
196.0,GRADE,0,NEUTRAL,OK,flat_deadband,"{grade_raw=0.0, grade_display=0.0}"
196.0,GEAR,WAIT,GRAY,NO_DATA,missing_gear,{}
197.0,SPEED,24.0,NEUTRAL,OK,near_reference,"{reference_kmh=24.121827411167533, age_s=0.0}"
197.0,POWER,160,NEUTRAL,OK,power_present,{age_s=0.0}
197.0,HR,130,NEUTRAL,OK,hr_present,{age_s=0.0}
197.0,CADENCE,65,GREEN,OK,preferred_low_cadence_band,{age_s=0.0}
197.0,GRADE,0,NEUTRAL,OK,flat_deadband,"{grade_raw=0.0, grade_display=0.0}"
197.0,GEAR,WAIT,GRAY,NO_DATA,missing_gear,{}
198.0,SPEED,24.0,NEUTRAL,OK,near_reference,"{reference_kmh=24.121212121212142, age_s=0.0}"
198.0,POWER,160,NEUTRAL,OK,power_present,{age_s=0.0}
198.0,HR,130,NEUTRAL,OK,hr_present,{age_s=0.0}
198.0,CADENCE,65,GREEN,OK,preferred_low_cadence_band,{age_s=0.0}
198.0,GRADE,0,NEUTRAL,OK,flat_deadband,"{grade_raw=0.0, grade_display=0.0}"
198.0,GEAR,WAIT,GRAY,NO_DATA,missing_gear,{}
199.0,SPEED,24.0,NEUTRAL,OK,near_reference,"{reference_kmh=24.1206030150754, age_s=0.0}"
199.0,POWER,160,NEUTRAL,OK,power_present,{age_s=0.0}
199.0,HR,130,NEUTRAL,OK,hr_present,{age_s=0.0}
199.0,CADENCE,65,GREEN,OK,preferred_low_cadence_band,{age_s=0.0}
199.0,GRADE,0,NEUTRAL,OK,flat_deadband,"{grade_raw=0.0, grade_display=0.0}"
199.0,GEAR,WAIT,GRAY,NO_DATA,missing_gear,{}
200.0,SPEED,24.0,NEUTRAL,OK,near_reference,"{reference_kmh=24.120000000000026, age_s=0.0}"
200.0,POWER,160,NEUTRAL,OK,power_present,{age_s=0.0}
200.0,HR,130,NEUTRAL,OK,hr_present,{age_s=0.0}
200.0,CADENCE,65,GREEN,OK,preferred_low_cadence_band,{age_s=0.0}
200.0,GRADE,0,NEUTRAL,OK,flat_deadband,"{grade_raw=0.0, grade_display=0.0}"
200.0,GEAR,WAIT,GRAY,NO_DATA,missing_gear,{}
201.0,SPEED,24.0,NEUTRAL,OK,near_reference,"{reference_kmh=24.11940298507465, age_s=0.0}"
201.0,POWER,160,NEUTRAL,OK,power_present,{age_s=0.0}
201.0,HR,130,NEUTRAL,OK,hr_present,{age_s=0.0}
201.0,CADENCE,65,GREEN,OK,preferred_low_cadence_band,{age_s=0.0}
201.0,GRADE,0,NEUTRAL,OK,flat_deadband,"{grade_raw=0.0, grade_display=0.0}"
201.0,GEAR,WAIT,GRAY,NO_DATA,missing_gear,{}
202.0,SPEED,24.0,NEUTRAL,OK,near_reference,"{reference_kmh=24.118811881188144, age_s=0.0}"
202.0,POWER,160,NEUTRAL,OK,power_present,{age_s=0.0}
202.0,HR,130,NEUTRAL,OK,hr_present,{age_s=0.0}
202.0,CADENCE,65,GREEN,OK,preferred_low_cadence_band,{age_s=0.0}
202.0,GRADE,0,NEUTRAL,OK,flat_deadband,"{grade_raw=0.0, grade_display=0.0}"
202.0,GEAR,WAIT,GRAY,NO_DATA,missing_gear,{}
203.0,SPEED,24.0,NEUTRAL,OK,near_reference,"{reference_kmh=24.11822660098525, age_s=0.0}"
203.0,POWER,160,NEUTRAL,OK,power_present,{age_s=0.0}
203.0,HR,130,NEUTRAL,OK,hr_present,{age_s=0.0}
203.0,CADENCE,65,GREEN,OK,preferred_low_cadence_band,{age_s=0.0}
203.0,GRADE,0,NEUTRAL,OK,flat_deadband,"{grade_raw=0.0, grade_display=0.0}"
203.0,GEAR,WAIT,GRAY,NO_DATA,missing_gear,{}
204.0,SPEED,24.0,NEUTRAL,OK,near_reference,"{reference_kmh=24.117647058823557, age_s=0.0}"
204.0,POWER,160,NEUTRAL,OK,power_present,{age_s=0.0}
204.0,HR,130,NEUTRAL,OK,hr_present,{age_s=0.0}
204.0,CADENCE,65,GREEN,OK,preferred_low_cadence_band,{age_s=0.0}
204.0,GRADE,0,NEUTRAL,OK,flat_deadband,"{grade_raw=0.0, grade_display=0.0}"
204.0,GEAR,WAIT,GRAY,NO_DATA,missing_gear,{}
205.0,SPEED,24.0,NEUTRAL,OK,near_reference,"{reference_kmh=24.11707317073174, age_s=0.0}"
205.0,POWER,160,NEUTRAL,OK,power_present,{age_s=0.0}
205.0,HR,130,NEUTRAL,OK,hr_present,{age_s=0.0}
205.0,CADENCE,65,GREEN,OK,preferred_low_cadence_band,{age_s=0.0}
205.0,GRADE,0,NEUTRAL,OK,flat_deadband,"{grade_raw=0.0, grade_display=0.0}"
205.0,GEAR,WAIT,GRAY,NO_DATA,missing_gear,{}
206.0,SPEED,24.0,NEUTRAL,OK,near_reference,"{reference_kmh=24.116504854368966, age_s=0.0}"
206.0,POWER,160,NEUTRAL,OK,power_present,{age_s=0.0}
206.0,HR,130,NEUTRAL,OK,hr_present,{age_s=0.0}
206.0,CADENCE,65,GREEN,OK,preferred_low_cadence_band,{age_s=0.0}
206.0,GRADE,0,NEUTRAL,OK,flat_deadband,"{grade_raw=0.0, grade_display=0.0}"
206.0,GEAR,WAIT,GRAY,NO_DATA,missing_gear,{}
207.0,SPEED,24.0,NEUTRAL,OK,near_reference,"{reference_kmh=24.115942028985536, age_s=0.0}"
207.0,POWER,160,NEUTRAL,OK,power_present,{age_s=0.0}
207.0,HR,130,NEUTRAL,OK,hr_present,{age_s=0.0}
207.0,CADENCE,65,GREEN,OK,preferred_low_cadence_band,{age_s=0.0}
207.0,GRADE,0,NEUTRAL,OK,flat_deadband,"{grade_raw=0.0, grade_display=0.0}"
207.0,GEAR,WAIT,GRAY,NO_DATA,missing_gear,{}
208.0,SPEED,24.0,NEUTRAL,OK,near_reference,"{reference_kmh=24.115384615384652, age_s=0.0}"
208.0,POWER,160,NEUTRAL,OK,power_present,{age_s=0.0}
208.0,HR,130,NEUTRAL,OK,hr_present,{age_s=0.0}
208.0,CADENCE,65,GREEN,OK,preferred_low_cadence_band,{age_s=0.0}
208.0,GRADE,0,NEUTRAL,OK,flat_deadband,"{grade_raw=0.0, grade_display=0.0}"
208.0,GEAR,WAIT,GRAY,NO_DATA,missing_gear,{}
209.0,SPEED,24.0,NEUTRAL,OK,near_reference,"{reference_kmh=24.114832535885206, age_s=0.0}"
209.0,POWER,160,NEUTRAL,OK,power_present,{age_s=0.0}
209.0,HR,130,NEUTRAL,OK,hr_present,{age_s=0.0}
209.0,CADENCE,65,GREEN,OK,preferred_low_cadence_band,{age_s=0.0}
209.0,GRADE,0,NEUTRAL,OK,flat_deadband,"{grade_raw=0.0, grade_display=0.0}"
209.0,GEAR,WAIT,GRAY,NO_DATA,missing_gear,{}
210.0,SPEED,24.0,NEUTRAL,OK,near_reference,"{reference_kmh=24.11428571428575, age_s=0.0}"
210.0,POWER,160,NEUTRAL,OK,power_present,{age_s=0.0}
210.0,HR,130,NEUTRAL,OK,hr_present,{age_s=0.0}
210.0,CADENCE,65,GREEN,OK,preferred_low_cadence_band,{age_s=0.0}
210.0,GRADE,0,NEUTRAL,OK,flat_deadband,"{grade_raw=0.0, grade_display=0.0}"
210.0,GEAR,WAIT,GRAY,NO_DATA,missing_gear,{}
211.0,SPEED,24.0,NEUTRAL,OK,near_reference,"{reference_kmh=24.11374407582942, age_s=0.0}"
211.0,POWER,160,NEUTRAL,OK,power_present,{age_s=0.0}
211.0,HR,130,NEUTRAL,OK,hr_present,{age_s=0.0}
211.0,CADENCE,65,GREEN,OK,preferred_low_cadence_band,{age_s=0.0}
211.0,GRADE,0,NEUTRAL,OK,flat_deadband,"{grade_raw=0.0, grade_display=0.0}"
211.0,GEAR,WAIT,GRAY,NO_DATA,missing_gear,{}
212.0,SPEED,24.0,NEUTRAL,OK,near_reference,"{reference_kmh=24.113207547169853, age_s=0.0}"
212.0,POWER,160,NEUTRAL,OK,power_present,{age_s=0.0}
212.0,HR,130,NEUTRAL,OK,hr_present,{age_s=0.0}
212.0,CADENCE,65,GREEN,OK,preferred_low_cadence_band,{age_s=0.0}
212.0,GRADE,0,NEUTRAL,OK,flat_deadband,"{grade_raw=0.0, grade_display=0.0}"
212.0,GEAR,WAIT,GRAY,NO_DATA,missing_gear,{}
213.0,SPEED,24.0,NEUTRAL,OK,near_reference,"{reference_kmh=24.112676056338067, age_s=0.0}"
213.0,POWER,160,NEUTRAL,OK,power_present,{age_s=0.0}
213.0,HR,130,NEUTRAL,OK,hr_present,{age_s=0.0}
213.0,CADENCE,65,GREEN,OK,preferred_low_cadence_band,{age_s=0.0}
213.0,GRADE,0,NEUTRAL,OK,flat_deadband,"{grade_raw=0.0, grade_display=0.0}"
213.0,GEAR,WAIT,GRAY,NO_DATA,missing_gear,{}
214.0,SPEED,24.0,NEUTRAL,OK,near_reference,"{reference_kmh=24.112149532710323, age_s=0.0}"
214.0,POWER,160,NEUTRAL,OK,power_present,{age_s=0.0}
214.0,HR,130,NEUTRAL,OK,hr_present,{age_s=0.0}
214.0,CADENCE,65,GREEN,OK,preferred_low_cadence_band,{age_s=0.0}
214.0,GRADE,0,NEUTRAL,OK,flat_deadband,"{grade_raw=0.0, grade_display=0.0}"
214.0,GEAR,WAIT,GRAY,NO_DATA,missing_gear,{}
215.0,SPEED,24.0,NEUTRAL,OK,near_reference,"{reference_kmh=24.111627906976786, age_s=0.0}"
215.0,POWER,160,NEUTRAL,OK,power_present,{age_s=0.0}
215.0,HR,130,NEUTRAL,OK,hr_present,{age_s=0.0}
215.0,CADENCE,65,GREEN,OK,preferred_low_cadence_band,{age_s=0.0}
215.0,GRADE,0,NEUTRAL,OK,flat_deadband,"{grade_raw=0.0, grade_display=0.0}"
215.0,GEAR,WAIT,GRAY,NO_DATA,missing_gear,{}
216.0,SPEED,24.0,NEUTRAL,OK,near_reference,"{reference_kmh=24.111111111111153, age_s=0.0}"
216.0,POWER,160,NEUTRAL,OK,power_present,{age_s=0.0}
216.0,HR,130,NEUTRAL,OK,hr_present,{age_s=0.0}
216.0,CADENCE,65,GREEN,OK,preferred_low_cadence_band,{age_s=0.0}
216.0,GRADE,0,NEUTRAL,OK,flat_deadband,"{grade_raw=0.0, grade_display=0.0}"
216.0,GEAR,WAIT,GRAY,NO_DATA,missing_gear,{}
217.0,SPEED,24.0,NEUTRAL,OK,near_reference,"{reference_kmh=24.11059907834106, age_s=0.0}"
217.0,POWER,160,NEUTRAL,OK,power_present,{age_s=0.0}
217.0,HR,130,NEUTRAL,OK,hr_present,{age_s=0.0}
217.0,CADENCE,65,GREEN,OK,preferred_low_cadence_band,{age_s=0.0}
217.0,GRADE,0,NEUTRAL,OK,flat_deadband,"{grade_raw=0.0, grade_display=0.0}"
217.0,GEAR,WAIT,GRAY,NO_DATA,missing_gear,{}
218.0,SPEED,24.0,NEUTRAL,OK,near_reference,"{reference_kmh=24.11009174311931, age_s=0.0}"
218.0,POWER,160,NEUTRAL,OK,power_present,{age_s=0.0}
218.0,HR,130,NEUTRAL,OK,hr_present,{age_s=0.0}
218.0,CADENCE,65,GREEN,OK,preferred_low_cadence_band,{age_s=0.0}
218.0,GRADE,0,NEUTRAL,OK,flat_deadband,"{grade_raw=0.0, grade_display=0.0}"
218.0,GEAR,WAIT,GRAY,NO_DATA,missing_gear,{}
219.0,SPEED,24.0,NEUTRAL,OK,near_reference,"{reference_kmh=24.109589041095933, age_s=0.0}"
219.0,POWER,160,NEUTRAL,OK,power_present,{age_s=0.0}
219.0,HR,130,NEUTRAL,OK,hr_present,{age_s=0.0}
219.0,CADENCE,65,GREEN,OK,preferred_low_cadence_band,{age_s=0.0}
219.0,GRADE,0,NEUTRAL,OK,flat_deadband,"{grade_raw=0.0, grade_display=0.0}"
219.0,GEAR,WAIT,GRAY,NO_DATA,missing_gear,{}
220.0,SPEED,24.0,NEUTRAL,OK,near_reference,"{reference_kmh=24.10909090909096, age_s=0.0}"
220.0,POWER,160,NEUTRAL,OK,power_present,{age_s=1.0}
220.0,HR,130,NEUTRAL,OK,hr_present,{age_s=0.0}
220.0,CADENCE,65,GREEN,OK,preferred_low_cadence_band,{age_s=0.0}
220.0,GRADE,0,NEUTRAL,OK,flat_deadband,"{grade_raw=0.0, grade_display=0.0}"
220.0,GEAR,WAIT,GRAY,NO_DATA,missing_gear,{}
221.0,SPEED,24.0,NEUTRAL,OK,near_reference,"{reference_kmh=24.10859728506792, age_s=0.0}"
221.0,POWER,160,NEUTRAL,OK,power_present,{age_s=2.0}
221.0,HR,130,NEUTRAL,OK,hr_present,{age_s=0.0}
221.0,CADENCE,65,GREEN,OK,preferred_low_cadence_band,{age_s=0.0}
221.0,GRADE,0,NEUTRAL,OK,flat_deadband,"{grade_raw=0.0, grade_display=0.0}"
221.0,GEAR,WAIT,GRAY,NO_DATA,missing_gear,{}
222.0,SPEED,24.0,NEUTRAL,OK,near_reference,"{reference_kmh=24.108108108108155, age_s=0.0}"
222.0,POWER,160,NEUTRAL,OK,power_present,{age_s=3.0}
222.0,HR,130,NEUTRAL,OK,hr_present,{age_s=0.0}
222.0,CADENCE,65,GREEN,OK,preferred_low_cadence_band,{age_s=0.0}
222.0,GRADE,0,NEUTRAL,OK,flat_deadband,"{grade_raw=0.0, grade_display=0.0}"
222.0,GEAR,WAIT,GRAY,NO_DATA,missing_gear,{}
223.0,SPEED,24.0,NEUTRAL,OK,near_reference,"{reference_kmh=24.1076233183857, age_s=0.0}"
223.0,POWER,160,NEUTRAL,OK,power_present,{age_s=4.0}
223.0,HR,130,NEUTRAL,OK,hr_present,{age_s=0.0}
223.0,CADENCE,65,GREEN,OK,preferred_low_cadence_band,{age_s=0.0}
223.0,GRADE,0,NEUTRAL,OK,flat_deadband,"{grade_raw=0.0, grade_display=0.0}"
223.0,GEAR,WAIT,GRAY,NO_DATA,missing_gear,{}
224.0,SPEED,24.0,NEUTRAL,OK,near_reference,"{reference_kmh=24.107142857142907, age_s=0.0}"
224.0,POWER,160,NEUTRAL,OK,power_present,{age_s=5.0}
224.0,HR,130,NEUTRAL,OK,hr_present,{age_s=0.0}
224.0,CADENCE,65,GREEN,OK,preferred_low_cadence_band,{age_s=0.0}
224.0,GRADE,0,NEUTRAL,OK,flat_deadband,"{grade_raw=0.0, grade_display=0.0}"
224.0,GEAR,WAIT,GRAY,NO_DATA,missing_gear,{}
225.0,SPEED,24.0,NEUTRAL,OK,near_reference,"{reference_kmh=24.10666666666672, age_s=0.0}"
225.0,POWER,160,GRAY,STALE,power_stale,{age_s=6.0}
225.0,HR,130,NEUTRAL,OK,hr_present,{age_s=0.0}
225.0,CADENCE,65,GREEN,OK,preferred_low_cadence_band,{age_s=0.0}
225.0,GRADE,0,NEUTRAL,OK,flat_deadband,"{grade_raw=0.0, grade_display=0.0}"
225.0,GEAR,WAIT,GRAY,NO_DATA,missing_gear,{}
226.0,SPEED,24.0,NEUTRAL,OK,near_reference,"{reference_kmh=24.10619469026554, age_s=0.0}"
226.0,POWER,160,GRAY,STALE,power_stale,{age_s=7.0}
226.0,HR,130,NEUTRAL,OK,hr_present,{age_s=0.0}
226.0,CADENCE,65,GREEN,OK,preferred_low_cadence_band,{age_s=0.0}
226.0,GRADE,0,NEUTRAL,OK,flat_deadband,"{grade_raw=0.0, grade_display=0.0}"
226.0,GEAR,WAIT,GRAY,NO_DATA,missing_gear,{}
227.0,SPEED,24.0,NEUTRAL,OK,near_reference,"{reference_kmh=24.10572687224675, age_s=0.0}"
227.0,POWER,160,GRAY,STALE,power_stale,{age_s=8.0}
227.0,HR,130,NEUTRAL,OK,hr_present,{age_s=0.0}
227.0,CADENCE,65,GREEN,OK,preferred_low_cadence_band,{age_s=0.0}
227.0,GRADE,0,NEUTRAL,OK,flat_deadband,"{grade_raw=0.0, grade_display=0.0}"
227.0,GEAR,WAIT,GRAY,NO_DATA,missing_gear,{}
228.0,SPEED,24.0,NEUTRAL,OK,near_reference,"{reference_kmh=24.10526315789479, age_s=0.0}"
228.0,POWER,160,GRAY,STALE,power_stale,{age_s=9.0}
228.0,HR,130,NEUTRAL,OK,hr_present,{age_s=0.0}
228.0,CADENCE,65,GREEN,OK,preferred_low_cadence_band,{age_s=0.0}
228.0,GRADE,0,NEUTRAL,OK,flat_deadband,"{grade_raw=0.0, grade_display=0.0}"
228.0,GEAR,WAIT,GRAY,NO_DATA,missing_gear,{}
229.0,SPEED,24.0,NEUTRAL,OK,near_reference,"{reference_kmh=24.104803493449843, age_s=0.0}"
229.0,POWER,160,GRAY,STALE,power_stale,{age_s=10.0}
229.0,HR,130,NEUTRAL,OK,hr_present,{age_s=0.0}
229.0,CADENCE,65,GREEN,OK,preferred_low_cadence_band,{age_s=0.0}
229.0,GRADE,0,NEUTRAL,OK,flat_deadband,"{grade_raw=0.0, grade_display=0.0}"
229.0,GEAR,WAIT,GRAY,NO_DATA,missing_gear,{}
230.0,SPEED,24.0,NEUTRAL,OK,near_reference,"{reference_kmh=24.104347826087015, age_s=0.0}"
230.0,POWER,160,GRAY,STALE,power_stale,{age_s=11.0}
230.0,HR,130,NEUTRAL,OK,hr_present,{age_s=0.0}
230.0,CADENCE,65,GREEN,OK,preferred_low_cadence_band,{age_s=0.0}
230.0,GRADE,0,NEUTRAL,OK,flat_deadband,"{grade_raw=0.0, grade_display=0.0}"
230.0,GEAR,WAIT,GRAY,NO_DATA,missing_gear,{}
231.0,SPEED,24.0,NEUTRAL,OK,near_reference,"{reference_kmh=24.10389610389616, age_s=0.0}"
231.0,POWER,160,GRAY,STALE,power_stale,{age_s=12.0}
231.0,HR,130,NEUTRAL,OK,hr_present,{age_s=0.0}
231.0,CADENCE,65,GREEN,OK,preferred_low_cadence_band,{age_s=0.0}
231.0,GRADE,0,NEUTRAL,OK,flat_deadband,"{grade_raw=0.0, grade_display=0.0}"
231.0,GEAR,WAIT,GRAY,NO_DATA,missing_gear,{}
232.0,SPEED,24.0,NEUTRAL,OK,near_reference,"{reference_kmh=24.10344827586213, age_s=0.0}"
232.0,POWER,160,GRAY,STALE,power_stale,{age_s=13.0}
232.0,HR,130,NEUTRAL,OK,hr_present,{age_s=0.0}
232.0,CADENCE,65,GREEN,OK,preferred_low_cadence_band,{age_s=0.0}
232.0,GRADE,0,NEUTRAL,OK,flat_deadband,"{grade_raw=0.0, grade_display=0.0}"
232.0,GEAR,WAIT,GRAY,NO_DATA,missing_gear,{}
233.0,SPEED,24.0,NEUTRAL,OK,near_reference,"{reference_kmh=24.103004291845554, age_s=0.0}"
233.0,POWER,160,GRAY,STALE,power_stale,{age_s=14.0}
233.0,HR,130,NEUTRAL,OK,hr_present,{age_s=0.0}
233.0,CADENCE,65,GREEN,OK,preferred_low_cadence_band,{age_s=0.0}
233.0,GRADE,0,NEUTRAL,OK,flat_deadband,"{grade_raw=0.0, grade_display=0.0}"
233.0,GEAR,WAIT,GRAY,NO_DATA,missing_gear,{}
234.0,SPEED,24.0,NEUTRAL,OK,near_reference,"{reference_kmh=24.102564102564163, age_s=0.0}"
234.0,POWER,160,GRAY,STALE,power_stale,{age_s=15.0}
234.0,HR,130,NEUTRAL,OK,hr_present,{age_s=0.0}
234.0,CADENCE,65,GREEN,OK,preferred_low_cadence_band,{age_s=0.0}
234.0,GRADE,0,NEUTRAL,OK,flat_deadband,"{grade_raw=0.0, grade_display=0.0}"
234.0,GEAR,WAIT,GRAY,NO_DATA,missing_gear,{}
235.0,SPEED,24.0,NEUTRAL,OK,near_reference,"{reference_kmh=24.102127659574528, age_s=0.0}"
235.0,POWER,160,GRAY,STALE,power_stale,{age_s=16.0}
235.0,HR,130,NEUTRAL,OK,hr_present,{age_s=0.0}
235.0,CADENCE,65,GREEN,OK,preferred_low_cadence_band,{age_s=0.0}
235.0,GRADE,0,NEUTRAL,OK,flat_deadband,"{grade_raw=0.0, grade_display=0.0}"
235.0,GEAR,WAIT,GRAY,NO_DATA,missing_gear,{}
236.0,SPEED,24.0,NEUTRAL,OK,near_reference,"{reference_kmh=24.101694915254296, age_s=0.0}"
236.0,POWER,160,GRAY,STALE,power_stale,{age_s=17.0}
236.0,HR,130,NEUTRAL,OK,hr_present,{age_s=0.0}
236.0,CADENCE,65,GREEN,OK,preferred_low_cadence_band,{age_s=0.0}
236.0,GRADE,0,NEUTRAL,OK,flat_deadband,"{grade_raw=0.0, grade_display=0.0}"
236.0,GEAR,WAIT,GRAY,NO_DATA,missing_gear,{}
237.0,SPEED,24.0,NEUTRAL,OK,near_reference,"{reference_kmh=24.101265822784878, age_s=0.0}"
237.0,POWER,160,GRAY,STALE,power_stale,{age_s=18.0}
237.0,HR,130,NEUTRAL,OK,hr_present,{age_s=0.0}
237.0,CADENCE,65,GREEN,OK,preferred_low_cadence_band,{age_s=0.0}
237.0,GRADE,0,NEUTRAL,OK,flat_deadband,"{grade_raw=0.0, grade_display=0.0}"
237.0,GEAR,WAIT,GRAY,NO_DATA,missing_gear,{}
238.0,SPEED,24.0,NEUTRAL,OK,near_reference,"{reference_kmh=24.100840336134517, age_s=0.0}"
238.0,POWER,160,GRAY,STALE,power_stale,{age_s=19.0}
238.0,HR,130,NEUTRAL,OK,hr_present,{age_s=0.0}
238.0,CADENCE,65,GREEN,OK,preferred_low_cadence_band,{age_s=0.0}
238.0,GRADE,0,NEUTRAL,OK,flat_deadband,"{grade_raw=0.0, grade_display=0.0}"
238.0,GEAR,WAIT,GRAY,NO_DATA,missing_gear,{}
239.0,SPEED,24.0,NEUTRAL,OK,near_reference,"{reference_kmh=24.100418410041907, age_s=0.0}"
239.0,POWER,160,GRAY,STALE,power_stale,{age_s=20.0}
239.0,HR,130,NEUTRAL,OK,hr_present,{age_s=0.0}
239.0,CADENCE,65,GREEN,OK,preferred_low_cadence_band,{age_s=0.0}
239.0,GRADE,0,NEUTRAL,OK,flat_deadband,"{grade_raw=0.0, grade_display=0.0}"
239.0,GEAR,WAIT,GRAY,NO_DATA,missing_gear,{}
240.0,SPEED,24.0,NEUTRAL,OK,near_reference,"{reference_kmh=24.10000000000007, age_s=0.0}"
240.0,POWER,160,GRAY,STALE,power_stale,{age_s=21.0}
240.0,HR,130,NEUTRAL,OK,hr_present,{age_s=0.0}
240.0,CADENCE,65,GREEN,OK,preferred_low_cadence_band,{age_s=0.0}
240.0,GRADE,0,NEUTRAL,OK,flat_deadband,"{grade_raw=0.0, grade_display=0.0}"
240.0,GEAR,WAIT,GRAY,NO_DATA,missing_gear,{}
241.0,SPEED,24.0,NEUTRAL,OK,near_reference,"{reference_kmh=24.099585062240727, age_s=0.0}"
241.0,POWER,160,GRAY,STALE,power_stale,{age_s=22.0}
241.0,HR,130,NEUTRAL,OK,hr_present,{age_s=0.0}
241.0,CADENCE,65,GREEN,OK,preferred_low_cadence_band,{age_s=0.0}
241.0,GRADE,0,NEUTRAL,OK,flat_deadband,"{grade_raw=0.0, grade_display=0.0}"
241.0,GEAR,WAIT,GRAY,NO_DATA,missing_gear,{}
242.0,SPEED,24.0,NEUTRAL,OK,near_reference,"{reference_kmh=24.099173553719076, age_s=0.0}"
242.0,POWER,160,GRAY,STALE,power_stale,{age_s=23.0}
242.0,HR,130,NEUTRAL,OK,hr_present,{age_s=0.0}
242.0,CADENCE,65,GREEN,OK,preferred_low_cadence_band,{age_s=0.0}
242.0,GRADE,0,NEUTRAL,OK,flat_deadband,"{grade_raw=0.0, grade_display=0.0}"
242.0,GEAR,WAIT,GRAY,NO_DATA,missing_gear,{}
243.0,SPEED,24.0,NEUTRAL,OK,near_reference,"{reference_kmh=24.098765432098833, age_s=0.0}"
243.0,POWER,160,GRAY,STALE,power_stale,{age_s=24.0}
243.0,HR,130,NEUTRAL,OK,hr_present,{age_s=0.0}
243.0,CADENCE,65,GREEN,OK,preferred_low_cadence_band,{age_s=0.0}
243.0,GRADE,0,NEUTRAL,OK,flat_deadband,"{grade_raw=0.0, grade_display=0.0}"
243.0,GEAR,WAIT,GRAY,NO_DATA,missing_gear,{}
244.0,SPEED,24.0,NEUTRAL,OK,near_reference,"{reference_kmh=24.09836065573777, age_s=0.0}"
244.0,POWER,160,GRAY,STALE,power_stale,{age_s=25.0}
244.0,HR,130,NEUTRAL,OK,hr_present,{age_s=0.0}
244.0,CADENCE,65,GREEN,OK,preferred_low_cadence_band,{age_s=0.0}
244.0,GRADE,0,NEUTRAL,OK,flat_deadband,"{grade_raw=0.0, grade_display=0.0}"
244.0,GEAR,WAIT,GRAY,NO_DATA,missing_gear,{}
245.0,SPEED,24.0,NEUTRAL,OK,near_reference,"{reference_kmh=24.09795918367354, age_s=0.0}"
245.0,POWER,160,GRAY,STALE,power_stale,{age_s=26.0}
245.0,HR,130,NEUTRAL,OK,hr_present,{age_s=0.0}
245.0,CADENCE,65,GREEN,OK,preferred_low_cadence_band,{age_s=0.0}
245.0,GRADE,0,NEUTRAL,OK,flat_deadband,"{grade_raw=0.0, grade_display=0.0}"
245.0,GEAR,WAIT,GRAY,NO_DATA,missing_gear,{}
246.0,SPEED,24.0,NEUTRAL,OK,near_reference,"{reference_kmh=24.09756097560983, age_s=0.0}"
246.0,POWER,160,GRAY,STALE,power_stale,{age_s=27.0}
246.0,HR,130,NEUTRAL,OK,hr_present,{age_s=0.0}
246.0,CADENCE,65,GREEN,OK,preferred_low_cadence_band,{age_s=0.0}
246.0,GRADE,0,NEUTRAL,OK,flat_deadband,"{grade_raw=0.0, grade_display=0.0}"
246.0,GEAR,WAIT,GRAY,NO_DATA,missing_gear,{}
247.0,SPEED,24.0,NEUTRAL,OK,near_reference,"{reference_kmh=24.097165991902905, age_s=0.0}"
247.0,POWER,160,GRAY,STALE,power_stale,{age_s=28.0}
247.0,HR,130,NEUTRAL,OK,hr_present,{age_s=0.0}
247.0,CADENCE,65,GREEN,OK,preferred_low_cadence_band,{age_s=0.0}
247.0,GRADE,0,NEUTRAL,OK,flat_deadband,"{grade_raw=0.0, grade_display=0.0}"
247.0,GEAR,WAIT,GRAY,NO_DATA,missing_gear,{}
248.0,SPEED,24.0,NEUTRAL,OK,near_reference,"{reference_kmh=24.09677419354846, age_s=0.0}"
248.0,POWER,160,GRAY,STALE,power_stale,{age_s=29.0}
248.0,HR,130,NEUTRAL,OK,hr_present,{age_s=0.0}
248.0,CADENCE,65,GREEN,OK,preferred_low_cadence_band,{age_s=0.0}
248.0,GRADE,0,NEUTRAL,OK,flat_deadband,"{grade_raw=0.0, grade_display=0.0}"
248.0,GEAR,WAIT,GRAY,NO_DATA,missing_gear,{}
249.0,SPEED,24.0,NEUTRAL,OK,near_reference,"{reference_kmh=24.09638554216875, age_s=0.0}"
249.0,POWER,160,GRAY,STALE,power_stale,{age_s=30.0}
249.0,HR,130,NEUTRAL,OK,hr_present,{age_s=0.0}
249.0,CADENCE,65,GREEN,OK,preferred_low_cadence_band,{age_s=0.0}
249.0,GRADE,0,NEUTRAL,OK,flat_deadband,"{grade_raw=0.0, grade_display=0.0}"
249.0,GEAR,WAIT,GRAY,NO_DATA,missing_gear,{}
250.0,SPEED,24.0,NEUTRAL,OK,near_reference,"{reference_kmh=24.09600000000007, age_s=0.0}"
250.0,POWER,160,NEUTRAL,OK,power_present,{age_s=0.0}
250.0,HR,130,NEUTRAL,OK,hr_present,{age_s=0.0}
250.0,CADENCE,65,GREEN,OK,preferred_low_cadence_band,{age_s=0.0}
250.0,GRADE,0,NEUTRAL,OK,flat_deadband,"{grade_raw=0.0, grade_display=0.0}"
250.0,GEAR,WAIT,GRAY,NO_DATA,missing_gear,{}
251.0,SPEED,24.0,NEUTRAL,OK,near_reference,"{reference_kmh=24.095617529880553, age_s=0.0}"
251.0,POWER,160,NEUTRAL,OK,power_present,{age_s=0.0}
251.0,HR,130,NEUTRAL,OK,hr_present,{age_s=0.0}
251.0,CADENCE,65,GREEN,OK,preferred_low_cadence_band,{age_s=0.0}
251.0,GRADE,0,NEUTRAL,OK,flat_deadband,"{grade_raw=0.0, grade_display=0.0}"
251.0,GEAR,WAIT,GRAY,NO_DATA,missing_gear,{}
252.0,SPEED,24.0,NEUTRAL,OK,near_reference,"{reference_kmh=24.095238095238166, age_s=0.0}"
252.0,POWER,160,NEUTRAL,OK,power_present,{age_s=0.0}
252.0,HR,130,NEUTRAL,OK,hr_present,{age_s=0.0}
252.0,CADENCE,65,GREEN,OK,preferred_low_cadence_band,{age_s=0.0}
252.0,GRADE,0,NEUTRAL,OK,flat_deadband,"{grade_raw=0.0, grade_display=0.0}"
252.0,GEAR,WAIT,GRAY,NO_DATA,missing_gear,{}
253.0,SPEED,24.0,NEUTRAL,OK,near_reference,"{reference_kmh=24.09486166007913, age_s=0.0}"
253.0,POWER,160,NEUTRAL,OK,power_present,{age_s=0.0}
253.0,HR,130,NEUTRAL,OK,hr_present,{age_s=0.0}
253.0,CADENCE,65,GREEN,OK,preferred_low_cadence_band,{age_s=0.0}
253.0,GRADE,0,NEUTRAL,OK,flat_deadband,"{grade_raw=0.0, grade_display=0.0}"
253.0,GEAR,WAIT,GRAY,NO_DATA,missing_gear,{}
254.0,SPEED,24.0,NEUTRAL,OK,near_reference,"{reference_kmh=24.094488188976456, age_s=0.0}"
254.0,POWER,160,NEUTRAL,OK,power_present,{age_s=0.0}
254.0,HR,130,NEUTRAL,OK,hr_present,{age_s=0.0}
254.0,CADENCE,65,GREEN,OK,preferred_low_cadence_band,{age_s=0.0}
254.0,GRADE,0,NEUTRAL,OK,flat_deadband,"{grade_raw=0.0, grade_display=0.0}"
254.0,GEAR,WAIT,GRAY,NO_DATA,missing_gear,{}
255.0,SPEED,24.0,NEUTRAL,OK,near_reference,"{reference_kmh=24.0941176470589, age_s=0.0}"
255.0,POWER,160,NEUTRAL,OK,power_present,{age_s=0.0}
255.0,HR,130,NEUTRAL,OK,hr_present,{age_s=0.0}
255.0,CADENCE,65,GREEN,OK,preferred_low_cadence_band,{age_s=0.0}
255.0,GRADE,0,NEUTRAL,OK,flat_deadband,"{grade_raw=0.0, grade_display=0.0}"
255.0,GEAR,WAIT,GRAY,NO_DATA,missing_gear,{}
256.0,SPEED,24.0,NEUTRAL,OK,near_reference,"{reference_kmh=24.093750000000078, age_s=0.0}"
256.0,POWER,160,NEUTRAL,OK,power_present,{age_s=0.0}
256.0,HR,130,NEUTRAL,OK,hr_present,{age_s=0.0}
256.0,CADENCE,65,GREEN,OK,preferred_low_cadence_band,{age_s=0.0}
256.0,GRADE,0,NEUTRAL,OK,flat_deadband,"{grade_raw=0.0, grade_display=0.0}"
256.0,GEAR,WAIT,GRAY,NO_DATA,missing_gear,{}
257.0,SPEED,24.0,NEUTRAL,OK,near_reference,"{reference_kmh=24.093385214007863, age_s=0.0}"
257.0,POWER,160,NEUTRAL,OK,power_present,{age_s=0.0}
257.0,HR,130,NEUTRAL,OK,hr_present,{age_s=0.0}
257.0,CADENCE,65,GREEN,OK,preferred_low_cadence_band,{age_s=0.0}
257.0,GRADE,0,NEUTRAL,OK,flat_deadband,"{grade_raw=0.0, grade_display=0.0}"
257.0,GEAR,WAIT,GRAY,NO_DATA,missing_gear,{}
258.0,SPEED,24.0,NEUTRAL,OK,near_reference,"{reference_kmh=24.093023255814032, age_s=0.0}"
258.0,POWER,160,NEUTRAL,OK,power_present,{age_s=0.0}
258.0,HR,130,NEUTRAL,OK,hr_present,{age_s=0.0}
258.0,CADENCE,65,GREEN,OK,preferred_low_cadence_band,{age_s=0.0}
258.0,GRADE,0,NEUTRAL,OK,flat_deadband,"{grade_raw=0.0, grade_display=0.0}"
258.0,GEAR,WAIT,GRAY,NO_DATA,missing_gear,{}
259.0,SPEED,24.0,NEUTRAL,OK,near_reference,"{reference_kmh=24.092664092664172, age_s=0.0}"
259.0,POWER,160,NEUTRAL,OK,power_present,{age_s=0.0}
259.0,HR,130,NEUTRAL,OK,hr_present,{age_s=0.0}
259.0,CADENCE,65,GREEN,OK,preferred_low_cadence_band,{age_s=0.0}
259.0,GRADE,0,NEUTRAL,OK,flat_deadband,"{grade_raw=0.0, grade_display=0.0}"
259.0,GEAR,WAIT,GRAY,NO_DATA,missing_gear,{}
260.0,SPEED,24.0,NEUTRAL,OK,near_reference,"{reference_kmh=24.092307692307777, age_s=0.0}"
260.0,POWER,160,NEUTRAL,OK,power_present,{age_s=0.0}
260.0,HR,130,NEUTRAL,OK,hr_present,{age_s=0.0}
260.0,CADENCE,65,GREEN,OK,preferred_low_cadence_band,{age_s=0.0}
260.0,GRADE,0,NEUTRAL,OK,flat_deadband,"{grade_raw=0.0, grade_display=0.0}"
260.0,GEAR,WAIT,GRAY,NO_DATA,missing_gear,{}
261.0,SPEED,24.0,NEUTRAL,OK,near_reference,"{reference_kmh=24.09195402298859, age_s=0.0}"
261.0,POWER,160,NEUTRAL,OK,power_present,{age_s=0.0}
261.0,HR,130,NEUTRAL,OK,hr_present,{age_s=0.0}
261.0,CADENCE,65,GREEN,OK,preferred_low_cadence_band,{age_s=0.0}
261.0,GRADE,0,NEUTRAL,OK,flat_deadband,"{grade_raw=0.0, grade_display=0.0}"
261.0,GEAR,WAIT,GRAY,NO_DATA,missing_gear,{}
262.0,SPEED,24.0,NEUTRAL,OK,near_reference,"{reference_kmh=24.0916030534352, age_s=0.0}"
262.0,POWER,160,NEUTRAL,OK,power_present,{age_s=0.0}
262.0,HR,130,NEUTRAL,OK,hr_present,{age_s=0.0}
262.0,CADENCE,65,GREEN,OK,preferred_low_cadence_band,{age_s=0.0}
262.0,GRADE,0,NEUTRAL,OK,flat_deadband,"{grade_raw=0.0, grade_display=0.0}"
262.0,GEAR,WAIT,GRAY,NO_DATA,missing_gear,{}
263.0,SPEED,24.0,NEUTRAL,OK,near_reference,"{reference_kmh=24.091254752851796, age_s=0.0}"
263.0,POWER,160,NEUTRAL,OK,power_present,{age_s=0.0}
263.0,HR,130,NEUTRAL,OK,hr_present,{age_s=0.0}
263.0,CADENCE,65,GREEN,OK,preferred_low_cadence_band,{age_s=0.0}
263.0,GRADE,0,NEUTRAL,OK,flat_deadband,"{grade_raw=0.0, grade_display=0.0}"
263.0,GEAR,WAIT,GRAY,NO_DATA,missing_gear,{}
264.0,SPEED,24.0,NEUTRAL,OK,near_reference,"{reference_kmh=24.090909090909175, age_s=0.0}"
264.0,POWER,160,NEUTRAL,OK,power_present,{age_s=0.0}
264.0,HR,130,NEUTRAL,OK,hr_present,{age_s=0.0}
264.0,CADENCE,65,GREEN,OK,preferred_low_cadence_band,{age_s=0.0}
264.0,GRADE,0,NEUTRAL,OK,flat_deadband,"{grade_raw=0.0, grade_display=0.0}"
264.0,GEAR,WAIT,GRAY,NO_DATA,missing_gear,{}
265.0,SPEED,24.0,NEUTRAL,OK,near_reference,"{reference_kmh=24.090566037735933, age_s=0.0}"
265.0,POWER,160,NEUTRAL,OK,power_present,{age_s=0.0}
265.0,HR,130,NEUTRAL,OK,hr_present,{age_s=0.0}
265.0,CADENCE,65,GREEN,OK,preferred_low_cadence_band,{age_s=0.0}
265.0,GRADE,0,NEUTRAL,OK,flat_deadband,"{grade_raw=0.0, grade_display=0.0}"
265.0,GEAR,WAIT,GRAY,NO_DATA,missing_gear,{}
266.0,SPEED,24.0,NEUTRAL,OK,near_reference,"{reference_kmh=24.09022556390986, age_s=0.0}"
266.0,POWER,160,NEUTRAL,OK,power_present,{age_s=0.0}
266.0,HR,130,NEUTRAL,OK,hr_present,{age_s=0.0}
266.0,CADENCE,65,GREEN,OK,preferred_low_cadence_band,{age_s=0.0}
266.0,GRADE,0,NEUTRAL,OK,flat_deadband,"{grade_raw=0.0, grade_display=0.0}"
266.0,GEAR,WAIT,GRAY,NO_DATA,missing_gear,{}
267.0,SPEED,24.0,NEUTRAL,OK,near_reference,"{reference_kmh=24.089887640449522, age_s=0.0}"
267.0,POWER,160,NEUTRAL,OK,power_present,{age_s=0.0}
267.0,HR,130,NEUTRAL,OK,hr_present,{age_s=0.0}
267.0,CADENCE,65,GREEN,OK,preferred_low_cadence_band,{age_s=0.0}
267.0,GRADE,0,NEUTRAL,OK,flat_deadband,"{grade_raw=0.0, grade_display=0.0}"
267.0,GEAR,WAIT,GRAY,NO_DATA,missing_gear,{}
268.0,SPEED,24.0,NEUTRAL,OK,near_reference,"{reference_kmh=24.08955223880606, age_s=0.0}"
268.0,POWER,160,NEUTRAL,OK,power_present,{age_s=0.0}
268.0,HR,130,NEUTRAL,OK,hr_present,{age_s=0.0}
268.0,CADENCE,65,GREEN,OK,preferred_low_cadence_band,{age_s=0.0}
268.0,GRADE,0,NEUTRAL,OK,flat_deadband,"{grade_raw=0.0, grade_display=0.0}"
268.0,GEAR,WAIT,GRAY,NO_DATA,missing_gear,{}
269.0,SPEED,24.0,NEUTRAL,OK,near_reference,"{reference_kmh=24.08921933085511, age_s=0.0}"
269.0,POWER,160,NEUTRAL,OK,power_present,{age_s=0.0}
269.0,HR,130,NEUTRAL,OK,hr_present,{age_s=0.0}
269.0,CADENCE,65,GREEN,OK,preferred_low_cadence_band,{age_s=0.0}
269.0,GRADE,0,NEUTRAL,OK,flat_deadband,"{grade_raw=0.0, grade_display=0.0}"
269.0,GEAR,WAIT,GRAY,NO_DATA,missing_gear,{}
270.0,SPEED,24.0,NEUTRAL,OK,near_reference,"{reference_kmh=24.088888888888977, age_s=0.0}"
270.0,POWER,160,NEUTRAL,OK,power_present,{age_s=0.0}
270.0,HR,130,NEUTRAL,OK,hr_present,{age_s=0.0}
270.0,CADENCE,65,GREEN,OK,preferred_low_cadence_band,{age_s=0.0}
270.0,GRADE,0,NEUTRAL,OK,flat_deadband,"{grade_raw=0.0, grade_display=0.0}"
270.0,GEAR,WAIT,GRAY,NO_DATA,missing_gear,{}
271.0,SPEED,24.0,NEUTRAL,OK,near_reference,"{reference_kmh=24.088560885608945, age_s=0.0}"
271.0,POWER,160,NEUTRAL,OK,power_present,{age_s=0.0}
271.0,HR,130,NEUTRAL,OK,hr_present,{age_s=0.0}
271.0,CADENCE,65,GREEN,OK,preferred_low_cadence_band,{age_s=0.0}
271.0,GRADE,0,NEUTRAL,OK,flat_deadband,"{grade_raw=0.0, grade_display=0.0}"
271.0,GEAR,WAIT,GRAY,NO_DATA,missing_gear,{}
272.0,SPEED,24.0,NEUTRAL,OK,near_reference,"{reference_kmh=24.088235294117737, age_s=0.0}"
272.0,POWER,160,NEUTRAL,OK,power_present,{age_s=0.0}
272.0,HR,130,NEUTRAL,OK,hr_present,{age_s=0.0}
272.0,CADENCE,65,GREEN,OK,preferred_low_cadence_band,{age_s=0.0}
272.0,GRADE,0,NEUTRAL,OK,flat_deadband,"{grade_raw=0.0, grade_display=0.0}"
272.0,GEAR,WAIT,GRAY,NO_DATA,missing_gear,{}
273.0,SPEED,24.0,NEUTRAL,OK,near_reference,"{reference_kmh=24.087912087912176, age_s=0.0}"
273.0,POWER,160,NEUTRAL,OK,power_present,{age_s=0.0}
273.0,HR,130,NEUTRAL,OK,hr_present,{age_s=0.0}
273.0,CADENCE,65,GREEN,OK,preferred_low_cadence_band,{age_s=0.0}
273.0,GRADE,0,NEUTRAL,OK,flat_deadband,"{grade_raw=0.0, grade_display=0.0}"
273.0,GEAR,WAIT,GRAY,NO_DATA,missing_gear,{}
274.0,SPEED,24.0,NEUTRAL,OK,near_reference,"{reference_kmh=24.087591240876005, age_s=0.0}"
274.0,POWER,160,NEUTRAL,OK,power_present,{age_s=0.0}
274.0,HR,130,NEUTRAL,OK,hr_present,{age_s=0.0}
274.0,CADENCE,65,GREEN,OK,preferred_low_cadence_band,{age_s=0.0}
274.0,GRADE,0,NEUTRAL,OK,flat_deadband,"{grade_raw=0.0, grade_display=0.0}"
274.0,GEAR,WAIT,GRAY,NO_DATA,missing_gear,{}
275.0,SPEED,24.0,NEUTRAL,OK,near_reference,"{reference_kmh=24.087272727272815, age_s=0.0}"
275.0,POWER,160,NEUTRAL,OK,power_present,{age_s=0.0}
275.0,HR,130,NEUTRAL,OK,hr_present,{age_s=0.0}
275.0,CADENCE,65,GREEN,OK,preferred_low_cadence_band,{age_s=0.0}
275.0,GRADE,0,NEUTRAL,OK,flat_deadband,"{grade_raw=0.0, grade_display=0.0}"
275.0,GEAR,WAIT,GRAY,NO_DATA,missing_gear,{}
276.0,SPEED,24.0,NEUTRAL,OK,near_reference,"{reference_kmh=24.086956521739225, age_s=0.0}"
276.0,POWER,160,NEUTRAL,OK,power_present,{age_s=0.0}
276.0,HR,130,NEUTRAL,OK,hr_present,{age_s=0.0}
276.0,CADENCE,65,GREEN,OK,preferred_low_cadence_band,{age_s=0.0}
276.0,GRADE,0,NEUTRAL,OK,flat_deadband,"{grade_raw=0.0, grade_display=0.0}"
276.0,GEAR,WAIT,GRAY,NO_DATA,missing_gear,{}
277.0,SPEED,24.0,NEUTRAL,OK,near_reference,"{reference_kmh=24.086642599278075, age_s=0.0}"
277.0,POWER,160,NEUTRAL,OK,power_present,{age_s=0.0}
277.0,HR,130,NEUTRAL,OK,hr_present,{age_s=0.0}
277.0,CADENCE,65,GREEN,OK,preferred_low_cadence_band,{age_s=0.0}
277.0,GRADE,0,NEUTRAL,OK,flat_deadband,"{grade_raw=0.0, grade_display=0.0}"
277.0,GEAR,WAIT,GRAY,NO_DATA,missing_gear,{}
278.0,SPEED,24.0,NEUTRAL,OK,near_reference,"{reference_kmh=24.086330935251894, age_s=0.0}"
278.0,POWER,160,NEUTRAL,OK,power_present,{age_s=0.0}
278.0,HR,130,NEUTRAL,OK,hr_present,{age_s=0.0}
278.0,CADENCE,65,GREEN,OK,preferred_low_cadence_band,{age_s=0.0}
278.0,GRADE,0,NEUTRAL,OK,flat_deadband,"{grade_raw=0.0, grade_display=0.0}"
278.0,GEAR,WAIT,GRAY,NO_DATA,missing_gear,{}
279.0,SPEED,24.0,NEUTRAL,OK,near_reference,"{reference_kmh=24.08602150537644, age_s=0.0}"
279.0,POWER,160,NEUTRAL,OK,power_present,{age_s=0.0}
279.0,HR,130,NEUTRAL,OK,hr_present,{age_s=0.0}
279.0,CADENCE,65,GREEN,OK,preferred_low_cadence_band,{age_s=0.0}
279.0,GRADE,0,NEUTRAL,OK,flat_deadband,"{grade_raw=0.0, grade_display=0.0}"
279.0,GEAR,WAIT,GRAY,NO_DATA,missing_gear,{}
280.0,SPEED,24.0,NEUTRAL,OK,near_reference,"{reference_kmh=24.08571428571438, age_s=0.0}"
280.0,POWER,160,NEUTRAL,OK,power_present,{age_s=0.0}
280.0,HR,130,NEUTRAL,OK,hr_present,{age_s=0.0}
280.0,CADENCE,65,GREEN,OK,preferred_low_cadence_band,{age_s=0.0}
280.0,GRADE,0,NEUTRAL,OK,flat_deadband,"{grade_raw=0.0, grade_display=0.0}"
280.0,GEAR,WAIT,GRAY,NO_DATA,missing_gear,{}
281.0,SPEED,24.0,NEUTRAL,OK,near_reference,"{reference_kmh=24.085409252669134, age_s=0.0}"
281.0,POWER,160,NEUTRAL,OK,power_present,{age_s=0.0}
281.0,HR,130,NEUTRAL,OK,hr_present,{age_s=0.0}
281.0,CADENCE,65,GREEN,OK,preferred_low_cadence_band,{age_s=0.0}
281.0,GRADE,0,NEUTRAL,OK,flat_deadband,"{grade_raw=0.0, grade_display=0.0}"
281.0,GEAR,WAIT,GRAY,NO_DATA,missing_gear,{}
282.0,SPEED,24.0,NEUTRAL,OK,near_reference,"{reference_kmh=24.085106382978818, age_s=0.0}"
282.0,POWER,160,NEUTRAL,OK,power_present,{age_s=0.0}
282.0,HR,130,NEUTRAL,OK,hr_present,{age_s=0.0}
282.0,CADENCE,65,GREEN,OK,preferred_low_cadence_band,{age_s=0.0}
282.0,GRADE,0,NEUTRAL,OK,flat_deadband,"{grade_raw=0.0, grade_display=0.0}"
282.0,GEAR,WAIT,GRAY,NO_DATA,missing_gear,{}
283.0,SPEED,24.0,NEUTRAL,OK,near_reference,"{reference_kmh=24.084805653710344, age_s=0.0}"
283.0,POWER,160,NEUTRAL,OK,power_present,{age_s=0.0}
283.0,HR,130,NEUTRAL,OK,hr_present,{age_s=0.0}
283.0,CADENCE,65,GREEN,OK,preferred_low_cadence_band,{age_s=0.0}
283.0,GRADE,0,NEUTRAL,OK,flat_deadband,"{grade_raw=0.0, grade_display=0.0}"
283.0,GEAR,WAIT,GRAY,NO_DATA,missing_gear,{}
284.0,SPEED,24.0,NEUTRAL,OK,near_reference,"{reference_kmh=24.08450704225362, age_s=0.0}"
284.0,POWER,160,NEUTRAL,OK,power_present,{age_s=0.0}
284.0,HR,130,NEUTRAL,OK,hr_present,{age_s=0.0}
284.0,CADENCE,65,GREEN,OK,preferred_low_cadence_band,{age_s=0.0}
284.0,GRADE,0,NEUTRAL,OK,flat_deadband,"{grade_raw=0.0, grade_display=0.0}"
284.0,GEAR,WAIT,GRAY,NO_DATA,missing_gear,{}
285.0,SPEED,24.0,NEUTRAL,OK,near_reference,"{reference_kmh=24.08421052631589, age_s=0.0}"
285.0,POWER,160,NEUTRAL,OK,power_present,{age_s=0.0}
285.0,HR,130,NEUTRAL,OK,hr_present,{age_s=0.0}
285.0,CADENCE,65,GREEN,OK,preferred_low_cadence_band,{age_s=0.0}
285.0,GRADE,0,NEUTRAL,OK,flat_deadband,"{grade_raw=0.0, grade_display=0.0}"
285.0,GEAR,WAIT,GRAY,NO_DATA,missing_gear,{}
286.0,SPEED,24.0,NEUTRAL,OK,near_reference,"{reference_kmh=24.083916083916186, age_s=0.0}"
286.0,POWER,160,NEUTRAL,OK,power_present,{age_s=0.0}
286.0,HR,130,NEUTRAL,OK,hr_present,{age_s=0.0}
286.0,CADENCE,65,GREEN,OK,preferred_low_cadence_band,{age_s=0.0}
286.0,GRADE,0,NEUTRAL,OK,flat_deadband,"{grade_raw=0.0, grade_display=0.0}"
286.0,GEAR,WAIT,GRAY,NO_DATA,missing_gear,{}
287.0,SPEED,24.0,NEUTRAL,OK,near_reference,"{reference_kmh=24.08362369337989, age_s=0.0}"
287.0,POWER,160,NEUTRAL,OK,power_present,{age_s=0.0}
287.0,HR,130,NEUTRAL,OK,hr_present,{age_s=0.0}
287.0,CADENCE,65,GREEN,OK,preferred_low_cadence_band,{age_s=0.0}
287.0,GRADE,0,NEUTRAL,OK,flat_deadband,"{grade_raw=0.0, grade_display=0.0}"
287.0,GEAR,WAIT,GRAY,NO_DATA,missing_gear,{}
288.0,SPEED,24.0,NEUTRAL,OK,near_reference,"{reference_kmh=24.083333333333435, age_s=0.0}"
288.0,POWER,160,NEUTRAL,OK,power_present,{age_s=0.0}
288.0,HR,130,NEUTRAL,OK,hr_present,{age_s=0.0}
288.0,CADENCE,65,GREEN,OK,preferred_low_cadence_band,{age_s=0.0}
288.0,GRADE,0,NEUTRAL,OK,flat_deadband,"{grade_raw=0.0, grade_display=0.0}"
288.0,GEAR,WAIT,GRAY,NO_DATA,missing_gear,{}
289.0,SPEED,24.0,NEUTRAL,OK,near_reference,"{reference_kmh=24.08304498269906, age_s=0.0}"
289.0,POWER,160,NEUTRAL,OK,power_present,{age_s=0.0}
289.0,HR,130,NEUTRAL,OK,hr_present,{age_s=0.0}
289.0,CADENCE,65,GREEN,OK,preferred_low_cadence_band,{age_s=0.0}
289.0,GRADE,0,NEUTRAL,OK,flat_deadband,"{grade_raw=0.0, grade_display=0.0}"
289.0,GEAR,WAIT,GRAY,NO_DATA,missing_gear,{}
290.0,SPEED,24.0,NEUTRAL,OK,near_reference,"{reference_kmh=24.082758620689756, age_s=0.0}"
290.0,POWER,160,NEUTRAL,OK,power_present,{age_s=0.0}
290.0,HR,130,NEUTRAL,OK,hr_present,{age_s=0.0}
290.0,CADENCE,65,GREEN,OK,preferred_low_cadence_band,{age_s=0.0}
290.0,GRADE,0,NEUTRAL,OK,flat_deadband,"{grade_raw=0.0, grade_display=0.0}"
290.0,GEAR,WAIT,GRAY,NO_DATA,missing_gear,{}
291.0,SPEED,24.0,NEUTRAL,OK,near_reference,"{reference_kmh=24.08247422680423, age_s=0.0}"
291.0,POWER,160,NEUTRAL,OK,power_present,{age_s=0.0}
291.0,HR,130,NEUTRAL,OK,hr_present,{age_s=0.0}
291.0,CADENCE,65,GREEN,OK,preferred_low_cadence_band,{age_s=0.0}
291.0,GRADE,0,NEUTRAL,OK,flat_deadband,"{grade_raw=0.0, grade_display=0.0}"
291.0,GEAR,WAIT,GRAY,NO_DATA,missing_gear,{}
292.0,SPEED,24.0,NEUTRAL,OK,near_reference,"{reference_kmh=24.082191780822022, age_s=0.0}"
292.0,POWER,160,NEUTRAL,OK,power_present,{age_s=0.0}
292.0,HR,130,NEUTRAL,OK,hr_present,{age_s=0.0}
292.0,CADENCE,65,GREEN,OK,preferred_low_cadence_band,{age_s=0.0}
292.0,GRADE,0,NEUTRAL,OK,flat_deadband,"{grade_raw=0.0, grade_display=0.0}"
292.0,GEAR,WAIT,GRAY,NO_DATA,missing_gear,{}
293.0,SPEED,24.0,NEUTRAL,OK,near_reference,"{reference_kmh=24.081911262798737, age_s=0.0}"
293.0,POWER,160,NEUTRAL,OK,power_present,{age_s=0.0}
293.0,HR,130,NEUTRAL,OK,hr_present,{age_s=0.0}
293.0,CADENCE,65,GREEN,OK,preferred_low_cadence_band,{age_s=0.0}
293.0,GRADE,0,NEUTRAL,OK,flat_deadband,"{grade_raw=0.0, grade_display=0.0}"
293.0,GEAR,WAIT,GRAY,NO_DATA,missing_gear,{}
294.0,SPEED,24.0,NEUTRAL,OK,near_reference,"{reference_kmh=24.08163265306133, age_s=0.0}"
294.0,POWER,160,NEUTRAL,OK,power_present,{age_s=0.0}
294.0,HR,130,NEUTRAL,OK,hr_present,{age_s=0.0}
294.0,CADENCE,65,GREEN,OK,preferred_low_cadence_band,{age_s=0.0}
294.0,GRADE,0,NEUTRAL,OK,flat_deadband,"{grade_raw=0.0, grade_display=0.0}"
294.0,GEAR,WAIT,GRAY,NO_DATA,missing_gear,{}
295.0,SPEED,24.0,NEUTRAL,OK,near_reference,"{reference_kmh=24.081355932203493, age_s=0.0}"
295.0,POWER,160,NEUTRAL,OK,power_present,{age_s=0.0}
295.0,HR,130,NEUTRAL,OK,hr_present,{age_s=0.0}
295.0,CADENCE,65,GREEN,OK,preferred_low_cadence_band,{age_s=0.0}
295.0,GRADE,0,NEUTRAL,OK,flat_deadband,"{grade_raw=0.0, grade_display=0.0}"
295.0,GEAR,WAIT,GRAY,NO_DATA,missing_gear,{}
296.0,SPEED,24.0,NEUTRAL,OK,near_reference,"{reference_kmh=24.081081081081187, age_s=0.0}"
296.0,POWER,160,NEUTRAL,OK,power_present,{age_s=0.0}
296.0,HR,130,NEUTRAL,OK,hr_present,{age_s=0.0}
296.0,CADENCE,65,GREEN,OK,preferred_low_cadence_band,{age_s=0.0}
296.0,GRADE,0,NEUTRAL,OK,flat_deadband,"{grade_raw=0.0, grade_display=0.0}"
296.0,GEAR,WAIT,GRAY,NO_DATA,missing_gear,{}
297.0,SPEED,24.0,NEUTRAL,OK,near_reference,"{reference_kmh=24.080808080808186, age_s=0.0}"
297.0,POWER,160,NEUTRAL,OK,power_present,{age_s=0.0}
297.0,HR,130,NEUTRAL,OK,hr_present,{age_s=0.0}
297.0,CADENCE,65,GREEN,OK,preferred_low_cadence_band,{age_s=0.0}
297.0,GRADE,0,NEUTRAL,OK,flat_deadband,"{grade_raw=0.0, grade_display=0.0}"
297.0,GEAR,WAIT,GRAY,NO_DATA,missing_gear,{}
298.0,SPEED,24.0,NEUTRAL,OK,near_reference,"{reference_kmh=24.080536912751782, age_s=0.0}"
298.0,POWER,160,NEUTRAL,OK,power_present,{age_s=0.0}
298.0,HR,130,NEUTRAL,OK,hr_present,{age_s=0.0}
298.0,CADENCE,65,GREEN,OK,preferred_low_cadence_band,{age_s=0.0}
298.0,GRADE,0,NEUTRAL,OK,flat_deadband,"{grade_raw=0.0, grade_display=0.0}"
298.0,GEAR,WAIT,GRAY,NO_DATA,missing_gear,{}
299.0,SPEED,24.0,NEUTRAL,OK,near_reference,"{reference_kmh=24.080267558528536, age_s=0.0}"
299.0,POWER,160,NEUTRAL,OK,power_present,{age_s=0.0}
299.0,HR,130,NEUTRAL,OK,hr_present,{age_s=0.0}
299.0,CADENCE,65,GREEN,OK,preferred_low_cadence_band,{age_s=0.0}
299.0,GRADE,0,NEUTRAL,OK,flat_deadband,"{grade_raw=0.0, grade_display=0.0}"
299.0,GEAR,WAIT,GRAY,NO_DATA,missing_gear,{}
300.0,SPEED,24.0,NEUTRAL,OK,near_reference,"{reference_kmh=24.08000000000011, age_s=0.0}"
300.0,POWER,160,NEUTRAL,OK,power_present,{age_s=0.0}
300.0,HR,130,NEUTRAL,OK,hr_present,{age_s=0.0}
300.0,CADENCE,65,GREEN,OK,preferred_low_cadence_band,{age_s=0.0}
300.0,GRADE,0,NEUTRAL,OK,flat_deadband,"{grade_raw=0.0, grade_display=0.0}"
300.0,GEAR,WAIT,GRAY,NO_DATA,missing_gear,{}
301.0,SPEED,24.0,NEUTRAL,OK,near_reference,"{reference_kmh=24.079734219269213, age_s=0.0}"
301.0,POWER,160,NEUTRAL,OK,power_present,{age_s=0.0}
301.0,HR,130,NEUTRAL,OK,hr_present,{age_s=0.0}
301.0,CADENCE,65,GREEN,OK,preferred_low_cadence_band,{age_s=0.0}
301.0,GRADE,0,NEUTRAL,OK,flat_deadband,"{grade_raw=0.0, grade_display=0.0}"
301.0,GEAR,WAIT,GRAY,NO_DATA,missing_gear,{}
302.0,SPEED,24.0,NEUTRAL,OK,near_reference,"{reference_kmh=24.079470198675605, age_s=0.0}"
302.0,POWER,160,NEUTRAL,OK,power_present,{age_s=0.0}
302.0,HR,130,NEUTRAL,OK,hr_present,{age_s=0.0}
302.0,CADENCE,65,GREEN,OK,preferred_low_cadence_band,{age_s=0.0}
302.0,GRADE,0,NEUTRAL,OK,flat_deadband,"{grade_raw=0.0, grade_display=0.0}"
302.0,GEAR,WAIT,GRAY,NO_DATA,missing_gear,{}
303.0,SPEED,24.0,NEUTRAL,OK,near_reference,"{reference_kmh=24.079207920792186, age_s=0.0}"
303.0,POWER,160,NEUTRAL,OK,power_present,{age_s=0.0}
303.0,HR,130,NEUTRAL,OK,hr_present,{age_s=0.0}
303.0,CADENCE,65,GREEN,OK,preferred_low_cadence_band,{age_s=0.0}
303.0,GRADE,0,NEUTRAL,OK,flat_deadband,"{grade_raw=0.0, grade_display=0.0}"
303.0,GEAR,WAIT,GRAY,NO_DATA,missing_gear,{}
304.0,SPEED,24.0,NEUTRAL,OK,near_reference,"{reference_kmh=24.07894736842116, age_s=0.0}"
304.0,POWER,160,NEUTRAL,OK,power_present,{age_s=0.0}
304.0,HR,130,NEUTRAL,OK,hr_present,{age_s=0.0}
304.0,CADENCE,65,GREEN,OK,preferred_low_cadence_band,{age_s=0.0}
304.0,GRADE,0,NEUTRAL,OK,flat_deadband,"{grade_raw=0.0, grade_display=0.0}"
304.0,GEAR,WAIT,GRAY,NO_DATA,missing_gear,{}
305.0,SPEED,24.0,NEUTRAL,OK,near_reference,"{reference_kmh=24.078688524590273, age_s=0.0}"
305.0,POWER,160,NEUTRAL,OK,power_present,{age_s=0.0}
305.0,HR,130,NEUTRAL,OK,hr_present,{age_s=0.0}
305.0,CADENCE,65,GREEN,OK,preferred_low_cadence_band,{age_s=0.0}
305.0,GRADE,0,NEUTRAL,OK,flat_deadband,"{grade_raw=0.0, grade_display=0.0}"
305.0,GEAR,WAIT,GRAY,NO_DATA,missing_gear,{}
306.0,SPEED,24.0,NEUTRAL,OK,near_reference,"{reference_kmh=24.07843137254913, age_s=0.0}"
306.0,POWER,160,NEUTRAL,OK,power_present,{age_s=0.0}
306.0,HR,130,NEUTRAL,OK,hr_present,{age_s=0.0}
306.0,CADENCE,65,GREEN,OK,preferred_low_cadence_band,{age_s=0.0}
306.0,GRADE,0,NEUTRAL,OK,flat_deadband,"{grade_raw=0.0, grade_display=0.0}"
306.0,GEAR,WAIT,GRAY,NO_DATA,missing_gear,{}
307.0,SPEED,24.0,NEUTRAL,OK,near_reference,"{reference_kmh=24.078175895765582, age_s=0.0}"
307.0,POWER,160,NEUTRAL,OK,power_present,{age_s=0.0}
307.0,HR,130,NEUTRAL,OK,hr_present,{age_s=0.0}
307.0,CADENCE,65,GREEN,OK,preferred_low_cadence_band,{age_s=0.0}
307.0,GRADE,0,NEUTRAL,OK,flat_deadband,"{grade_raw=0.0, grade_display=0.0}"
307.0,GEAR,WAIT,GRAY,NO_DATA,missing_gear,{}
308.0,SPEED,24.0,NEUTRAL,OK,near_reference,"{reference_kmh=24.077922077922185, age_s=0.0}"
308.0,POWER,160,NEUTRAL,OK,power_present,{age_s=0.0}
308.0,HR,130,NEUTRAL,OK,hr_present,{age_s=0.0}
308.0,CADENCE,65,GREEN,OK,preferred_low_cadence_band,{age_s=0.0}
308.0,GRADE,0,NEUTRAL,OK,flat_deadband,"{grade_raw=0.0, grade_display=0.0}"
308.0,GEAR,WAIT,GRAY,NO_DATA,missing_gear,{}
309.0,SPEED,24.0,NEUTRAL,OK,near_reference,"{reference_kmh=24.077669902912728, age_s=0.0}"
309.0,POWER,160,NEUTRAL,OK,power_present,{age_s=0.0}
309.0,HR,130,NEUTRAL,OK,hr_present,{age_s=0.0}
309.0,CADENCE,65,GREEN,OK,preferred_low_cadence_band,{age_s=0.0}
309.0,GRADE,0,NEUTRAL,OK,flat_deadband,"{grade_raw=0.0, grade_display=0.0}"
309.0,GEAR,WAIT,GRAY,NO_DATA,missing_gear,{}
310.0,SPEED,24.0,NEUTRAL,OK,near_reference,"{reference_kmh=24.077419354838813, age_s=0.0}"
310.0,POWER,160,NEUTRAL,OK,power_present,{age_s=0.0}
310.0,HR,130,NEUTRAL,OK,hr_present,{age_s=0.0}
310.0,CADENCE,65,GREEN,OK,preferred_low_cadence_band,{age_s=0.0}
310.0,GRADE,0,NEUTRAL,OK,flat_deadband,"{grade_raw=0.0, grade_display=0.0}"
310.0,GEAR,WAIT,GRAY,NO_DATA,missing_gear,{}
311.0,SPEED,24.0,NEUTRAL,OK,near_reference,"{reference_kmh=24.077170418006528, age_s=0.0}"
311.0,POWER,160,NEUTRAL,OK,power_present,{age_s=0.0}
311.0,HR,130,NEUTRAL,OK,hr_present,{age_s=0.0}
311.0,CADENCE,65,GREEN,OK,preferred_low_cadence_band,{age_s=0.0}
311.0,GRADE,0,NEUTRAL,OK,flat_deadband,"{grade_raw=0.0, grade_display=0.0}"
311.0,GEAR,WAIT,GRAY,NO_DATA,missing_gear,{}
312.0,SPEED,24.0,NEUTRAL,OK,near_reference,"{reference_kmh=24.076923076923176, age_s=0.0}"
312.0,POWER,160,NEUTRAL,OK,power_present,{age_s=0.0}
312.0,HR,130,NEUTRAL,OK,hr_present,{age_s=0.0}
312.0,CADENCE,65,GREEN,OK,preferred_low_cadence_band,{age_s=0.0}
312.0,GRADE,0,NEUTRAL,OK,flat_deadband,"{grade_raw=0.0, grade_display=0.0}"
312.0,GEAR,WAIT,GRAY,NO_DATA,missing_gear,{}
313.0,SPEED,24.0,NEUTRAL,OK,near_reference,"{reference_kmh=24.076677316294024, age_s=0.0}"
313.0,POWER,160,NEUTRAL,OK,power_present,{age_s=0.0}
313.0,HR,130,NEUTRAL,OK,hr_present,{age_s=0.0}
313.0,CADENCE,65,GREEN,OK,preferred_low_cadence_band,{age_s=0.0}
313.0,GRADE,0,NEUTRAL,OK,flat_deadband,"{grade_raw=0.0, grade_display=0.0}"
313.0,GEAR,WAIT,GRAY,NO_DATA,missing_gear,{}
314.0,SPEED,24.0,NEUTRAL,OK,near_reference,"{reference_kmh=24.0764331210192, age_s=0.0}"
314.0,POWER,160,NEUTRAL,OK,power_present,{age_s=0.0}
314.0,HR,130,NEUTRAL,OK,hr_present,{age_s=0.0}
314.0,CADENCE,65,GREEN,OK,preferred_low_cadence_band,{age_s=0.0}
314.0,GRADE,0,NEUTRAL,OK,flat_deadband,"{grade_raw=0.0, grade_display=0.0}"
314.0,GEAR,WAIT,GRAY,NO_DATA,missing_gear,{}
315.0,SPEED,24.0,NEUTRAL,OK,near_reference,"{reference_kmh=24.076190476190572, age_s=0.0}"
315.0,POWER,160,NEUTRAL,OK,power_present,{age_s=0.0}
315.0,HR,130,NEUTRAL,OK,hr_present,{age_s=0.0}
315.0,CADENCE,65,GREEN,OK,preferred_low_cadence_band,{age_s=0.0}
315.0,GRADE,0,NEUTRAL,OK,flat_deadband,"{grade_raw=0.0, grade_display=0.0}"
315.0,GEAR,WAIT,GRAY,NO_DATA,missing_gear,{}
316.0,SPEED,24.0,NEUTRAL,OK,near_reference,"{reference_kmh=24.0759493670887, age_s=0.0}"
316.0,POWER,160,NEUTRAL,OK,power_present,{age_s=0.0}
316.0,HR,130,NEUTRAL,OK,hr_present,{age_s=0.0}
316.0,CADENCE,65,GREEN,OK,preferred_low_cadence_band,{age_s=0.0}
316.0,GRADE,0,NEUTRAL,OK,flat_deadband,"{grade_raw=0.0, grade_display=0.0}"
316.0,GEAR,WAIT,GRAY,NO_DATA,missing_gear,{}
317.0,SPEED,24.0,NEUTRAL,OK,near_reference,"{reference_kmh=24.0757097791799, age_s=0.0}"
317.0,POWER,160,NEUTRAL,OK,power_present,{age_s=0.0}
317.0,HR,130,NEUTRAL,OK,hr_present,{age_s=0.0}
317.0,CADENCE,65,GREEN,OK,preferred_low_cadence_band,{age_s=0.0}
317.0,GRADE,0,NEUTRAL,OK,flat_deadband,"{grade_raw=0.0, grade_display=0.0}"
317.0,GEAR,WAIT,GRAY,NO_DATA,missing_gear,{}
318.0,SPEED,24.0,NEUTRAL,OK,near_reference,"{reference_kmh=24.07547169811329, age_s=0.0}"
318.0,POWER,160,NEUTRAL,OK,power_present,{age_s=0.0}
318.0,HR,130,NEUTRAL,OK,hr_present,{age_s=0.0}
318.0,CADENCE,65,GREEN,OK,preferred_low_cadence_band,{age_s=0.0}
318.0,GRADE,0,NEUTRAL,OK,flat_deadband,"{grade_raw=0.0, grade_display=0.0}"
318.0,GEAR,WAIT,GRAY,NO_DATA,missing_gear,{}
319.0,SPEED,24.0,NEUTRAL,OK,near_reference,"{reference_kmh=24.07523510971795, age_s=0.0}"
319.0,POWER,160,NEUTRAL,OK,power_present,{age_s=0.0}
319.0,HR,130,NEUTRAL,OK,hr_present,{age_s=0.0}
319.0,CADENCE,65,GREEN,OK,preferred_low_cadence_band,{age_s=0.0}
319.0,GRADE,0,NEUTRAL,OK,flat_deadband,"{grade_raw=0.0, grade_display=0.0}"
319.0,GEAR,WAIT,GRAY,NO_DATA,missing_gear,{}
320.0,SPEED,24.0,NEUTRAL,OK,near_reference,"{reference_kmh=24.07500000000008, age_s=0.0}"
320.0,POWER,160,NEUTRAL,OK,power_present,{age_s=0.0}
320.0,HR,130,NEUTRAL,OK,hr_present,{age_s=1.0}
320.0,CADENCE,65,GREEN,OK,preferred_low_cadence_band,{age_s=0.0}
320.0,GRADE,0,NEUTRAL,OK,flat_deadband,"{grade_raw=0.0, grade_display=0.0}"
320.0,GEAR,WAIT,GRAY,NO_DATA,missing_gear,{}
321.0,SPEED,24.0,NEUTRAL,OK,near_reference,"{reference_kmh=24.074766355140262, age_s=0.0}"
321.0,POWER,160,NEUTRAL,OK,power_present,{age_s=0.0}
321.0,HR,130,NEUTRAL,OK,hr_present,{age_s=2.0}
321.0,CADENCE,65,GREEN,OK,preferred_low_cadence_band,{age_s=0.0}
321.0,GRADE,0,NEUTRAL,OK,flat_deadband,"{grade_raw=0.0, grade_display=0.0}"
321.0,GEAR,WAIT,GRAY,NO_DATA,missing_gear,{}
322.0,SPEED,24.0,NEUTRAL,OK,near_reference,"{reference_kmh=24.074534161490764, age_s=0.0}"
322.0,POWER,160,NEUTRAL,OK,power_present,{age_s=0.0}
322.0,HR,130,NEUTRAL,OK,hr_present,{age_s=3.0}
322.0,CADENCE,65,GREEN,OK,preferred_low_cadence_band,{age_s=0.0}
322.0,GRADE,0,NEUTRAL,OK,flat_deadband,"{grade_raw=0.0, grade_display=0.0}"
322.0,GEAR,WAIT,GRAY,NO_DATA,missing_gear,{}
323.0,SPEED,24.0,NEUTRAL,OK,near_reference,"{reference_kmh=24.07430340557283, age_s=0.0}"
323.0,POWER,160,NEUTRAL,OK,power_present,{age_s=0.0}
323.0,HR,130,NEUTRAL,OK,hr_present,{age_s=4.0}
323.0,CADENCE,65,GREEN,OK,preferred_low_cadence_band,{age_s=0.0}
323.0,GRADE,0,NEUTRAL,OK,flat_deadband,"{grade_raw=0.0, grade_display=0.0}"
323.0,GEAR,WAIT,GRAY,NO_DATA,missing_gear,{}
324.0,SPEED,24.0,NEUTRAL,OK,near_reference,"{reference_kmh=24.074074074074147, age_s=0.0}"
324.0,POWER,160,NEUTRAL,OK,power_present,{age_s=0.0}
324.0,HR,130,NEUTRAL,OK,hr_present,{age_s=5.0}
324.0,CADENCE,65,GREEN,OK,preferred_low_cadence_band,{age_s=0.0}
324.0,GRADE,0,NEUTRAL,OK,flat_deadband,"{grade_raw=0.0, grade_display=0.0}"
324.0,GEAR,WAIT,GRAY,NO_DATA,missing_gear,{}
325.0,SPEED,24.0,NEUTRAL,OK,near_reference,"{reference_kmh=24.07384615384623, age_s=0.0}"
325.0,POWER,160,NEUTRAL,OK,power_present,{age_s=0.0}
325.0,HR,130,GRAY,STALE,hr_stale,{age_s=6.0}
325.0,CADENCE,65,GREEN,OK,preferred_low_cadence_band,{age_s=0.0}
325.0,GRADE,0,NEUTRAL,OK,flat_deadband,"{grade_raw=0.0, grade_display=0.0}"
325.0,GEAR,WAIT,GRAY,NO_DATA,missing_gear,{}
326.0,SPEED,24.0,NEUTRAL,OK,near_reference,"{reference_kmh=24.07361963190191, age_s=0.0}"
326.0,POWER,160,NEUTRAL,OK,power_present,{age_s=0.0}
326.0,HR,130,GRAY,STALE,hr_stale,{age_s=7.0}
326.0,CADENCE,65,GREEN,OK,preferred_low_cadence_band,{age_s=0.0}
326.0,GRADE,0,NEUTRAL,OK,flat_deadband,"{grade_raw=0.0, grade_display=0.0}"
326.0,GEAR,WAIT,GRAY,NO_DATA,missing_gear,{}
327.0,SPEED,24.0,NEUTRAL,OK,near_reference,"{reference_kmh=24.07339449541291, age_s=0.0}"
327.0,POWER,160,NEUTRAL,OK,power_present,{age_s=0.0}
327.0,HR,130,GRAY,STALE,hr_stale,{age_s=8.0}
327.0,CADENCE,65,GREEN,OK,preferred_low_cadence_band,{age_s=0.0}
327.0,GRADE,0,NEUTRAL,OK,flat_deadband,"{grade_raw=0.0, grade_display=0.0}"
327.0,GEAR,WAIT,GRAY,NO_DATA,missing_gear,{}
328.0,SPEED,24.0,NEUTRAL,OK,near_reference,"{reference_kmh=24.073170731707386, age_s=0.0}"
328.0,POWER,160,NEUTRAL,OK,power_present,{age_s=0.0}
328.0,HR,130,GRAY,STALE,hr_stale,{age_s=9.0}
328.0,CADENCE,65,GREEN,OK,preferred_low_cadence_band,{age_s=0.0}
328.0,GRADE,0,NEUTRAL,OK,flat_deadband,"{grade_raw=0.0, grade_display=0.0}"
328.0,GEAR,WAIT,GRAY,NO_DATA,missing_gear,{}
329.0,SPEED,24.0,NEUTRAL,OK,near_reference,"{reference_kmh=24.07294832826754, age_s=0.0}"
329.0,POWER,160,NEUTRAL,OK,power_present,{age_s=0.0}
329.0,HR,130,GRAY,STALE,hr_stale,{age_s=10.0}
329.0,CADENCE,65,GREEN,OK,preferred_low_cadence_band,{age_s=0.0}
329.0,GRADE,0,NEUTRAL,OK,flat_deadband,"{grade_raw=0.0, grade_display=0.0}"
329.0,GEAR,WAIT,GRAY,NO_DATA,missing_gear,{}
330.0,SPEED,24.0,NEUTRAL,OK,near_reference,"{reference_kmh=24.072727272727334, age_s=0.0}"
330.0,POWER,160,NEUTRAL,OK,power_present,{age_s=0.0}
330.0,HR,130,GRAY,STALE,hr_stale,{age_s=11.0}
330.0,CADENCE,65,GREEN,OK,preferred_low_cadence_band,{age_s=0.0}
330.0,GRADE,0,NEUTRAL,OK,flat_deadband,"{grade_raw=0.0, grade_display=0.0}"
330.0,GEAR,WAIT,GRAY,NO_DATA,missing_gear,{}
331.0,SPEED,24.0,NEUTRAL,OK,near_reference,"{reference_kmh=24.072507552870157, age_s=0.0}"
331.0,POWER,160,NEUTRAL,OK,power_present,{age_s=0.0}
331.0,HR,130,GRAY,STALE,hr_stale,{age_s=12.0}
331.0,CADENCE,65,GREEN,OK,preferred_low_cadence_band,{age_s=0.0}
331.0,GRADE,0,NEUTRAL,OK,flat_deadband,"{grade_raw=0.0, grade_display=0.0}"
331.0,GEAR,WAIT,GRAY,NO_DATA,missing_gear,{}
332.0,SPEED,24.0,NEUTRAL,OK,near_reference,"{reference_kmh=24.072289156626567, age_s=0.0}"
332.0,POWER,160,NEUTRAL,OK,power_present,{age_s=0.0}
332.0,HR,130,GRAY,STALE,hr_stale,{age_s=13.0}
332.0,CADENCE,65,GREEN,OK,preferred_low_cadence_band,{age_s=0.0}
332.0,GRADE,0,NEUTRAL,OK,flat_deadband,"{grade_raw=0.0, grade_display=0.0}"
332.0,GEAR,WAIT,GRAY,NO_DATA,missing_gear,{}
333.0,SPEED,24.0,NEUTRAL,OK,near_reference,"{reference_kmh=24.072072072072128, age_s=0.0}"
333.0,POWER,160,NEUTRAL,OK,power_present,{age_s=0.0}
333.0,HR,130,GRAY,STALE,hr_stale,{age_s=14.0}
333.0,CADENCE,65,GREEN,OK,preferred_low_cadence_band,{age_s=0.0}
333.0,GRADE,0,NEUTRAL,OK,flat_deadband,"{grade_raw=0.0, grade_display=0.0}"
333.0,GEAR,WAIT,GRAY,NO_DATA,missing_gear,{}
334.0,SPEED,24.0,NEUTRAL,OK,near_reference,"{reference_kmh=24.071856287425202, age_s=0.0}"
334.0,POWER,160,NEUTRAL,OK,power_present,{age_s=0.0}
334.0,HR,130,GRAY,STALE,hr_stale,{age_s=15.0}
334.0,CADENCE,65,GREEN,OK,preferred_low_cadence_band,{age_s=0.0}
334.0,GRADE,0,NEUTRAL,OK,flat_deadband,"{grade_raw=0.0, grade_display=0.0}"
334.0,GEAR,WAIT,GRAY,NO_DATA,missing_gear,{}
335.0,SPEED,24.0,NEUTRAL,OK,near_reference,"{reference_kmh=24.07164179104483, age_s=0.0}"
335.0,POWER,160,NEUTRAL,OK,power_present,{age_s=0.0}
335.0,HR,130,GRAY,STALE,hr_stale,{age_s=16.0}
335.0,CADENCE,65,GREEN,OK,preferred_low_cadence_band,{age_s=0.0}
335.0,GRADE,0,NEUTRAL,OK,flat_deadband,"{grade_raw=0.0, grade_display=0.0}"
335.0,GEAR,WAIT,GRAY,NO_DATA,missing_gear,{}
336.0,SPEED,24.0,NEUTRAL,OK,near_reference,"{reference_kmh=24.071428571428623, age_s=0.0}"
336.0,POWER,160,NEUTRAL,OK,power_present,{age_s=0.0}
336.0,HR,130,GRAY,STALE,hr_stale,{age_s=17.0}
336.0,CADENCE,65,GREEN,OK,preferred_low_cadence_band,{age_s=0.0}
336.0,GRADE,0,NEUTRAL,OK,flat_deadband,"{grade_raw=0.0, grade_display=0.0}"
336.0,GEAR,WAIT,GRAY,NO_DATA,missing_gear,{}
337.0,SPEED,24.0,NEUTRAL,OK,near_reference,"{reference_kmh=24.07121661721073, age_s=0.0}"
337.0,POWER,160,NEUTRAL,OK,power_present,{age_s=0.0}
337.0,HR,130,GRAY,STALE,hr_stale,{age_s=18.0}
337.0,CADENCE,65,GREEN,OK,preferred_low_cadence_band,{age_s=0.0}
337.0,GRADE,0,NEUTRAL,OK,flat_deadband,"{grade_raw=0.0, grade_display=0.0}"
337.0,GEAR,WAIT,GRAY,NO_DATA,missing_gear,{}
338.0,SPEED,24.0,NEUTRAL,OK,near_reference,"{reference_kmh=24.071005917159816, age_s=0.0}"
338.0,POWER,160,NEUTRAL,OK,power_present,{age_s=0.0}
338.0,HR,130,GRAY,STALE,hr_stale,{age_s=19.0}
338.0,CADENCE,65,GREEN,OK,preferred_low_cadence_band,{age_s=0.0}
338.0,GRADE,0,NEUTRAL,OK,flat_deadband,"{grade_raw=0.0, grade_display=0.0}"
338.0,GEAR,WAIT,GRAY,NO_DATA,missing_gear,{}
339.0,SPEED,24.0,NEUTRAL,OK,near_reference,"{reference_kmh=24.07079646017704, age_s=0.0}"
339.0,POWER,160,NEUTRAL,OK,power_present,{age_s=0.0}
339.0,HR,130,GRAY,STALE,hr_stale,{age_s=20.0}
339.0,CADENCE,65,GREEN,OK,preferred_low_cadence_band,{age_s=0.0}
339.0,GRADE,0,NEUTRAL,OK,flat_deadband,"{grade_raw=0.0, grade_display=0.0}"
339.0,GEAR,WAIT,GRAY,NO_DATA,missing_gear,{}
340.0,SPEED,24.0,NEUTRAL,OK,near_reference,"{reference_kmh=24.07058823529416, age_s=0.0}"
340.0,POWER,160,NEUTRAL,OK,power_present,{age_s=0.0}
340.0,HR,130,GRAY,STALE,hr_stale,{age_s=21.0}
340.0,CADENCE,65,GREEN,OK,preferred_low_cadence_band,{age_s=0.0}
340.0,GRADE,0,NEUTRAL,OK,flat_deadband,"{grade_raw=0.0, grade_display=0.0}"
340.0,GEAR,WAIT,GRAY,NO_DATA,missing_gear,{}
341.0,SPEED,24.0,NEUTRAL,OK,near_reference,"{reference_kmh=24.0703812316716, age_s=0.0}"
341.0,POWER,160,NEUTRAL,OK,power_present,{age_s=0.0}
341.0,HR,130,GRAY,STALE,hr_stale,{age_s=22.0}
341.0,CADENCE,65,GREEN,OK,preferred_low_cadence_band,{age_s=0.0}
341.0,GRADE,0,NEUTRAL,OK,flat_deadband,"{grade_raw=0.0, grade_display=0.0}"
341.0,GEAR,WAIT,GRAY,NO_DATA,missing_gear,{}
342.0,SPEED,24.0,NEUTRAL,OK,near_reference,"{reference_kmh=24.070175438596532, age_s=0.0}"
342.0,POWER,160,NEUTRAL,OK,power_present,{age_s=0.0}
342.0,HR,130,GRAY,STALE,hr_stale,{age_s=23.0}
342.0,CADENCE,65,GREEN,OK,preferred_low_cadence_band,{age_s=0.0}
342.0,GRADE,0,NEUTRAL,OK,flat_deadband,"{grade_raw=0.0, grade_display=0.0}"
342.0,GEAR,WAIT,GRAY,NO_DATA,missing_gear,{}
343.0,SPEED,24.0,NEUTRAL,OK,near_reference,"{reference_kmh=24.069970845481087, age_s=0.0}"
343.0,POWER,160,NEUTRAL,OK,power_present,{age_s=0.0}
343.0,HR,130,GRAY,STALE,hr_stale,{age_s=24.0}
343.0,CADENCE,65,GREEN,OK,preferred_low_cadence_band,{age_s=0.0}
343.0,GRADE,0,NEUTRAL,OK,flat_deadband,"{grade_raw=0.0, grade_display=0.0}"
343.0,GEAR,WAIT,GRAY,NO_DATA,missing_gear,{}
344.0,SPEED,24.0,NEUTRAL,OK,near_reference,"{reference_kmh=24.069767441860503, age_s=0.0}"
344.0,POWER,160,NEUTRAL,OK,power_present,{age_s=0.0}
344.0,HR,130,GRAY,STALE,hr_stale,{age_s=25.0}
344.0,CADENCE,65,GREEN,OK,preferred_low_cadence_band,{age_s=0.0}
344.0,GRADE,0,NEUTRAL,OK,flat_deadband,"{grade_raw=0.0, grade_display=0.0}"
344.0,GEAR,WAIT,GRAY,NO_DATA,missing_gear,{}
345.0,SPEED,24.0,NEUTRAL,OK,near_reference,"{reference_kmh=24.06956521739134, age_s=0.0}"
345.0,POWER,160,NEUTRAL,OK,power_present,{age_s=0.0}
345.0,HR,130,GRAY,STALE,hr_stale,{age_s=26.0}
345.0,CADENCE,65,GREEN,OK,preferred_low_cadence_band,{age_s=0.0}
345.0,GRADE,0,NEUTRAL,OK,flat_deadband,"{grade_raw=0.0, grade_display=0.0}"
345.0,GEAR,WAIT,GRAY,NO_DATA,missing_gear,{}
346.0,SPEED,24.0,NEUTRAL,OK,near_reference,"{reference_kmh=24.069364161849744, age_s=0.0}"
346.0,POWER,160,NEUTRAL,OK,power_present,{age_s=0.0}
346.0,HR,130,GRAY,STALE,hr_stale,{age_s=27.0}
346.0,CADENCE,65,GREEN,OK,preferred_low_cadence_band,{age_s=0.0}
346.0,GRADE,0,NEUTRAL,OK,flat_deadband,"{grade_raw=0.0, grade_display=0.0}"
346.0,GEAR,WAIT,GRAY,NO_DATA,missing_gear,{}
347.0,SPEED,24.0,NEUTRAL,OK,near_reference,"{reference_kmh=24.069164265129718, age_s=0.0}"
347.0,POWER,160,NEUTRAL,OK,power_present,{age_s=0.0}
347.0,HR,130,GRAY,STALE,hr_stale,{age_s=28.0}
347.0,CADENCE,65,GREEN,OK,preferred_low_cadence_band,{age_s=0.0}
347.0,GRADE,0,NEUTRAL,OK,flat_deadband,"{grade_raw=0.0, grade_display=0.0}"
347.0,GEAR,WAIT,GRAY,NO_DATA,missing_gear,{}
348.0,SPEED,24.0,NEUTRAL,OK,near_reference,"{reference_kmh=24.068965517241413, age_s=0.0}"
348.0,POWER,160,NEUTRAL,OK,power_present,{age_s=0.0}
348.0,HR,130,GRAY,STALE,hr_stale,{age_s=29.0}
348.0,CADENCE,65,GREEN,OK,preferred_low_cadence_band,{age_s=0.0}
348.0,GRADE,0,NEUTRAL,OK,flat_deadband,"{grade_raw=0.0, grade_display=0.0}"
348.0,GEAR,WAIT,GRAY,NO_DATA,missing_gear,{}
349.0,SPEED,24.0,NEUTRAL,OK,near_reference,"{reference_kmh=24.068767908309486, age_s=0.0}"
349.0,POWER,160,NEUTRAL,OK,power_present,{age_s=0.0}
349.0,HR,130,GRAY,STALE,hr_stale,{age_s=30.0}
349.0,CADENCE,65,GREEN,OK,preferred_low_cadence_band,{age_s=0.0}
349.0,GRADE,0,NEUTRAL,OK,flat_deadband,"{grade_raw=0.0, grade_display=0.0}"
349.0,GEAR,WAIT,GRAY,NO_DATA,missing_gear,{}
350.0,SPEED,24.0,NEUTRAL,OK,near_reference,"{reference_kmh=24.068571428571452, age_s=0.0}"
350.0,POWER,160,NEUTRAL,OK,power_present,{age_s=0.0}
350.0,HR,130,NEUTRAL,OK,hr_present,{age_s=0.0}
350.0,CADENCE,65,GREEN,OK,preferred_low_cadence_band,{age_s=0.0}
350.0,GRADE,0,NEUTRAL,OK,flat_deadband,"{grade_raw=0.0, grade_display=0.0}"
350.0,GEAR,WAIT,GRAY,NO_DATA,missing_gear,{}
351.0,SPEED,24.0,NEUTRAL,OK,near_reference,"{reference_kmh=24.068376068376097, age_s=0.0}"
351.0,POWER,160,NEUTRAL,OK,power_present,{age_s=0.0}
351.0,HR,130,NEUTRAL,OK,hr_present,{age_s=0.0}
351.0,CADENCE,65,GREEN,OK,preferred_low_cadence_band,{age_s=0.0}
351.0,GRADE,0,NEUTRAL,OK,flat_deadband,"{grade_raw=0.0, grade_display=0.0}"
351.0,GEAR,WAIT,GRAY,NO_DATA,missing_gear,{}
352.0,SPEED,24.0,NEUTRAL,OK,near_reference,"{reference_kmh=24.06818181818184, age_s=0.0}"
352.0,POWER,160,NEUTRAL,OK,power_present,{age_s=0.0}
352.0,HR,130,NEUTRAL,OK,hr_present,{age_s=0.0}
352.0,CADENCE,65,GREEN,OK,preferred_low_cadence_band,{age_s=0.0}
352.0,GRADE,0,NEUTRAL,OK,flat_deadband,"{grade_raw=0.0, grade_display=0.0}"
352.0,GEAR,WAIT,GRAY,NO_DATA,missing_gear,{}
353.0,SPEED,24.0,NEUTRAL,OK,near_reference,"{reference_kmh=24.06798866855526, age_s=0.0}"
353.0,POWER,160,NEUTRAL,OK,power_present,{age_s=0.0}
353.0,HR,130,NEUTRAL,OK,hr_present,{age_s=0.0}
353.0,CADENCE,65,GREEN,OK,preferred_low_cadence_band,{age_s=0.0}
353.0,GRADE,0,NEUTRAL,OK,flat_deadband,"{grade_raw=0.0, grade_display=0.0}"
353.0,GEAR,WAIT,GRAY,NO_DATA,missing_gear,{}
354.0,SPEED,24.0,NEUTRAL,OK,near_reference,"{reference_kmh=24.067796610169516, age_s=0.0}"
354.0,POWER,160,NEUTRAL,OK,power_present,{age_s=0.0}
354.0,HR,130,NEUTRAL,OK,hr_present,{age_s=0.0}
354.0,CADENCE,65,GREEN,OK,preferred_low_cadence_band,{age_s=0.0}
354.0,GRADE,0,NEUTRAL,OK,flat_deadband,"{grade_raw=0.0, grade_display=0.0}"
354.0,GEAR,WAIT,GRAY,NO_DATA,missing_gear,{}
355.0,SPEED,24.0,NEUTRAL,OK,near_reference,"{reference_kmh=24.067605633802838, age_s=0.0}"
355.0,POWER,160,NEUTRAL,OK,power_present,{age_s=0.0}
355.0,HR,130,NEUTRAL,OK,hr_present,{age_s=0.0}
355.0,CADENCE,65,GREEN,OK,preferred_low_cadence_band,{age_s=0.0}
355.0,GRADE,0,NEUTRAL,OK,flat_deadband,"{grade_raw=0.0, grade_display=0.0}"
355.0,GEAR,WAIT,GRAY,NO_DATA,missing_gear,{}
356.0,SPEED,24.0,NEUTRAL,OK,near_reference,"{reference_kmh=24.067415730337096, age_s=0.0}"
356.0,POWER,160,NEUTRAL,OK,power_present,{age_s=0.0}
356.0,HR,130,NEUTRAL,OK,hr_present,{age_s=0.0}
356.0,CADENCE,65,GREEN,OK,preferred_low_cadence_band,{age_s=0.0}
356.0,GRADE,0,NEUTRAL,OK,flat_deadband,"{grade_raw=0.0, grade_display=0.0}"
356.0,GEAR,WAIT,GRAY,NO_DATA,missing_gear,{}
357.0,SPEED,24.0,NEUTRAL,OK,near_reference,"{reference_kmh=24.06722689075632, age_s=0.0}"
357.0,POWER,160,NEUTRAL,OK,power_present,{age_s=0.0}
357.0,HR,130,NEUTRAL,OK,hr_present,{age_s=0.0}
357.0,CADENCE,65,GREEN,OK,preferred_low_cadence_band,{age_s=0.0}
357.0,GRADE,0,NEUTRAL,OK,flat_deadband,"{grade_raw=0.0, grade_display=0.0}"
357.0,GEAR,WAIT,GRAY,NO_DATA,missing_gear,{}
358.0,SPEED,24.0,NEUTRAL,OK,near_reference,"{reference_kmh=24.067039106145266, age_s=0.0}"
358.0,POWER,160,NEUTRAL,OK,power_present,{age_s=0.0}
358.0,HR,130,NEUTRAL,OK,hr_present,{age_s=0.0}
358.0,CADENCE,65,GREEN,OK,preferred_low_cadence_band,{age_s=0.0}
358.0,GRADE,0,NEUTRAL,OK,flat_deadband,"{grade_raw=0.0, grade_display=0.0}"
358.0,GEAR,WAIT,GRAY,NO_DATA,missing_gear,{}
359.0,SPEED,24.0,NEUTRAL,OK,near_reference,"{reference_kmh=24.066852367688035, age_s=0.0}"
359.0,POWER,160,NEUTRAL,OK,power_present,{age_s=0.0}
359.0,HR,130,NEUTRAL,OK,hr_present,{age_s=0.0}
359.0,CADENCE,65,GREEN,OK,preferred_low_cadence_band,{age_s=0.0}
359.0,GRADE,0,NEUTRAL,OK,flat_deadband,"{grade_raw=0.0, grade_display=0.0}"
359.0,GEAR,WAIT,GRAY,NO_DATA,missing_gear,{}
360.0,SPEED,24.0,NEUTRAL,OK,near_reference,"{reference_kmh=24.06666666666668, age_s=0.0}"
360.0,POWER,160,NEUTRAL,OK,power_present,{age_s=0.0}
360.0,HR,130,NEUTRAL,OK,hr_present,{age_s=0.0}
360.0,CADENCE,65,GREEN,OK,preferred_low_cadence_band,{age_s=0.0}
360.0,GRADE,0,NEUTRAL,OK,flat_deadband,"{grade_raw=0.0, grade_display=0.0}"
360.0,GEAR,WAIT,GRAY,NO_DATA,missing_gear,{}
361.0,SPEED,24.0,NEUTRAL,OK,near_reference,"{reference_kmh=24.066481994459846, age_s=0.0}"
361.0,POWER,160,NEUTRAL,OK,power_present,{age_s=0.0}
361.0,HR,130,NEUTRAL,OK,hr_present,{age_s=0.0}
361.0,CADENCE,65,GREEN,OK,preferred_low_cadence_band,{age_s=0.0}
361.0,GRADE,0,NEUTRAL,OK,flat_deadband,"{grade_raw=0.0, grade_display=0.0}"
361.0,GEAR,WAIT,GRAY,NO_DATA,missing_gear,{}
362.0,SPEED,24.0,NEUTRAL,OK,near_reference,"{reference_kmh=24.066298342541447, age_s=0.0}"
362.0,POWER,160,NEUTRAL,OK,power_present,{age_s=0.0}
362.0,HR,130,NEUTRAL,OK,hr_present,{age_s=0.0}
362.0,CADENCE,65,GREEN,OK,preferred_low_cadence_band,{age_s=0.0}
362.0,GRADE,0,NEUTRAL,OK,flat_deadband,"{grade_raw=0.0, grade_display=0.0}"
362.0,GEAR,WAIT,GRAY,NO_DATA,missing_gear,{}
363.0,SPEED,24.0,NEUTRAL,OK,near_reference,"{reference_kmh=24.066115702479348, age_s=0.0}"
363.0,POWER,160,NEUTRAL,OK,power_present,{age_s=0.0}
363.0,HR,130,NEUTRAL,OK,hr_present,{age_s=0.0}
363.0,CADENCE,65,GREEN,OK,preferred_low_cadence_band,{age_s=0.0}
363.0,GRADE,0,NEUTRAL,OK,flat_deadband,"{grade_raw=0.0, grade_display=0.0}"
363.0,GEAR,WAIT,GRAY,NO_DATA,missing_gear,{}
364.0,SPEED,24.0,NEUTRAL,OK,near_reference,"{reference_kmh=24.065934065934073, age_s=0.0}"
364.0,POWER,160,NEUTRAL,OK,power_present,{age_s=0.0}
364.0,HR,130,NEUTRAL,OK,hr_present,{age_s=0.0}
364.0,CADENCE,65,GREEN,OK,preferred_low_cadence_band,{age_s=0.0}
364.0,GRADE,0,NEUTRAL,OK,flat_deadband,"{grade_raw=0.0, grade_display=0.0}"
364.0,GEAR,WAIT,GRAY,NO_DATA,missing_gear,{}
365.0,SPEED,24.0,NEUTRAL,OK,near_reference,"{reference_kmh=24.065753424657537, age_s=0.0}"
365.0,POWER,160,NEUTRAL,OK,power_present,{age_s=0.0}
365.0,HR,130,NEUTRAL,OK,hr_present,{age_s=0.0}
365.0,CADENCE,65,GREEN,OK,preferred_low_cadence_band,{age_s=0.0}
365.0,GRADE,0,NEUTRAL,OK,flat_deadband,"{grade_raw=0.0, grade_display=0.0}"
365.0,GEAR,WAIT,GRAY,NO_DATA,missing_gear,{}
366.0,SPEED,24.0,NEUTRAL,OK,near_reference,"{reference_kmh=24.065573770491802, age_s=0.0}"
366.0,POWER,160,NEUTRAL,OK,power_present,{age_s=0.0}
366.0,HR,130,NEUTRAL,OK,hr_present,{age_s=0.0}
366.0,CADENCE,65,GREEN,OK,preferred_low_cadence_band,{age_s=0.0}
366.0,GRADE,0,NEUTRAL,OK,flat_deadband,"{grade_raw=0.0, grade_display=0.0}"
366.0,GEAR,WAIT,GRAY,NO_DATA,missing_gear,{}
367.0,SPEED,24.0,NEUTRAL,OK,near_reference,"{reference_kmh=24.065395095367847, age_s=0.0}"
367.0,POWER,160,NEUTRAL,OK,power_present,{age_s=0.0}
367.0,HR,130,NEUTRAL,OK,hr_present,{age_s=0.0}
367.0,CADENCE,65,GREEN,OK,preferred_low_cadence_band,{age_s=0.0}
367.0,GRADE,0,NEUTRAL,OK,flat_deadband,"{grade_raw=0.0, grade_display=0.0}"
367.0,GEAR,WAIT,GRAY,NO_DATA,missing_gear,{}
368.0,SPEED,24.0,NEUTRAL,OK,near_reference,"{reference_kmh=24.065217391304348, age_s=0.0}"
368.0,POWER,160,NEUTRAL,OK,power_present,{age_s=0.0}
368.0,HR,130,NEUTRAL,OK,hr_present,{age_s=0.0}
368.0,CADENCE,65,GREEN,OK,preferred_low_cadence_band,{age_s=0.0}
368.0,GRADE,0,NEUTRAL,OK,flat_deadband,"{grade_raw=0.0, grade_display=0.0}"
368.0,GEAR,WAIT,GRAY,NO_DATA,missing_gear,{}
369.0,SPEED,24.0,NEUTRAL,OK,near_reference,"{reference_kmh=24.0650406504065, age_s=0.0}"
369.0,POWER,160,NEUTRAL,OK,power_present,{age_s=0.0}
369.0,HR,130,NEUTRAL,OK,hr_present,{age_s=0.0}
369.0,CADENCE,65,GREEN,OK,preferred_low_cadence_band,{age_s=0.0}
369.0,GRADE,0,NEUTRAL,OK,flat_deadband,"{grade_raw=0.0, grade_display=0.0}"
369.0,GEAR,WAIT,GRAY,NO_DATA,missing_gear,{}
370.0,SPEED,24.0,NEUTRAL,OK,near_reference,"{reference_kmh=24.064864864864866, age_s=0.0}"
370.0,POWER,160,NEUTRAL,OK,power_present,{age_s=0.0}
370.0,HR,130,NEUTRAL,OK,hr_present,{age_s=0.0}
370.0,CADENCE,65,GREEN,OK,preferred_low_cadence_band,{age_s=0.0}
370.0,GRADE,0,NEUTRAL,OK,flat_deadband,"{grade_raw=0.0, grade_display=0.0}"
370.0,GEAR,WAIT,GRAY,NO_DATA,missing_gear,{}
371.0,SPEED,24.0,NEUTRAL,OK,near_reference,"{reference_kmh=24.064690026954175, age_s=0.0}"
371.0,POWER,160,NEUTRAL,OK,power_present,{age_s=0.0}
371.0,HR,130,NEUTRAL,OK,hr_present,{age_s=0.0}
371.0,CADENCE,65,GREEN,OK,preferred_low_cadence_band,{age_s=0.0}
371.0,GRADE,0,NEUTRAL,OK,flat_deadband,"{grade_raw=0.0, grade_display=0.0}"
371.0,GEAR,WAIT,GRAY,NO_DATA,missing_gear,{}
372.0,SPEED,24.0,NEUTRAL,OK,near_reference,"{reference_kmh=24.064516129032253, age_s=0.0}"
372.0,POWER,160,NEUTRAL,OK,power_present,{age_s=0.0}
372.0,HR,130,NEUTRAL,OK,hr_present,{age_s=0.0}
372.0,CADENCE,65,GREEN,OK,preferred_low_cadence_band,{age_s=0.0}
372.0,GRADE,0,NEUTRAL,OK,flat_deadband,"{grade_raw=0.0, grade_display=0.0}"
372.0,GEAR,WAIT,GRAY,NO_DATA,missing_gear,{}
373.0,SPEED,24.0,NEUTRAL,OK,near_reference,"{reference_kmh=24.06434316353887, age_s=0.0}"
373.0,POWER,160,NEUTRAL,OK,power_present,{age_s=0.0}
373.0,HR,130,NEUTRAL,OK,hr_present,{age_s=0.0}
373.0,CADENCE,65,GREEN,OK,preferred_low_cadence_band,{age_s=0.0}
373.0,GRADE,0,NEUTRAL,OK,flat_deadband,"{grade_raw=0.0, grade_display=0.0}"
373.0,GEAR,WAIT,GRAY,NO_DATA,missing_gear,{}
374.0,SPEED,24.0,NEUTRAL,OK,near_reference,"{reference_kmh=24.064171122994644, age_s=0.0}"
374.0,POWER,160,NEUTRAL,OK,power_present,{age_s=0.0}
374.0,HR,130,NEUTRAL,OK,hr_present,{age_s=0.0}
374.0,CADENCE,65,GREEN,OK,preferred_low_cadence_band,{age_s=0.0}
374.0,GRADE,0,NEUTRAL,OK,flat_deadband,"{grade_raw=0.0, grade_display=0.0}"
374.0,GEAR,WAIT,GRAY,NO_DATA,missing_gear,{}
375.0,SPEED,24.0,NEUTRAL,OK,near_reference,"{reference_kmh=24.063999999999986, age_s=0.0}"
375.0,POWER,160,NEUTRAL,OK,power_present,{age_s=0.0}
375.0,HR,130,NEUTRAL,OK,hr_present,{age_s=0.0}
375.0,CADENCE,65,GREEN,OK,preferred_low_cadence_band,{age_s=0.0}
375.0,GRADE,0,NEUTRAL,OK,flat_deadband,"{grade_raw=0.0, grade_display=0.0}"
375.0,GEAR,WAIT,GRAY,NO_DATA,missing_gear,{}
376.0,SPEED,24.0,NEUTRAL,OK,near_reference,"{reference_kmh=24.06382978723403, age_s=0.0}"
376.0,POWER,160,NEUTRAL,OK,power_present,{age_s=0.0}
376.0,HR,130,NEUTRAL,OK,hr_present,{age_s=0.0}
376.0,CADENCE,65,GREEN,OK,preferred_low_cadence_band,{age_s=0.0}
376.0,GRADE,0,NEUTRAL,OK,flat_deadband,"{grade_raw=0.0, grade_display=0.0}"
376.0,GEAR,WAIT,GRAY,NO_DATA,missing_gear,{}
377.0,SPEED,24.0,NEUTRAL,OK,near_reference,"{reference_kmh=24.06366047745357, age_s=0.0}"
377.0,POWER,160,NEUTRAL,OK,power_present,{age_s=0.0}
377.0,HR,130,NEUTRAL,OK,hr_present,{age_s=0.0}
377.0,CADENCE,65,GREEN,OK,preferred_low_cadence_band,{age_s=0.0}
377.0,GRADE,0,NEUTRAL,OK,flat_deadband,"{grade_raw=0.0, grade_display=0.0}"
377.0,GEAR,WAIT,GRAY,NO_DATA,missing_gear,{}
378.0,SPEED,24.0,NEUTRAL,OK,near_reference,"{reference_kmh=24.06349206349205, age_s=0.0}"
378.0,POWER,160,NEUTRAL,OK,power_present,{age_s=0.0}
378.0,HR,130,NEUTRAL,OK,hr_present,{age_s=0.0}
378.0,CADENCE,65,GREEN,OK,preferred_low_cadence_band,{age_s=0.0}
378.0,GRADE,0,NEUTRAL,OK,flat_deadband,"{grade_raw=0.0, grade_display=0.0}"
378.0,GEAR,WAIT,GRAY,NO_DATA,missing_gear,{}
379.0,SPEED,24.0,NEUTRAL,OK,near_reference,"{reference_kmh=24.063324538258563, age_s=0.0}"
379.0,POWER,160,NEUTRAL,OK,power_present,{age_s=0.0}
379.0,HR,130,NEUTRAL,OK,hr_present,{age_s=0.0}
379.0,CADENCE,65,GREEN,OK,preferred_low_cadence_band,{age_s=0.0}
379.0,GRADE,0,NEUTRAL,OK,flat_deadband,"{grade_raw=0.0, grade_display=0.0}"
379.0,GEAR,WAIT,GRAY,NO_DATA,missing_gear,{}
380.0,SPEED,24.0,NEUTRAL,OK,near_reference,"{reference_kmh=24.063157894736825, age_s=0.0}"
380.0,POWER,160,NEUTRAL,OK,power_present,{age_s=0.0}
380.0,HR,130,NEUTRAL,OK,hr_present,{age_s=0.0}
380.0,CADENCE,65,GREEN,OK,preferred_low_cadence_band,{age_s=0.0}
380.0,GRADE,0,NEUTRAL,OK,flat_deadband,"{grade_raw=0.0, grade_display=0.0}"
380.0,GEAR,WAIT,GRAY,NO_DATA,missing_gear,{}
381.0,SPEED,24.0,NEUTRAL,OK,near_reference,"{reference_kmh=24.062992125984234, age_s=0.0}"
381.0,POWER,160,NEUTRAL,OK,power_present,{age_s=0.0}
381.0,HR,130,NEUTRAL,OK,hr_present,{age_s=0.0}
381.0,CADENCE,65,GREEN,OK,preferred_low_cadence_band,{age_s=0.0}
381.0,GRADE,0,NEUTRAL,OK,flat_deadband,"{grade_raw=0.0, grade_display=0.0}"
381.0,GEAR,WAIT,GRAY,NO_DATA,missing_gear,{}
382.0,SPEED,24.0,NEUTRAL,OK,near_reference,"{reference_kmh=24.062827225130867, age_s=0.0}"
382.0,POWER,160,NEUTRAL,OK,power_present,{age_s=0.0}
382.0,HR,130,NEUTRAL,OK,hr_present,{age_s=0.0}
382.0,CADENCE,65,GREEN,OK,preferred_low_cadence_band,{age_s=0.0}
382.0,GRADE,0,NEUTRAL,OK,flat_deadband,"{grade_raw=0.0, grade_display=0.0}"
382.0,GEAR,WAIT,GRAY,NO_DATA,missing_gear,{}
383.0,SPEED,24.0,NEUTRAL,OK,near_reference,"{reference_kmh=24.062663185378568, age_s=0.0}"
383.0,POWER,160,NEUTRAL,OK,power_present,{age_s=0.0}
383.0,HR,130,NEUTRAL,OK,hr_present,{age_s=0.0}
383.0,CADENCE,65,GREEN,OK,preferred_low_cadence_band,{age_s=0.0}
383.0,GRADE,0,NEUTRAL,OK,flat_deadband,"{grade_raw=0.0, grade_display=0.0}"
383.0,GEAR,WAIT,GRAY,NO_DATA,missing_gear,{}
384.0,SPEED,24.0,NEUTRAL,OK,near_reference,"{reference_kmh=24.062499999999975, age_s=0.0}"
384.0,POWER,160,NEUTRAL,OK,power_present,{age_s=0.0}
384.0,HR,130,NEUTRAL,OK,hr_present,{age_s=0.0}
384.0,CADENCE,65,GREEN,OK,preferred_low_cadence_band,{age_s=0.0}
384.0,GRADE,0,NEUTRAL,OK,flat_deadband,"{grade_raw=0.0, grade_display=0.0}"
384.0,GEAR,WAIT,GRAY,NO_DATA,missing_gear,{}
385.0,SPEED,24.0,NEUTRAL,OK,near_reference,"{reference_kmh=24.062337662337637, age_s=0.0}"
385.0,POWER,160,NEUTRAL,OK,power_present,{age_s=0.0}
385.0,HR,130,NEUTRAL,OK,hr_present,{age_s=0.0}
385.0,CADENCE,65,GREEN,OK,preferred_low_cadence_band,{age_s=0.0}
385.0,GRADE,0,NEUTRAL,OK,flat_deadband,"{grade_raw=0.0, grade_display=0.0}"
385.0,GEAR,WAIT,GRAY,NO_DATA,missing_gear,{}
386.0,SPEED,24.0,NEUTRAL,OK,near_reference,"{reference_kmh=24.062176165803084, age_s=0.0}"
386.0,POWER,160,NEUTRAL,OK,power_present,{age_s=0.0}
386.0,HR,130,NEUTRAL,OK,hr_present,{age_s=0.0}
386.0,CADENCE,65,GREEN,OK,preferred_low_cadence_band,{age_s=0.0}
386.0,GRADE,0,NEUTRAL,OK,flat_deadband,"{grade_raw=0.0, grade_display=0.0}"
386.0,GEAR,WAIT,GRAY,NO_DATA,missing_gear,{}
387.0,SPEED,24.0,NEUTRAL,OK,near_reference,"{reference_kmh=24.062015503875944, age_s=0.0}"
387.0,POWER,160,NEUTRAL,OK,power_present,{age_s=0.0}
387.0,HR,130,NEUTRAL,OK,hr_present,{age_s=0.0}
387.0,CADENCE,65,GREEN,OK,preferred_low_cadence_band,{age_s=0.0}
387.0,GRADE,0,NEUTRAL,OK,flat_deadband,"{grade_raw=0.0, grade_display=0.0}"
387.0,GEAR,WAIT,GRAY,NO_DATA,missing_gear,{}
388.0,SPEED,24.0,NEUTRAL,OK,near_reference,"{reference_kmh=24.061855670103064, age_s=0.0}"
388.0,POWER,160,NEUTRAL,OK,power_present,{age_s=0.0}
388.0,HR,130,NEUTRAL,OK,hr_present,{age_s=0.0}
388.0,CADENCE,65,GREEN,OK,preferred_low_cadence_band,{age_s=0.0}
388.0,GRADE,0,NEUTRAL,OK,flat_deadband,"{grade_raw=0.0, grade_display=0.0}"
388.0,GEAR,WAIT,GRAY,NO_DATA,missing_gear,{}
389.0,SPEED,24.0,NEUTRAL,OK,near_reference,"{reference_kmh=24.06169665809766, age_s=0.0}"
389.0,POWER,160,NEUTRAL,OK,power_present,{age_s=0.0}
389.0,HR,130,NEUTRAL,OK,hr_present,{age_s=0.0}
389.0,CADENCE,65,GREEN,OK,preferred_low_cadence_band,{age_s=0.0}
389.0,GRADE,0,NEUTRAL,OK,flat_deadband,"{grade_raw=0.0, grade_display=0.0}"
389.0,GEAR,WAIT,GRAY,NO_DATA,missing_gear,{}
390.0,SPEED,24.0,NEUTRAL,OK,near_reference,"{reference_kmh=24.06153846153843, age_s=0.0}"
390.0,POWER,160,NEUTRAL,OK,power_present,{age_s=0.0}
390.0,HR,130,NEUTRAL,OK,hr_present,{age_s=0.0}
390.0,CADENCE,65,GREEN,OK,preferred_low_cadence_band,{age_s=0.0}
390.0,GRADE,0,NEUTRAL,OK,flat_deadband,"{grade_raw=0.0, grade_display=0.0}"
390.0,GEAR,WAIT,GRAY,NO_DATA,missing_gear,{}
391.0,SPEED,24.0,NEUTRAL,OK,near_reference,"{reference_kmh=24.061381074168764, age_s=0.0}"
391.0,POWER,160,NEUTRAL,OK,power_present,{age_s=0.0}
391.0,HR,130,NEUTRAL,OK,hr_present,{age_s=0.0}
391.0,CADENCE,65,GREEN,OK,preferred_low_cadence_band,{age_s=0.0}
391.0,GRADE,0,NEUTRAL,OK,flat_deadband,"{grade_raw=0.0, grade_display=0.0}"
391.0,GEAR,WAIT,GRAY,NO_DATA,missing_gear,{}
392.0,SPEED,24.0,NEUTRAL,OK,near_reference,"{reference_kmh=24.061224489795887, age_s=0.0}"
392.0,POWER,160,NEUTRAL,OK,power_present,{age_s=0.0}
392.0,HR,130,NEUTRAL,OK,hr_present,{age_s=0.0}
392.0,CADENCE,65,GREEN,OK,preferred_low_cadence_band,{age_s=0.0}
392.0,GRADE,0,NEUTRAL,OK,flat_deadband,"{grade_raw=0.0, grade_display=0.0}"
392.0,GEAR,WAIT,GRAY,NO_DATA,missing_gear,{}
393.0,SPEED,24.0,NEUTRAL,OK,near_reference,"{reference_kmh=24.061068702290044, age_s=0.0}"
393.0,POWER,160,NEUTRAL,OK,power_present,{age_s=0.0}
393.0,HR,130,NEUTRAL,OK,hr_present,{age_s=0.0}
393.0,CADENCE,65,GREEN,OK,preferred_low_cadence_band,{age_s=0.0}
393.0,GRADE,0,NEUTRAL,OK,flat_deadband,"{grade_raw=0.0, grade_display=0.0}"
393.0,GEAR,WAIT,GRAY,NO_DATA,missing_gear,{}
394.0,SPEED,24.0,NEUTRAL,OK,near_reference,"{reference_kmh=24.06091370558372, age_s=0.0}"
394.0,POWER,160,NEUTRAL,OK,power_present,{age_s=0.0}
394.0,HR,130,NEUTRAL,OK,hr_present,{age_s=0.0}
394.0,CADENCE,65,GREEN,OK,preferred_low_cadence_band,{age_s=0.0}
394.0,GRADE,0,NEUTRAL,OK,flat_deadband,"{grade_raw=0.0, grade_display=0.0}"
394.0,GEAR,WAIT,GRAY,NO_DATA,missing_gear,{}
395.0,SPEED,24.0,NEUTRAL,OK,near_reference,"{reference_kmh=24.06075949367085, age_s=0.0}"
395.0,POWER,160,NEUTRAL,OK,power_present,{age_s=0.0}
395.0,HR,130,NEUTRAL,OK,hr_present,{age_s=0.0}
395.0,CADENCE,65,GREEN,OK,preferred_low_cadence_band,{age_s=0.0}
395.0,GRADE,0,NEUTRAL,OK,flat_deadband,"{grade_raw=0.0, grade_display=0.0}"
395.0,GEAR,WAIT,GRAY,NO_DATA,missing_gear,{}
396.0,SPEED,24.0,NEUTRAL,OK,near_reference,"{reference_kmh=24.060606060606023, age_s=0.0}"
396.0,POWER,160,NEUTRAL,OK,power_present,{age_s=0.0}
396.0,HR,130,NEUTRAL,OK,hr_present,{age_s=0.0}
396.0,CADENCE,65,GREEN,OK,preferred_low_cadence_band,{age_s=0.0}
396.0,GRADE,0,NEUTRAL,OK,flat_deadband,"{grade_raw=0.0, grade_display=0.0}"
396.0,GEAR,WAIT,GRAY,NO_DATA,missing_gear,{}
397.0,SPEED,24.0,NEUTRAL,OK,near_reference,"{reference_kmh=24.060453400503736, age_s=0.0}"
397.0,POWER,160,NEUTRAL,OK,power_present,{age_s=0.0}
397.0,HR,130,NEUTRAL,OK,hr_present,{age_s=0.0}
397.0,CADENCE,65,GREEN,OK,preferred_low_cadence_band,{age_s=0.0}
397.0,GRADE,0,NEUTRAL,OK,flat_deadband,"{grade_raw=0.0, grade_display=0.0}"
397.0,GEAR,WAIT,GRAY,NO_DATA,missing_gear,{}
398.0,SPEED,24.0,NEUTRAL,OK,near_reference,"{reference_kmh=24.060301507537645, age_s=0.0}"
398.0,POWER,160,NEUTRAL,OK,power_present,{age_s=0.0}
398.0,HR,130,NEUTRAL,OK,hr_present,{age_s=0.0}
398.0,CADENCE,65,GREEN,OK,preferred_low_cadence_band,{age_s=0.0}
398.0,GRADE,0,NEUTRAL,OK,flat_deadband,"{grade_raw=0.0, grade_display=0.0}"
398.0,GEAR,WAIT,GRAY,NO_DATA,missing_gear,{}
399.0,SPEED,24.0,NEUTRAL,OK,near_reference,"{reference_kmh=24.060150375939806, age_s=0.0}"
399.0,POWER,160,NEUTRAL,OK,power_present,{age_s=0.0}
399.0,HR,130,NEUTRAL,OK,hr_present,{age_s=0.0}
399.0,CADENCE,65,GREEN,OK,preferred_low_cadence_band,{age_s=0.0}
399.0,GRADE,0,NEUTRAL,OK,flat_deadband,"{grade_raw=0.0, grade_display=0.0}"
399.0,GEAR,WAIT,GRAY,NO_DATA,missing_gear,{}
400.0,SPEED,24.0,NEUTRAL,OK,near_reference,"{reference_kmh=24.059999999999956, age_s=0.0}"
400.0,POWER,160,NEUTRAL,OK,power_present,{age_s=0.0}
400.0,HR,130,NEUTRAL,OK,hr_present,{age_s=0.0}
400.0,CADENCE,65,GREEN,OK,preferred_low_cadence_band,{age_s=0.0}
400.0,GRADE,0,NEUTRAL,OK,flat_deadband,"{grade_raw=0.0, grade_display=0.0}"
400.0,GEAR,WAIT,GRAY,NO_DATA,missing_gear,{}
401.0,SPEED,24.0,NEUTRAL,OK,near_reference,"{reference_kmh=24.059850374064794, age_s=0.0}"
401.0,POWER,160,NEUTRAL,OK,power_present,{age_s=0.0}
401.0,HR,130,NEUTRAL,OK,hr_present,{age_s=0.0}
401.0,CADENCE,65,GREEN,OK,preferred_low_cadence_band,{age_s=0.0}
401.0,GRADE,0,NEUTRAL,OK,flat_deadband,"{grade_raw=0.0, grade_display=0.0}"
401.0,GEAR,WAIT,GRAY,NO_DATA,missing_gear,{}
402.0,SPEED,24.0,NEUTRAL,OK,near_reference,"{reference_kmh=24.05970149253727, age_s=0.0}"
402.0,POWER,160,NEUTRAL,OK,power_present,{age_s=0.0}
402.0,HR,130,NEUTRAL,OK,hr_present,{age_s=0.0}
402.0,CADENCE,65,GREEN,OK,preferred_low_cadence_band,{age_s=0.0}
402.0,GRADE,0,NEUTRAL,OK,flat_deadband,"{grade_raw=0.0, grade_display=0.0}"
402.0,GEAR,WAIT,GRAY,NO_DATA,missing_gear,{}
403.0,SPEED,24.0,NEUTRAL,OK,near_reference,"{reference_kmh=24.059553349875884, age_s=0.0}"
403.0,POWER,160,NEUTRAL,OK,power_present,{age_s=0.0}
403.0,HR,130,NEUTRAL,OK,hr_present,{age_s=0.0}
403.0,CADENCE,65,GREEN,OK,preferred_low_cadence_band,{age_s=0.0}
403.0,GRADE,0,NEUTRAL,OK,flat_deadband,"{grade_raw=0.0, grade_display=0.0}"
403.0,GEAR,WAIT,GRAY,NO_DATA,missing_gear,{}
404.0,SPEED,24.0,NEUTRAL,OK,near_reference,"{reference_kmh=24.059405940594008, age_s=0.0}"
404.0,POWER,160,NEUTRAL,OK,power_present,{age_s=0.0}
404.0,HR,130,NEUTRAL,OK,hr_present,{age_s=0.0}
404.0,CADENCE,65,GREEN,OK,preferred_low_cadence_band,{age_s=0.0}
404.0,GRADE,0,NEUTRAL,OK,flat_deadband,"{grade_raw=0.0, grade_display=0.0}"
404.0,GEAR,WAIT,GRAY,NO_DATA,missing_gear,{}
405.0,SPEED,24.0,NEUTRAL,OK,near_reference,"{reference_kmh=24.05925925925921, age_s=0.0}"
405.0,POWER,160,NEUTRAL,OK,power_present,{age_s=0.0}
405.0,HR,130,NEUTRAL,OK,hr_present,{age_s=0.0}
405.0,CADENCE,65,GREEN,OK,preferred_low_cadence_band,{age_s=0.0}
405.0,GRADE,0,NEUTRAL,OK,flat_deadband,"{grade_raw=0.0, grade_display=0.0}"
405.0,GEAR,WAIT,GRAY,NO_DATA,missing_gear,{}
406.0,SPEED,24.0,NEUTRAL,OK,near_reference,"{reference_kmh=24.05911330049256, age_s=0.0}"
406.0,POWER,160,NEUTRAL,OK,power_present,{age_s=0.0}
406.0,HR,130,NEUTRAL,OK,hr_present,{age_s=0.0}
406.0,CADENCE,65,GREEN,OK,preferred_low_cadence_band,{age_s=0.0}
406.0,GRADE,0,NEUTRAL,OK,flat_deadband,"{grade_raw=0.0, grade_display=0.0}"
406.0,GEAR,WAIT,GRAY,NO_DATA,missing_gear,{}
407.0,SPEED,24.0,NEUTRAL,OK,near_reference,"{reference_kmh=24.058968058968006, age_s=0.0}"
407.0,POWER,160,NEUTRAL,OK,power_present,{age_s=0.0}
407.0,HR,130,NEUTRAL,OK,hr_present,{age_s=0.0}
407.0,CADENCE,65,GREEN,OK,preferred_low_cadence_band,{age_s=0.0}
407.0,GRADE,0,NEUTRAL,OK,flat_deadband,"{grade_raw=0.0, grade_display=0.0}"
407.0,GEAR,WAIT,GRAY,NO_DATA,missing_gear,{}
408.0,SPEED,24.0,NEUTRAL,OK,near_reference,"{reference_kmh=24.058823529411715, age_s=0.0}"
408.0,POWER,160,NEUTRAL,OK,power_present,{age_s=0.0}
408.0,HR,130,NEUTRAL,OK,hr_present,{age_s=0.0}
408.0,CADENCE,65,GREEN,OK,preferred_low_cadence_band,{age_s=0.0}
408.0,GRADE,0,NEUTRAL,OK,flat_deadband,"{grade_raw=0.0, grade_display=0.0}"
408.0,GEAR,WAIT,GRAY,NO_DATA,missing_gear,{}
409.0,SPEED,24.0,NEUTRAL,OK,near_reference,"{reference_kmh=24.058679706601414, age_s=0.0}"
409.0,POWER,160,NEUTRAL,OK,power_present,{age_s=0.0}
409.0,HR,130,NEUTRAL,OK,hr_present,{age_s=0.0}
409.0,CADENCE,65,GREEN,OK,preferred_low_cadence_band,{age_s=0.0}
409.0,GRADE,0,NEUTRAL,OK,flat_deadband,"{grade_raw=0.0, grade_display=0.0}"
409.0,GEAR,WAIT,GRAY,NO_DATA,missing_gear,{}
410.0,SPEED,24.0,NEUTRAL,OK,near_reference,"{reference_kmh=24.058536585365797, age_s=0.0}"
410.0,POWER,160,NEUTRAL,OK,power_present,{age_s=0.0}
410.0,HR,130,NEUTRAL,OK,hr_present,{age_s=0.0}
410.0,CADENCE,65,GREEN,OK,preferred_low_cadence_band,{age_s=0.0}
410.0,GRADE,0,NEUTRAL,OK,flat_deadband,"{grade_raw=0.0, grade_display=0.0}"
410.0,GEAR,WAIT,GRAY,NO_DATA,missing_gear,{}
411.0,SPEED,24.0,NEUTRAL,OK,near_reference,"{reference_kmh=24.058394160583884, age_s=0.0}"
411.0,POWER,160,NEUTRAL,OK,power_present,{age_s=0.0}
411.0,HR,130,NEUTRAL,OK,hr_present,{age_s=0.0}
411.0,CADENCE,65,GREEN,OK,preferred_low_cadence_band,{age_s=0.0}
411.0,GRADE,0,NEUTRAL,OK,flat_deadband,"{grade_raw=0.0, grade_display=0.0}"
411.0,GEAR,WAIT,GRAY,NO_DATA,missing_gear,{}
412.0,SPEED,24.0,NEUTRAL,OK,near_reference,"{reference_kmh=24.058252427184406, age_s=0.0}"
412.0,POWER,160,NEUTRAL,OK,power_present,{age_s=0.0}
412.0,HR,130,NEUTRAL,OK,hr_present,{age_s=0.0}
412.0,CADENCE,65,GREEN,OK,preferred_low_cadence_band,{age_s=0.0}
412.0,GRADE,0,NEUTRAL,OK,flat_deadband,"{grade_raw=0.0, grade_display=0.0}"
412.0,GEAR,WAIT,GRAY,NO_DATA,missing_gear,{}
413.0,SPEED,24.0,NEUTRAL,OK,near_reference,"{reference_kmh=24.058111380145217, age_s=0.0}"
413.0,POWER,160,NEUTRAL,OK,power_present,{age_s=0.0}
413.0,HR,130,NEUTRAL,OK,hr_present,{age_s=0.0}
413.0,CADENCE,65,GREEN,OK,preferred_low_cadence_band,{age_s=0.0}
413.0,GRADE,0,NEUTRAL,OK,flat_deadband,"{grade_raw=0.0, grade_display=0.0}"
413.0,GEAR,WAIT,GRAY,NO_DATA,missing_gear,{}
414.0,SPEED,24.0,NEUTRAL,OK,near_reference,"{reference_kmh=24.05797101449269, age_s=0.0}"
414.0,POWER,160,NEUTRAL,OK,power_present,{age_s=0.0}
414.0,HR,130,NEUTRAL,OK,hr_present,{age_s=0.0}
414.0,CADENCE,65,GREEN,OK,preferred_low_cadence_band,{age_s=0.0}
414.0,GRADE,0,NEUTRAL,OK,flat_deadband,"{grade_raw=0.0, grade_display=0.0}"
414.0,GEAR,WAIT,GRAY,NO_DATA,missing_gear,{}
415.0,SPEED,24.0,NEUTRAL,OK,near_reference,"{reference_kmh=24.05783132530114, age_s=0.0}"
415.0,POWER,160,NEUTRAL,OK,power_present,{age_s=0.0}
415.0,HR,130,NEUTRAL,OK,hr_present,{age_s=0.0}
415.0,CADENCE,65,GREEN,OK,preferred_low_cadence_band,{age_s=0.0}
415.0,GRADE,0,NEUTRAL,OK,flat_deadband,"{grade_raw=0.0, grade_display=0.0}"
415.0,GEAR,WAIT,GRAY,NO_DATA,missing_gear,{}
416.0,SPEED,24.0,NEUTRAL,OK,near_reference,"{reference_kmh=24.057692307692246, age_s=0.0}"
416.0,POWER,160,NEUTRAL,OK,power_present,{age_s=0.0}
416.0,HR,130,NEUTRAL,OK,hr_present,{age_s=0.0}
416.0,CADENCE,65,GREEN,OK,preferred_low_cadence_band,{age_s=0.0}
416.0,GRADE,0,NEUTRAL,OK,flat_deadband,"{grade_raw=0.0, grade_display=0.0}"
416.0,GEAR,WAIT,GRAY,NO_DATA,missing_gear,{}
417.0,SPEED,24.0,NEUTRAL,OK,near_reference,"{reference_kmh=24.057553956834468, age_s=0.0}"
417.0,POWER,160,NEUTRAL,OK,power_present,{age_s=0.0}
417.0,HR,130,NEUTRAL,OK,hr_present,{age_s=0.0}
417.0,CADENCE,65,GREEN,OK,preferred_low_cadence_band,{age_s=0.0}
417.0,GRADE,0,NEUTRAL,OK,flat_deadband,"{grade_raw=0.0, grade_display=0.0}"
417.0,GEAR,WAIT,GRAY,NO_DATA,missing_gear,{}
418.0,SPEED,24.0,NEUTRAL,OK,near_reference,"{reference_kmh=24.05741626794252, age_s=0.0}"
418.0,POWER,160,NEUTRAL,OK,power_present,{age_s=0.0}
418.0,HR,130,NEUTRAL,OK,hr_present,{age_s=0.0}
418.0,CADENCE,65,GREEN,OK,preferred_low_cadence_band,{age_s=0.0}
418.0,GRADE,0,NEUTRAL,OK,flat_deadband,"{grade_raw=0.0, grade_display=0.0}"
418.0,GEAR,WAIT,GRAY,NO_DATA,missing_gear,{}
419.0,SPEED,24.0,NEUTRAL,OK,near_reference,"{reference_kmh=24.057279236276784, age_s=0.0}"
419.0,POWER,160,NEUTRAL,OK,power_present,{age_s=0.0}
419.0,HR,130,NEUTRAL,OK,hr_present,{age_s=0.0}
419.0,CADENCE,65,GREEN,OK,preferred_low_cadence_band,{age_s=0.0}
419.0,GRADE,0,NEUTRAL,OK,flat_deadband,"{grade_raw=0.0, grade_display=0.0}"
419.0,GEAR,WAIT,GRAY,NO_DATA,missing_gear,{}
420.0,SPEED,24.0,NEUTRAL,OK,near_reference,"{reference_kmh=24.05714285714279, age_s=0.0}"
420.0,POWER,160,NEUTRAL,OK,power_present,{age_s=0.0}
420.0,HR,130,NEUTRAL,OK,hr_present,{age_s=0.0}
420.0,CADENCE,65,GREEN,OK,preferred_low_cadence_band,{age_s=1.0}
420.0,GRADE,0,NEUTRAL,OK,flat_deadband,"{grade_raw=0.0, grade_display=0.0}"
420.0,GEAR,WAIT,GRAY,NO_DATA,missing_gear,{}
421.0,SPEED,24.0,NEUTRAL,OK,near_reference,"{reference_kmh=24.057007125890667, age_s=0.0}"
421.0,POWER,160,NEUTRAL,OK,power_present,{age_s=0.0}
421.0,HR,130,NEUTRAL,OK,hr_present,{age_s=0.0}
421.0,CADENCE,65,GREEN,OK,preferred_low_cadence_band,{age_s=2.0}
421.0,GRADE,0,NEUTRAL,OK,flat_deadband,"{grade_raw=0.0, grade_display=0.0}"
421.0,GEAR,WAIT,GRAY,NO_DATA,missing_gear,{}
422.0,SPEED,24.0,NEUTRAL,OK,near_reference,"{reference_kmh=24.056872037914623, age_s=0.0}"
422.0,POWER,160,NEUTRAL,OK,power_present,{age_s=0.0}
422.0,HR,130,NEUTRAL,OK,hr_present,{age_s=0.0}
422.0,CADENCE,65,GREEN,OK,preferred_low_cadence_band,{age_s=3.0}
422.0,GRADE,0,NEUTRAL,OK,flat_deadband,"{grade_raw=0.0, grade_display=0.0}"
422.0,GEAR,WAIT,GRAY,NO_DATA,missing_gear,{}
423.0,SPEED,24.0,NEUTRAL,OK,near_reference,"{reference_kmh=24.05673758865241, age_s=0.0}"
423.0,POWER,160,NEUTRAL,OK,power_present,{age_s=0.0}
423.0,HR,130,NEUTRAL,OK,hr_present,{age_s=0.0}
423.0,CADENCE,65,GREEN,OK,preferred_low_cadence_band,{age_s=4.0}
423.0,GRADE,0,NEUTRAL,OK,flat_deadband,"{grade_raw=0.0, grade_display=0.0}"
423.0,GEAR,WAIT,GRAY,NO_DATA,missing_gear,{}
424.0,SPEED,24.0,NEUTRAL,OK,near_reference,"{reference_kmh=24.056603773584836, age_s=0.0}"
424.0,POWER,160,NEUTRAL,OK,power_present,{age_s=0.0}
424.0,HR,130,NEUTRAL,OK,hr_present,{age_s=0.0}
424.0,CADENCE,65,GREEN,OK,preferred_low_cadence_band,{age_s=5.0}
424.0,GRADE,0,NEUTRAL,OK,flat_deadband,"{grade_raw=0.0, grade_display=0.0}"
424.0,GEAR,WAIT,GRAY,NO_DATA,missing_gear,{}
425.0,SPEED,24.0,NEUTRAL,OK,near_reference,"{reference_kmh=24.05647058823522, age_s=0.0}"
425.0,POWER,160,NEUTRAL,OK,power_present,{age_s=0.0}
425.0,HR,130,NEUTRAL,OK,hr_present,{age_s=0.0}
425.0,CADENCE,65,GRAY,STALE,cadence_stale,{age_s=6.0}
425.0,GRADE,0,NEUTRAL,OK,flat_deadband,"{grade_raw=0.0, grade_display=0.0}"
425.0,GEAR,WAIT,GRAY,NO_DATA,missing_gear,{}
426.0,SPEED,24.0,NEUTRAL,OK,near_reference,"{reference_kmh=24.056338028168938, age_s=0.0}"
426.0,POWER,160,NEUTRAL,OK,power_present,{age_s=0.0}
426.0,HR,130,NEUTRAL,OK,hr_present,{age_s=0.0}
426.0,CADENCE,65,GRAY,STALE,cadence_stale,{age_s=7.0}
426.0,GRADE,0,NEUTRAL,OK,flat_deadband,"{grade_raw=0.0, grade_display=0.0}"
426.0,GEAR,WAIT,GRAY,NO_DATA,missing_gear,{}
427.0,SPEED,24.0,NEUTRAL,OK,near_reference,"{reference_kmh=24.056206088992898, age_s=0.0}"
427.0,POWER,160,NEUTRAL,OK,power_present,{age_s=0.0}
427.0,HR,130,NEUTRAL,OK,hr_present,{age_s=0.0}
427.0,CADENCE,65,GRAY,STALE,cadence_stale,{age_s=8.0}
427.0,GRADE,0,NEUTRAL,OK,flat_deadband,"{grade_raw=0.0, grade_display=0.0}"
427.0,GEAR,WAIT,GRAY,NO_DATA,missing_gear,{}
428.0,SPEED,24.0,NEUTRAL,OK,near_reference,"{reference_kmh=24.056074766355064, age_s=0.0}"
428.0,POWER,160,NEUTRAL,OK,power_present,{age_s=0.0}
428.0,HR,130,NEUTRAL,OK,hr_present,{age_s=0.0}
428.0,CADENCE,65,GRAY,STALE,cadence_stale,{age_s=9.0}
428.0,GRADE,0,NEUTRAL,OK,flat_deadband,"{grade_raw=0.0, grade_display=0.0}"
428.0,GEAR,WAIT,GRAY,NO_DATA,missing_gear,{}
429.0,SPEED,24.0,NEUTRAL,OK,near_reference,"{reference_kmh=24.05594405594398, age_s=0.0}"
429.0,POWER,160,NEUTRAL,OK,power_present,{age_s=0.0}
429.0,HR,130,NEUTRAL,OK,hr_present,{age_s=0.0}
429.0,CADENCE,65,GRAY,STALE,cadence_stale,{age_s=10.0}
429.0,GRADE,0,NEUTRAL,OK,flat_deadband,"{grade_raw=0.0, grade_display=0.0}"
429.0,GEAR,WAIT,GRAY,NO_DATA,missing_gear,{}
430.0,SPEED,24.0,NEUTRAL,OK,near_reference,"{reference_kmh=24.05581395348829, age_s=0.0}"
430.0,POWER,160,NEUTRAL,OK,power_present,{age_s=0.0}
430.0,HR,130,NEUTRAL,OK,hr_present,{age_s=0.0}
430.0,CADENCE,65,GRAY,STALE,cadence_stale,{age_s=11.0}
430.0,GRADE,0,NEUTRAL,OK,flat_deadband,"{grade_raw=0.0, grade_display=0.0}"
430.0,GEAR,WAIT,GRAY,NO_DATA,missing_gear,{}
431.0,SPEED,24.0,NEUTRAL,OK,near_reference,"{reference_kmh=24.055684454756303, age_s=0.0}"
431.0,POWER,160,NEUTRAL,OK,power_present,{age_s=0.0}
431.0,HR,130,NEUTRAL,OK,hr_present,{age_s=0.0}
431.0,CADENCE,65,GRAY,STALE,cadence_stale,{age_s=12.0}
431.0,GRADE,0,NEUTRAL,OK,flat_deadband,"{grade_raw=0.0, grade_display=0.0}"
431.0,GEAR,WAIT,GRAY,NO_DATA,missing_gear,{}
432.0,SPEED,24.0,NEUTRAL,OK,near_reference,"{reference_kmh=24.055555555555475, age_s=0.0}"
432.0,POWER,160,NEUTRAL,OK,power_present,{age_s=0.0}
432.0,HR,130,NEUTRAL,OK,hr_present,{age_s=0.0}
432.0,CADENCE,65,GRAY,STALE,cadence_stale,{age_s=13.0}
432.0,GRADE,0,NEUTRAL,OK,flat_deadband,"{grade_raw=0.0, grade_display=0.0}"
432.0,GEAR,WAIT,GRAY,NO_DATA,missing_gear,{}
433.0,SPEED,24.0,NEUTRAL,OK,near_reference,"{reference_kmh=24.05542725173202, age_s=0.0}"
433.0,POWER,160,NEUTRAL,OK,power_present,{age_s=0.0}
433.0,HR,130,NEUTRAL,OK,hr_present,{age_s=0.0}
433.0,CADENCE,65,GRAY,STALE,cadence_stale,{age_s=14.0}
433.0,GRADE,0,NEUTRAL,OK,flat_deadband,"{grade_raw=0.0, grade_display=0.0}"
433.0,GEAR,WAIT,GRAY,NO_DATA,missing_gear,{}
434.0,SPEED,24.0,NEUTRAL,OK,near_reference,"{reference_kmh=24.055299539170424, age_s=0.0}"
434.0,POWER,160,NEUTRAL,OK,power_present,{age_s=0.0}
434.0,HR,130,NEUTRAL,OK,hr_present,{age_s=0.0}
434.0,CADENCE,65,GRAY,STALE,cadence_stale,{age_s=15.0}
434.0,GRADE,0,NEUTRAL,OK,flat_deadband,"{grade_raw=0.0, grade_display=0.0}"
434.0,GEAR,WAIT,GRAY,NO_DATA,missing_gear,{}
435.0,SPEED,24.0,NEUTRAL,OK,near_reference,"{reference_kmh=24.05517241379302, age_s=0.0}"
435.0,POWER,160,NEUTRAL,OK,power_present,{age_s=0.0}
435.0,HR,130,NEUTRAL,OK,hr_present,{age_s=0.0}
435.0,CADENCE,65,GRAY,STALE,cadence_stale,{age_s=16.0}
435.0,GRADE,0,NEUTRAL,OK,flat_deadband,"{grade_raw=0.0, grade_display=0.0}"
435.0,GEAR,WAIT,GRAY,NO_DATA,missing_gear,{}
436.0,SPEED,24.0,NEUTRAL,OK,near_reference,"{reference_kmh=24.055045871559546, age_s=0.0}"
436.0,POWER,160,NEUTRAL,OK,power_present,{age_s=0.0}
436.0,HR,130,NEUTRAL,OK,hr_present,{age_s=0.0}
436.0,CADENCE,65,GRAY,STALE,cadence_stale,{age_s=17.0}
436.0,GRADE,0,NEUTRAL,OK,flat_deadband,"{grade_raw=0.0, grade_display=0.0}"
436.0,GEAR,WAIT,GRAY,NO_DATA,missing_gear,{}
437.0,SPEED,24.0,NEUTRAL,OK,near_reference,"{reference_kmh=24.054919908466733, age_s=0.0}"
437.0,POWER,160,NEUTRAL,OK,power_present,{age_s=0.0}
437.0,HR,130,NEUTRAL,OK,hr_present,{age_s=0.0}
437.0,CADENCE,65,GRAY,STALE,cadence_stale,{age_s=18.0}
437.0,GRADE,0,NEUTRAL,OK,flat_deadband,"{grade_raw=0.0, grade_display=0.0}"
437.0,GEAR,WAIT,GRAY,NO_DATA,missing_gear,{}
438.0,SPEED,24.0,NEUTRAL,OK,near_reference,"{reference_kmh=24.05479452054786, age_s=0.0}"
438.0,POWER,160,NEUTRAL,OK,power_present,{age_s=0.0}
438.0,HR,130,NEUTRAL,OK,hr_present,{age_s=0.0}
438.0,CADENCE,65,GRAY,STALE,cadence_stale,{age_s=19.0}
438.0,GRADE,0,NEUTRAL,OK,flat_deadband,"{grade_raw=0.0, grade_display=0.0}"
438.0,GEAR,WAIT,GRAY,NO_DATA,missing_gear,{}
439.0,SPEED,24.0,NEUTRAL,OK,near_reference,"{reference_kmh=24.05466970387235, age_s=0.0}"
439.0,POWER,160,NEUTRAL,OK,power_present,{age_s=0.0}
439.0,HR,130,NEUTRAL,OK,hr_present,{age_s=0.0}
439.0,CADENCE,65,GRAY,STALE,cadence_stale,{age_s=20.0}
439.0,GRADE,0,NEUTRAL,OK,flat_deadband,"{grade_raw=0.0, grade_display=0.0}"
439.0,GEAR,WAIT,GRAY,NO_DATA,missing_gear,{}
440.0,SPEED,24.0,NEUTRAL,OK,near_reference,"{reference_kmh=24.05454545454537, age_s=0.0}"
440.0,POWER,160,NEUTRAL,OK,power_present,{age_s=0.0}
440.0,HR,130,NEUTRAL,OK,hr_present,{age_s=0.0}
440.0,CADENCE,65,GRAY,STALE,cadence_stale,{age_s=21.0}
440.0,GRADE,0,NEUTRAL,OK,flat_deadband,"{grade_raw=0.0, grade_display=0.0}"
440.0,GEAR,WAIT,GRAY,NO_DATA,missing_gear,{}
441.0,SPEED,24.0,NEUTRAL,OK,near_reference,"{reference_kmh=24.054421768707392, age_s=0.0}"
441.0,POWER,160,NEUTRAL,OK,power_present,{age_s=0.0}
441.0,HR,130,NEUTRAL,OK,hr_present,{age_s=0.0}
441.0,CADENCE,65,GRAY,STALE,cadence_stale,{age_s=22.0}
441.0,GRADE,0,NEUTRAL,OK,flat_deadband,"{grade_raw=0.0, grade_display=0.0}"
441.0,GEAR,WAIT,GRAY,NO_DATA,missing_gear,{}
442.0,SPEED,24.0,NEUTRAL,OK,near_reference,"{reference_kmh=24.054298642533844, age_s=0.0}"
442.0,POWER,160,NEUTRAL,OK,power_present,{age_s=0.0}
442.0,HR,130,NEUTRAL,OK,hr_present,{age_s=0.0}
442.0,CADENCE,65,GRAY,STALE,cadence_stale,{age_s=23.0}
442.0,GRADE,0,NEUTRAL,OK,flat_deadband,"{grade_raw=0.0, grade_display=0.0}"
442.0,GEAR,WAIT,GRAY,NO_DATA,missing_gear,{}
443.0,SPEED,24.0,NEUTRAL,OK,near_reference,"{reference_kmh=24.054176072234668, age_s=0.0}"
443.0,POWER,160,NEUTRAL,OK,power_present,{age_s=0.0}
443.0,HR,130,NEUTRAL,OK,hr_present,{age_s=0.0}
443.0,CADENCE,65,GRAY,STALE,cadence_stale,{age_s=24.0}
443.0,GRADE,0,NEUTRAL,OK,flat_deadband,"{grade_raw=0.0, grade_display=0.0}"
443.0,GEAR,WAIT,GRAY,NO_DATA,missing_gear,{}
444.0,SPEED,24.0,NEUTRAL,OK,near_reference,"{reference_kmh=24.05405405405396, age_s=0.0}"
444.0,POWER,160,NEUTRAL,OK,power_present,{age_s=0.0}
444.0,HR,130,NEUTRAL,OK,hr_present,{age_s=0.0}
444.0,CADENCE,65,GRAY,STALE,cadence_stale,{age_s=25.0}
444.0,GRADE,0,NEUTRAL,OK,flat_deadband,"{grade_raw=0.0, grade_display=0.0}"
444.0,GEAR,WAIT,GRAY,NO_DATA,missing_gear,{}
445.0,SPEED,24.0,NEUTRAL,OK,near_reference,"{reference_kmh=24.053932584269567, age_s=0.0}"
445.0,POWER,160,NEUTRAL,OK,power_present,{age_s=0.0}
445.0,HR,130,NEUTRAL,OK,hr_present,{age_s=0.0}
445.0,CADENCE,65,GRAY,STALE,cadence_stale,{age_s=26.0}
445.0,GRADE,0,NEUTRAL,OK,flat_deadband,"{grade_raw=0.0, grade_display=0.0}"
445.0,GEAR,WAIT,GRAY,NO_DATA,missing_gear,{}
446.0,SPEED,24.0,NEUTRAL,OK,near_reference,"{reference_kmh=24.05381165919273, age_s=0.0}"
446.0,POWER,160,NEUTRAL,OK,power_present,{age_s=0.0}
446.0,HR,130,NEUTRAL,OK,hr_present,{age_s=0.0}
446.0,CADENCE,65,GRAY,STALE,cadence_stale,{age_s=27.0}
446.0,GRADE,0,NEUTRAL,OK,flat_deadband,"{grade_raw=0.0, grade_display=0.0}"
446.0,GEAR,WAIT,GRAY,NO_DATA,missing_gear,{}
447.0,SPEED,24.0,NEUTRAL,OK,near_reference,"{reference_kmh=24.05369127516769, age_s=0.0}"
447.0,POWER,160,NEUTRAL,OK,power_present,{age_s=0.0}
447.0,HR,130,NEUTRAL,OK,hr_present,{age_s=0.0}
447.0,CADENCE,65,GRAY,STALE,cadence_stale,{age_s=28.0}
447.0,GRADE,0,NEUTRAL,OK,flat_deadband,"{grade_raw=0.0, grade_display=0.0}"
447.0,GEAR,WAIT,GRAY,NO_DATA,missing_gear,{}
448.0,SPEED,24.0,NEUTRAL,OK,near_reference,"{reference_kmh=24.05357142857133, age_s=0.0}"
448.0,POWER,160,NEUTRAL,OK,power_present,{age_s=0.0}
448.0,HR,130,NEUTRAL,OK,hr_present,{age_s=0.0}
448.0,CADENCE,65,GRAY,STALE,cadence_stale,{age_s=29.0}
448.0,GRADE,0,NEUTRAL,OK,flat_deadband,"{grade_raw=0.0, grade_display=0.0}"
448.0,GEAR,WAIT,GRAY,NO_DATA,missing_gear,{}
449.0,SPEED,24.0,NEUTRAL,OK,near_reference,"{reference_kmh=24.053452115812817, age_s=0.0}"
449.0,POWER,160,NEUTRAL,OK,power_present,{age_s=0.0}
449.0,HR,130,NEUTRAL,OK,hr_present,{age_s=0.0}
449.0,CADENCE,65,GRAY,STALE,cadence_stale,{age_s=30.0}
449.0,GRADE,0,NEUTRAL,OK,flat_deadband,"{grade_raw=0.0, grade_display=0.0}"
449.0,GEAR,WAIT,GRAY,NO_DATA,missing_gear,{}
450.0,SPEED,24.0,NEUTRAL,OK,near_reference,"{reference_kmh=24.053333333333235, age_s=0.0}"
450.0,POWER,160,NEUTRAL,OK,power_present,{age_s=0.0}
450.0,HR,130,NEUTRAL,OK,hr_present,{age_s=0.0}
450.0,CADENCE,65,GREEN,OK,preferred_low_cadence_band,{age_s=0.0}
450.0,GRADE,0,NEUTRAL,OK,flat_deadband,"{grade_raw=0.0, grade_display=0.0}"
450.0,GEAR,WAIT,GRAY,NO_DATA,missing_gear,{}
451.0,SPEED,24.0,NEUTRAL,OK,near_reference,"{reference_kmh=24.053215077605223, age_s=0.0}"
451.0,POWER,160,NEUTRAL,OK,power_present,{age_s=0.0}
451.0,HR,130,NEUTRAL,OK,hr_present,{age_s=0.0}
451.0,CADENCE,65,GREEN,OK,preferred_low_cadence_band,{age_s=0.0}
451.0,GRADE,0,NEUTRAL,OK,flat_deadband,"{grade_raw=0.0, grade_display=0.0}"
451.0,GEAR,WAIT,GRAY,NO_DATA,missing_gear,{}
452.0,SPEED,24.0,NEUTRAL,OK,near_reference,"{reference_kmh=24.05309734513264, age_s=0.0}"
452.0,POWER,160,NEUTRAL,OK,power_present,{age_s=0.0}
452.0,HR,130,NEUTRAL,OK,hr_present,{age_s=0.0}
452.0,CADENCE,65,GREEN,OK,preferred_low_cadence_band,{age_s=0.0}
452.0,GRADE,0,NEUTRAL,OK,flat_deadband,"{grade_raw=0.0, grade_display=0.0}"
452.0,GEAR,WAIT,GRAY,NO_DATA,missing_gear,{}
453.0,SPEED,24.0,NEUTRAL,OK,near_reference,"{reference_kmh=24.05298013245023, age_s=0.0}"
453.0,POWER,160,NEUTRAL,OK,power_present,{age_s=0.0}
453.0,HR,130,NEUTRAL,OK,hr_present,{age_s=0.0}
453.0,CADENCE,65,GREEN,OK,preferred_low_cadence_band,{age_s=0.0}
453.0,GRADE,0,NEUTRAL,OK,flat_deadband,"{grade_raw=0.0, grade_display=0.0}"
453.0,GEAR,WAIT,GRAY,NO_DATA,missing_gear,{}
454.0,SPEED,24.0,NEUTRAL,OK,near_reference,"{reference_kmh=24.052863436123243, age_s=0.0}"
454.0,POWER,160,NEUTRAL,OK,power_present,{age_s=0.0}
454.0,HR,130,NEUTRAL,OK,hr_present,{age_s=0.0}
454.0,CADENCE,65,GREEN,OK,preferred_low_cadence_band,{age_s=0.0}
454.0,GRADE,0,NEUTRAL,OK,flat_deadband,"{grade_raw=0.0, grade_display=0.0}"
454.0,GEAR,WAIT,GRAY,NO_DATA,missing_gear,{}
455.0,SPEED,24.0,NEUTRAL,OK,near_reference,"{reference_kmh=24.05274725274715, age_s=0.0}"
455.0,POWER,160,NEUTRAL,OK,power_present,{age_s=0.0}
455.0,HR,130,NEUTRAL,OK,hr_present,{age_s=0.0}
455.0,CADENCE,65,GREEN,OK,preferred_low_cadence_band,{age_s=0.0}
455.0,GRADE,0,NEUTRAL,OK,flat_deadband,"{grade_raw=0.0, grade_display=0.0}"
455.0,GEAR,WAIT,GRAY,NO_DATA,missing_gear,{}
456.0,SPEED,24.0,NEUTRAL,OK,near_reference,"{reference_kmh=24.052631578947263, age_s=0.0}"
456.0,POWER,160,NEUTRAL,OK,power_present,{age_s=0.0}
456.0,HR,130,NEUTRAL,OK,hr_present,{age_s=0.0}
456.0,CADENCE,65,GREEN,OK,preferred_low_cadence_band,{age_s=0.0}
456.0,GRADE,0,NEUTRAL,OK,flat_deadband,"{grade_raw=0.0, grade_display=0.0}"
456.0,GEAR,WAIT,GRAY,NO_DATA,missing_gear,{}
457.0,SPEED,24.0,NEUTRAL,OK,near_reference,"{reference_kmh=24.052516411378452, age_s=0.0}"
457.0,POWER,160,NEUTRAL,OK,power_present,{age_s=0.0}
457.0,HR,130,NEUTRAL,OK,hr_present,{age_s=0.0}
457.0,CADENCE,65,GREEN,OK,preferred_low_cadence_band,{age_s=0.0}
457.0,GRADE,0,NEUTRAL,OK,flat_deadband,"{grade_raw=0.0, grade_display=0.0}"
457.0,GEAR,WAIT,GRAY,NO_DATA,missing_gear,{}
458.0,SPEED,24.0,NEUTRAL,OK,near_reference,"{reference_kmh=24.052401746724787, age_s=0.0}"
458.0,POWER,160,NEUTRAL,OK,power_present,{age_s=0.0}
458.0,HR,130,NEUTRAL,OK,hr_present,{age_s=0.0}
458.0,CADENCE,65,GREEN,OK,preferred_low_cadence_band,{age_s=0.0}
458.0,GRADE,0,NEUTRAL,OK,flat_deadband,"{grade_raw=0.0, grade_display=0.0}"
458.0,GEAR,WAIT,GRAY,NO_DATA,missing_gear,{}
459.0,SPEED,24.0,NEUTRAL,OK,near_reference,"{reference_kmh=24.052287581699236, age_s=0.0}"
459.0,POWER,160,NEUTRAL,OK,power_present,{age_s=0.0}
459.0,HR,130,NEUTRAL,OK,hr_present,{age_s=0.0}
459.0,CADENCE,65,GREEN,OK,preferred_low_cadence_band,{age_s=0.0}
459.0,GRADE,0,NEUTRAL,OK,flat_deadband,"{grade_raw=0.0, grade_display=0.0}"
459.0,GEAR,WAIT,GRAY,NO_DATA,missing_gear,{}
460.0,SPEED,24.0,NEUTRAL,OK,near_reference,"{reference_kmh=24.052173913043372, age_s=0.0}"
460.0,POWER,160,NEUTRAL,OK,power_present,{age_s=0.0}
460.0,HR,130,NEUTRAL,OK,hr_present,{age_s=0.0}
460.0,CADENCE,65,GREEN,OK,preferred_low_cadence_band,{age_s=0.0}
460.0,GRADE,0,NEUTRAL,OK,flat_deadband,"{grade_raw=0.0, grade_display=0.0}"
460.0,GEAR,WAIT,GRAY,NO_DATA,missing_gear,{}
461.0,SPEED,24.0,NEUTRAL,OK,near_reference,"{reference_kmh=24.052060737527004, age_s=0.0}"
461.0,POWER,160,NEUTRAL,OK,power_present,{age_s=0.0}
461.0,HR,130,NEUTRAL,OK,hr_present,{age_s=0.0}
461.0,CADENCE,65,GREEN,OK,preferred_low_cadence_band,{age_s=0.0}
461.0,GRADE,0,NEUTRAL,OK,flat_deadband,"{grade_raw=0.0, grade_display=0.0}"
461.0,GEAR,WAIT,GRAY,NO_DATA,missing_gear,{}
462.0,SPEED,24.0,NEUTRAL,OK,near_reference,"{reference_kmh=24.051948051947942, age_s=0.0}"
462.0,POWER,160,NEUTRAL,OK,power_present,{age_s=0.0}
462.0,HR,130,NEUTRAL,OK,hr_present,{age_s=0.0}
462.0,CADENCE,65,GREEN,OK,preferred_low_cadence_band,{age_s=0.0}
462.0,GRADE,0,NEUTRAL,OK,flat_deadband,"{grade_raw=0.0, grade_display=0.0}"
462.0,GEAR,WAIT,GRAY,NO_DATA,missing_gear,{}
463.0,SPEED,24.0,NEUTRAL,OK,near_reference,"{reference_kmh=24.051835853131635, age_s=0.0}"
463.0,POWER,160,NEUTRAL,OK,power_present,{age_s=0.0}
463.0,HR,130,NEUTRAL,OK,hr_present,{age_s=0.0}
463.0,CADENCE,65,GREEN,OK,preferred_low_cadence_band,{age_s=0.0}
463.0,GRADE,0,NEUTRAL,OK,flat_deadband,"{grade_raw=0.0, grade_display=0.0}"
463.0,GEAR,WAIT,GRAY,NO_DATA,missing_gear,{}
464.0,SPEED,24.0,NEUTRAL,OK,near_reference,"{reference_kmh=24.051724137930922, age_s=0.0}"
464.0,POWER,160,NEUTRAL,OK,power_present,{age_s=0.0}
464.0,HR,130,NEUTRAL,OK,hr_present,{age_s=0.0}
464.0,CADENCE,65,GREEN,OK,preferred_low_cadence_band,{age_s=0.0}
464.0,GRADE,0,NEUTRAL,OK,flat_deadband,"{grade_raw=0.0, grade_display=0.0}"
464.0,GEAR,WAIT,GRAY,NO_DATA,missing_gear,{}
465.0,SPEED,24.0,NEUTRAL,OK,near_reference,"{reference_kmh=24.05161290322569, age_s=0.0}"
465.0,POWER,160,NEUTRAL,OK,power_present,{age_s=0.0}
465.0,HR,130,NEUTRAL,OK,hr_present,{age_s=0.0}
465.0,CADENCE,65,GREEN,OK,preferred_low_cadence_band,{age_s=0.0}
465.0,GRADE,0,NEUTRAL,OK,flat_deadband,"{grade_raw=0.0, grade_display=0.0}"
465.0,GEAR,WAIT,GRAY,NO_DATA,missing_gear,{}
466.0,SPEED,24.0,NEUTRAL,OK,near_reference,"{reference_kmh=24.051502145922633, age_s=0.0}"
466.0,POWER,160,NEUTRAL,OK,power_present,{age_s=0.0}
466.0,HR,130,NEUTRAL,OK,hr_present,{age_s=0.0}
466.0,CADENCE,65,GREEN,OK,preferred_low_cadence_band,{age_s=0.0}
466.0,GRADE,0,NEUTRAL,OK,flat_deadband,"{grade_raw=0.0, grade_display=0.0}"
466.0,GEAR,WAIT,GRAY,NO_DATA,missing_gear,{}
467.0,SPEED,24.0,NEUTRAL,OK,near_reference,"{reference_kmh=24.05139186295492, age_s=0.0}"
467.0,POWER,160,NEUTRAL,OK,power_present,{age_s=0.0}
467.0,HR,130,NEUTRAL,OK,hr_present,{age_s=0.0}
467.0,CADENCE,65,GREEN,OK,preferred_low_cadence_band,{age_s=0.0}
467.0,GRADE,0,NEUTRAL,OK,flat_deadband,"{grade_raw=0.0, grade_display=0.0}"
467.0,GEAR,WAIT,GRAY,NO_DATA,missing_gear,{}
468.0,SPEED,24.0,NEUTRAL,OK,near_reference,"{reference_kmh=24.051282051281934, age_s=0.0}"
468.0,POWER,160,NEUTRAL,OK,power_present,{age_s=0.0}
468.0,HR,130,NEUTRAL,OK,hr_present,{age_s=0.0}
468.0,CADENCE,65,GREEN,OK,preferred_low_cadence_band,{age_s=0.0}
468.0,GRADE,0,NEUTRAL,OK,flat_deadband,"{grade_raw=0.0, grade_display=0.0}"
468.0,GEAR,WAIT,GRAY,NO_DATA,missing_gear,{}
469.0,SPEED,24.0,NEUTRAL,OK,near_reference,"{reference_kmh=24.051172707889013, age_s=0.0}"
469.0,POWER,160,NEUTRAL,OK,power_present,{age_s=0.0}
469.0,HR,130,NEUTRAL,OK,hr_present,{age_s=0.0}
469.0,CADENCE,65,GREEN,OK,preferred_low_cadence_band,{age_s=0.0}
469.0,GRADE,0,NEUTRAL,OK,flat_deadband,"{grade_raw=0.0, grade_display=0.0}"
469.0,GEAR,WAIT,GRAY,NO_DATA,missing_gear,{}
470.0,SPEED,24.0,NEUTRAL,OK,near_reference,"{reference_kmh=24.051063829787115, age_s=0.0}"
470.0,POWER,160,NEUTRAL,OK,power_present,{age_s=0.0}
470.0,HR,130,NEUTRAL,OK,hr_present,{age_s=0.0}
470.0,CADENCE,65,GREEN,OK,preferred_low_cadence_band,{age_s=0.0}
470.0,GRADE,0,NEUTRAL,OK,flat_deadband,"{grade_raw=0.0, grade_display=0.0}"
470.0,GEAR,WAIT,GRAY,NO_DATA,missing_gear,{}
471.0,SPEED,24.0,NEUTRAL,OK,near_reference,"{reference_kmh=24.05095541401262, age_s=0.0}"
471.0,POWER,160,NEUTRAL,OK,power_present,{age_s=0.0}
471.0,HR,130,NEUTRAL,OK,hr_present,{age_s=0.0}
471.0,CADENCE,65,GREEN,OK,preferred_low_cadence_band,{age_s=0.0}
471.0,GRADE,0,NEUTRAL,OK,flat_deadband,"{grade_raw=0.0, grade_display=0.0}"
471.0,GEAR,WAIT,GRAY,NO_DATA,missing_gear,{}
472.0,SPEED,24.0,NEUTRAL,OK,near_reference,"{reference_kmh=24.050847457626997, age_s=0.0}"
472.0,POWER,160,NEUTRAL,OK,power_present,{age_s=0.0}
472.0,HR,130,NEUTRAL,OK,hr_present,{age_s=0.0}
472.0,CADENCE,65,GREEN,OK,preferred_low_cadence_band,{age_s=0.0}
472.0,GRADE,0,NEUTRAL,OK,flat_deadband,"{grade_raw=0.0, grade_display=0.0}"
472.0,GEAR,WAIT,GRAY,NO_DATA,missing_gear,{}
473.0,SPEED,24.0,NEUTRAL,OK,near_reference,"{reference_kmh=24.05073995771658, age_s=0.0}"
473.0,POWER,160,NEUTRAL,OK,power_present,{age_s=0.0}
473.0,HR,130,NEUTRAL,OK,hr_present,{age_s=0.0}
473.0,CADENCE,65,GREEN,OK,preferred_low_cadence_band,{age_s=0.0}
473.0,GRADE,0,NEUTRAL,OK,flat_deadband,"{grade_raw=0.0, grade_display=0.0}"
473.0,GEAR,WAIT,GRAY,NO_DATA,missing_gear,{}
474.0,SPEED,24.0,NEUTRAL,OK,near_reference,"{reference_kmh=24.050632911392285, age_s=0.0}"
474.0,POWER,160,NEUTRAL,OK,power_present,{age_s=0.0}
474.0,HR,130,NEUTRAL,OK,hr_present,{age_s=0.0}
474.0,CADENCE,65,GREEN,OK,preferred_low_cadence_band,{age_s=0.0}
474.0,GRADE,0,NEUTRAL,OK,flat_deadband,"{grade_raw=0.0, grade_display=0.0}"
474.0,GEAR,WAIT,GRAY,NO_DATA,missing_gear,{}
475.0,SPEED,24.0,NEUTRAL,OK,near_reference,"{reference_kmh=24.050526315789348, age_s=0.0}"
475.0,POWER,160,NEUTRAL,OK,power_present,{age_s=0.0}
475.0,HR,130,NEUTRAL,OK,hr_present,{age_s=0.0}
475.0,CADENCE,65,GREEN,OK,preferred_low_cadence_band,{age_s=0.0}
475.0,GRADE,0,NEUTRAL,OK,flat_deadband,"{grade_raw=0.0, grade_display=0.0}"
475.0,GEAR,WAIT,GRAY,NO_DATA,missing_gear,{}
476.0,SPEED,24.0,NEUTRAL,OK,near_reference,"{reference_kmh=24.050420168067106, age_s=0.0}"
476.0,POWER,160,NEUTRAL,OK,power_present,{age_s=0.0}
476.0,HR,130,NEUTRAL,OK,hr_present,{age_s=0.0}
476.0,CADENCE,65,GREEN,OK,preferred_low_cadence_band,{age_s=0.0}
476.0,GRADE,0,NEUTRAL,OK,flat_deadband,"{grade_raw=0.0, grade_display=0.0}"
476.0,GEAR,WAIT,GRAY,NO_DATA,missing_gear,{}
477.0,SPEED,24.0,NEUTRAL,OK,near_reference,"{reference_kmh=24.05031446540868, age_s=0.0}"
477.0,POWER,160,NEUTRAL,OK,power_present,{age_s=0.0}
477.0,HR,130,NEUTRAL,OK,hr_present,{age_s=0.0}
477.0,CADENCE,65,GREEN,OK,preferred_low_cadence_band,{age_s=0.0}
477.0,GRADE,0,NEUTRAL,OK,flat_deadband,"{grade_raw=0.0, grade_display=0.0}"
477.0,GEAR,WAIT,GRAY,NO_DATA,missing_gear,{}
478.0,SPEED,24.0,NEUTRAL,OK,near_reference,"{reference_kmh=24.050209205020796, age_s=0.0}"
478.0,POWER,160,NEUTRAL,OK,power_present,{age_s=0.0}
478.0,HR,130,NEUTRAL,OK,hr_present,{age_s=0.0}
478.0,CADENCE,65,GREEN,OK,preferred_low_cadence_band,{age_s=0.0}
478.0,GRADE,0,NEUTRAL,OK,flat_deadband,"{grade_raw=0.0, grade_display=0.0}"
478.0,GEAR,WAIT,GRAY,NO_DATA,missing_gear,{}
479.0,SPEED,24.0,NEUTRAL,OK,near_reference,"{reference_kmh=24.050104384133483, age_s=0.0}"
479.0,POWER,160,NEUTRAL,OK,power_present,{age_s=0.0}
479.0,HR,130,NEUTRAL,OK,hr_present,{age_s=0.0}
479.0,CADENCE,65,GREEN,OK,preferred_low_cadence_band,{age_s=0.0}
479.0,GRADE,0,NEUTRAL,OK,flat_deadband,"{grade_raw=0.0, grade_display=0.0}"
479.0,GEAR,WAIT,GRAY,NO_DATA,missing_gear,{}
480.0,SPEED,24.0,NEUTRAL,OK,near_reference,"{reference_kmh=24.049999999999873, age_s=0.0}"
480.0,POWER,160,NEUTRAL,OK,power_present,{age_s=0.0}
480.0,HR,130,NEUTRAL,OK,hr_present,{age_s=0.0}
480.0,CADENCE,65,GREEN,OK,preferred_low_cadence_band,{age_s=0.0}
480.0,GRADE,0,NEUTRAL,OK,flat_deadband,"{grade_raw=0.0, grade_display=0.0}"
480.0,GEAR,WAIT,GRAY,NO_DATA,missing_gear,{}
481.0,SPEED,24.0,NEUTRAL,OK,near_reference,"{reference_kmh=24.049896049895917, age_s=0.0}"
481.0,POWER,160,NEUTRAL,OK,power_present,{age_s=0.0}
481.0,HR,130,NEUTRAL,OK,hr_present,{age_s=0.0}
481.0,CADENCE,65,GREEN,OK,preferred_low_cadence_band,{age_s=0.0}
481.0,GRADE,0,NEUTRAL,OK,flat_deadband,"{grade_raw=0.0, grade_display=0.0}"
481.0,GEAR,WAIT,GRAY,NO_DATA,missing_gear,{}
482.0,SPEED,24.0,NEUTRAL,OK,near_reference,"{reference_kmh=24.049792531120204, age_s=0.0}"
482.0,POWER,160,NEUTRAL,OK,power_present,{age_s=0.0}
482.0,HR,130,NEUTRAL,OK,hr_present,{age_s=0.0}
482.0,CADENCE,65,GREEN,OK,preferred_low_cadence_band,{age_s=0.0}
482.0,GRADE,0,NEUTRAL,OK,flat_deadband,"{grade_raw=0.0, grade_display=0.0}"
482.0,GEAR,WAIT,GRAY,NO_DATA,missing_gear,{}
483.0,SPEED,24.0,NEUTRAL,OK,near_reference,"{reference_kmh=24.04968944099366, age_s=0.0}"
483.0,POWER,160,NEUTRAL,OK,power_present,{age_s=0.0}
483.0,HR,130,NEUTRAL,OK,hr_present,{age_s=0.0}
483.0,CADENCE,65,GREEN,OK,preferred_low_cadence_band,{age_s=0.0}
483.0,GRADE,0,NEUTRAL,OK,flat_deadband,"{grade_raw=0.0, grade_display=0.0}"
483.0,GEAR,WAIT,GRAY,NO_DATA,missing_gear,{}
484.0,SPEED,24.0,NEUTRAL,OK,near_reference,"{reference_kmh=24.04958677685937, age_s=0.0}"
484.0,POWER,160,NEUTRAL,OK,power_present,{age_s=0.0}
484.0,HR,130,NEUTRAL,OK,hr_present,{age_s=0.0}
484.0,CADENCE,65,GREEN,OK,preferred_low_cadence_band,{age_s=0.0}
484.0,GRADE,0,NEUTRAL,OK,flat_deadband,"{grade_raw=0.0, grade_display=0.0}"
484.0,GEAR,WAIT,GRAY,NO_DATA,missing_gear,{}
485.0,SPEED,24.0,NEUTRAL,OK,near_reference,"{reference_kmh=24.049484536082346, age_s=0.0}"
485.0,POWER,160,NEUTRAL,OK,power_present,{age_s=0.0}
485.0,HR,130,NEUTRAL,OK,hr_present,{age_s=0.0}
485.0,CADENCE,65,GREEN,OK,preferred_low_cadence_band,{age_s=0.0}
485.0,GRADE,0,NEUTRAL,OK,flat_deadband,"{grade_raw=0.0, grade_display=0.0}"
485.0,GEAR,WAIT,GRAY,NO_DATA,missing_gear,{}
486.0,SPEED,24.0,NEUTRAL,OK,near_reference,"{reference_kmh=24.049382716049248, age_s=0.0}"
486.0,POWER,160,NEUTRAL,OK,power_present,{age_s=0.0}
486.0,HR,130,NEUTRAL,OK,hr_present,{age_s=0.0}
486.0,CADENCE,65,GREEN,OK,preferred_low_cadence_band,{age_s=0.0}
486.0,GRADE,0,NEUTRAL,OK,flat_deadband,"{grade_raw=0.0, grade_display=0.0}"
486.0,GEAR,WAIT,GRAY,NO_DATA,missing_gear,{}
487.0,SPEED,24.0,NEUTRAL,OK,near_reference,"{reference_kmh=24.049281314168244, age_s=0.0}"
487.0,POWER,160,NEUTRAL,OK,power_present,{age_s=0.0}
487.0,HR,130,NEUTRAL,OK,hr_present,{age_s=0.0}
487.0,CADENCE,65,GREEN,OK,preferred_low_cadence_band,{age_s=0.0}
487.0,GRADE,0,NEUTRAL,OK,flat_deadband,"{grade_raw=0.0, grade_display=0.0}"
487.0,GEAR,WAIT,GRAY,NO_DATA,missing_gear,{}
488.0,SPEED,24.0,NEUTRAL,OK,near_reference,"{reference_kmh=24.04918032786872, age_s=0.0}"
488.0,POWER,160,NEUTRAL,OK,power_present,{age_s=0.0}
488.0,HR,130,NEUTRAL,OK,hr_present,{age_s=0.0}
488.0,CADENCE,65,GREEN,OK,preferred_low_cadence_band,{age_s=0.0}
488.0,GRADE,0,NEUTRAL,OK,flat_deadband,"{grade_raw=0.0, grade_display=0.0}"
488.0,GEAR,WAIT,GRAY,NO_DATA,missing_gear,{}
489.0,SPEED,24.0,NEUTRAL,OK,near_reference,"{reference_kmh=24.04907975460109, age_s=0.0}"
489.0,POWER,160,NEUTRAL,OK,power_present,{age_s=0.0}
489.0,HR,130,NEUTRAL,OK,hr_present,{age_s=0.0}
489.0,CADENCE,65,GREEN,OK,preferred_low_cadence_band,{age_s=0.0}
489.0,GRADE,0,NEUTRAL,OK,flat_deadband,"{grade_raw=0.0, grade_display=0.0}"
489.0,GEAR,WAIT,GRAY,NO_DATA,missing_gear,{}
490.0,SPEED,24.0,NEUTRAL,OK,near_reference,"{reference_kmh=24.048979591836602, age_s=0.0}"
490.0,POWER,160,NEUTRAL,OK,power_present,{age_s=0.0}
490.0,HR,130,NEUTRAL,OK,hr_present,{age_s=0.0}
490.0,CADENCE,65,GREEN,OK,preferred_low_cadence_band,{age_s=0.0}
490.0,GRADE,0,NEUTRAL,OK,flat_deadband,"{grade_raw=0.0, grade_display=0.0}"
490.0,GEAR,WAIT,GRAY,NO_DATA,missing_gear,{}
491.0,SPEED,24.0,NEUTRAL,OK,near_reference,"{reference_kmh=24.04887983706707, age_s=0.0}"
491.0,POWER,160,NEUTRAL,OK,power_present,{age_s=0.0}
491.0,HR,130,NEUTRAL,OK,hr_present,{age_s=0.0}
491.0,CADENCE,65,GREEN,OK,preferred_low_cadence_band,{age_s=0.0}
491.0,GRADE,0,NEUTRAL,OK,flat_deadband,"{grade_raw=0.0, grade_display=0.0}"
491.0,GEAR,WAIT,GRAY,NO_DATA,missing_gear,{}
492.0,SPEED,24.0,NEUTRAL,OK,near_reference,"{reference_kmh=24.04878048780474, age_s=0.0}"
492.0,POWER,160,NEUTRAL,OK,power_present,{age_s=0.0}
492.0,HR,130,NEUTRAL,OK,hr_present,{age_s=0.0}
492.0,CADENCE,65,GREEN,OK,preferred_low_cadence_band,{age_s=0.0}
492.0,GRADE,0,NEUTRAL,OK,flat_deadband,"{grade_raw=0.0, grade_display=0.0}"
492.0,GEAR,WAIT,GRAY,NO_DATA,missing_gear,{}
493.0,SPEED,24.0,NEUTRAL,OK,near_reference,"{reference_kmh=24.04868154158201, age_s=0.0}"
493.0,POWER,160,NEUTRAL,OK,power_present,{age_s=0.0}
493.0,HR,130,NEUTRAL,OK,hr_present,{age_s=0.0}
493.0,CADENCE,65,GREEN,OK,preferred_low_cadence_band,{age_s=0.0}
493.0,GRADE,0,NEUTRAL,OK,flat_deadband,"{grade_raw=0.0, grade_display=0.0}"
493.0,GEAR,WAIT,GRAY,NO_DATA,missing_gear,{}
494.0,SPEED,24.0,NEUTRAL,OK,near_reference,"{reference_kmh=24.04858299595128, age_s=0.0}"
494.0,POWER,160,NEUTRAL,OK,power_present,{age_s=0.0}
494.0,HR,130,NEUTRAL,OK,hr_present,{age_s=0.0}
494.0,CADENCE,65,GREEN,OK,preferred_low_cadence_band,{age_s=0.0}
494.0,GRADE,0,NEUTRAL,OK,flat_deadband,"{grade_raw=0.0, grade_display=0.0}"
494.0,GEAR,WAIT,GRAY,NO_DATA,missing_gear,{}
495.0,SPEED,24.0,NEUTRAL,OK,near_reference,"{reference_kmh=24.04848484848471, age_s=0.0}"
495.0,POWER,160,NEUTRAL,OK,power_present,{age_s=0.0}
495.0,HR,130,NEUTRAL,OK,hr_present,{age_s=0.0}
495.0,CADENCE,65,GREEN,OK,preferred_low_cadence_band,{age_s=0.0}
495.0,GRADE,0,NEUTRAL,OK,flat_deadband,"{grade_raw=0.0, grade_display=0.0}"
495.0,GEAR,WAIT,GRAY,NO_DATA,missing_gear,{}
496.0,SPEED,24.0,NEUTRAL,OK,near_reference,"{reference_kmh=24.048387096774054, age_s=0.0}"
496.0,POWER,160,NEUTRAL,OK,power_present,{age_s=0.0}
496.0,HR,130,NEUTRAL,OK,hr_present,{age_s=0.0}
496.0,CADENCE,65,GREEN,OK,preferred_low_cadence_band,{age_s=0.0}
496.0,GRADE,0,NEUTRAL,OK,flat_deadband,"{grade_raw=0.0, grade_display=0.0}"
496.0,GEAR,WAIT,GRAY,NO_DATA,missing_gear,{}
497.0,SPEED,24.0,NEUTRAL,OK,near_reference,"{reference_kmh=24.048289738430444, age_s=0.0}"
497.0,POWER,160,NEUTRAL,OK,power_present,{age_s=0.0}
497.0,HR,130,NEUTRAL,OK,hr_present,{age_s=0.0}
497.0,CADENCE,65,GREEN,OK,preferred_low_cadence_band,{age_s=0.0}
497.0,GRADE,0,NEUTRAL,OK,flat_deadband,"{grade_raw=0.0, grade_display=0.0}"
497.0,GEAR,WAIT,GRAY,NO_DATA,missing_gear,{}
498.0,SPEED,24.0,NEUTRAL,OK,near_reference,"{reference_kmh=24.048192771084196, age_s=0.0}"
498.0,POWER,160,NEUTRAL,OK,power_present,{age_s=0.0}
498.0,HR,130,NEUTRAL,OK,hr_present,{age_s=0.0}
498.0,CADENCE,65,GREEN,OK,preferred_low_cadence_band,{age_s=0.0}
498.0,GRADE,0,NEUTRAL,OK,flat_deadband,"{grade_raw=0.0, grade_display=0.0}"
498.0,GEAR,WAIT,GRAY,NO_DATA,missing_gear,{}
499.0,SPEED,24.0,NEUTRAL,OK,near_reference,"{reference_kmh=24.048096192384627, age_s=0.0}"
499.0,POWER,160,NEUTRAL,OK,power_present,{age_s=0.0}
499.0,HR,130,NEUTRAL,OK,hr_present,{age_s=0.0}
499.0,CADENCE,65,GREEN,OK,preferred_low_cadence_band,{age_s=0.0}
499.0,GRADE,0,NEUTRAL,OK,flat_deadband,"{grade_raw=0.0, grade_display=0.0}"
499.0,GEAR,WAIT,GRAY,NO_DATA,missing_gear,{}
500.0,SPEED,24.0,NEUTRAL,OK,near_reference,"{reference_kmh=24.047999999999853, age_s=0.0}"
500.0,POWER,160,NEUTRAL,OK,power_present,{age_s=0.0}
500.0,HR,130,NEUTRAL,OK,hr_present,{age_s=0.0}
500.0,CADENCE,65,GREEN,OK,preferred_low_cadence_band,{age_s=0.0}
500.0,GRADE,0,NEUTRAL,OK,flat_deadband,"{grade_raw=0.0, grade_display=0.0}"
500.0,GEAR,WAIT,GRAY,NO_DATA,missing_gear,{}
501.0,SPEED,24.0,NEUTRAL,OK,near_reference,"{reference_kmh=24.047904191616624, age_s=0.0}"
501.0,POWER,160,NEUTRAL,OK,power_present,{age_s=0.0}
501.0,HR,130,NEUTRAL,OK,hr_present,{age_s=0.0}
501.0,CADENCE,65,GREEN,OK,preferred_low_cadence_band,{age_s=0.0}
501.0,GRADE,0,NEUTRAL,OK,flat_deadband,"{grade_raw=0.0, grade_display=0.0}"
501.0,GEAR,WAIT,GRAY,NO_DATA,missing_gear,{}
502.0,SPEED,24.0,NEUTRAL,OK,near_reference,"{reference_kmh=24.047808764940093, age_s=0.0}"
502.0,POWER,160,NEUTRAL,OK,power_present,{age_s=0.0}
502.0,HR,130,NEUTRAL,OK,hr_present,{age_s=0.0}
502.0,CADENCE,65,GREEN,OK,preferred_low_cadence_band,{age_s=0.0}
502.0,GRADE,0,NEUTRAL,OK,flat_deadband,"{grade_raw=0.0, grade_display=0.0}"
502.0,GEAR,WAIT,GRAY,NO_DATA,missing_gear,{}
503.0,SPEED,24.0,NEUTRAL,OK,near_reference,"{reference_kmh=24.04771371769369, age_s=0.0}"
503.0,POWER,160,NEUTRAL,OK,power_present,{age_s=0.0}
503.0,HR,130,NEUTRAL,OK,hr_present,{age_s=0.0}
503.0,CADENCE,65,GREEN,OK,preferred_low_cadence_band,{age_s=0.0}
503.0,GRADE,0,NEUTRAL,OK,flat_deadband,"{grade_raw=0.0, grade_display=0.0}"
503.0,GEAR,WAIT,GRAY,NO_DATA,missing_gear,{}
504.0,SPEED,24.0,NEUTRAL,OK,near_reference,"{reference_kmh=24.0476190476189, age_s=0.0}"
504.0,POWER,160,NEUTRAL,OK,power_present,{age_s=0.0}
504.0,HR,130,NEUTRAL,OK,hr_present,{age_s=0.0}
504.0,CADENCE,65,GREEN,OK,preferred_low_cadence_band,{age_s=0.0}
504.0,GRADE,0,NEUTRAL,OK,flat_deadband,"{grade_raw=0.0, grade_display=0.0}"
504.0,GEAR,WAIT,GRAY,NO_DATA,missing_gear,{}
505.0,SPEED,24.0,NEUTRAL,OK,near_reference,"{reference_kmh=24.0475247524751, age_s=0.0}"
505.0,POWER,160,NEUTRAL,OK,power_present,{age_s=0.0}
505.0,HR,130,NEUTRAL,OK,hr_present,{age_s=0.0}
505.0,CADENCE,65,GREEN,OK,preferred_low_cadence_band,{age_s=0.0}
505.0,GRADE,0,NEUTRAL,OK,flat_deadband,"{grade_raw=0.0, grade_display=0.0}"
505.0,GEAR,WAIT,GRAY,NO_DATA,missing_gear,{}
506.0,SPEED,24.0,NEUTRAL,OK,near_reference,"{reference_kmh=24.047430830039378, age_s=0.0}"
506.0,POWER,160,NEUTRAL,OK,power_present,{age_s=0.0}
506.0,HR,130,NEUTRAL,OK,hr_present,{age_s=0.0}
506.0,CADENCE,65,GREEN,OK,preferred_low_cadence_band,{age_s=0.0}
506.0,GRADE,0,NEUTRAL,OK,flat_deadband,"{grade_raw=0.0, grade_display=0.0}"
506.0,GEAR,WAIT,GRAY,NO_DATA,missing_gear,{}
507.0,SPEED,24.0,NEUTRAL,OK,near_reference,"{reference_kmh=24.047337278106358, age_s=0.0}"
507.0,POWER,160,NEUTRAL,OK,power_present,{age_s=0.0}
507.0,HR,130,NEUTRAL,OK,hr_present,{age_s=0.0}
507.0,CADENCE,65,GREEN,OK,preferred_low_cadence_band,{age_s=0.0}
507.0,GRADE,0,NEUTRAL,OK,flat_deadband,"{grade_raw=0.0, grade_display=0.0}"
507.0,GEAR,WAIT,GRAY,NO_DATA,missing_gear,{}
508.0,SPEED,24.0,NEUTRAL,OK,near_reference,"{reference_kmh=24.04724409448804, age_s=0.0}"
508.0,POWER,160,NEUTRAL,OK,power_present,{age_s=0.0}
508.0,HR,130,NEUTRAL,OK,hr_present,{age_s=0.0}
508.0,CADENCE,65,GREEN,OK,preferred_low_cadence_band,{age_s=0.0}
508.0,GRADE,0,NEUTRAL,OK,flat_deadband,"{grade_raw=0.0, grade_display=0.0}"
508.0,GEAR,WAIT,GRAY,NO_DATA,missing_gear,{}
509.0,SPEED,24.0,NEUTRAL,OK,near_reference,"{reference_kmh=24.0471512770136, age_s=0.0}"
509.0,POWER,160,NEUTRAL,OK,power_present,{age_s=0.0}
509.0,HR,130,NEUTRAL,OK,hr_present,{age_s=0.0}
509.0,CADENCE,65,GREEN,OK,preferred_low_cadence_band,{age_s=0.0}
509.0,GRADE,0,NEUTRAL,OK,flat_deadband,"{grade_raw=0.0, grade_display=0.0}"
509.0,GEAR,WAIT,GRAY,NO_DATA,missing_gear,{}
510.0,SPEED,24.0,NEUTRAL,OK,near_reference,"{reference_kmh=24.04705882352926, age_s=0.0}"
510.0,POWER,160,NEUTRAL,OK,power_present,{age_s=0.0}
510.0,HR,130,NEUTRAL,OK,hr_present,{age_s=0.0}
510.0,CADENCE,65,GREEN,OK,preferred_low_cadence_band,{age_s=0.0}
510.0,GRADE,0,NEUTRAL,OK,flat_deadband,"{grade_raw=0.0, grade_display=0.0}"
510.0,GEAR,WAIT,GRAY,NO_DATA,missing_gear,{}
511.0,SPEED,24.0,NEUTRAL,OK,near_reference,"{reference_kmh=24.046966731898085, age_s=0.0}"
511.0,POWER,160,NEUTRAL,OK,power_present,{age_s=0.0}
511.0,HR,130,NEUTRAL,OK,hr_present,{age_s=0.0}
511.0,CADENCE,65,GREEN,OK,preferred_low_cadence_band,{age_s=0.0}
511.0,GRADE,0,NEUTRAL,OK,flat_deadband,"{grade_raw=0.0, grade_display=0.0}"
511.0,GEAR,WAIT,GRAY,NO_DATA,missing_gear,{}
512.0,SPEED,24.0,NEUTRAL,OK,near_reference,"{reference_kmh=24.046874999999847, age_s=0.0}"
512.0,POWER,160,NEUTRAL,OK,power_present,{age_s=0.0}
512.0,HR,130,NEUTRAL,OK,hr_present,{age_s=0.0}
512.0,CADENCE,65,GREEN,OK,preferred_low_cadence_band,{age_s=0.0}
512.0,GRADE,0,NEUTRAL,OK,flat_deadband,"{grade_raw=0.0, grade_display=0.0}"
512.0,GEAR,WAIT,GRAY,NO_DATA,missing_gear,{}
513.0,SPEED,24.0,NEUTRAL,OK,near_reference,"{reference_kmh=24.046783625730843, age_s=0.0}"
513.0,POWER,160,NEUTRAL,OK,power_present,{age_s=0.0}
513.0,HR,130,NEUTRAL,OK,hr_present,{age_s=0.0}
513.0,CADENCE,65,GREEN,OK,preferred_low_cadence_band,{age_s=0.0}
513.0,GRADE,0,NEUTRAL,OK,flat_deadband,"{grade_raw=0.0, grade_display=0.0}"
513.0,GEAR,WAIT,GRAY,NO_DATA,missing_gear,{}
514.0,SPEED,24.0,NEUTRAL,OK,near_reference,"{reference_kmh=24.046692607003738, age_s=0.0}"
514.0,POWER,160,NEUTRAL,OK,power_present,{age_s=0.0}
514.0,HR,130,NEUTRAL,OK,hr_present,{age_s=0.0}
514.0,CADENCE,65,GREEN,OK,preferred_low_cadence_band,{age_s=0.0}
514.0,GRADE,0,NEUTRAL,OK,flat_deadband,"{grade_raw=0.0, grade_display=0.0}"
514.0,GEAR,WAIT,GRAY,NO_DATA,missing_gear,{}
515.0,SPEED,24.0,NEUTRAL,OK,near_reference,"{reference_kmh=24.04660194174742, age_s=0.0}"
515.0,POWER,160,NEUTRAL,OK,power_present,{age_s=0.0}
515.0,HR,130,NEUTRAL,OK,hr_present,{age_s=0.0}
515.0,CADENCE,65,GREEN,OK,preferred_low_cadence_band,{age_s=0.0}
515.0,GRADE,0,NEUTRAL,OK,flat_deadband,"{grade_raw=0.0, grade_display=0.0}"
515.0,GEAR,WAIT,GRAY,NO_DATA,missing_gear,{}
516.0,SPEED,24.0,NEUTRAL,OK,near_reference,"{reference_kmh=24.046511627906817, age_s=0.0}"
516.0,POWER,160,NEUTRAL,OK,power_present,{age_s=0.0}
516.0,HR,130,NEUTRAL,OK,hr_present,{age_s=0.0}
516.0,CADENCE,65,GREEN,OK,preferred_low_cadence_band,{age_s=0.0}
516.0,GRADE,0,NEUTRAL,OK,flat_deadband,"{grade_raw=0.0, grade_display=0.0}"
516.0,GEAR,WAIT,GRAY,NO_DATA,missing_gear,{}
517.0,SPEED,24.0,NEUTRAL,OK,near_reference,"{reference_kmh=24.046421663442786, age_s=0.0}"
517.0,POWER,160,NEUTRAL,OK,power_present,{age_s=0.0}
517.0,HR,130,NEUTRAL,OK,hr_present,{age_s=0.0}
517.0,CADENCE,65,GREEN,OK,preferred_low_cadence_band,{age_s=0.0}
517.0,GRADE,0,NEUTRAL,OK,flat_deadband,"{grade_raw=0.0, grade_display=0.0}"
517.0,GEAR,WAIT,GRAY,NO_DATA,missing_gear,{}
518.0,SPEED,24.0,NEUTRAL,OK,near_reference,"{reference_kmh=24.046332046331887, age_s=0.0}"
518.0,POWER,160,NEUTRAL,OK,power_present,{age_s=0.0}
518.0,HR,130,NEUTRAL,OK,hr_present,{age_s=0.0}
518.0,CADENCE,65,GREEN,OK,preferred_low_cadence_band,{age_s=0.0}
518.0,GRADE,0,NEUTRAL,OK,flat_deadband,"{grade_raw=0.0, grade_display=0.0}"
518.0,GEAR,WAIT,GRAY,NO_DATA,missing_gear,{}
519.0,SPEED,24.0,NEUTRAL,OK,near_reference,"{reference_kmh=24.046242774566316, age_s=0.0}"
519.0,POWER,160,NEUTRAL,OK,power_present,{age_s=0.0}
519.0,HR,130,NEUTRAL,OK,hr_present,{age_s=0.0}
519.0,CADENCE,65,GREEN,OK,preferred_low_cadence_band,{age_s=0.0}
519.0,GRADE,0,NEUTRAL,OK,flat_deadband,"{grade_raw=0.0, grade_display=0.0}"
519.0,GEAR,WAIT,GRAY,NO_DATA,missing_gear,{}
520.0,SPEED,24.0,NEUTRAL,OK,near_reference,"{reference_kmh=24.04615384615369, age_s=0.0}"
520.0,POWER,160,NEUTRAL,OK,power_present,{age_s=0.0}
520.0,HR,130,NEUTRAL,OK,hr_present,{age_s=0.0}
520.0,CADENCE,65,GREEN,OK,preferred_low_cadence_band,{age_s=0.0}
520.0,GRADE,0,NEUTRAL,OK,flat_deadband,"{grade_raw=0.0, grade_display=0.0}"
520.0,GEAR,WAIT,GRAY,NO_DATA,missing_gear,{}
521.0,SPEED,24.0,NEUTRAL,OK,near_reference,"{reference_kmh=24.046065259116922, age_s=0.0}"
521.0,POWER,160,NEUTRAL,OK,power_present,{age_s=0.0}
521.0,HR,130,NEUTRAL,OK,hr_present,{age_s=0.0}
521.0,CADENCE,65,GREEN,OK,preferred_low_cadence_band,{age_s=0.0}
521.0,GRADE,0,NEUTRAL,OK,flat_deadband,"{grade_raw=0.0, grade_display=0.0}"
521.0,GEAR,WAIT,GRAY,NO_DATA,missing_gear,{}
522.0,SPEED,24.0,NEUTRAL,OK,near_reference,"{reference_kmh=24.04597701149409, age_s=0.0}"
522.0,POWER,160,NEUTRAL,OK,power_present,{age_s=0.0}
522.0,HR,130,NEUTRAL,OK,hr_present,{age_s=0.0}
522.0,CADENCE,65,GREEN,OK,preferred_low_cadence_band,{age_s=0.0}
522.0,GRADE,0,NEUTRAL,OK,flat_deadband,"{grade_raw=0.0, grade_display=0.0}"
522.0,GEAR,WAIT,GRAY,NO_DATA,missing_gear,{}
523.0,SPEED,24.0,NEUTRAL,OK,near_reference,"{reference_kmh=24.04588910133827, age_s=0.0}"
523.0,POWER,160,NEUTRAL,OK,power_present,{age_s=0.0}
523.0,HR,130,NEUTRAL,OK,hr_present,{age_s=0.0}
523.0,CADENCE,65,GREEN,OK,preferred_low_cadence_band,{age_s=0.0}
523.0,GRADE,0,NEUTRAL,OK,flat_deadband,"{grade_raw=0.0, grade_display=0.0}"
523.0,GEAR,WAIT,GRAY,NO_DATA,missing_gear,{}
524.0,SPEED,24.0,NEUTRAL,OK,near_reference,"{reference_kmh=24.045801526717398, age_s=0.0}"
524.0,POWER,160,NEUTRAL,OK,power_present,{age_s=0.0}
524.0,HR,130,NEUTRAL,OK,hr_present,{age_s=0.0}
524.0,CADENCE,65,GREEN,OK,preferred_low_cadence_band,{age_s=0.0}
524.0,GRADE,0,NEUTRAL,OK,flat_deadband,"{grade_raw=0.0, grade_display=0.0}"
524.0,GEAR,WAIT,GRAY,NO_DATA,missing_gear,{}
525.0,SPEED,24.0,NEUTRAL,OK,near_reference,"{reference_kmh=24.04571428571412, age_s=0.0}"
525.0,POWER,160,NEUTRAL,OK,power_present,{age_s=0.0}
525.0,HR,130,NEUTRAL,OK,hr_present,{age_s=0.0}
525.0,CADENCE,65,GREEN,OK,preferred_low_cadence_band,{age_s=0.0}
525.0,GRADE,0,NEUTRAL,OK,flat_deadband,"{grade_raw=0.0, grade_display=0.0}"
525.0,GEAR,WAIT,GRAY,NO_DATA,missing_gear,{}
526.0,SPEED,24.0,NEUTRAL,OK,near_reference,"{reference_kmh=24.045627376425692, age_s=0.0}"
526.0,POWER,160,NEUTRAL,OK,power_present,{age_s=0.0}
526.0,HR,130,NEUTRAL,OK,hr_present,{age_s=0.0}
526.0,CADENCE,65,GREEN,OK,preferred_low_cadence_band,{age_s=0.0}
526.0,GRADE,0,NEUTRAL,OK,flat_deadband,"{grade_raw=0.0, grade_display=0.0}"
526.0,GEAR,WAIT,GRAY,NO_DATA,missing_gear,{}
527.0,SPEED,24.0,NEUTRAL,OK,near_reference,"{reference_kmh=24.04554079696378, age_s=0.0}"
527.0,POWER,160,NEUTRAL,OK,power_present,{age_s=0.0}
527.0,HR,130,NEUTRAL,OK,hr_present,{age_s=0.0}
527.0,CADENCE,65,GREEN,OK,preferred_low_cadence_band,{age_s=0.0}
527.0,GRADE,0,NEUTRAL,OK,flat_deadband,"{grade_raw=0.0, grade_display=0.0}"
527.0,GEAR,WAIT,GRAY,NO_DATA,missing_gear,{}
528.0,SPEED,24.0,NEUTRAL,OK,near_reference,"{reference_kmh=24.04545454545438, age_s=0.0}"
528.0,POWER,160,NEUTRAL,OK,power_present,{age_s=0.0}
528.0,HR,130,NEUTRAL,OK,hr_present,{age_s=0.0}
528.0,CADENCE,65,GREEN,OK,preferred_low_cadence_band,{age_s=0.0}
528.0,GRADE,0,NEUTRAL,OK,flat_deadband,"{grade_raw=0.0, grade_display=0.0}"
528.0,GEAR,WAIT,GRAY,NO_DATA,missing_gear,{}
529.0,SPEED,24.0,NEUTRAL,OK,near_reference,"{reference_kmh=24.045368620037642, age_s=0.0}"
529.0,POWER,160,NEUTRAL,OK,power_present,{age_s=0.0}
529.0,HR,130,NEUTRAL,OK,hr_present,{age_s=0.0}
529.0,CADENCE,65,GREEN,OK,preferred_low_cadence_band,{age_s=0.0}
529.0,GRADE,0,NEUTRAL,OK,flat_deadband,"{grade_raw=0.0, grade_display=0.0}"
529.0,GEAR,WAIT,GRAY,NO_DATA,missing_gear,{}
530.0,SPEED,24.0,NEUTRAL,OK,near_reference,"{reference_kmh=24.045283018867757, age_s=0.0}"
530.0,POWER,160,NEUTRAL,OK,power_present,{age_s=0.0}
530.0,HR,130,NEUTRAL,OK,hr_present,{age_s=0.0}
530.0,CADENCE,65,GREEN,OK,preferred_low_cadence_band,{age_s=0.0}
530.0,GRADE,0,NEUTRAL,OK,flat_deadband,"{grade_raw=0.0, grade_display=0.0}"
530.0,GEAR,WAIT,GRAY,NO_DATA,missing_gear,{}
531.0,SPEED,24.0,NEUTRAL,OK,near_reference,"{reference_kmh=24.04519774011283, age_s=0.0}"
531.0,POWER,160,NEUTRAL,OK,power_present,{age_s=0.0}
531.0,HR,130,NEUTRAL,OK,hr_present,{age_s=0.0}
531.0,CADENCE,65,GREEN,OK,preferred_low_cadence_band,{age_s=0.0}
531.0,GRADE,0,NEUTRAL,OK,flat_deadband,"{grade_raw=0.0, grade_display=0.0}"
531.0,GEAR,WAIT,GRAY,NO_DATA,missing_gear,{}
532.0,SPEED,24.0,NEUTRAL,OK,near_reference,"{reference_kmh=24.045112781954717, age_s=0.0}"
532.0,POWER,160,NEUTRAL,OK,power_present,{age_s=0.0}
532.0,HR,130,NEUTRAL,OK,hr_present,{age_s=0.0}
532.0,CADENCE,65,GREEN,OK,preferred_low_cadence_band,{age_s=0.0}
532.0,GRADE,0,NEUTRAL,OK,flat_deadband,"{grade_raw=0.0, grade_display=0.0}"
532.0,GEAR,WAIT,GRAY,NO_DATA,missing_gear,{}
533.0,SPEED,24.0,NEUTRAL,OK,near_reference,"{reference_kmh=24.04502814258895, age_s=0.0}"
533.0,POWER,160,NEUTRAL,OK,power_present,{age_s=0.0}
533.0,HR,130,NEUTRAL,OK,hr_present,{age_s=0.0}
533.0,CADENCE,65,GREEN,OK,preferred_low_cadence_band,{age_s=0.0}
533.0,GRADE,0,NEUTRAL,OK,flat_deadband,"{grade_raw=0.0, grade_display=0.0}"
533.0,GEAR,WAIT,GRAY,NO_DATA,missing_gear,{}
534.0,SPEED,24.0,NEUTRAL,OK,near_reference,"{reference_kmh=24.04494382022455, age_s=0.0}"
534.0,POWER,160,NEUTRAL,OK,power_present,{age_s=0.0}
534.0,HR,130,NEUTRAL,OK,hr_present,{age_s=0.0}
534.0,CADENCE,65,GREEN,OK,preferred_low_cadence_band,{age_s=0.0}
534.0,GRADE,0,NEUTRAL,OK,flat_deadband,"{grade_raw=0.0, grade_display=0.0}"
534.0,GEAR,WAIT,GRAY,NO_DATA,missing_gear,{}
535.0,SPEED,24.0,NEUTRAL,OK,near_reference,"{reference_kmh=24.044859813083942, age_s=0.0}"
535.0,POWER,160,NEUTRAL,OK,power_present,{age_s=0.0}
535.0,HR,130,NEUTRAL,OK,hr_present,{age_s=0.0}
535.0,CADENCE,65,GREEN,OK,preferred_low_cadence_band,{age_s=0.0}
535.0,GRADE,0,NEUTRAL,OK,flat_deadband,"{grade_raw=0.0, grade_display=0.0}"
535.0,GEAR,WAIT,GRAY,NO_DATA,missing_gear,{}
536.0,SPEED,24.0,NEUTRAL,OK,near_reference,"{reference_kmh=24.044776119402815, age_s=0.0}"
536.0,POWER,160,NEUTRAL,OK,power_present,{age_s=0.0}
536.0,HR,130,NEUTRAL,OK,hr_present,{age_s=0.0}
536.0,CADENCE,65,GREEN,OK,preferred_low_cadence_band,{age_s=0.0}
536.0,GRADE,0,NEUTRAL,OK,flat_deadband,"{grade_raw=0.0, grade_display=0.0}"
536.0,GEAR,WAIT,GRAY,NO_DATA,missing_gear,{}
537.0,SPEED,24.0,NEUTRAL,OK,near_reference,"{reference_kmh=24.044692737429997, age_s=0.0}"
537.0,POWER,160,NEUTRAL,OK,power_present,{age_s=0.0}
537.0,HR,130,NEUTRAL,OK,hr_present,{age_s=0.0}
537.0,CADENCE,65,GREEN,OK,preferred_low_cadence_band,{age_s=0.0}
537.0,GRADE,0,NEUTRAL,OK,flat_deadband,"{grade_raw=0.0, grade_display=0.0}"
537.0,GEAR,WAIT,GRAY,NO_DATA,missing_gear,{}
538.0,SPEED,24.0,NEUTRAL,OK,near_reference,"{reference_kmh=24.044609665427338, age_s=0.0}"
538.0,POWER,160,NEUTRAL,OK,power_present,{age_s=0.0}
538.0,HR,130,NEUTRAL,OK,hr_present,{age_s=0.0}
538.0,CADENCE,65,GREEN,OK,preferred_low_cadence_band,{age_s=0.0}
538.0,GRADE,0,NEUTRAL,OK,flat_deadband,"{grade_raw=0.0, grade_display=0.0}"
538.0,GEAR,WAIT,GRAY,NO_DATA,missing_gear,{}
539.0,SPEED,24.0,NEUTRAL,OK,near_reference,"{reference_kmh=24.044526901669585, age_s=0.0}"
539.0,POWER,160,NEUTRAL,OK,power_present,{age_s=0.0}
539.0,HR,130,NEUTRAL,OK,hr_present,{age_s=0.0}
539.0,CADENCE,65,GREEN,OK,preferred_low_cadence_band,{age_s=0.0}
539.0,GRADE,0,NEUTRAL,OK,flat_deadband,"{grade_raw=0.0, grade_display=0.0}"
539.0,GEAR,WAIT,GRAY,NO_DATA,missing_gear,{}
540.0,SPEED,24.0,NEUTRAL,OK,near_reference,"{reference_kmh=24.044444444444274, age_s=0.0}"
540.0,POWER,160,NEUTRAL,OK,power_present,{age_s=0.0}
540.0,HR,130,NEUTRAL,OK,hr_present,{age_s=0.0}
540.0,CADENCE,65,GREEN,OK,preferred_low_cadence_band,{age_s=0.0}
540.0,GRADE,0,NEUTRAL,OK,flat_deadband,"{grade_raw=0.0, grade_display=0.0}"
540.0,GEAR,WAIT,GRAY,NO_DATA,missing_gear,{}
541.0,SPEED,24.0,NEUTRAL,OK,near_reference,"{reference_kmh=24.04436229205158, age_s=0.0}"
541.0,POWER,160,NEUTRAL,OK,power_present,{age_s=0.0}
541.0,HR,130,NEUTRAL,OK,hr_present,{age_s=0.0}
541.0,CADENCE,65,GREEN,OK,preferred_low_cadence_band,{age_s=0.0}
541.0,GRADE,0,NEUTRAL,OK,flat_deadband,"{grade_raw=0.0, grade_display=0.0}"
541.0,GEAR,WAIT,GRAY,NO_DATA,missing_gear,{}
542.0,SPEED,24.0,NEUTRAL,OK,near_reference,"{reference_kmh=24.04428044280425, age_s=0.0}"
542.0,POWER,160,NEUTRAL,OK,power_present,{age_s=0.0}
542.0,HR,130,NEUTRAL,OK,hr_present,{age_s=0.0}
542.0,CADENCE,65,GREEN,OK,preferred_low_cadence_band,{age_s=0.0}
542.0,GRADE,0,NEUTRAL,OK,flat_deadband,"{grade_raw=0.0, grade_display=0.0}"
542.0,GEAR,WAIT,GRAY,NO_DATA,missing_gear,{}
543.0,SPEED,24.0,NEUTRAL,OK,near_reference,"{reference_kmh=24.044198895027446, age_s=0.0}"
543.0,POWER,160,NEUTRAL,OK,power_present,{age_s=0.0}
543.0,HR,130,NEUTRAL,OK,hr_present,{age_s=0.0}
543.0,CADENCE,65,GREEN,OK,preferred_low_cadence_band,{age_s=0.0}
543.0,GRADE,0,NEUTRAL,OK,flat_deadband,"{grade_raw=0.0, grade_display=0.0}"
543.0,GEAR,WAIT,GRAY,NO_DATA,missing_gear,{}
544.0,SPEED,24.0,NEUTRAL,OK,near_reference,"{reference_kmh=24.04411764705865, age_s=0.0}"
544.0,POWER,160,NEUTRAL,OK,power_present,{age_s=0.0}
544.0,HR,130,NEUTRAL,OK,hr_present,{age_s=0.0}
544.0,CADENCE,65,GREEN,OK,preferred_low_cadence_band,{age_s=0.0}
544.0,GRADE,0,NEUTRAL,OK,flat_deadband,"{grade_raw=0.0, grade_display=0.0}"
544.0,GEAR,WAIT,GRAY,NO_DATA,missing_gear,{}
545.0,SPEED,24.0,NEUTRAL,OK,near_reference,"{reference_kmh=24.04403669724753, age_s=0.0}"
545.0,POWER,160,NEUTRAL,OK,power_present,{age_s=0.0}
545.0,HR,130,NEUTRAL,OK,hr_present,{age_s=0.0}
545.0,CADENCE,65,GREEN,OK,preferred_low_cadence_band,{age_s=0.0}
545.0,GRADE,0,NEUTRAL,OK,flat_deadband,"{grade_raw=0.0, grade_display=0.0}"
545.0,GEAR,WAIT,GRAY,NO_DATA,missing_gear,{}
546.0,SPEED,24.0,NEUTRAL,OK,near_reference,"{reference_kmh=24.043956043955866, age_s=0.0}"
546.0,POWER,160,NEUTRAL,OK,power_present,{age_s=0.0}
546.0,HR,130,NEUTRAL,OK,hr_present,{age_s=0.0}
546.0,CADENCE,65,GREEN,OK,preferred_low_cadence_band,{age_s=0.0}
546.0,GRADE,0,NEUTRAL,OK,flat_deadband,"{grade_raw=0.0, grade_display=0.0}"
546.0,GEAR,WAIT,GRAY,NO_DATA,missing_gear,{}
547.0,SPEED,24.0,NEUTRAL,OK,near_reference,"{reference_kmh=24.04387568555741, age_s=0.0}"
547.0,POWER,160,NEUTRAL,OK,power_present,{age_s=0.0}
547.0,HR,130,NEUTRAL,OK,hr_present,{age_s=0.0}
547.0,CADENCE,65,GREEN,OK,preferred_low_cadence_band,{age_s=0.0}
547.0,GRADE,0,NEUTRAL,OK,flat_deadband,"{grade_raw=0.0, grade_display=0.0}"
547.0,GEAR,WAIT,GRAY,NO_DATA,missing_gear,{}
548.0,SPEED,24.0,NEUTRAL,OK,near_reference,"{reference_kmh=24.043795620437773, age_s=0.0}"
548.0,POWER,160,NEUTRAL,OK,power_present,{age_s=0.0}
548.0,HR,130,NEUTRAL,OK,hr_present,{age_s=0.0}
548.0,CADENCE,65,GREEN,OK,preferred_low_cadence_band,{age_s=0.0}
548.0,GRADE,0,NEUTRAL,OK,flat_deadband,"{grade_raw=0.0, grade_display=0.0}"
548.0,GEAR,WAIT,GRAY,NO_DATA,missing_gear,{}
549.0,SPEED,24.0,NEUTRAL,OK,near_reference,"{reference_kmh=24.043715846994356, age_s=0.0}"
549.0,POWER,160,NEUTRAL,OK,power_present,{age_s=0.0}
549.0,HR,130,NEUTRAL,OK,hr_present,{age_s=0.0}
549.0,CADENCE,65,GREEN,OK,preferred_low_cadence_band,{age_s=0.0}
549.0,GRADE,0,NEUTRAL,OK,flat_deadband,"{grade_raw=0.0, grade_display=0.0}"
549.0,GEAR,WAIT,GRAY,NO_DATA,missing_gear,{}
550.0,SPEED,24.0,NEUTRAL,OK,near_reference,"{reference_kmh=24.043636363636182, age_s=0.0}"
550.0,POWER,160,NEUTRAL,OK,power_present,{age_s=0.0}
550.0,HR,130,NEUTRAL,OK,hr_present,{age_s=0.0}
550.0,CADENCE,65,GREEN,OK,preferred_low_cadence_band,{age_s=0.0}
550.0,GRADE,0,NEUTRAL,OK,flat_deadband,"{grade_raw=0.0, grade_display=0.0}"
550.0,GEAR,WAIT,GRAY,NO_DATA,missing_gear,{}
551.0,SPEED,24.0,NEUTRAL,OK,near_reference,"{reference_kmh=24.04355716878385, age_s=0.0}"
551.0,POWER,160,NEUTRAL,OK,power_present,{age_s=0.0}
551.0,HR,130,NEUTRAL,OK,hr_present,{age_s=0.0}
551.0,CADENCE,65,GREEN,OK,preferred_low_cadence_band,{age_s=0.0}
551.0,GRADE,0,NEUTRAL,OK,flat_deadband,"{grade_raw=0.0, grade_display=0.0}"
551.0,GEAR,WAIT,GRAY,NO_DATA,missing_gear,{}
552.0,SPEED,24.0,NEUTRAL,OK,near_reference,"{reference_kmh=24.043478260869385, age_s=0.0}"
552.0,POWER,160,NEUTRAL,OK,power_present,{age_s=0.0}
552.0,HR,130,NEUTRAL,OK,hr_present,{age_s=0.0}
552.0,CADENCE,65,GREEN,OK,preferred_low_cadence_band,{age_s=0.0}
552.0,GRADE,0,NEUTRAL,OK,flat_deadband,"{grade_raw=0.0, grade_display=0.0}"
552.0,GEAR,WAIT,GRAY,NO_DATA,missing_gear,{}
553.0,SPEED,24.0,NEUTRAL,OK,near_reference,"{reference_kmh=24.043399638336165, age_s=0.0}"
553.0,POWER,160,NEUTRAL,OK,power_present,{age_s=0.0}
553.0,HR,130,NEUTRAL,OK,hr_present,{age_s=0.0}
553.0,CADENCE,65,GREEN,OK,preferred_low_cadence_band,{age_s=0.0}
553.0,GRADE,0,NEUTRAL,OK,flat_deadband,"{grade_raw=0.0, grade_display=0.0}"
553.0,GEAR,WAIT,GRAY,NO_DATA,missing_gear,{}
554.0,SPEED,24.0,NEUTRAL,OK,near_reference,"{reference_kmh=24.04332129963881, age_s=0.0}"
554.0,POWER,160,NEUTRAL,OK,power_present,{age_s=0.0}
554.0,HR,130,NEUTRAL,OK,hr_present,{age_s=0.0}
554.0,CADENCE,65,GREEN,OK,preferred_low_cadence_band,{age_s=0.0}
554.0,GRADE,0,NEUTRAL,OK,flat_deadband,"{grade_raw=0.0, grade_display=0.0}"
554.0,GEAR,WAIT,GRAY,NO_DATA,missing_gear,{}
555.0,SPEED,24.0,NEUTRAL,OK,near_reference,"{reference_kmh=24.043243243243058, age_s=0.0}"
555.0,POWER,160,NEUTRAL,OK,power_present,{age_s=0.0}
555.0,HR,130,NEUTRAL,OK,hr_present,{age_s=0.0}
555.0,CADENCE,65,GREEN,OK,preferred_low_cadence_band,{age_s=0.0}
555.0,GRADE,0,NEUTRAL,OK,flat_deadband,"{grade_raw=0.0, grade_display=0.0}"
555.0,GEAR,WAIT,GRAY,NO_DATA,missing_gear,{}
556.0,SPEED,24.0,NEUTRAL,OK,near_reference,"{reference_kmh=24.043165467625716, age_s=0.0}"
556.0,POWER,160,NEUTRAL,OK,power_present,{age_s=0.0}
556.0,HR,130,NEUTRAL,OK,hr_present,{age_s=0.0}
556.0,CADENCE,65,GREEN,OK,preferred_low_cadence_band,{age_s=0.0}
556.0,GRADE,0,NEUTRAL,OK,flat_deadband,"{grade_raw=0.0, grade_display=0.0}"
556.0,GEAR,WAIT,GRAY,NO_DATA,missing_gear,{}
557.0,SPEED,24.0,NEUTRAL,OK,near_reference,"{reference_kmh=24.0430879712745, age_s=0.0}"
557.0,POWER,160,NEUTRAL,OK,power_present,{age_s=0.0}
557.0,HR,130,NEUTRAL,OK,hr_present,{age_s=0.0}
557.0,CADENCE,65,GREEN,OK,preferred_low_cadence_band,{age_s=0.0}
557.0,GRADE,0,NEUTRAL,OK,flat_deadband,"{grade_raw=0.0, grade_display=0.0}"
557.0,GEAR,WAIT,GRAY,NO_DATA,missing_gear,{}
558.0,SPEED,24.0,NEUTRAL,OK,near_reference,"{reference_kmh=24.043010752687984, age_s=0.0}"
558.0,POWER,160,NEUTRAL,OK,power_present,{age_s=0.0}
558.0,HR,130,NEUTRAL,OK,hr_present,{age_s=0.0}
558.0,CADENCE,65,GREEN,OK,preferred_low_cadence_band,{age_s=0.0}
558.0,GRADE,0,NEUTRAL,OK,flat_deadband,"{grade_raw=0.0, grade_display=0.0}"
558.0,GEAR,WAIT,GRAY,NO_DATA,missing_gear,{}
559.0,SPEED,24.0,NEUTRAL,OK,near_reference,"{reference_kmh=24.042933810375487, age_s=0.0}"
559.0,POWER,160,NEUTRAL,OK,power_present,{age_s=0.0}
559.0,HR,130,NEUTRAL,OK,hr_present,{age_s=0.0}
559.0,CADENCE,65,GREEN,OK,preferred_low_cadence_band,{age_s=0.0}
559.0,GRADE,0,NEUTRAL,OK,flat_deadband,"{grade_raw=0.0, grade_display=0.0}"
559.0,GEAR,WAIT,GRAY,NO_DATA,missing_gear,{}
560.0,SPEED,24.0,NEUTRAL,OK,near_reference,"{reference_kmh=24.042857142856956, age_s=0.0}"
560.0,POWER,160,NEUTRAL,OK,power_present,{age_s=0.0}
560.0,HR,130,NEUTRAL,OK,hr_present,{age_s=0.0}
560.0,CADENCE,65,GREEN,OK,preferred_low_cadence_band,{age_s=0.0}
560.0,GRADE,0,NEUTRAL,OK,flat_deadband,"{grade_raw=0.0, grade_display=0.0}"
560.0,GEAR,WAIT,GRAY,NO_DATA,missing_gear,{}
561.0,SPEED,24.0,NEUTRAL,OK,near_reference,"{reference_kmh=24.042780748662913, age_s=0.0}"
561.0,POWER,160,NEUTRAL,OK,power_present,{age_s=0.0}
561.0,HR,130,NEUTRAL,OK,hr_present,{age_s=0.0}
561.0,CADENCE,65,GREEN,OK,preferred_low_cadence_band,{age_s=0.0}
561.0,GRADE,0,NEUTRAL,OK,flat_deadband,"{grade_raw=0.0, grade_display=0.0}"
561.0,GEAR,WAIT,GRAY,NO_DATA,missing_gear,{}
562.0,SPEED,24.0,NEUTRAL,OK,near_reference,"{reference_kmh=24.04270462633433, age_s=0.0}"
562.0,POWER,160,NEUTRAL,OK,power_present,{age_s=0.0}
562.0,HR,130,NEUTRAL,OK,hr_present,{age_s=0.0}
562.0,CADENCE,65,GREEN,OK,preferred_low_cadence_band,{age_s=0.0}
562.0,GRADE,0,NEUTRAL,OK,flat_deadband,"{grade_raw=0.0, grade_display=0.0}"
562.0,GEAR,WAIT,GRAY,NO_DATA,missing_gear,{}
563.0,SPEED,24.0,NEUTRAL,OK,near_reference,"{reference_kmh=24.042628774422546, age_s=0.0}"
563.0,POWER,160,NEUTRAL,OK,power_present,{age_s=0.0}
563.0,HR,130,NEUTRAL,OK,hr_present,{age_s=0.0}
563.0,CADENCE,65,GREEN,OK,preferred_low_cadence_band,{age_s=0.0}
563.0,GRADE,0,NEUTRAL,OK,flat_deadband,"{grade_raw=0.0, grade_display=0.0}"
563.0,GEAR,WAIT,GRAY,NO_DATA,missing_gear,{}
564.0,SPEED,24.0,NEUTRAL,OK,near_reference,"{reference_kmh=24.04255319148917, age_s=0.0}"
564.0,POWER,160,NEUTRAL,OK,power_present,{age_s=0.0}
564.0,HR,130,NEUTRAL,OK,hr_present,{age_s=0.0}
564.0,CADENCE,65,GREEN,OK,preferred_low_cadence_band,{age_s=0.0}
564.0,GRADE,0,NEUTRAL,OK,flat_deadband,"{grade_raw=0.0, grade_display=0.0}"
564.0,GEAR,WAIT,GRAY,NO_DATA,missing_gear,{}
565.0,SPEED,24.0,NEUTRAL,OK,near_reference,"{reference_kmh=24.042477876106005, age_s=0.0}"
565.0,POWER,160,NEUTRAL,OK,power_present,{age_s=0.0}
565.0,HR,130,NEUTRAL,OK,hr_present,{age_s=0.0}
565.0,CADENCE,65,GREEN,OK,preferred_low_cadence_band,{age_s=0.0}
565.0,GRADE,0,NEUTRAL,OK,flat_deadband,"{grade_raw=0.0, grade_display=0.0}"
565.0,GEAR,WAIT,GRAY,NO_DATA,missing_gear,{}
566.0,SPEED,24.0,NEUTRAL,OK,near_reference,"{reference_kmh=24.042402826854932, age_s=0.0}"
566.0,POWER,160,NEUTRAL,OK,power_present,{age_s=0.0}
566.0,HR,130,NEUTRAL,OK,hr_present,{age_s=0.0}
566.0,CADENCE,65,GREEN,OK,preferred_low_cadence_band,{age_s=0.0}
566.0,GRADE,0,NEUTRAL,OK,flat_deadband,"{grade_raw=0.0, grade_display=0.0}"
566.0,GEAR,WAIT,GRAY,NO_DATA,missing_gear,{}
567.0,SPEED,24.0,NEUTRAL,OK,near_reference,"{reference_kmh=24.04232804232785, age_s=0.0}"
567.0,POWER,160,NEUTRAL,OK,power_present,{age_s=0.0}
567.0,HR,130,NEUTRAL,OK,hr_present,{age_s=0.0}
567.0,CADENCE,65,GREEN,OK,preferred_low_cadence_band,{age_s=0.0}
567.0,GRADE,0,NEUTRAL,OK,flat_deadband,"{grade_raw=0.0, grade_display=0.0}"
567.0,GEAR,WAIT,GRAY,NO_DATA,missing_gear,{}
568.0,SPEED,24.0,NEUTRAL,OK,near_reference,"{reference_kmh=24.042253521126568, age_s=0.0}"
568.0,POWER,160,NEUTRAL,OK,power_present,{age_s=0.0}
568.0,HR,130,NEUTRAL,OK,hr_present,{age_s=0.0}
568.0,CADENCE,65,GREEN,OK,preferred_low_cadence_band,{age_s=0.0}
568.0,GRADE,0,NEUTRAL,OK,flat_deadband,"{grade_raw=0.0, grade_display=0.0}"
568.0,GEAR,WAIT,GRAY,NO_DATA,missing_gear,{}
569.0,SPEED,24.0,NEUTRAL,OK,near_reference,"{reference_kmh=24.042179261862724, age_s=0.0}"
569.0,POWER,160,NEUTRAL,OK,power_present,{age_s=0.0}
569.0,HR,130,NEUTRAL,OK,hr_present,{age_s=0.0}
569.0,CADENCE,65,GREEN,OK,preferred_low_cadence_band,{age_s=0.0}
569.0,GRADE,0,NEUTRAL,OK,flat_deadband,"{grade_raw=0.0, grade_display=0.0}"
569.0,GEAR,WAIT,GRAY,NO_DATA,missing_gear,{}
570.0,SPEED,24.0,NEUTRAL,OK,near_reference,"{reference_kmh=24.0421052631577, age_s=0.0}"
570.0,POWER,160,NEUTRAL,OK,power_present,{age_s=0.0}
570.0,HR,130,NEUTRAL,OK,hr_present,{age_s=0.0}
570.0,CADENCE,65,GREEN,OK,preferred_low_cadence_band,{age_s=0.0}
570.0,GRADE,0,NEUTRAL,OK,flat_deadband,"{grade_raw=0.0, grade_display=0.0}"
570.0,GEAR,WAIT,GRAY,NO_DATA,missing_gear,{}
571.0,SPEED,24.0,NEUTRAL,OK,near_reference,"{reference_kmh=24.042031523642535, age_s=0.0}"
571.0,POWER,160,NEUTRAL,OK,power_present,{age_s=0.0}
571.0,HR,130,NEUTRAL,OK,hr_present,{age_s=0.0}
571.0,CADENCE,65,GREEN,OK,preferred_low_cadence_band,{age_s=0.0}
571.0,GRADE,0,NEUTRAL,OK,flat_deadband,"{grade_raw=0.0, grade_display=0.0}"
571.0,GEAR,WAIT,GRAY,NO_DATA,missing_gear,{}
572.0,SPEED,24.0,NEUTRAL,OK,near_reference,"{reference_kmh=24.041958041957848, age_s=0.0}"
572.0,POWER,160,NEUTRAL,OK,power_present,{age_s=0.0}
572.0,HR,130,NEUTRAL,OK,hr_present,{age_s=0.0}
572.0,CADENCE,65,GREEN,OK,preferred_low_cadence_band,{age_s=0.0}
572.0,GRADE,0,NEUTRAL,OK,flat_deadband,"{grade_raw=0.0, grade_display=0.0}"
572.0,GEAR,WAIT,GRAY,NO_DATA,missing_gear,{}
573.0,SPEED,24.0,NEUTRAL,OK,near_reference,"{reference_kmh=24.04188481675373, age_s=0.0}"
573.0,POWER,160,NEUTRAL,OK,power_present,{age_s=0.0}
573.0,HR,130,NEUTRAL,OK,hr_present,{age_s=0.0}
573.0,CADENCE,65,GREEN,OK,preferred_low_cadence_band,{age_s=0.0}
573.0,GRADE,0,NEUTRAL,OK,flat_deadband,"{grade_raw=0.0, grade_display=0.0}"
573.0,GEAR,WAIT,GRAY,NO_DATA,missing_gear,{}
574.0,SPEED,24.0,NEUTRAL,OK,near_reference,"{reference_kmh=24.041811846689697, age_s=0.0}"
574.0,POWER,160,NEUTRAL,OK,power_present,{age_s=0.0}
574.0,HR,130,NEUTRAL,OK,hr_present,{age_s=0.0}
574.0,CADENCE,65,GREEN,OK,preferred_low_cadence_band,{age_s=0.0}
574.0,GRADE,0,NEUTRAL,OK,flat_deadband,"{grade_raw=0.0, grade_display=0.0}"
574.0,GEAR,WAIT,GRAY,NO_DATA,missing_gear,{}
575.0,SPEED,24.0,NEUTRAL,OK,near_reference,"{reference_kmh=24.04173913043459, age_s=0.0}"
575.0,POWER,160,NEUTRAL,OK,power_present,{age_s=0.0}
575.0,HR,130,NEUTRAL,OK,hr_present,{age_s=0.0}
575.0,CADENCE,65,GREEN,OK,preferred_low_cadence_band,{age_s=0.0}
575.0,GRADE,0,NEUTRAL,OK,flat_deadband,"{grade_raw=0.0, grade_display=0.0}"
575.0,GEAR,WAIT,GRAY,NO_DATA,missing_gear,{}
576.0,SPEED,24.0,NEUTRAL,OK,near_reference,"{reference_kmh=24.04166666666647, age_s=0.0}"
576.0,POWER,160,NEUTRAL,OK,power_present,{age_s=0.0}
576.0,HR,130,NEUTRAL,OK,hr_present,{age_s=0.0}
576.0,CADENCE,65,GREEN,OK,preferred_low_cadence_band,{age_s=0.0}
576.0,GRADE,0,NEUTRAL,OK,flat_deadband,"{grade_raw=0.0, grade_display=0.0}"
576.0,GEAR,WAIT,GRAY,NO_DATA,missing_gear,{}
577.0,SPEED,24.0,NEUTRAL,OK,near_reference,"{reference_kmh=24.041594454072595, age_s=0.0}"
577.0,POWER,160,NEUTRAL,OK,power_present,{age_s=0.0}
577.0,HR,130,NEUTRAL,OK,hr_present,{age_s=0.0}
577.0,CADENCE,65,GREEN,OK,preferred_low_cadence_band,{age_s=0.0}
577.0,GRADE,0,NEUTRAL,OK,flat_deadband,"{grade_raw=0.0, grade_display=0.0}"
577.0,GEAR,WAIT,GRAY,NO_DATA,missing_gear,{}
578.0,SPEED,24.0,NEUTRAL,OK,near_reference,"{reference_kmh=24.041522491349284, age_s=0.0}"
578.0,POWER,160,NEUTRAL,OK,power_present,{age_s=0.0}
578.0,HR,130,NEUTRAL,OK,hr_present,{age_s=0.0}
578.0,CADENCE,65,GREEN,OK,preferred_low_cadence_band,{age_s=0.0}
578.0,GRADE,0,NEUTRAL,OK,flat_deadband,"{grade_raw=0.0, grade_display=0.0}"
578.0,GEAR,WAIT,GRAY,NO_DATA,missing_gear,{}
579.0,SPEED,24.0,NEUTRAL,OK,near_reference,"{reference_kmh=24.041450777201874, age_s=0.0}"
579.0,POWER,160,NEUTRAL,OK,power_present,{age_s=0.0}
579.0,HR,130,NEUTRAL,OK,hr_present,{age_s=0.0}
579.0,CADENCE,65,GREEN,OK,preferred_low_cadence_band,{age_s=0.0}
579.0,GRADE,0,NEUTRAL,OK,flat_deadband,"{grade_raw=0.0, grade_display=0.0}"
579.0,GEAR,WAIT,GRAY,NO_DATA,missing_gear,{}
580.0,SPEED,24.0,NEUTRAL,OK,near_reference,"{reference_kmh=24.041379310344627, age_s=0.0}"
580.0,POWER,160,NEUTRAL,OK,power_present,{age_s=0.0}
580.0,HR,130,NEUTRAL,OK,hr_present,{age_s=0.0}
580.0,CADENCE,65,GREEN,OK,preferred_low_cadence_band,{age_s=0.0}
580.0,GRADE,0,NEUTRAL,OK,flat_deadband,"{grade_raw=0.0, grade_display=0.0}"
580.0,GEAR,WAIT,GRAY,NO_DATA,missing_gear,{}
581.0,SPEED,24.0,NEUTRAL,OK,near_reference,"{reference_kmh=24.041308089500664, age_s=0.0}"
581.0,POWER,160,NEUTRAL,OK,power_present,{age_s=0.0}
581.0,HR,130,NEUTRAL,OK,hr_present,{age_s=0.0}
581.0,CADENCE,65,GREEN,OK,preferred_low_cadence_band,{age_s=0.0}
581.0,GRADE,0,NEUTRAL,OK,flat_deadband,"{grade_raw=0.0, grade_display=0.0}"
581.0,GEAR,WAIT,GRAY,NO_DATA,missing_gear,{}
582.0,SPEED,24.0,NEUTRAL,OK,near_reference,"{reference_kmh=24.041237113401863, age_s=0.0}"
582.0,POWER,160,NEUTRAL,OK,power_present,{age_s=0.0}
582.0,HR,130,NEUTRAL,OK,hr_present,{age_s=0.0}
582.0,CADENCE,65,GREEN,OK,preferred_low_cadence_band,{age_s=0.0}
582.0,GRADE,0,NEUTRAL,OK,flat_deadband,"{grade_raw=0.0, grade_display=0.0}"
582.0,GEAR,WAIT,GRAY,NO_DATA,missing_gear,{}
583.0,SPEED,24.0,NEUTRAL,OK,near_reference,"{reference_kmh=24.04116638078882, age_s=0.0}"
583.0,POWER,160,NEUTRAL,OK,power_present,{age_s=0.0}
583.0,HR,130,NEUTRAL,OK,hr_present,{age_s=0.0}
583.0,CADENCE,65,GREEN,OK,preferred_low_cadence_band,{age_s=0.0}
583.0,GRADE,0,NEUTRAL,OK,flat_deadband,"{grade_raw=0.0, grade_display=0.0}"
583.0,GEAR,WAIT,GRAY,NO_DATA,missing_gear,{}
584.0,SPEED,24.0,NEUTRAL,OK,near_reference,"{reference_kmh=24.04109589041076, age_s=0.0}"
584.0,POWER,160,NEUTRAL,OK,power_present,{age_s=0.0}
584.0,HR,130,NEUTRAL,OK,hr_present,{age_s=0.0}
584.0,CADENCE,65,GREEN,OK,preferred_low_cadence_band,{age_s=0.0}
584.0,GRADE,0,NEUTRAL,OK,flat_deadband,"{grade_raw=0.0, grade_display=0.0}"
584.0,GEAR,WAIT,GRAY,NO_DATA,missing_gear,{}
585.0,SPEED,24.0,NEUTRAL,OK,near_reference,"{reference_kmh=24.04102564102544, age_s=0.0}"
585.0,POWER,160,NEUTRAL,OK,power_present,{age_s=0.0}
585.0,HR,130,NEUTRAL,OK,hr_present,{age_s=0.0}
585.0,CADENCE,65,GREEN,OK,preferred_low_cadence_band,{age_s=0.0}
585.0,GRADE,0,NEUTRAL,OK,flat_deadband,"{grade_raw=0.0, grade_display=0.0}"
585.0,GEAR,WAIT,GRAY,NO_DATA,missing_gear,{}
586.0,SPEED,24.0,NEUTRAL,OK,near_reference,"{reference_kmh=24.040955631399115, age_s=0.0}"
586.0,POWER,160,NEUTRAL,OK,power_present,{age_s=0.0}
586.0,HR,130,NEUTRAL,OK,hr_present,{age_s=0.0}
586.0,CADENCE,65,GREEN,OK,preferred_low_cadence_band,{age_s=0.0}
586.0,GRADE,0,NEUTRAL,OK,flat_deadband,"{grade_raw=0.0, grade_display=0.0}"
586.0,GEAR,WAIT,GRAY,NO_DATA,missing_gear,{}
587.0,SPEED,24.0,NEUTRAL,OK,near_reference,"{reference_kmh=24.04088586030644, age_s=0.0}"
587.0,POWER,160,NEUTRAL,OK,power_present,{age_s=0.0}
587.0,HR,130,NEUTRAL,OK,hr_present,{age_s=0.0}
587.0,CADENCE,65,GREEN,OK,preferred_low_cadence_band,{age_s=0.0}
587.0,GRADE,0,NEUTRAL,OK,flat_deadband,"{grade_raw=0.0, grade_display=0.0}"
587.0,GEAR,WAIT,GRAY,NO_DATA,missing_gear,{}
588.0,SPEED,24.0,NEUTRAL,OK,near_reference,"{reference_kmh=24.040816326530408, age_s=0.0}"
588.0,POWER,160,NEUTRAL,OK,power_present,{age_s=0.0}
588.0,HR,130,NEUTRAL,OK,hr_present,{age_s=0.0}
588.0,CADENCE,65,GREEN,OK,preferred_low_cadence_band,{age_s=0.0}
588.0,GRADE,0,NEUTRAL,OK,flat_deadband,"{grade_raw=0.0, grade_display=0.0}"
588.0,GEAR,WAIT,GRAY,NO_DATA,missing_gear,{}
589.0,SPEED,24.0,NEUTRAL,OK,near_reference,"{reference_kmh=24.04074702886227, age_s=0.0}"
589.0,POWER,160,NEUTRAL,OK,power_present,{age_s=0.0}
589.0,HR,130,NEUTRAL,OK,hr_present,{age_s=0.0}
589.0,CADENCE,65,GREEN,OK,preferred_low_cadence_band,{age_s=0.0}
589.0,GRADE,0,NEUTRAL,OK,flat_deadband,"{grade_raw=0.0, grade_display=0.0}"
589.0,GEAR,WAIT,GRAY,NO_DATA,missing_gear,{}
590.0,SPEED,24.0,NEUTRAL,OK,near_reference,"{reference_kmh=24.040677966101487, age_s=0.0}"
590.0,POWER,160,NEUTRAL,OK,power_present,{age_s=0.0}
590.0,HR,130,NEUTRAL,OK,hr_present,{age_s=0.0}
590.0,CADENCE,65,GREEN,OK,preferred_low_cadence_band,{age_s=0.0}
590.0,GRADE,0,NEUTRAL,OK,flat_deadband,"{grade_raw=0.0, grade_display=0.0}"
590.0,GEAR,WAIT,GRAY,NO_DATA,missing_gear,{}
591.0,SPEED,24.0,NEUTRAL,OK,near_reference,"{reference_kmh=24.040609137055633, age_s=0.0}"
591.0,POWER,160,NEUTRAL,OK,power_present,{age_s=0.0}
591.0,HR,130,NEUTRAL,OK,hr_present,{age_s=0.0}
591.0,CADENCE,65,GREEN,OK,preferred_low_cadence_band,{age_s=0.0}
591.0,GRADE,0,NEUTRAL,OK,flat_deadband,"{grade_raw=0.0, grade_display=0.0}"
591.0,GEAR,WAIT,GRAY,NO_DATA,missing_gear,{}
592.0,SPEED,24.0,NEUTRAL,OK,near_reference,"{reference_kmh=24.040540540540334, age_s=0.0}"
592.0,POWER,160,NEUTRAL,OK,power_present,{age_s=0.0}
592.0,HR,130,NEUTRAL,OK,hr_present,{age_s=0.0}
592.0,CADENCE,65,GREEN,OK,preferred_low_cadence_band,{age_s=0.0}
592.0,GRADE,0,NEUTRAL,OK,flat_deadband,"{grade_raw=0.0, grade_display=0.0}"
592.0,GEAR,WAIT,GRAY,NO_DATA,missing_gear,{}
593.0,SPEED,24.0,NEUTRAL,OK,near_reference,"{reference_kmh=24.04047217537922, age_s=0.0}"
593.0,POWER,160,NEUTRAL,OK,power_present,{age_s=0.0}
593.0,HR,130,NEUTRAL,OK,hr_present,{age_s=0.0}
593.0,CADENCE,65,GREEN,OK,preferred_low_cadence_band,{age_s=0.0}
593.0,GRADE,0,NEUTRAL,OK,flat_deadband,"{grade_raw=0.0, grade_display=0.0}"
593.0,GEAR,WAIT,GRAY,NO_DATA,missing_gear,{}
594.0,SPEED,24.0,NEUTRAL,OK,near_reference,"{reference_kmh=24.040404040403832, age_s=0.0}"
594.0,POWER,160,NEUTRAL,OK,power_present,{age_s=0.0}
594.0,HR,130,NEUTRAL,OK,hr_present,{age_s=0.0}
594.0,CADENCE,65,GREEN,OK,preferred_low_cadence_band,{age_s=0.0}
594.0,GRADE,0,NEUTRAL,OK,flat_deadband,"{grade_raw=0.0, grade_display=0.0}"
594.0,GEAR,WAIT,GRAY,NO_DATA,missing_gear,{}
595.0,SPEED,24.0,NEUTRAL,OK,near_reference,"{reference_kmh=24.040336134453575, age_s=0.0}"
595.0,POWER,160,NEUTRAL,OK,power_present,{age_s=0.0}
595.0,HR,130,NEUTRAL,OK,hr_present,{age_s=0.0}
595.0,CADENCE,65,GREEN,OK,preferred_low_cadence_band,{age_s=0.0}
595.0,GRADE,0,NEUTRAL,OK,flat_deadband,"{grade_raw=0.0, grade_display=0.0}"
595.0,GEAR,WAIT,GRAY,NO_DATA,missing_gear,{}
596.0,SPEED,24.0,NEUTRAL,OK,near_reference,"{reference_kmh=24.040268456375628, age_s=0.0}"
596.0,POWER,160,NEUTRAL,OK,power_present,{age_s=0.0}
596.0,HR,130,NEUTRAL,OK,hr_present,{age_s=0.0}
596.0,CADENCE,65,GREEN,OK,preferred_low_cadence_band,{age_s=0.0}
596.0,GRADE,0,NEUTRAL,OK,flat_deadband,"{grade_raw=0.0, grade_display=0.0}"
596.0,GEAR,WAIT,GRAY,NO_DATA,missing_gear,{}
597.0,SPEED,24.0,NEUTRAL,OK,near_reference,"{reference_kmh=24.04020100502492, age_s=0.0}"
597.0,POWER,160,NEUTRAL,OK,power_present,{age_s=0.0}
597.0,HR,130,NEUTRAL,OK,hr_present,{age_s=0.0}
597.0,CADENCE,65,GREEN,OK,preferred_low_cadence_band,{age_s=0.0}
597.0,GRADE,0,NEUTRAL,OK,flat_deadband,"{grade_raw=0.0, grade_display=0.0}"
597.0,GEAR,WAIT,GRAY,NO_DATA,missing_gear,{}
598.0,SPEED,24.0,NEUTRAL,OK,near_reference,"{reference_kmh=24.040133779264007, age_s=0.0}"
598.0,POWER,160,NEUTRAL,OK,power_present,{age_s=0.0}
598.0,HR,130,NEUTRAL,OK,hr_present,{age_s=0.0}
598.0,CADENCE,65,GREEN,OK,preferred_low_cadence_band,{age_s=0.0}
598.0,GRADE,0,NEUTRAL,OK,flat_deadband,"{grade_raw=0.0, grade_display=0.0}"
598.0,GEAR,WAIT,GRAY,NO_DATA,missing_gear,{}
599.0,SPEED,24.0,NEUTRAL,OK,near_reference,"{reference_kmh=24.040066777963062, age_s=0.0}"
599.0,POWER,160,NEUTRAL,OK,power_present,{age_s=0.0}
599.0,HR,130,NEUTRAL,OK,hr_present,{age_s=0.0}
599.0,CADENCE,65,GREEN,OK,preferred_low_cadence_band,{age_s=0.0}
599.0,GRADE,0,NEUTRAL,OK,flat_deadband,"{grade_raw=0.0, grade_display=0.0}"
599.0,GEAR,WAIT,GRAY,NO_DATA,missing_gear,{}
