t,field,value,color,status,reason,raw
0.0,SPEED,24.0,NEUTRAL,OK,near_reference,"{reference_kmh=24.0, age_s=0.0}"
0.0,POWER,160,NEUTRAL,OK,power_present,{age_s=0.0}
0.0,HR,130,NEUTRAL,OK,hr_present,{age_s=0.0}
0.0,CADENCE,65,GREEN,OK,preferred_low_cadence_band,{age_s=0.0}
0.0,GRADE,WAIT,GRAY,NO_DATA,missing_grade,{}
0.0,GEAR,WAIT,GRAY,NO_DATA,missing_gear,{}
1.0,SPEED,24.0,NEUTRAL,OK,near_reference,"{reference_kmh=24.0, age_s=0.0}"
1.0,POWER,160,NEUTRAL,OK,power_present,{age_s=0.0}
1.0,HR,130,NEUTRAL,OK,hr_present,{age_s=0.0}
1.0,CADENCE,65,GREEN,OK,preferred_low_cadence_band,{age_s=0.0}
1.0,GRADE,0,NEUTRAL,OK,flat_deadband,"{grade_raw=0.0, grade_display=0.0}"
1.0,GEAR,WAIT,GRAY,NO_DATA,missing_gear,{}
2.0,SPEED,24.0,NEUTRAL,OK,near_reference,"{reference_kmh=24.0, age_s=0.0}"
2.0,POWER,160,NEUTRAL,OK,power_present,{age_s=0.0}
2.0,HR,130,NEUTRAL,OK,hr_present,{age_s=0.0}
2.0,CADENCE,65,GREEN,OK,preferred_low_cadence_band,{age_s=0.0}
2.0,GRADE,0,NEUTRAL,OK,flat_deadband,"{grade_raw=0.0, grade_display=0.0}"
2.0,GEAR,WAIT,GRAY,NO_DATA,missing_gear,{}
3.0,SPEED,24.0,NEUTRAL,OK,near_reference,"{reference_kmh=24.0, age_s=0.0}"
3.0,POWER,160,NEUTRAL,OK,power_present,{age_s=0.0}
3.0,HR,130,NEUTRAL,OK,hr_present,{age_s=0.0}
3.0,CADENCE,65,GREEN,OK,preferred_low_cadence_band,{age_s=0.0}
3.0,GRADE,0,NEUTRAL,OK,flat_deadband,"{grade_raw=0.0, grade_display=0.0}"
3.0,GEAR,WAIT,GRAY,NO_DATA,missing_gear,{}
4.0,SPEED,24.0,NEUTRAL,OK,near_reference,"{reference_kmh=24.0, age_s=0.0}"
4.0,POWER,160,NEUTRAL,OK,power_present,{age_s=0.0}
4.0,HR,130,NEUTRAL,OK,hr_present,{age_s=0.0}
4.0,CADENCE,65,GREEN,OK,preferred_low_cadence_band,{age_s=0.0}
4.0,GRADE,0,NEUTRAL,OK,flat_deadband,"{grade_raw=0.0, grade_display=0.0}"
4.0,GEAR,WAIT,GRAY,NO_DATA,missing_gear,{}
5.0,SPEED,24.0,NEUTRAL,OK,near_reference,"{reference_kmh=24.0, age_s=0.0}"
5.0,POWER,160,NEUTRAL,OK,power_present,{age_s=0.0}
5.0,HR,130,NEUTRAL,OK,hr_present,{age_s=0.0}
5.0,CADENCE,65,GREEN,OK,preferred_low_cadence_band,{age_s=0.0}
5.0,GRADE,0,NEUTRAL,OK,flat_deadband,"{grade_raw=0.0, grade_display=0.0}"
5.0,GEAR,WAIT,GRAY,NO_DATA,missing_gear,{}
6.0,SPEED,24.0,NEUTRAL,OK,near_reference,"{reference_kmh=24.0, age_s=0.0}"
6.0,POWER,160,NEUTRAL,OK,power_present,{age_s=0.0}
6.0,HR,130,NEUTRAL,OK,hr_present,{age_s=0.0}
6.0,CADENCE,65,GREEN,OK,preferred_low_cadence_band,{age_s=0.0}
6.0,GRADE,0,NEUTRAL,OK,flat_deadband,"{grade_raw=0.0, grade_display=0.0}"
6.0,GEAR,WAIT,GRAY,NO_DATA,missing_gear,{}
7.0,SPEED,24.0,NEUTRAL,OK,near_reference,"{reference_kmh=24.0, age_s=0.0}"
7.0,POWER,160,NEUTRAL,OK,power_present,{age_s=0.0}
7.0,HR,130,NEUTRAL,OK,hr_present,{age_s=0.0}
7.0,CADENCE,65,GREEN,OK,preferred_low_cadence_band,{age_s=0.0}
7.0,GRADE,0,NEUTRAL,OK,flat_deadband,"{grade_raw=0.0, grade_display=0.0}"
7.0,GEAR,WAIT,GRAY,NO_DATA,missing_gear,{}
8.0,SPEED,24.0,NEUTRAL,OK,near_reference,"{reference_kmh=24.0, age_s=0.0}"
8.0,POWER,160,NEUTRAL,OK,power_present,{age_s=0.0}
8.0,HR,130,NEUTRAL,OK,hr_present,{age_s=0.0}
8.0,CADENCE,65,GREEN,OK,preferred_low_cadence_band,{age_s=0.0}
8.0,GRADE,0,NEUTRAL,OK,flat_deadband,"{grade_raw=0.0, grade_display=0.0}"
8.0,GEAR,WAIT,GRAY,NO_DATA,missing_gear,{}
9.0,SPEED,24.0,NEUTRAL,OK,near_reference,"{reference_kmh=24.0, age_s=0.0}"
9.0,POWER,160,NEUTRAL,OK,power_present,{age_s=0.0}
9.0,HR,130,NEUTRAL,OK,hr_present,{age_s=0.0}
9.0,CADENCE,65,GREEN,OK,preferred_low_cadence_band,{age_s=0.0}
9.0,GRADE,0,NEUTRAL,OK,flat_deadband,"{grade_raw=0.0, grade_display=0.0}"
9.0,GEAR,WAIT,GRAY,NO_DATA,missing_gear,{}
10.0,SPEED,24.0,NEUTRAL,OK,near_reference,"{reference_kmh=24.0, age_s=0.0}"
10.0,POWER,160,NEUTRAL,OK,power_present,{age_s=0.0}
10.0,HR,130,NEUTRAL,OK,hr_present,{age_s=0.0}
10.0,CADENCE,65,GREEN,OK,preferred_low_cadence_band,{age_s=0.0}
10.0,GRADE,0,NEUTRAL,OK,flat_deadband,"{grade_raw=0.0, grade_display=0.0}"
10.0,GEAR,WAIT,GRAY,NO_DATA,missing_gear,{}
11.0,SPEED,24.0,NEUTRAL,OK,near_reference,"{reference_kmh=24.0, age_s=0.0}"
11.0,POWER,160,NEUTRAL,OK,power_present,{age_s=0.0}
11.0,HR,130,NEUTRAL,OK,hr_present,{age_s=0.0}
11.0,CADENCE,65,GREEN,OK,preferred_low_cadence_band,{age_s=0.0}
11.0,GRADE,0,NEUTRAL,OK,flat_deadband,"{grade_raw=0.0, grade_display=0.0}"
11.0,GEAR,WAIT,GRAY,NO_DATA,missing_gear,{}
12.0,SPEED,24.0,NEUTRAL,OK,near_reference,"{reference_kmh=24.0, age_s=0.0}"
12.0,POWER,160,NEUTRAL,OK,power_present,{age_s=0.0}
12.0,HR,130,NEUTRAL,OK,hr_present,{age_s=0.0}
12.0,CADENCE,65,GREEN,OK,preferred_low_cadence_band,{age_s=0.0}
12.0,GRADE,0,NEUTRAL,OK,flat_deadband,"{grade_raw=0.0, grade_display=0.0}"
12.0,GEAR,WAIT,GRAY,NO_DATA,missing_gear,{}
13.0,SPEED,24.0,NEUTRAL,OK,near_reference,"{reference_kmh=24.0, age_s=0.0}"
13.0,POWER,160,NEUTRAL,OK,power_present,{age_s=0.0}
13.0,HR,130,NEUTRAL,OK,hr_present,{age_s=0.0}
13.0,CADENCE,65,GREEN,OK,preferred_low_cadence_band,{age_s=0.0}
13.0,GRADE,0,NEUTRAL,OK,flat_deadband,"{grade_raw=0.0, grade_display=0.0}"
13.0,GEAR,WAIT,GRAY,NO_DATA,missing_gear,{}
14.0,SPEED,24.0,NEUTRAL,OK,near_reference,"{reference_kmh=24.0, age_s=0.0}"
14.0,POWER,160,NEUTRAL,OK,power_present,{age_s=0.0}
14.0,HR,130,NEUTRAL,OK,hr_present,{age_s=0.0}
14.0,CADENCE,65,GREEN,OK,preferred_low_cadence_band,{age_s=0.0}
14.0,GRADE,0,NEUTRAL,OK,flat_deadband,"{grade_raw=0.0, grade_display=0.0}"
14.0,GEAR,WAIT,GRAY,NO_DATA,missing_gear,{}
15.0,SPEED,24.0,NEUTRAL,OK,near_reference,"{reference_kmh=24.0, age_s=0.0}"
15.0,POWER,160,NEUTRAL,OK,power_present,{age_s=0.0}
15.0,HR,130,NEUTRAL,OK,hr_present,{age_s=0.0}
15.0,CADENCE,65,GREEN,OK,preferred_low_cadence_band,{age_s=0.0}
15.0,GRADE,0,NEUTRAL,OK,flat_deadband,"{grade_raw=0.0, grade_display=0.0}"
15.0,GEAR,WAIT,GRAY,NO_DATA,missing_gear,{}
16.0,SPEED,24.0,NEUTRAL,OK,near_reference,"{reference_kmh=24.0, age_s=0.0}"
16.0,POWER,160,NEUTRAL,OK,power_present,{age_s=0.0}
16.0,HR,130,NEUTRAL,OK,hr_present,{age_s=0.0}
16.0,CADENCE,65,GREEN,OK,preferred_low_cadence_band,{age_s=0.0}
16.0,GRADE,0,NEUTRAL,OK,flat_deadband,"{grade_raw=0.0, grade_display=0.0}"
16.0,GEAR,WAIT,GRAY,NO_DATA,missing_gear,{}
17.0,SPEED,24.0,NEUTRAL,OK,near_reference,"{reference_kmh=24.0, age_s=0.0}"
17.0,POWER,160,NEUTRAL,OK,power_present,{age_s=0.0}
17.0,HR,130,NEUTRAL,OK,hr_present,{age_s=0.0}
17.0,CADENCE,65,GREEN,OK,preferred_low_cadence_band,{age_s=0.0}
17.0,GRADE,0,NEUTRAL,OK,flat_deadband,"{grade_raw=0.0, grade_display=0.0}"
17.0,GEAR,WAIT,GRAY,NO_DATA,missing_gear,{}
18.0,SPEED,24.0,NEUTRAL,OK,near_reference,"{reference_kmh=24.0, age_s=0.0}"
18.0,POWER,160,NEUTRAL,OK,power_present,{age_s=0.0}
18.0,HR,130,NEUTRAL,OK,hr_present,{age_s=0.0}
18.0,CADENCE,65,GREEN,OK,preferred_low_cadence_band,{age_s=0.0}
18.0,GRADE,0,NEUTRAL,OK,flat_deadband,"{grade_raw=0.0, grade_display=0.0}"
18.0,GEAR,WAIT,GRAY,NO_DATA,missing_gear,{}
19.0,SPEED,24.0,NEUTRAL,OK,near_reference,"{reference_kmh=24.0, age_s=0.0}"
19.0,POWER,160,NEUTRAL,OK,power_present,{age_s=0.0}
19.0,HR,130,NEUTRAL,OK,hr_present,{age_s=0.0}
19.0,CADENCE,65,GREEN,OK,preferred_low_cadence_band,{age_s=0.0}
19.0,GRADE,0,NEUTRAL,OK,flat_deadband,"{grade_raw=0.0, grade_display=0.0}"
19.0,GEAR,WAIT,GRAY,NO_DATA,missing_gear,{}
20.0,SPEED,24.0,NEUTRAL,OK,near_reference,"{reference_kmh=24.0, age_s=0.0}"
20.0,POWER,160,NEUTRAL,OK,power_present,{age_s=0.0}
20.0,HR,130,NEUTRAL,OK,hr_present,{age_s=0.0}
20.0,CADENCE,65,GREEN,OK,preferred_low_cadence_band,{age_s=0.0}
20.0,GRADE,0,NEUTRAL,OK,flat_deadband,"{grade_raw=0.0, grade_display=0.0}"
20.0,GEAR,WAIT,GRAY,NO_DATA,missing_gear,{}
21.0,SPEED,24.0,NEUTRAL,OK,near_reference,"{reference_kmh=24.0, age_s=0.0}"
21.0,POWER,160,NEUTRAL,OK,power_present,{age_s=0.0}
21.0,HR,130,NEUTRAL,OK,hr_present,{age_s=0.0}
21.0,CADENCE,65,GREEN,OK,preferred_low_cadence_band,{age_s=0.0}
21.0,GRADE,0,NEUTRAL,OK,flat_deadband,"{grade_raw=0.0, grade_display=0.0}"
21.0,GEAR,WAIT,GRAY,NO_DATA,missing_gear,{}
22.0,SPEED,24.0,NEUTRAL,OK,near_reference,"{reference_kmh=24.0, age_s=0.0}"
22.0,POWER,160,NEUTRAL,OK,power_present,{age_s=0.0}
22.0,HR,130,NEUTRAL,OK,hr_present,{age_s=0.0}
22.0,CADENCE,65,GREEN,OK,preferred_low_cadence_band,{age_s=0.0}
22.0,GRADE,0,NEUTRAL,OK,flat_deadband,"{grade_raw=0.0, grade_display=0.0}"
22.0,GEAR,WAIT,GRAY,NO_DATA,missing_gear,{}
23.0,SPEED,24.0,NEUTRAL,OK,near_reference,"{reference_kmh=24.0, age_s=0.0}"
23.0,POWER,160,NEUTRAL,OK,power_present,{age_s=0.0}
23.0,HR,130,NEUTRAL,OK,hr_present,{age_s=0.0}
23.0,CADENCE,65,GREEN,OK,preferred_low_cadence_band,{age_s=0.0}
23.0,GRADE,0,NEUTRAL,OK,flat_deadband,"{grade_raw=0.0, grade_display=0.0}"
23.0,GEAR,WAIT,GRAY,NO_DATA,missing_gear,{}
24.0,SPEED,24.0,NEUTRAL,OK,near_reference,"{reference_kmh=24.0, age_s=0.0}"
24.0,POWER,160,NEUTRAL,OK,power_present,{age_s=0.0}
24.0,HR,130,NEUTRAL,OK,hr_present,{age_s=0.0}
24.0,CADENCE,65,GREEN,OK,preferred_low_cadence_band,{age_s=0.0}
24.0,GRADE,0,NEUTRAL,OK,flat_deadband,"{grade_raw=0.0, grade_display=0.0}"
24.0,GEAR,WAIT,GRAY,NO_DATA,missing_gear,{}
25.0,SPEED,24.0,NEUTRAL,OK,near_reference,"{reference_kmh=24.0, age_s=0.0}"
25.0,POWER,160,NEUTRAL,OK,power_present,{age_s=0.0}
25.0,HR,130,NEUTRAL,OK,hr_present,{age_s=0.0}
25.0,CADENCE,65,GREEN,OK,preferred_low_cadence_band,{age_s=0.0}
25.0,GRADE,0,NEUTRAL,OK,flat_deadband,"{grade_raw=0.0, grade_display=0.0}"
25.0,GEAR,WAIT,GRAY,NO_DATA,missing_gear,{}
26.0,SPEED,24.0,NEUTRAL,OK,near_reference,"{reference_kmh=24.0, age_s=0.0}"
26.0,POWER,160,NEUTRAL,OK,power_present,{age_s=0.0}
26.0,HR,130,NEUTRAL,OK,hr_present,{age_s=0.0}
26.0,CADENCE,65,GREEN,OK,preferred_low_cadence_band,{age_s=0.0}
26.0,GRADE,0,NEUTRAL,OK,flat_deadband,"{grade_raw=0.0, grade_display=0.0}"
26.0,GEAR,WAIT,GRAY,NO_DATA,missing_gear,{}
27.0,SPEED,24.0,NEUTRAL,OK,near_reference,"{reference_kmh=24.0, age_s=0.0}"
27.0,POWER,160,NEUTRAL,OK,power_present,{age_s=0.0}
27.0,HR,130,NEUTRAL,OK,hr_present,{age_s=0.0}
27.0,CADENCE,65,GREEN,OK,preferred_low_cadence_band,{age_s=0.0}
27.0,GRADE,0,NEUTRAL,OK,flat_deadband,"{grade_raw=0.0, grade_display=0.0}"
27.0,GEAR,WAIT,GRAY,NO_DATA,missing_gear,{}
28.0,SPEED,24.0,NEUTRAL,OK,near_reference,"{reference_kmh=24.0, age_s=0.0}"
28.0,POWER,160,NEUTRAL,OK,power_present,{age_s=0.0}
28.0,HR,130,NEUTRAL,OK,hr_present,{age_s=0.0}
28.0,CADENCE,65,GREEN,OK,preferred_low_cadence_band,{age_s=0.0}
28.0,GRADE,0,NEUTRAL,OK,flat_deadband,"{grade_raw=0.0, grade_display=0.0}"
28.0,GEAR,WAIT,GRAY,NO_DATA,missing_gear,{}
29.0,SPEED,24.0,NEUTRAL,OK,near_reference,"{reference_kmh=24.0, age_s=0.0}"
29.0,POWER,160,NEUTRAL,OK,power_present,{age_s=0.0}
29.0,HR,130,NEUTRAL,OK,hr_present,{age_s=0.0}
29.0,CADENCE,65,GREEN,OK,preferred_low_cadence_band,{age_s=0.0}
29.0,GRADE,0,NEUTRAL,OK,flat_deadband,"{grade_raw=0.0, grade_display=0.0}"
29.0,GEAR,WAIT,GRAY,NO_DATA,missing_gear,{}
30.0,SPEED,24.0,NEUTRAL,OK,near_reference,"{reference_kmh=24.0, age_s=0.0}"
30.0,POWER,160,NEUTRAL,OK,power_present,{age_s=0.0}
30.0,HR,130,NEUTRAL,OK,hr_present,{age_s=0.0}
30.0,CADENCE,65,GREEN,OK,preferred_low_cadence_band,{age_s=0.0}
30.0,GRADE,0,NEUTRAL,OK,flat_deadband,"{grade_raw=0.0, grade_display=0.0}"
30.0,GEAR,WAIT,GRAY,NO_DATA,missing_gear,{}
31.0,SPEED,24.0,NEUTRAL,OK,near_reference,"{reference_kmh=24.0, age_s=0.0}"
31.0,POWER,160,NEUTRAL,OK,power_present,{age_s=0.0}
31.0,HR,130,NEUTRAL,OK,hr_present,{age_s=0.0}
31.0,CADENCE,65,GREEN,OK,preferred_low_cadence_band,{age_s=0.0}
31.0,GRADE,0,NEUTRAL,OK,flat_deadband,"{grade_raw=0.0, grade_display=0.0}"
31.0,GEAR,WAIT,GRAY,NO_DATA,missing_gear,{}
32.0,SPEED,24.0,NEUTRAL,OK,near_reference,"{reference_kmh=24.0, age_s=0.0}"
32.0,POWER,160,NEUTRAL,OK,power_present,{age_s=0.0}
32.0,HR,130,NEUTRAL,OK,hr_present,{age_s=0.0}
32.0,CADENCE,65,GREEN,OK,preferred_low_cadence_band,{age_s=0.0}
32.0,GRADE,0,NEUTRAL,OK,flat_deadband,"{grade_raw=0.0, grade_display=0.0}"
32.0,GEAR,WAIT,GRAY,NO_DATA,missing_gear,{}
33.0,SPEED,24.0,NEUTRAL,OK,near_reference,"{reference_kmh=24.0, age_s=0.0}"
33.0,POWER,160,NEUTRAL,OK,power_present,{age_s=0.0}
33.0,HR,130,NEUTRAL,OK,hr_present,{age_s=0.0}
33.0,CADENCE,65,GREEN,OK,preferred_low_cadence_band,{age_s=0.0}
33.0,GRADE,0,NEUTRAL,OK,flat_deadband,"{grade_raw=0.0, grade_display=0.0}"
33.0,GEAR,WAIT,GRAY,NO_DATA,missing_gear,{}
34.0,SPEED,24.0,NEUTRAL,OK,near_reference,"{reference_kmh=24.0, age_s=0.0}"
34.0,POWER,160,NEUTRAL,OK,power_present,{age_s=0.0}
34.0,HR,130,NEUTRAL,OK,hr_present,{age_s=0.0}
34.0,CADENCE,65,GREEN,OK,preferred_low_cadence_band,{age_s=0.0}
34.0,GRADE,0,NEUTRAL,OK,flat_deadband,"{grade_raw=0.0, grade_display=0.0}"
34.0,GEAR,WAIT,GRAY,NO_DATA,missing_gear,{}
35.0,SPEED,24.0,NEUTRAL,OK,near_reference,"{reference_kmh=24.0, age_s=0.0}"
35.0,POWER,160,NEUTRAL,OK,power_present,{age_s=0.0}
35.0,HR,130,NEUTRAL,OK,hr_present,{age_s=0.0}
35.0,CADENCE,65,GREEN,OK,preferred_low_cadence_band,{age_s=0.0}
35.0,GRADE,0,NEUTRAL,OK,flat_deadband,"{grade_raw=0.0, grade_display=0.0}"
35.0,GEAR,WAIT,GRAY,NO_DATA,missing_gear,{}
36.0,SPEED,24.0,NEUTRAL,OK,near_reference,"{reference_kmh=24.0, age_s=0.0}"
36.0,POWER,160,NEUTRAL,OK,power_present,{age_s=0.0}
36.0,HR,130,NEUTRAL,OK,hr_present,{age_s=0.0}
36.0,CADENCE,65,GREEN,OK,preferred_low_cadence_band,{age_s=0.0}
36.0,GRADE,0,NEUTRAL,OK,flat_deadband,"{grade_raw=0.0, grade_display=0.0}"
36.0,GEAR,WAIT,GRAY,NO_DATA,missing_gear,{}
37.0,SPEED,24.0,NEUTRAL,OK,near_reference,"{reference_kmh=24.0, age_s=0.0}"
37.0,POWER,160,NEUTRAL,OK,power_present,{age_s=0.0}
37.0,HR,130,NEUTRAL,OK,hr_present,{age_s=0.0}
37.0,CADENCE,65,GREEN,OK,preferred_low_cadence_band,{age_s=0.0}
37.0,GRADE,0,NEUTRAL,OK,flat_deadband,"{grade_raw=0.0, grade_display=0.0}"
37.0,GEAR,WAIT,GRAY,NO_DATA,missing_gear,{}
38.0,SPEED,24.0,NEUTRAL,OK,near_reference,"{reference_kmh=24.0, age_s=0.0}"
38.0,POWER,160,NEUTRAL,OK,power_present,{age_s=0.0}
38.0,HR,130,NEUTRAL,OK,hr_present,{age_s=0.0}
38.0,CADENCE,65,GREEN,OK,preferred_low_cadence_band,{age_s=0.0}
38.0,GRADE,0,NEUTRAL,OK,flat_deadband,"{grade_raw=0.0, grade_display=0.0}"
38.0,GEAR,WAIT,GRAY,NO_DATA,missing_gear,{}
39.0,SPEED,24.0,NEUTRAL,OK,near_reference,"{reference_kmh=24.0, age_s=0.0}"
39.0,POWER,160,NEUTRAL,OK,power_present,{age_s=0.0}
39.0,HR,130,NEUTRAL,OK,hr_present,{age_s=0.0}
39.0,CADENCE,65,GREEN,OK,preferred_low_cadence_band,{age_s=0.0}
39.0,GRADE,0,NEUTRAL,OK,flat_deadband,"{grade_raw=0.0, grade_display=0.0}"
39.0,GEAR,WAIT,GRAY,NO_DATA,missing_gear,{}
40.0,SPEED,24.0,NEUTRAL,OK,near_reference,"{reference_kmh=24.0, age_s=0.0}"
40.0,POWER,160,NEUTRAL,OK,power_present,{age_s=0.0}
40.0,HR,130,NEUTRAL,OK,hr_present,{age_s=0.0}
40.0,CADENCE,65,GREEN,OK,preferred_low_cadence_band,{age_s=0.0}
40.0,GRADE,0,NEUTRAL,OK,flat_deadband,"{grade_raw=0.0, grade_display=0.0}"
40.0,GEAR,WAIT,GRAY,NO_DATA,missing_gear,{}
41.0,SPEED,24.0,NEUTRAL,OK,near_reference,"{reference_kmh=24.0, age_s=0.0}"
41.0,POWER,160,NEUTRAL,OK,power_present,{age_s=0.0}
41.0,HR,130,NEUTRAL,OK,hr_present,{age_s=0.0}
41.0,CADENCE,65,GREEN,OK,preferred_low_cadence_band,{age_s=0.0}
41.0,GRADE,0,NEUTRAL,OK,flat_deadband,"{grade_raw=0.0, grade_display=0.0}"
41.0,GEAR,WAIT,GRAY,NO_DATA,missing_gear,{}
42.0,SPEED,24.0,NEUTRAL,OK,near_reference,"{reference_kmh=24.0, age_s=0.0}"
42.0,POWER,160,NEUTRAL,OK,power_present,{age_s=0.0}
42.0,HR,130,NEUTRAL,OK,hr_present,{age_s=0.0}
42.0,CADENCE,65,GREEN,OK,preferred_low_cadence_band,{age_s=0.0}
42.0,GRADE,0,NEUTRAL,OK,flat_deadband,"{grade_raw=0.0, grade_display=0.0}"
42.0,GEAR,WAIT,GRAY,NO_DATA,missing_gear,{}
43.0,SPEED,24.0,NEUTRAL,OK,near_reference,"{reference_kmh=24.0, age_s=0.0}"
43.0,POWER,160,NEUTRAL,OK,power_present,{age_s=0.0}
43.0,HR,130,NEUTRAL,OK,hr_present,{age_s=0.0}
43.0,CADENCE,65,GREEN,OK,preferred_low_cadence_band,{age_s=0.0}
43.0,GRADE,0,NEUTRAL,OK,flat_deadband,"{grade_raw=0.0, grade_display=0.0}"
43.0,GEAR,WAIT,GRAY,NO_DATA,missing_gear,{}
44.0,SPEED,24.0,NEUTRAL,OK,near_reference,"{reference_kmh=24.0, age_s=0.0}"
44.0,POWER,160,NEUTRAL,OK,power_present,{age_s=0.0}
44.0,HR,130,NEUTRAL,OK,hr_present,{age_s=0.0}
44.0,CADENCE,65,GREEN,OK,preferred_low_cadence_band,{age_s=0.0}
44.0,GRADE,0,NEUTRAL,OK,flat_deadband,"{grade_raw=0.0, grade_display=0.0}"
44.0,GEAR,WAIT,GRAY,NO_DATA,missing_gear,{}
45.0,SPEED,24.0,NEUTRAL,OK,near_reference,"{reference_kmh=24.0, age_s=0.0}"
45.0,POWER,160,NEUTRAL,OK,power_present,{age_s=0.0}
45.0,HR,130,NEUTRAL,OK,hr_present,{age_s=0.0}
45.0,CADENCE,65,GREEN,OK,preferred_low_cadence_band,{age_s=0.0}
45.0,GRADE,0,NEUTRAL,OK,flat_deadband,"{grade_raw=0.0, grade_display=0.0}"
45.0,GEAR,WAIT,GRAY,NO_DATA,missing_gear,{}
46.0,SPEED,24.0,NEUTRAL,OK,near_reference,"{reference_kmh=24.0, age_s=0.0}"
46.0,POWER,160,NEUTRAL,OK,power_present,{age_s=0.0}
46.0,HR,130,NEUTRAL,OK,hr_present,{age_s=0.0}
46.0,CADENCE,65,GREEN,OK,preferred_low_cadence_band,{age_s=0.0}
46.0,GRADE,0,NEUTRAL,OK,flat_deadband,"{grade_raw=0.0, grade_display=0.0}"
46.0,GEAR,WAIT,GRAY,NO_DATA,missing_gear,{}
47.0,SPEED,24.0,NEUTRAL,OK,near_reference,"{reference_kmh=24.0, age_s=0.0}"
47.0,POWER,160,NEUTRAL,OK,power_present,{age_s=0.0}
47.0,HR,130,NEUTRAL,OK,hr_present,{age_s=0.0}
47.0,CADENCE,65,GREEN,OK,preferred_low_cadence_band,{age_s=0.0}
47.0,GRADE,0,NEUTRAL,OK,flat_deadband,"{grade_raw=0.0, grade_display=0.0}"
47.0,GEAR,WAIT,GRAY,NO_DATA,missing_gear,{}
48.0,SPEED,24.0,NEUTRAL,OK,near_reference,"{reference_kmh=24.0, age_s=0.0}"
48.0,POWER,160,NEUTRAL,OK,power_present,{age_s=0.0}
48.0,HR,130,NEUTRAL,OK,hr_present,{age_s=0.0}
48.0,CADENCE,65,GREEN,OK,preferred_low_cadence_band,{age_s=0.0}
48.0,GRADE,0,NEUTRAL,OK,flat_deadband,"{grade_raw=0.0, grade_display=0.0}"
48.0,GEAR,WAIT,GRAY,NO_DATA,missing_gear,{}
49.0,SPEED,24.0,NEUTRAL,OK,near_reference,"{reference_kmh=24.0, age_s=0.0}"
49.0,POWER,160,NEUTRAL,OK,power_present,{age_s=0.0}
49.0,HR,130,NEUTRAL,OK,hr_present,{age_s=0.0}
49.0,CADENCE,65,GREEN,OK,preferred_low_cadence_band,{age_s=0.0}
49.0,GRADE,0,NEUTRAL,OK,flat_deadband,"{grade_raw=0.0, grade_display=0.0}"
49.0,GEAR,WAIT,GRAY,NO_DATA,missing_gear,{}
50.0,SPEED,24.0,NEUTRAL,OK,near_reference,"{reference_kmh=24.0, age_s=0.0}"
50.0,POWER,160,NEUTRAL,OK,power_present,{age_s=0.0}
50.0,HR,130,NEUTRAL,OK,hr_present,{age_s=0.0}
50.0,CADENCE,65,GREEN,OK,preferred_low_cadence_band,{age_s=0.0}
50.0,GRADE,0,NEUTRAL,OK,flat_deadband,"{grade_raw=0.0, grade_display=0.0}"
50.0,GEAR,WAIT,GRAY,NO_DATA,missing_gear,{}
51.0,SPEED,24.0,NEUTRAL,OK,near_reference,"{reference_kmh=24.0, age_s=0.0}"
51.0,POWER,160,NEUTRAL,OK,power_present,{age_s=0.0}
51.0,HR,130,NEUTRAL,OK,hr_present,{age_s=0.0}
51.0,CADENCE,65,GREEN,OK,preferred_low_cadence_band,{age_s=0.0}
51.0,GRADE,0,NEUTRAL,OK,flat_deadband,"{grade_raw=0.0, grade_display=0.0}"
51.0,GEAR,WAIT,GRAY,NO_DATA,missing_gear,{}
52.0,SPEED,24.0,NEUTRAL,OK,near_reference,"{reference_kmh=24.0, age_s=0.0}"
52.0,POWER,160,NEUTRAL,OK,power_present,{age_s=0.0}
52.0,HR,130,NEUTRAL,OK,hr_present,{age_s=0.0}
52.0,CADENCE,65,GREEN,OK,preferred_low_cadence_band,{age_s=0.0}
52.0,GRADE,0,NEUTRAL,OK,flat_deadband,"{grade_raw=0.0, grade_display=0.0}"
52.0,GEAR,WAIT,GRAY,NO_DATA,missing_gear,{}
53.0,SPEED,24.0,NEUTRAL,OK,near_reference,"{reference_kmh=24.0, age_s=0.0}"
53.0,POWER,160,NEUTRAL,OK,power_present,{age_s=0.0}
53.0,HR,130,NEUTRAL,OK,hr_present,{age_s=0.0}
53.0,CADENCE,65,GREEN,OK,preferred_low_cadence_band,{age_s=0.0}
53.0,GRADE,0,NEUTRAL,OK,flat_deadband,"{grade_raw=0.0, grade_display=0.0}"
53.0,GEAR,WAIT,GRAY,NO_DATA,missing_gear,{}
54.0,SPEED,24.0,NEUTRAL,OK,near_reference,"{reference_kmh=24.0, age_s=0.0}"
54.0,POWER,160,NEUTRAL,OK,power_present,{age_s=0.0}
54.0,HR,130,NEUTRAL,OK,hr_present,{age_s=0.0}
54.0,CADENCE,65,GREEN,OK,preferred_low_cadence_band,{age_s=0.0}
54.0,GRADE,0,NEUTRAL,OK,flat_deadband,"{grade_raw=0.0, grade_display=0.0}"
54.0,GEAR,WAIT,GRAY,NO_DATA,missing_gear,{}
55.0,SPEED,24.0,NEUTRAL,OK,near_reference,"{reference_kmh=24.0, age_s=0.0}"
55.0,POWER,160,NEUTRAL,OK,power_present,{age_s=0.0}
55.0,HR,130,NEUTRAL,OK,hr_present,{age_s=0.0}
55.0,CADENCE,65,GREEN,OK,preferred_low_cadence_band,{age_s=0.0}
55.0,GRADE,0,NEUTRAL,OK,flat_deadband,"{grade_raw=0.0, grade_display=0.0}"
55.0,GEAR,WAIT,GRAY,NO_DATA,missing_gear,{}
56.0,SPEED,24.0,NEUTRAL,OK,near_reference,"{reference_kmh=24.0, age_s=0.0}"
56.0,POWER,160,NEUTRAL,OK,power_present,{age_s=0.0}
56.0,HR,130,NEUTRAL,OK,hr_present,{age_s=0.0}
56.0,CADENCE,65,GREEN,OK,preferred_low_cadence_band,{age_s=0.0}
56.0,GRADE,0,NEUTRAL,OK,flat_deadband,"{grade_raw=0.0, grade_display=0.0}"
56.0,GEAR,WAIT,GRAY,NO_DATA,missing_gear,{}
57.0,SPEED,24.0,NEUTRAL,OK,near_reference,"{reference_kmh=24.0, age_s=0.0}"
57.0,POWER,160,NEUTRAL,OK,power_present,{age_s=0.0}
57.0,HR,130,NEUTRAL,OK,hr_present,{age_s=0.0}
57.0,CADENCE,65,GREEN,OK,preferred_low_cadence_band,{age_s=0.0}
57.0,GRADE,0,NEUTRAL,OK,flat_deadband,"{grade_raw=0.0, grade_display=0.0}"
57.0,GEAR,WAIT,GRAY,NO_DATA,missing_gear,{}
58.0,SPEED,24.0,NEUTRAL,OK,near_reference,"{reference_kmh=24.0, age_s=0.0}"
58.0,POWER,160,NEUTRAL,OK,power_present,{age_s=0.0}
58.0,HR,130,NEUTRAL,OK,hr_present,{age_s=0.0}
58.0,CADENCE,65,GREEN,OK,preferred_low_cadence_band,{age_s=0.0}
58.0,GRADE,0,NEUTRAL,OK,flat_deadband,"{grade_raw=0.0, grade_display=0.0}"
58.0,GEAR,WAIT,GRAY,NO_DATA,missing_gear,{}
59.0,SPEED,24.0,NEUTRAL,OK,near_reference,"{reference_kmh=24.0, age_s=0.0}"
59.0,POWER,160,NEUTRAL,OK,power_present,{age_s=0.0}
59.0,HR,130,NEUTRAL,OK,hr_present,{age_s=0.0}
59.0,CADENCE,65,GREEN,OK,preferred_low_cadence_band,{age_s=0.0}
59.0,GRADE,0,NEUTRAL,OK,flat_deadband,"{grade_raw=0.0, grade_display=0.0}"
59.0,GEAR,WAIT,GRAY,NO_DATA,missing_gear,{}
60.0,SPEED,24.0,NEUTRAL,OK,near_reference,"{reference_kmh=24.400000000000016, age_s=0.0}"
60.0,POWER,160,NEUTRAL,OK,power_present,{age_s=0.0}
60.0,HR,130,NEUTRAL,OK,hr_present,{age_s=0.0}
60.0,CADENCE,65,GREEN,OK,preferred_low_cadence_band,{age_s=0.0}
60.0,GRADE,0,NEUTRAL,OK,flat_deadband,"{grade_raw=0.0, grade_display=0.0}"
60.0,GEAR,WAIT,GRAY,NO_DATA,missing_gear,{}
61.0,SPEED,24.0,NEUTRAL,OK,near_reference,"{reference_kmh=24.393442622950836, age_s=0.0}"
61.0,POWER,160,NEUTRAL,OK,power_present,{age_s=0.0}
61.0,HR,130,NEUTRAL,OK,hr_present,{age_s=0.0}
61.0,CADENCE,65,GREEN,OK,preferred_low_cadence_band,{age_s=0.0}
61.0,GRADE,0,NEUTRAL,OK,flat_deadband,"{grade_raw=0.0, grade_display=0.0}"
61.0,GEAR,WAIT,GRAY,NO_DATA,missing_gear,{}
62.0,SPEED,24.0,NEUTRAL,OK,near_reference,"{reference_kmh=24.387096774193566, age_s=0.0}"
62.0,POWER,160,NEUTRAL,OK,power_present,{age_s=0.0}
62.0,HR,130,NEUTRAL,OK,hr_present,{age_s=0.0}
62.0,CADENCE,65,GREEN,OK,preferred_low_cadence_band,{age_s=0.0}
62.0,GRADE,0,NEUTRAL,OK,flat_deadband,"{grade_raw=0.0, grade_display=0.0}"
62.0,GEAR,WAIT,GRAY,NO_DATA,missing_gear,{}
63.0,SPEED,24.0,NEUTRAL,OK,near_reference,"{reference_kmh=24.3809523809524, age_s=0.0}"
63.0,POWER,160,NEUTRAL,OK,power_present,{age_s=0.0}
63.0,HR,130,NEUTRAL,OK,hr_present,{age_s=0.0}
63.0,CADENCE,65,GREEN,OK,preferred_low_cadence_band,{age_s=0.0}
63.0,GRADE,0,NEUTRAL,OK,flat_deadband,"{grade_raw=0.0, grade_display=0.0}"
63.0,GEAR,WAIT,GRAY,NO_DATA,missing_gear,{}
64.0,SPEED,24.0,NEUTRAL,OK,near_reference,"{reference_kmh=24.37500000000002, age_s=0.0}"
64.0,POWER,160,NEUTRAL,OK,power_present,{age_s=0.0}
64.0,HR,130,NEUTRAL,OK,hr_present,{age_s=0.0}
64.0,CADENCE,65,GREEN,OK,preferred_low_cadence_band,{age_s=0.0}
64.0,GRADE,0,NEUTRAL,OK,flat_deadband,"{grade_raw=0.0, grade_display=0.0}"
64.0,GEAR,WAIT,GRAY,NO_DATA,missing_gear,{}
65.0,SPEED,24.0,NEUTRAL,OK,near_reference,"{reference_kmh=24.369230769230793, age_s=0.0}"
65.0,POWER,160,NEUTRAL,OK,power_present,{age_s=0.0}
65.0,HR,130,NEUTRAL,OK,hr_present,{age_s=0.0}
65.0,CADENCE,65,GREEN,OK,preferred_low_cadence_band,{age_s=0.0}
65.0,GRADE,0,NEUTRAL,OK,flat_deadband,"{grade_raw=0.0, grade_display=0.0}"
65.0,GEAR,WAIT,GRAY,NO_DATA,missing_gear,{}
66.0,SPEED,24.0,NEUTRAL,OK,near_reference,"{reference_kmh=24.363636363636388, age_s=0.0}"
66.0,POWER,160,NEUTRAL,OK,power_present,{age_s=0.0}
66.0,HR,130,NEUTRAL,OK,hr_present,{age_s=0.0}
66.0,CADENCE,65,GREEN,OK,preferred_low_cadence_band,{age_s=0.0}
66.0,GRADE,0,NEUTRAL,OK,flat_deadband,"{grade_raw=0.0, grade_display=0.0}"
66.0,GEAR,WAIT,GRAY,NO_DATA,missing_gear,{}
67.0,SPEED,24.0,NEUTRAL,OK,near_reference,"{reference_kmh=24.358208955223905, age_s=0.0}"
67.0,POWER,160,NEUTRAL,OK,power_present,{age_s=0.0}
67.0,HR,130,NEUTRAL,OK,hr_present,{age_s=0.0}
67.0,CADENCE,65,GREEN,OK,preferred_low_cadence_band,{age_s=0.0}
67.0,GRADE,0,NEUTRAL,OK,flat_deadband,"{grade_raw=0.0, grade_display=0.0}"
67.0,GEAR,WAIT,GRAY,NO_DATA,missing_gear,{}
68.0,SPEED,24.0,NEUTRAL,OK,near_reference,"{reference_kmh=24.352941176470612, age_s=0.0}"
68.0,POWER,160,NEUTRAL,OK,power_present,{age_s=0.0}
68.0,HR,130,NEUTRAL,OK,hr_present,{age_s=0.0}
68.0,CADENCE,65,GREEN,OK,preferred_low_cadence_band,{age_s=0.0}
68.0,GRADE,0,NEUTRAL,OK,flat_deadband,"{grade_raw=0.0, grade_display=0.0}"
68.0,GEAR,WAIT,GRAY,NO_DATA,missing_gear,{}
69.0,SPEED,24.0,NEUTRAL,OK,near_reference,"{reference_kmh=24.347826086956548, age_s=0.0}"
69.0,POWER,160,NEUTRAL,OK,power_present,{age_s=0.0}
69.0,HR,130,NEUTRAL,OK,hr_present,{age_s=0.0}
69.0,CADENCE,65,GREEN,OK,preferred_low_cadence_band,{age_s=0.0}
69.0,GRADE,0,NEUTRAL,OK,flat_deadband,"{grade_raw=0.0, grade_display=0.0}"
69.0,GEAR,WAIT,GRAY,NO_DATA,missing_gear,{}
70.0,SPEED,24.0,NEUTRAL,OK,near_reference,"{reference_kmh=24.342857142857167, age_s=0.0}"
70.0,POWER,160,NEUTRAL,OK,power_present,{age_s=0.0}
70.0,HR,130,NEUTRAL,OK,hr_present,{age_s=0.0}
70.0,CADENCE,65,GREEN,OK,preferred_low_cadence_band,{age_s=0.0}
70.0,GRADE,0,NEUTRAL,OK,flat_deadband,"{grade_raw=0.0, grade_display=0.0}"
70.0,GEAR,WAIT,GRAY,NO_DATA,missing_gear,{}
71.0,SPEED,24.0,NEUTRAL,OK,near_reference,"{reference_kmh=24.338028169014112, age_s=0.0}"
71.0,POWER,160,NEUTRAL,OK,power_present,{age_s=0.0}
71.0,HR,130,NEUTRAL,OK,hr_present,{age_s=0.0}
71.0,CADENCE,65,GREEN,OK,preferred_low_cadence_band,{age_s=0.0}
71.0,GRADE,0,NEUTRAL,OK,flat_deadband,"{grade_raw=0.0, grade_display=0.0}"
71.0,GEAR,WAIT,GRAY,NO_DATA,missing_gear,{}
72.0,SPEED,24.0,NEUTRAL,OK,near_reference,"{reference_kmh=24.33333333333336, age_s=0.0}"
72.0,POWER,160,NEUTRAL,OK,power_present,{age_s=0.0}
72.0,HR,130,NEUTRAL,OK,hr_present,{age_s=0.0}
72.0,CADENCE,65,GREEN,OK,preferred_low_cadence_band,{age_s=0.0}
72.0,GRADE,0,NEUTRAL,OK,flat_deadband,"{grade_raw=0.0, grade_display=0.0}"
72.0,GEAR,WAIT,GRAY,NO_DATA,missing_gear,{}
73.0,SPEED,24.0,NEUTRAL,OK,near_reference,"{reference_kmh=24.3287671232877, age_s=0.0}"
73.0,POWER,160,NEUTRAL,OK,power_present,{age_s=0.0}
73.0,HR,130,NEUTRAL,OK,hr_present,{age_s=0.0}
73.0,CADENCE,65,GREEN,OK,preferred_low_cadence_band,{age_s=0.0}
73.0,GRADE,0,NEUTRAL,OK,flat_deadband,"{grade_raw=0.0, grade_display=0.0}"
73.0,GEAR,WAIT,GRAY,NO_DATA,missing_gear,{}
74.0,SPEED,24.0,NEUTRAL,OK,near_reference,"{reference_kmh=24.32432432432435, age_s=0.0}"
74.0,POWER,160,NEUTRAL,OK,power_present,{age_s=0.0}
74.0,HR,130,NEUTRAL,OK,hr_present,{age_s=0.0}
74.0,CADENCE,65,GREEN,OK,preferred_low_cadence_band,{age_s=0.0}
74.0,GRADE,0,NEUTRAL,OK,flat_deadband,"{grade_raw=0.0, grade_display=0.0}"
74.0,GEAR,WAIT,GRAY,NO_DATA,missing_gear,{}
75.0,SPEED,24.0,NEUTRAL,OK,near_reference,"{reference_kmh=24.32000000000003, age_s=0.0}"
75.0,POWER,160,NEUTRAL,OK,power_present,{age_s=0.0}
75.0,HR,130,NEUTRAL,OK,hr_present,{age_s=0.0}
75.0,CADENCE,65,GREEN,OK,preferred_low_cadence_band,{age_s=0.0}
75.0,GRADE,0,NEUTRAL,OK,flat_deadband,"{grade_raw=0.0, grade_display=0.0}"
75.0,GEAR,WAIT,GRAY,NO_DATA,missing_gear,{}
76.0,SPEED,24.0,NEUTRAL,OK,near_reference,"{reference_kmh=24.31578947368424, age_s=0.0}"
76.0,POWER,160,NEUTRAL,OK,power_present,{age_s=0.0}
76.0,HR,130,NEUTRAL,OK,hr_present,{age_s=0.0}
76.0,CADENCE,65,GREEN,OK,preferred_low_cadence_band,{age_s=0.0}
76.0,GRADE,0,NEUTRAL,OK,flat_deadband,"{grade_raw=0.0, grade_display=0.0}"
76.0,GEAR,WAIT,GRAY,NO_DATA,missing_gear,{}
77.0,SPEED,24.0,NEUTRAL,OK,near_reference,"{reference_kmh=24.31168831168834, age_s=0.0}"
77.0,POWER,160,NEUTRAL,OK,power_present,{age_s=0.0}
77.0,HR,130,NEUTRAL,OK,hr_present,{age_s=0.0}
77.0,CADENCE,65,GREEN,OK,preferred_low_cadence_band,{age_s=0.0}
77.0,GRADE,0,NEUTRAL,OK,flat_deadband,"{grade_raw=0.0, grade_display=0.0}"
77.0,GEAR,WAIT,GRAY,NO_DATA,missing_gear,{}
78.0,SPEED,24.0,NEUTRAL,OK,near_reference,"{reference_kmh=24.30769230769233, age_s=0.0}"
78.0,POWER,160,NEUTRAL,OK,power_present,{age_s=0.0}
78.0,HR,130,NEUTRAL,OK,hr_present,{age_s=0.0}
78.0,CADENCE,65,GREEN,OK,preferred_low_cadence_band,{age_s=0.0}
78.0,GRADE,0,NEUTRAL,OK,flat_deadband,"{grade_raw=0.0, grade_display=0.0}"
78.0,GEAR,WAIT,GRAY,NO_DATA,missing_gear,{}
79.0,SPEED,24.0,NEUTRAL,OK,near_reference,"{reference_kmh=24.303797468354457, age_s=0.0}"
79.0,POWER,160,NEUTRAL,OK,power_present,{age_s=0.0}
79.0,HR,130,NEUTRAL,OK,hr_present,{age_s=0.0}
79.0,CADENCE,65,GREEN,OK,preferred_low_cadence_band,{age_s=0.0}
79.0,GRADE,0,NEUTRAL,OK,flat_deadband,"{grade_raw=0.0, grade_display=0.0}"
79.0,GEAR,WAIT,GRAY,NO_DATA,missing_gear,{}
80.0,SPEED,24.0,NEUTRAL,OK,near_reference,"{reference_kmh=24.300000000000022, age_s=0.0}"
80.0,POWER,160,NEUTRAL,OK,power_present,{age_s=0.0}
80.0,HR,130,NEUTRAL,OK,hr_present,{age_s=0.0}
80.0,CADENCE,65,GREEN,OK,preferred_low_cadence_band,{age_s=0.0}
80.0,GRADE,0,NEUTRAL,OK,flat_deadband,"{grade_raw=0.0, grade_display=0.0}"
80.0,GEAR,WAIT,GRAY,NO_DATA,missing_gear,{}
81.0,SPEED,24.0,NEUTRAL,OK,near_reference,"{reference_kmh=24.296296296296315, age_s=0.0}"
81.0,POWER,160,NEUTRAL,OK,power_present,{age_s=0.0}
81.0,HR,130,NEUTRAL,OK,hr_present,{age_s=0.0}
81.0,CADENCE,65,GREEN,OK,preferred_low_cadence_band,{age_s=0.0}
81.0,GRADE,0,NEUTRAL,OK,flat_deadband,"{grade_raw=0.0, grade_display=0.0}"
81.0,GEAR,WAIT,GRAY,NO_DATA,missing_gear,{}
82.0,SPEED,24.0,NEUTRAL,OK,near_reference,"{reference_kmh=24.292682926829283, age_s=0.0}"
82.0,POWER,160,NEUTRAL,OK,power_present,{age_s=0.0}
82.0,HR,130,NEUTRAL,OK,hr_present,{age_s=0.0}
82.0,CADENCE,65,GREEN,OK,preferred_low_cadence_band,{age_s=0.0}
82.0,GRADE,0,NEUTRAL,OK,flat_deadband,"{grade_raw=0.0, grade_display=0.0}"
82.0,GEAR,WAIT,GRAY,NO_DATA,missing_gear,{}
83.0,SPEED,24.0,NEUTRAL,OK,near_reference,"{reference_kmh=24.289156626506042, age_s=0.0}"
83.0,POWER,160,NEUTRAL,OK,power_present,{age_s=0.0}
83.0,HR,130,NEUTRAL,OK,hr_present,{age_s=0.0}
83.0,CADENCE,65,GREEN,OK,preferred_low_cadence_band,{age_s=0.0}
83.0,GRADE,0,NEUTRAL,OK,flat_deadband,"{grade_raw=0.0, grade_display=0.0}"
83.0,GEAR,WAIT,GRAY,NO_DATA,missing_gear,{}
84.0,SPEED,24.0,NEUTRAL,OK,near_reference,"{reference_kmh=24.2857142857143, age_s=0.0}"
84.0,POWER,160,NEUTRAL,OK,power_present,{age_s=0.0}
84.0,HR,130,NEUTRAL,OK,hr_present,{age_s=0.0}
84.0,CADENCE,65,GREEN,OK,preferred_low_cadence_band,{age_s=0.0}
84.0,GRADE,0,NEUTRAL,OK,flat_deadband,"{grade_raw=0.0, grade_display=0.0}"
84.0,GEAR,WAIT,GRAY,NO_DATA,missing_gear,{}
85.0,SPEED,24.0,NEUTRAL,OK,near_reference,"{reference_kmh=24.28235294117648, age_s=0.0}"
85.0,POWER,160,NEUTRAL,OK,power_present,{age_s=0.0}
85.0,HR,130,NEUTRAL,OK,hr_present,{age_s=0.0}
85.0,CADENCE,65,GREEN,OK,preferred_low_cadence_band,{age_s=0.0}
85.0,GRADE,0,NEUTRAL,OK,flat_deadband,"{grade_raw=0.0, grade_display=0.0}"
85.0,GEAR,WAIT,GRAY,NO_DATA,missing_gear,{}
86.0,SPEED,24.0,NEUTRAL,OK,near_reference,"{reference_kmh=24.279069767441868, age_s=0.0}"
86.0,POWER,160,NEUTRAL,OK,power_present,{age_s=0.0}
86.0,HR,130,NEUTRAL,OK,hr_present,{age_s=0.0}
86.0,CADENCE,65,GREEN,OK,preferred_low_cadence_band,{age_s=0.0}
86.0,GRADE,0,NEUTRAL,OK,flat_deadband,"{grade_raw=0.0, grade_display=0.0}"
86.0,GEAR,WAIT,GRAY,NO_DATA,missing_gear,{}
87.0,SPEED,24.0,NEUTRAL,OK,near_reference,"{reference_kmh=24.275862068965527, age_s=0.0}"
87.0,POWER,160,NEUTRAL,OK,power_present,{age_s=0.0}
87.0,HR,130,NEUTRAL,OK,hr_present,{age_s=0.0}
87.0,CADENCE,65,GREEN,OK,preferred_low_cadence_band,{age_s=0.0}
87.0,GRADE,0,NEUTRAL,OK,flat_deadband,"{grade_raw=0.0, grade_display=0.0}"
87.0,GEAR,WAIT,GRAY,NO_DATA,missing_gear,{}
88.0,SPEED,24.0,NEUTRAL,OK,near_reference,"{reference_kmh=24.272727272727277, age_s=0.0}"
88.0,POWER,160,NEUTRAL,OK,power_present,{age_s=0.0}
88.0,HR,130,NEUTRAL,OK,hr_present,{age_s=0.0}
88.0,CADENCE,65,GREEN,OK,preferred_low_cadence_band,{age_s=0.0}
88.0,GRADE,0,NEUTRAL,OK,flat_deadband,"{grade_raw=0.0, grade_display=0.0}"
88.0,GEAR,WAIT,GRAY,NO_DATA,missing_gear,{}
89.0,SPEED,24.0,NEUTRAL,OK,near_reference,"{reference_kmh=24.269662921348317, age_s=0.0}"
89.0,POWER,160,NEUTRAL,OK,power_present,{age_s=0.0}
89.0,HR,130,NEUTRAL,OK,hr_present,{age_s=0.0}
89.0,CADENCE,65,GREEN,OK,preferred_low_cadence_band,{age_s=0.0}
89.0,GRADE,0,NEUTRAL,OK,flat_deadband,"{grade_raw=0.0, grade_display=0.0}"
89.0,GEAR,WAIT,GRAY,NO_DATA,missing_gear,{}
90.0,SPEED,24.0,NEUTRAL,OK,near_reference,"{reference_kmh=24.266666666666666, age_s=0.0}"
90.0,POWER,160,NEUTRAL,OK,power_present,{age_s=0.0}
90.0,HR,130,NEUTRAL,OK,hr_present,{age_s=0.0}
90.0,CADENCE,65,GREEN,OK,preferred_low_cadence_band,{age_s=0.0}
90.0,GRADE,0,NEUTRAL,OK,flat_deadband,"{grade_raw=0.0, grade_display=0.0}"
90.0,GEAR,WAIT,GRAY,NO_DATA,missing_gear,{}
91.0,SPEED,24.0,NEUTRAL,OK,near_reference,"{reference_kmh=24.263736263736266, age_s=0.0}"
91.0,POWER,160,NEUTRAL,OK,power_present,{age_s=0.0}
91.0,HR,130,NEUTRAL,OK,hr_present,{age_s=0.0}
91.0,CADENCE,65,GREEN,OK,preferred_low_cadence_band,{age_s=0.0}
91.0,GRADE,0,NEUTRAL,OK,flat_deadband,"{grade_raw=0.0, grade_display=0.0}"
91.0,GEAR,WAIT,GRAY,NO_DATA,missing_gear,{}
92.0,SPEED,24.0,NEUTRAL,OK,near_reference,"{reference_kmh=24.26086956521739, age_s=0.0}"
92.0,POWER,160,NEUTRAL,OK,power_present,{age_s=0.0}
92.0,HR,130,NEUTRAL,OK,hr_present,{age_s=0.0}
92.0,CADENCE,65,GREEN,OK,preferred_low_cadence_band,{age_s=0.0}
92.0,GRADE,0,NEUTRAL,OK,flat_deadband,"{grade_raw=0.0, grade_display=0.0}"
92.0,GEAR,WAIT,GRAY,NO_DATA,missing_gear,{}
93.0,SPEED,24.0,NEUTRAL,OK,near_reference,"{reference_kmh=24.25806451612903, age_s=0.0}"
93.0,POWER,160,NEUTRAL,OK,power_present,{age_s=0.0}
93.0,HR,130,NEUTRAL,OK,hr_present,{age_s=0.0}
93.0,CADENCE,65,GREEN,OK,preferred_low_cadence_band,{age_s=0.0}
93.0,GRADE,0,NEUTRAL,OK,flat_deadband,"{grade_raw=0.0, grade_display=0.0}"
93.0,GEAR,WAIT,GRAY,NO_DATA,missing_gear,{}
94.0,SPEED,24.0,NEUTRAL,OK,near_reference,"{reference_kmh=24.255319148936167, age_s=0.0}"
94.0,POWER,160,NEUTRAL,OK,power_present,{age_s=0.0}
94.0,HR,130,NEUTRAL,OK,hr_present,{age_s=0.0}
94.0,CADENCE,65,GREEN,OK,preferred_low_cadence_band,{age_s=0.0}
94.0,GRADE,0,NEUTRAL,OK,flat_deadband,"{grade_raw=0.0, grade_display=0.0}"
94.0,GEAR,WAIT,GRAY,NO_DATA,missing_gear,{}
95.0,SPEED,24.0,NEUTRAL,OK,near_reference,"{reference_kmh=24.252631578947366, age_s=0.0}"
95.0,POWER,160,NEUTRAL,OK,power_present,{age_s=0.0}
95.0,HR,130,NEUTRAL,OK,hr_present,{age_s=0.0}
95.0,CADENCE,65,GREEN,OK,preferred_low_cadence_band,{age_s=0.0}
95.0,GRADE,0,NEUTRAL,OK,flat_deadband,"{grade_raw=0.0, grade_display=0.0}"
95.0,GEAR,WAIT,GRAY,NO_DATA,missing_gear,{}
96.0,SPEED,24.0,NEUTRAL,OK,near_reference,"{reference_kmh=24.249999999999993, age_s=0.0}"
96.0,POWER,160,NEUTRAL,OK,power_present,{age_s=0.0}
96.0,HR,130,NEUTRAL,OK,hr_present,{age_s=0.0}
96.0,CADENCE,65,GREEN,OK,preferred_low_cadence_band,{age_s=0.0}
96.0,GRADE,0,NEUTRAL,OK,flat_deadband,"{grade_raw=0.0, grade_display=0.0}"
96.0,GEAR,WAIT,GRAY,NO_DATA,missing_gear,{}
97.0,SPEED,24.0,NEUTRAL,OK,near_reference,"{reference_kmh=24.247422680412363, age_s=0.0}"
97.0,POWER,160,NEUTRAL,OK,power_present,{age_s=0.0}
97.0,HR,130,NEUTRAL,OK,hr_present,{age_s=0.0}
97.0,CADENCE,65,GREEN,OK,preferred_low_cadence_band,{age_s=0.0}
97.0,GRADE,0,NEUTRAL,OK,flat_deadband,"{grade_raw=0.0, grade_display=0.0}"
97.0,GEAR,WAIT,GRAY,NO_DATA,missing_gear,{}
98.0,SPEED,24.0,NEUTRAL,OK,near_reference,"{reference_kmh=24.244897959183668, age_s=0.0}"
98.0,POWER,160,NEUTRAL,OK,power_present,{age_s=0.0}
98.0,HR,130,NEUTRAL,OK,hr_present,{age_s=0.0}
98.0,CADENCE,65,GREEN,OK,preferred_low_cadence_band,{age_s=0.0}
98.0,GRADE,0,NEUTRAL,OK,flat_deadband,"{grade_raw=0.0, grade_display=0.0}"
98.0,GEAR,WAIT,GRAY,NO_DATA,missing_gear,{}
99.0,SPEED,24.0,NEUTRAL,OK,near_reference,"{reference_kmh=24.24242424242423, age_s=0.0}"
99.0,POWER,160,NEUTRAL,OK,power_present,{age_s=0.0}
99.0,HR,130,NEUTRAL,OK,hr_present,{age_s=0.0}
99.0,CADENCE,65,GREEN,OK,preferred_low_cadence_band,{age_s=0.0}
99.0,GRADE,0,NEUTRAL,OK,flat_deadband,"{grade_raw=0.0, grade_display=0.0}"
99.0,GEAR,WAIT,GRAY,NO_DATA,missing_gear,{}
100.0,SPEED,24.0,NEUTRAL,OK,near_reference,"{reference_kmh=24.23999999999999, age_s=0.0}"
100.0,POWER,160,NEUTRAL,OK,power_present,{age_s=0.0}
100.0,HR,130,NEUTRAL,OK,hr_present,{age_s=0.0}
100.0,CADENCE,65,GREEN,OK,preferred_low_cadence_band,{age_s=0.0}
100.0,GRADE,0,NEUTRAL,OK,flat_deadband,"{grade_raw=0.0, grade_display=0.0}"
100.0,GEAR,WAIT,GRAY,NO_DATA,missing_gear,{}
101.0,SPEED,24.0,NEUTRAL,OK,near_reference,"{reference_kmh=24.237623762376224, age_s=0.0}"
101.0,POWER,160,NEUTRAL,OK,power_present,{age_s=0.0}
101.0,HR,130,NEUTRAL,OK,hr_present,{age_s=0.0}
101.0,CADENCE,65,GREEN,OK,preferred_low_cadence_band,{age_s=0.0}
101.0,GRADE,0,NEUTRAL,OK,flat_deadband,"{grade_raw=0.0, grade_display=0.0}"
101.0,GEAR,WAIT,GRAY,NO_DATA,missing_gear,{}
102.0,SPEED,24.0,NEUTRAL,OK,near_reference,"{reference_kmh=24.235294117647047, age_s=0.0}"
102.0,POWER,160,NEUTRAL,OK,power_present,{age_s=0.0}
102.0,HR,130,NEUTRAL,OK,hr_present,{age_s=0.0}
102.0,CADENCE,65,GREEN,OK,preferred_low_cadence_band,{age_s=0.0}
102.0,GRADE,0,NEUTRAL,OK,flat_deadband,"{grade_raw=0.0, grade_display=0.0}"
102.0,GEAR,WAIT,GRAY,NO_DATA,missing_gear,{}
103.0,SPEED,24.0,NEUTRAL,OK,near_reference,"{reference_kmh=24.23300970873785, age_s=0.0}"
103.0,POWER,160,NEUTRAL,OK,power_present,{age_s=0.0}
103.0,HR,130,NEUTRAL,OK,hr_present,{age_s=0.0}
103.0,CADENCE,65,GREEN,OK,preferred_low_cadence_band,{age_s=0.0}
103.0,GRADE,0,NEUTRAL,OK,flat_deadband,"{grade_raw=0.0, grade_display=0.0}"
103.0,GEAR,WAIT,GRAY,NO_DATA,missing_gear,{}
104.0,SPEED,24.0,NEUTRAL,OK,near_reference,"{reference_kmh=24.230769230769216, age_s=0.0}"
104.0,POWER,160,NEUTRAL,OK,power_present,{age_s=0.0}
104.0,HR,130,NEUTRAL,OK,hr_present,{age_s=0.0}
104.0,CADENCE,65,GREEN,OK,preferred_low_cadence_band,{age_s=0.0}
104.0,GRADE,0,NEUTRAL,OK,flat_deadband,"{grade_raw=0.0, grade_display=0.0}"
104.0,GEAR,WAIT,GRAY,NO_DATA,missing_gear,{}
105.0,SPEED,24.0,NEUTRAL,OK,near_reference,"{reference_kmh=24.228571428571414, age_s=0.0}"
105.0,POWER,160,NEUTRAL,OK,power_present,{age_s=0.0}
105.0,HR,130,NEUTRAL,OK,hr_present,{age_s=0.0}
105.0,CADENCE,65,GREEN,OK,preferred_low_cadence_band,{age_s=0.0}
105.0,GRADE,0,NEUTRAL,OK,flat_deadband,"{grade_raw=0.0, grade_display=0.0}"
105.0,GEAR,WAIT,GRAY,NO_DATA,missing_gear,{}
106.0,SPEED,24.0,NEUTRAL,OK,near_reference,"{reference_kmh=24.226415094339607, age_s=0.0}"
106.0,POWER,160,NEUTRAL,OK,power_present,{age_s=0.0}
106.0,HR,130,NEUTRAL,OK,hr_present,{age_s=0.0}
106.0,CADENCE,65,GREEN,OK,preferred_low_cadence_band,{age_s=0.0}
106.0,GRADE,0,NEUTRAL,OK,flat_deadband,"{grade_raw=0.0, grade_display=0.0}"
106.0,GEAR,WAIT,GRAY,NO_DATA,missing_gear,{}
107.0,SPEED,24.0,NEUTRAL,OK,near_reference,"{reference_kmh=24.224299065420542, age_s=0.0}"
107.0,POWER,160,NEUTRAL,OK,power_present,{age_s=0.0}
107.0,HR,130,NEUTRAL,OK,hr_present,{age_s=0.0}
107.0,CADENCE,65,GREEN,OK,preferred_low_cadence_band,{age_s=0.0}
107.0,GRADE,0,NEUTRAL,OK,flat_deadband,"{grade_raw=0.0, grade_display=0.0}"
107.0,GEAR,WAIT,GRAY,NO_DATA,missing_gear,{}
108.0,SPEED,24.0,NEUTRAL,OK,near_reference,"{reference_kmh=24.2222222222222, age_s=0.0}"
108.0,POWER,160,NEUTRAL,OK,power_present,{age_s=0.0}
108.0,HR,130,NEUTRAL,OK,hr_present,{age_s=0.0}
108.0,CADENCE,65,GREEN,OK,preferred_low_cadence_band,{age_s=0.0}
108.0,GRADE,0,NEUTRAL,OK,flat_deadband,"{grade_raw=0.0, grade_display=0.0}"
108.0,GEAR,WAIT,GRAY,NO_DATA,missing_gear,{}
109.0,SPEED,24.0,NEUTRAL,OK,near_reference,"{reference_kmh=24.22018348623851, age_s=0.0}"
109.0,POWER,160,NEUTRAL,OK,power_present,{age_s=0.0}
109.0,HR,130,NEUTRAL,OK,hr_present,{age_s=0.0}
109.0,CADENCE,65,GREEN,OK,preferred_low_cadence_band,{age_s=0.0}
109.0,GRADE,0,NEUTRAL,OK,flat_deadband,"{grade_raw=0.0, grade_display=0.0}"
109.0,GEAR,WAIT,GRAY,NO_DATA,missing_gear,{}
110.0,SPEED,24.0,NEUTRAL,OK,near_reference,"{reference_kmh=24.218181818181797, age_s=0.0}"
110.0,POWER,160,NEUTRAL,OK,power_present,{age_s=0.0}
110.0,HR,130,NEUTRAL,OK,hr_present,{age_s=0.0}
110.0,CADENCE,65,GREEN,OK,preferred_low_cadence_band,{age_s=0.0}
110.0,GRADE,0,NEUTRAL,OK,flat_deadband,"{grade_raw=0.0, grade_display=0.0}"
110.0,GEAR,WAIT,GRAY,NO_DATA,missing_gear,{}
111.0,SPEED,24.0,NEUTRAL,OK,near_reference,"{reference_kmh=24.216216216216193, age_s=0.0}"
111.0,POWER,160,NEUTRAL,OK,power_present,{age_s=0.0}
111.0,HR,130,NEUTRAL,OK,hr_present,{age_s=0.0}
111.0,CADENCE,65,GREEN,OK,preferred_low_cadence_band,{age_s=0.0}
111.0,GRADE,0,NEUTRAL,OK,flat_deadband,"{grade_raw=0.0, grade_display=0.0}"
111.0,GEAR,WAIT,GRAY,NO_DATA,missing_gear,{}
112.0,SPEED,24.0,NEUTRAL,OK,near_reference,"{reference_kmh=24.21428571428569, age_s=0.0}"
112.0,POWER,160,NEUTRAL,OK,power_present,{age_s=0.0}
112.0,HR,130,NEUTRAL,OK,hr_present,{age_s=0.0}
112.0,CADENCE,65,GREEN,OK,preferred_low_cadence_band,{age_s=0.0}
112.0,GRADE,0,NEUTRAL,OK,flat_deadband,"{grade_raw=0.0, grade_display=0.0}"
112.0,GEAR,WAIT,GRAY,NO_DATA,missing_gear,{}
113.0,SPEED,24.0,NEUTRAL,OK,near_reference,"{reference_kmh=24.212389380530947, age_s=0.0}"
113.0,POWER,160,NEUTRAL,OK,power_present,{age_s=0.0}
113.0,HR,130,NEUTRAL,OK,hr_present,{age_s=0.0}
113.0,CADENCE,65,GREEN,OK,preferred_low_cadence_band,{age_s=0.0}
113.0,GRADE,0,NEUTRAL,OK,flat_deadband,"{grade_raw=0.0, grade_display=0.0}"
113.0,GEAR,WAIT,GRAY,NO_DATA,missing_gear,{}
114.0,SPEED,24.0,NEUTRAL,OK,near_reference,"{reference_kmh=24.210526315789444, age_s=0.0}"
114.0,POWER,160,NEUTRAL,OK,power_present,{age_s=0.0}
114.0,HR,130,NEUTRAL,OK,hr_present,{age_s=0.0}
114.0,CADENCE,65,GREEN,OK,preferred_low_cadence_band,{age_s=0.0}
114.0,GRADE,0,NEUTRAL,OK,flat_deadband,"{grade_raw=0.0, grade_display=0.0}"
114.0,GEAR,WAIT,GRAY,NO_DATA,missing_gear,{}
115.0,SPEED,24.0,NEUTRAL,OK,near_reference,"{reference_kmh=24.208695652173887, age_s=0.0}"
115.0,POWER,160,NEUTRAL,OK,power_present,{age_s=0.0}
115.0,HR,130,NEUTRAL,OK,hr_present,{age_s=0.0}
115.0,CADENCE,65,GREEN,OK,preferred_low_cadence_band,{age_s=0.0}
115.0,GRADE,0,NEUTRAL,OK,flat_deadband,"{grade_raw=0.0, grade_display=0.0}"
115.0,GEAR,WAIT,GRAY,NO_DATA,missing_gear,{}
116.0,SPEED,24.0,NEUTRAL,OK,near_reference,"{reference_kmh=24.20689655172411, age_s=0.0}"
116.0,POWER,160,NEUTRAL,OK,power_present,{age_s=0.0}
116.0,HR,130,NEUTRAL,OK,hr_present,{age_s=0.0}
116.0,CADENCE,65,GREEN,OK,preferred_low_cadence_band,{age_s=0.0}
116.0,GRADE,0,NEUTRAL,OK,flat_deadband,"{grade_raw=0.0, grade_display=0.0}"
116.0,GEAR,WAIT,GRAY,NO_DATA,missing_gear,{}
117.0,SPEED,24.0,NEUTRAL,OK,near_reference,"{reference_kmh=24.205128205128176, age_s=0.0}"
117.0,POWER,160,NEUTRAL,OK,power_present,{age_s=0.0}
117.0,HR,130,NEUTRAL,OK,hr_present,{age_s=0.0}
117.0,CADENCE,65,GREEN,OK,preferred_low_cadence_band,{age_s=0.0}
117.0,GRADE,0,NEUTRAL,OK,flat_deadband,"{grade_raw=0.0, grade_display=0.0}"
117.0,GEAR,WAIT,GRAY,NO_DATA,missing_gear,{}
118.0,SPEED,24.0,NEUTRAL,OK,near_reference,"{reference_kmh=24.203389830508442, age_s=0.0}"
118.0,POWER,160,NEUTRAL,OK,power_present,{age_s=0.0}
118.0,HR,130,NEUTRAL,OK,hr_present,{age_s=0.0}
118.0,CADENCE,65,GREEN,OK,preferred_low_cadence_band,{age_s=0.0}
118.0,GRADE,0,NEUTRAL,OK,flat_deadband,"{grade_raw=0.0, grade_display=0.0}"
118.0,GEAR,WAIT,GRAY,NO_DATA,missing_gear,{}
119.0,SPEED,24.0,NEUTRAL,OK,near_reference,"{reference_kmh=24.20168067226888, age_s=0.0}"
119.0,POWER,160,NEUTRAL,OK,power_present,{age_s=0.0}
119.0,HR,130,NEUTRAL,OK,hr_present,{age_s=0.0}
119.0,CADENCE,65,GREEN,OK,preferred_low_cadence_band,{age_s=0.0}
119.0,GRADE,0,NEUTRAL,OK,flat_deadband,"{grade_raw=0.0, grade_display=0.0}"
119.0,GEAR,WAIT,GRAY,NO_DATA,missing_gear,{}
120.0,SPEED,24.0,NEUTRAL,OK,near_reference,"{reference_kmh=24.19999999999997, age_s=0.0}"
120.0,POWER,160,NEUTRAL,OK,power_present,{age_s=0.0}
120.0,HR,130,NEUTRAL,OK,hr_present,{age_s=0.0}
120.0,CADENCE,65,GREEN,OK,preferred_low_cadence_band,{age_s=0.0}
120.0,GRADE,0,NEUTRAL,OK,flat_deadband,"{grade_raw=0.0, grade_display=0.0}"
120.0,GEAR,WAIT,GRAY,NO_DATA,missing_gear,{}
121.0,SPEED,24.0,NEUTRAL,OK,near_reference,"{reference_kmh=24.198347107437982, age_s=0.0}"
121.0,POWER,160,NEUTRAL,OK,power_present,{age_s=0.0}
121.0,HR,130,NEUTRAL,OK,hr_present,{age_s=0.0}
121.0,CADENCE,65,GREEN,OK,preferred_low_cadence_band,{age_s=0.0}
121.0,GRADE,0,NEUTRAL,OK,flat_deadband,"{grade_raw=0.0, grade_display=0.0}"
121.0,GEAR,WAIT,GRAY,NO_DATA,missing_gear,{}
122.0,SPEED,24.0,NEUTRAL,OK,near_reference,"{reference_kmh=24.196721311475372, age_s=0.0}"
122.0,POWER,160,NEUTRAL,OK,power_present,{age_s=0.0}
122.0,HR,130,NEUTRAL,OK,hr_present,{age_s=0.0}
122.0,CADENCE,65,GREEN,OK,preferred_low_cadence_band,{age_s=0.0}
122.0,GRADE,0,NEUTRAL,OK,flat_deadband,"{grade_raw=0.0, grade_display=0.0}"
122.0,GEAR,WAIT,GRAY,NO_DATA,missing_gear,{}
123.0,SPEED,24.0,NEUTRAL,OK,near_reference,"{reference_kmh=24.195121951219477, age_s=0.0}"
123.0,POWER,160,NEUTRAL,OK,power_present,{age_s=0.0}
123.0,HR,130,NEUTRAL,OK,hr_present,{age_s=0.0}
123.0,CADENCE,65,GREEN,OK,preferred_low_cadence_band,{age_s=0.0}
123.0,GRADE,0,NEUTRAL,OK,flat_deadband,"{grade_raw=0.0, grade_display=0.0}"
123.0,GEAR,WAIT,GRAY,NO_DATA,missing_gear,{}
124.0,SPEED,24.0,NEUTRAL,OK,near_reference,"{reference_kmh=24.19354838709674, age_s=0.0}"
124.0,POWER,160,NEUTRAL,OK,power_present,{age_s=0.0}
124.0,HR,130,NEUTRAL,OK,hr_present,{age_s=0.0}
124.0,CADENCE,65,GREEN,OK,preferred_low_cadence_band,{age_s=0.0}
124.0,GRADE,0,NEUTRAL,OK,flat_deadband,"{grade_raw=0.0, grade_display=0.0}"
124.0,GEAR,WAIT,GRAY,NO_DATA,missing_gear,{}
125.0,SPEED,24.0,NEUTRAL,OK,near_reference,"{reference_kmh=24.19199999999996, age_s=0.0}"
125.0,POWER,160,NEUTRAL,OK,power_present,{age_s=0.0}
125.0,HR,130,NEUTRAL,OK,hr_present,{age_s=0.0}
125.0,CADENCE,65,GREEN,OK,preferred_low_cadence_band,{age_s=0.0}
125.0,GRADE,0,NEUTRAL,OK,flat_deadband,"{grade_raw=0.0, grade_display=0.0}"
125.0,GEAR,WAIT,GRAY,NO_DATA,missing_gear,{}
126.0,SPEED,24.0,NEUTRAL,OK,near_reference,"{reference_kmh=24.19047619047615, age_s=0.0}"
126.0,POWER,160,NEUTRAL,OK,power_present,{age_s=0.0}
126.0,HR,130,NEUTRAL,OK,hr_present,{age_s=0.0}
126.0,CADENCE,65,GREEN,OK,preferred_low_cadence_band,{age_s=0.0}
126.0,GRADE,0,NEUTRAL,OK,flat_deadband,"{grade_raw=0.0, grade_display=0.0}"
126.0,GEAR,WAIT,GRAY,NO_DATA,missing_gear,{}
127.0,SPEED,24.0,NEUTRAL,OK,near_reference,"{reference_kmh=24.18897637795272, age_s=0.0}"
127.0,POWER,160,NEUTRAL,OK,power_present,{age_s=0.0}
127.0,HR,130,NEUTRAL,OK,hr_present,{age_s=0.0}
127.0,CADENCE,65,GREEN,OK,preferred_low_cadence_band,{age_s=0.0}
127.0,GRADE,0,NEUTRAL,OK,flat_deadband,"{grade_raw=0.0, grade_display=0.0}"
127.0,GEAR,WAIT,GRAY,NO_DATA,missing_gear,{}
128.0,SPEED,24.0,NEUTRAL,OK,near_reference,"{reference_kmh=24.18749999999996, age_s=0.0}"
128.0,POWER,160,NEUTRAL,OK,power_present,{age_s=0.0}
128.0,HR,130,NEUTRAL,OK,hr_present,{age_s=0.0}
128.0,CADENCE,65,GREEN,OK,preferred_low_cadence_band,{age_s=0.0}
128.0,GRADE,0,NEUTRAL,OK,flat_deadband,"{grade_raw=0.0, grade_display=0.0}"
128.0,GEAR,WAIT,GRAY,NO_DATA,missing_gear,{}
129.0,SPEED,24.0,NEUTRAL,OK,near_reference,"{reference_kmh=24.186046511627865, age_s=0.0}"
129.0,POWER,160,NEUTRAL,OK,power_present,{age_s=0.0}
129.0,HR,130,NEUTRAL,OK,hr_present,{age_s=0.0}
129.0,CADENCE,65,GREEN,OK,preferred_low_cadence_band,{age_s=0.0}
129.0,GRADE,0,NEUTRAL,OK,flat_deadband,"{grade_raw=0.0, grade_display=0.0}"
129.0,GEAR,WAIT,GRAY,NO_DATA,missing_gear,{}
130.0,SPEED,24.0,NEUTRAL,OK,near_reference,"{reference_kmh=24.184615384615345, age_s=0.0}"
130.0,POWER,160,NEUTRAL,OK,power_present,{age_s=0.0}
130.0,HR,130,NEUTRAL,OK,hr_present,{age_s=0.0}
130.0,CADENCE,65,GREEN,OK,preferred_low_cadence_band,{age_s=0.0}
130.0,GRADE,0,NEUTRAL,OK,flat_deadband,"{grade_raw=0.0, grade_display=0.0}"
130.0,GEAR,WAIT,GRAY,NO_DATA,missing_gear,{}
131.0,SPEED,24.0,NEUTRAL,OK,near_reference,"{reference_kmh=24.18320610687019, age_s=0.0}"
131.0,POWER,160,NEUTRAL,OK,power_present,{age_s=0.0}
131.0,HR,130,NEUTRAL,OK,hr_present,{age_s=0.0}
131.0,CADENCE,65,GREEN,OK,preferred_low_cadence_band,{age_s=0.0}
131.0,GRADE,0,NEUTRAL,OK,flat_deadband,"{grade_raw=0.0, grade_display=0.0}"
131.0,GEAR,WAIT,GRAY,NO_DATA,missing_gear,{}
132.0,SPEED,24.0,NEUTRAL,OK,near_reference,"{reference_kmh=24.18181818181814, age_s=0.0}"
132.0,POWER,160,NEUTRAL,OK,power_present,{age_s=0.0}
132.0,HR,130,NEUTRAL,OK,hr_present,{age_s=0.0}
132.0,CADENCE,65,GREEN,OK,preferred_low_cadence_band,{age_s=0.0}
132.0,GRADE,0,NEUTRAL,OK,flat_deadband,"{grade_raw=0.0, grade_display=0.0}"
132.0,GEAR,WAIT,GRAY,NO_DATA,missing_gear,{}
133.0,SPEED,24.0,NEUTRAL,OK,near_reference,"{reference_kmh=24.180451127819506, age_s=0.0}"
133.0,POWER,160,NEUTRAL,OK,power_present,{age_s=0.0}
133.0,HR,130,NEUTRAL,OK,hr_present,{age_s=0.0}
133.0,CADENCE,65,GREEN,OK,preferred_low_cadence_band,{age_s=0.0}
133.0,GRADE,0,NEUTRAL,OK,flat_deadband,"{grade_raw=0.0, grade_display=0.0}"
133.0,GEAR,WAIT,GRAY,NO_DATA,missing_gear,{}
134.0,SPEED,24.0,NEUTRAL,OK,near_reference,"{reference_kmh=24.179104477611897, age_s=0.0}"
134.0,POWER,160,NEUTRAL,OK,power_present,{age_s=0.0}
134.0,HR,130,NEUTRAL,OK,hr_present,{age_s=0.0}
134.0,CADENCE,65,GREEN,OK,preferred_low_cadence_band,{age_s=0.0}
134.0,GRADE,0,NEUTRAL,OK,flat_deadband,"{grade_raw=0.0, grade_display=0.0}"
134.0,GEAR,WAIT,GRAY,NO_DATA,missing_gear,{}
135.0,SPEED,24.0,NEUTRAL,OK,near_reference,"{reference_kmh=24.177777777777735, age_s=0.0}"
135.0,POWER,160,NEUTRAL,OK,power_present,{age_s=0.0}
135.0,HR,130,NEUTRAL,OK,hr_present,{age_s=0.0}
135.0,CADENCE,65,GREEN,OK,preferred_low_cadence_band,{age_s=0.0}
135.0,GRADE,0,NEUTRAL,OK,flat_deadband,"{grade_raw=0.0, grade_display=0.0}"
135.0,GEAR,WAIT,GRAY,NO_DATA,missing_gear,{}
136.0,SPEED,24.0,NEUTRAL,OK,near_reference,"{reference_kmh=24.17647058823525, age_s=0.0}"
136.0,POWER,160,NEUTRAL,OK,power_present,{age_s=0.0}
136.0,HR,130,NEUTRAL,OK,hr_present,{age_s=0.0}
136.0,CADENCE,65,GREEN,OK,preferred_low_cadence_band,{age_s=0.0}
136.0,GRADE,0,NEUTRAL,OK,flat_deadband,"{grade_raw=0.0, grade_display=0.0}"
136.0,GEAR,WAIT,GRAY,NO_DATA,missing_gear,{}
137.0,SPEED,24.0,NEUTRAL,OK,near_reference,"{reference_kmh=24.17518248175178, age_s=0.0}"
137.0,POWER,160,NEUTRAL,OK,power_present,{age_s=0.0}
137.0,HR,130,NEUTRAL,OK,hr_present,{age_s=0.0}
137.0,CADENCE,65,GREEN,OK,preferred_low_cadence_band,{age_s=0.0}
137.0,GRADE,0,NEUTRAL,OK,flat_deadband,"{grade_raw=0.0, grade_display=0.0}"
137.0,GEAR,WAIT,GRAY,NO_DATA,missing_gear,{}
138.0,SPEED,24.0,NEUTRAL,OK,near_reference,"{reference_kmh=24.17391304347822, age_s=0.0}"
138.0,POWER,160,NEUTRAL,OK,power_present,{age_s=0.0}
138.0,HR,130,NEUTRAL,OK,hr_present,{age_s=0.0}
138.0,CADENCE,65,GREEN,OK,preferred_low_cadence_band,{age_s=0.0}
138.0,GRADE,0,NEUTRAL,OK,flat_deadband,"{grade_raw=0.0, grade_display=0.0}"
138.0,GEAR,WAIT,GRAY,NO_DATA,missing_gear,{}
139.0,SPEED,24.0,NEUTRAL,OK,near_reference,"{reference_kmh=24.172661870503553, age_s=0.0}"
139.0,POWER,160,NEUTRAL,OK,power_present,{age_s=0.0}
139.0,HR,130,NEUTRAL,OK,hr_present,{age_s=0.0}
139.0,CADENCE,65,GREEN,OK,preferred_low_cadence_band,{age_s=0.0}
139.0,GRADE,0,NEUTRAL,OK,flat_deadband,"{grade_raw=0.0, grade_display=0.0}"
139.0,GEAR,WAIT,GRAY,NO_DATA,missing_gear,{}
140.0,SPEED,24.0,NEUTRAL,OK,near_reference,"{reference_kmh=24.171428571428525, age_s=0.0}"
140.0,POWER,160,NEUTRAL,OK,power_present,{age_s=0.0}
140.0,HR,130,NEUTRAL,OK,hr_present,{age_s=0.0}
140.0,CADENCE,65,GREEN,OK,preferred_low_cadence_band,{age_s=0.0}
140.0,GRADE,0,NEUTRAL,OK,flat_deadband,"{grade_raw=0.0, grade_display=0.0}"
140.0,GEAR,WAIT,GRAY,NO_DATA,missing_gear,{}
141.0,SPEED,24.0,NEUTRAL,OK,near_reference,"{reference_kmh=24.170212765957398, age_s=0.0}"
141.0,POWER,160,NEUTRAL,OK,power_present,{age_s=0.0}
141.0,HR,130,NEUTRAL,OK,hr_present,{age_s=0.0}
141.0,CADENCE,65,GREEN,OK,preferred_low_cadence_band,{age_s=0.0}
141.0,GRADE,0,NEUTRAL,OK,flat_deadband,"{grade_raw=0.0, grade_display=0.0}"
141.0,GEAR,WAIT,GRAY,NO_DATA,missing_gear,{}
142.0,SPEED,24.0,NEUTRAL,OK,near_reference,"{reference_kmh=24.169014084506998, age_s=0.0}"
142.0,POWER,160,NEUTRAL,OK,power_present,{age_s=0.0}
142.0,HR,130,NEUTRAL,OK,hr_present,{age_s=0.0}
142.0,CADENCE,65,GREEN,OK,preferred_low_cadence_band,{age_s=0.0}
142.0,GRADE,0,NEUTRAL,OK,flat_deadband,"{grade_raw=0.0, grade_display=0.0}"
142.0,GEAR,WAIT,GRAY,NO_DATA,missing_gear,{}
143.0,SPEED,24.0,NEUTRAL,OK,near_reference,"{reference_kmh=24.16783216783212, age_s=0.0}"
143.0,POWER,160,NEUTRAL,OK,power_present,{age_s=0.0}
143.0,HR,130,NEUTRAL,OK,hr_present,{age_s=0.0}
143.0,CADENCE,65,GREEN,OK,preferred_low_cadence_band,{age_s=0.0}
143.0,GRADE,0,NEUTRAL,OK,flat_deadband,"{grade_raw=0.0, grade_display=0.0}"
143.0,GEAR,WAIT,GRAY,NO_DATA,missing_gear,{}
144.0,SPEED,24.0,NEUTRAL,OK,near_reference,"{reference_kmh=24.166666666666618, age_s=0.0}"
144.0,POWER,160,NEUTRAL,OK,power_present,{age_s=0.0}
144.0,HR,130,NEUTRAL,OK,hr_present,{age_s=0.0}
144.0,CADENCE,65,GREEN,OK,preferred_low_cadence_band,{age_s=0.0}
144.0,GRADE,0,NEUTRAL,OK,flat_deadband,"{grade_raw=0.0, grade_display=0.0}"
144.0,GEAR,WAIT,GRAY,NO_DATA,missing_gear,{}
145.0,SPEED,24.0,NEUTRAL,OK,near_reference,"{reference_kmh=24.16551724137926, age_s=0.0}"
145.0,POWER,160,NEUTRAL,OK,power_present,{age_s=0.0}
145.0,HR,130,NEUTRAL,OK,hr_present,{age_s=0.0}
145.0,CADENCE,65,GREEN,OK,preferred_low_cadence_band,{age_s=0.0}
145.0,GRADE,0,NEUTRAL,OK,flat_deadband,"{grade_raw=0.0, grade_display=0.0}"
145.0,GEAR,WAIT,GRAY,NO_DATA,missing_gear,{}
146.0,SPEED,24.0,NEUTRAL,OK,near_reference,"{reference_kmh=24.16438356164379, age_s=0.0}"
146.0,POWER,160,NEUTRAL,OK,power_present,{age_s=0.0}
146.0,HR,130,NEUTRAL,OK,hr_present,{age_s=0.0}
146.0,CADENCE,65,GREEN,OK,preferred_low_cadence_band,{age_s=0.0}
146.0,GRADE,0,NEUTRAL,OK,flat_deadband,"{grade_raw=0.0, grade_display=0.0}"
146.0,GEAR,WAIT,GRAY,NO_DATA,missing_gear,{}
147.0,SPEED,24.0,NEUTRAL,OK,near_reference,"{reference_kmh=24.163265306122398, age_s=0.0}"
147.0,POWER,160,NEUTRAL,OK,power_present,{age_s=0.0}
147.0,HR,130,NEUTRAL,OK,hr_present,{age_s=0.0}
147.0,CADENCE,65,GREEN,OK,preferred_low_cadence_band,{age_s=0.0}
147.0,GRADE,0,NEUTRAL,OK,flat_deadband,"{grade_raw=0.0, grade_display=0.0}"
147.0,GEAR,WAIT,GRAY,NO_DATA,missing_gear,{}
148.0,SPEED,24.0,NEUTRAL,OK,near_reference,"{reference_kmh=24.162162162162108, age_s=0.0}"
148.0,POWER,160,NEUTRAL,OK,power_present,{age_s=0.0}
148.0,HR,130,NEUTRAL,OK,hr_present,{age_s=0.0}
148.0,CADENCE,65,GREEN,OK,preferred_low_cadence_band,{age_s=0.0}
148.0,GRADE,0,NEUTRAL,OK,flat_deadband,"{grade_raw=0.0, grade_display=0.0}"
148.0,GEAR,WAIT,GRAY,NO_DATA,missing_gear,{}
149.0,SPEED,24.0,NEUTRAL,OK,near_reference,"{reference_kmh=24.161073825503305, age_s=0.0}"
149.0,POWER,160,NEUTRAL,OK,power_present,{age_s=0.0}
149.0,HR,130,NEUTRAL,OK,hr_present,{age_s=0.0}
149.0,CADENCE,65,GREEN,OK,preferred_low_cadence_band,{age_s=0.0}
149.0,GRADE,0,NEUTRAL,OK,flat_deadband,"{grade_raw=0.0, grade_display=0.0}"
149.0,GEAR,WAIT,GRAY,NO_DATA,missing_gear,{}
150.0,SPEED,24.0,NEUTRAL,OK,near_reference,"{reference_kmh=24.159999999999947, age_s=0.0}"
150.0,POWER,160,NEUTRAL,OK,power_present,{age_s=0.0}
150.0,HR,130,NEUTRAL,OK,hr_present,{age_s=0.0}
150.0,CADENCE,65,GREEN,OK,preferred_low_cadence_band,{age_s=0.0}
150.0,GRADE,0,NEUTRAL,OK,flat_deadband,"{grade_raw=0.0, grade_display=0.0}"
150.0,GEAR,WAIT,GRAY,NO_DATA,missing_gear,{}
151.0,SPEED,24.0,NEUTRAL,OK,near_reference,"{reference_kmh=24.158940397350943, age_s=0.0}"
151.0,POWER,160,NEUTRAL,OK,power_present,{age_s=0.0}
151.0,HR,130,NEUTRAL,OK,hr_present,{age_s=0.0}
151.0,CADENCE,65,GREEN,OK,preferred_low_cadence_band,{age_s=0.0}
151.0,GRADE,0,NEUTRAL,OK,flat_deadband,"{grade_raw=0.0, grade_display=0.0}"
151.0,GEAR,WAIT,GRAY,NO_DATA,missing_gear,{}
152.0,SPEED,24.0,NEUTRAL,OK,near_reference,"{reference_kmh=24.157894736842053, age_s=0.0}"
152.0,POWER,160,NEUTRAL,OK,power_present,{age_s=0.0}
152.0,HR,130,NEUTRAL,OK,hr_present,{age_s=0.0}
152.0,CADENCE,65,GREEN,OK,preferred_low_cadence_band,{age_s=0.0}
152.0,GRADE,0,NEUTRAL,OK,flat_deadband,"{grade_raw=0.0, grade_display=0.0}"
152.0,GEAR,WAIT,GRAY,NO_DATA,missing_gear,{}
153.0,SPEED,24.0,NEUTRAL,OK,near_reference,"{reference_kmh=24.156862745097985, age_s=0.0}"
153.0,POWER,160,NEUTRAL,OK,power_present,{age_s=0.0}
153.0,HR,130,NEUTRAL,OK,hr_present,{age_s=0.0}
153.0,CADENCE,65,GREEN,OK,preferred_low_cadence_band,{age_s=0.0}
153.0,GRADE,0,NEUTRAL,OK,flat_deadband,"{grade_raw=0.0, grade_display=0.0}"
153.0,GEAR,WAIT,GRAY,NO_DATA,missing_gear,{}
154.0,SPEED,24.0,NEUTRAL,OK,near_reference,"{reference_kmh=24.155844155844107, age_s=0.0}"
154.0,POWER,160,NEUTRAL,OK,power_present,{age_s=0.0}
154.0,HR,130,NEUTRAL,OK,hr_present,{age_s=0.0}
154.0,CADENCE,65,GREEN,OK,preferred_low_cadence_band,{age_s=0.0}
154.0,GRADE,0,NEUTRAL,OK,flat_deadband,"{grade_raw=0.0, grade_display=0.0}"
154.0,GEAR,WAIT,GRAY,NO_DATA,missing_gear,{}
155.0,SPEED,24.0,NEUTRAL,OK,near_reference,"{reference_kmh=24.154838709677374, age_s=0.0}"
155.0,POWER,160,NEUTRAL,OK,power_present,{age_s=0.0}
155.0,HR,130,NEUTRAL,OK,hr_present,{age_s=0.0}
155.0,CADENCE,65,GREEN,OK,preferred_low_cadence_band,{age_s=0.0}
155.0,GRADE,0,NEUTRAL,OK,flat_deadband,"{grade_raw=0.0, grade_display=0.0}"
155.0,GEAR,WAIT,GRAY,NO_DATA,missing_gear,{}
156.0,SPEED,24.0,NEUTRAL,OK,near_reference,"{reference_kmh=24.153846153846107, age_s=0.0}"
156.0,POWER,160,NEUTRAL,OK,power_present,{age_s=0.0}
156.0,HR,130,NEUTRAL,OK,hr_present,{age_s=0.0}
156.0,CADENCE,65,GREEN,OK,preferred_low_cadence_band,{age_s=0.0}
156.0,GRADE,0,NEUTRAL,OK,flat_deadband,"{grade_raw=0.0, grade_display=0.0}"
156.0,GEAR,WAIT,GRAY,NO_DATA,missing_gear,{}
157.0,SPEED,24.0,NEUTRAL,OK,near_reference,"{reference_kmh=24.152866242038172, age_s=0.0}"
157.0,POWER,160,NEUTRAL,OK,power_present,{age_s=0.0}
157.0,HR,130,NEUTRAL,OK,hr_present,{age_s=0.0}
157.0,CADENCE,65,GREEN,OK,preferred_low_cadence_band,{age_s=0.0}
157.0,GRADE,0,NEUTRAL,OK,flat_deadband,"{grade_raw=0.0, grade_display=0.0}"
157.0,GEAR,WAIT,GRAY,NO_DATA,missing_gear,{}
158.0,SPEED,24.0,NEUTRAL,OK,near_reference,"{reference_kmh=24.151898734177177, age_s=0.0}"
158.0,POWER,160,NEUTRAL,OK,power_present,{age_s=0.0}
158.0,HR,130,NEUTRAL,OK,hr_present,{age_s=0.0}
158.0,CADENCE,65,GREEN,OK,preferred_low_cadence_band,{age_s=0.0}
158.0,GRADE,0,NEUTRAL,OK,flat_deadband,"{grade_raw=0.0, grade_display=0.0}"
158.0,GEAR,WAIT,GRAY,NO_DATA,missing_gear,{}
159.0,SPEED,24.0,NEUTRAL,OK,near_reference,"{reference_kmh=24.150943396226374, age_s=0.0}"
159.0,POWER,160,NEUTRAL,OK,power_present,{age_s=0.0}
159.0,HR,130,NEUTRAL,OK,hr_present,{age_s=0.0}
159.0,CADENCE,65,GREEN,OK,preferred_low_cadence_band,{age_s=0.0}
159.0,GRADE,0,NEUTRAL,OK,flat_deadband,"{grade_raw=0.0, grade_display=0.0}"
159.0,GEAR,WAIT,GRAY,NO_DATA,missing_gear,{}
160.0,SPEED,24.0,NEUTRAL,OK,near_reference,"{reference_kmh=24.149999999999963, age_s=0.0}"
160.0,POWER,160,NEUTRAL,OK,power_present,{age_s=0.0}
160.0,HR,130,NEUTRAL,OK,hr_present,{age_s=0.0}
160.0,CADENCE,65,GREEN,OK,preferred_low_cadence_band,{age_s=0.0}
160.0,GRADE,0,NEUTRAL,OK,flat_deadband,"{grade_raw=0.0, grade_display=0.0}"
160.0,GEAR,WAIT,GRAY,NO_DATA,missing_gear,{}
161.0,SPEED,24.0,NEUTRAL,OK,near_reference,"{reference_kmh=24.149068322981336, age_s=0.0}"
161.0,POWER,160,NEUTRAL,OK,power_present,{age_s=0.0}
161.0,HR,130,NEUTRAL,OK,hr_present,{age_s=0.0}
161.0,CADENCE,65,GREEN,OK,preferred_low_cadence_band,{age_s=0.0}
161.0,GRADE,0,NEUTRAL,OK,flat_deadband,"{grade_raw=0.0, grade_display=0.0}"
161.0,GEAR,WAIT,GRAY,NO_DATA,missing_gear,{}
162.0,SPEED,24.0,NEUTRAL,OK,near_reference,"{reference_kmh=24.148148148148113, age_s=0.0}"
162.0,POWER,160,NEUTRAL,OK,power_present,{age_s=0.0}
162.0,HR,130,NEUTRAL,OK,hr_present,{age_s=0.0}
162.0,CADENCE,65,GREEN,OK,preferred_low_cadence_band,{age_s=0.0}
162.0,GRADE,0,NEUTRAL,OK,flat_deadband,"{grade_raw=0.0, grade_display=0.0}"
162.0,GEAR,WAIT,GRAY,NO_DATA,missing_gear,{}
163.0,SPEED,24.0,NEUTRAL,OK,near_reference,"{reference_kmh=24.14723926380365, age_s=0.0}"
163.0,POWER,160,NEUTRAL,OK,power_present,{age_s=0.0}
163.0,HR,130,NEUTRAL,OK,hr_present,{age_s=0.0}
163.0,CADENCE,65,GREEN,OK,preferred_low_cadence_band,{age_s=0.0}
163.0,GRADE,0,NEUTRAL,OK,flat_deadband,"{grade_raw=0.0, grade_display=0.0}"
163.0,GEAR,WAIT,GRAY,NO_DATA,missing_gear,{}
164.0,SPEED,24.0,NEUTRAL,OK,near_reference,"{reference_kmh=24.1463414634146, age_s=0.0}"
164.0,POWER,160,NEUTRAL,OK,power_present,{age_s=0.0}
164.0,HR,130,NEUTRAL,OK,hr_present,{age_s=0.0}
164.0,CADENCE,65,GREEN,OK,preferred_low_cadence_band,{age_s=0.0}
164.0,GRADE,0,NEUTRAL,OK,flat_deadband,"{grade_raw=0.0, grade_display=0.0}"
164.0,GEAR,WAIT,GRAY,NO_DATA,missing_gear,{}
165.0,SPEED,24.0,NEUTRAL,OK,near_reference,"{reference_kmh=24.14545454545452, age_s=0.0}"
165.0,POWER,160,NEUTRAL,OK,power_present,{age_s=0.0}
165.0,HR,130,NEUTRAL,OK,hr_present,{age_s=0.0}
165.0,CADENCE,65,GREEN,OK,preferred_low_cadence_band,{age_s=0.0}
165.0,GRADE,0,NEUTRAL,OK,flat_deadband,"{grade_raw=0.0, grade_display=0.0}"
165.0,GEAR,WAIT,GRAY,NO_DATA,missing_gear,{}
166.0,SPEED,24.0,NEUTRAL,OK,near_reference,"{reference_kmh=24.14457831325299, age_s=0.0}"
166.0,POWER,160,NEUTRAL,OK,power_present,{age_s=0.0}
166.0,HR,130,NEUTRAL,OK,hr_present,{age_s=0.0}
166.0,CADENCE,65,GREEN,OK,preferred_low_cadence_band,{age_s=0.0}
166.0,GRADE,0,NEUTRAL,OK,flat_deadband,"{grade_raw=0.0, grade_display=0.0}"
166.0,GEAR,WAIT,GRAY,NO_DATA,missing_gear,{}
167.0,SPEED,24.0,NEUTRAL,OK,near_reference,"{reference_kmh=24.143712574850273, age_s=0.0}"
167.0,POWER,160,NEUTRAL,OK,power_present,{age_s=0.0}
167.0,HR,130,NEUTRAL,OK,hr_present,{age_s=0.0}
167.0,CADENCE,65,GREEN,OK,preferred_low_cadence_band,{age_s=0.0}
167.0,GRADE,0,NEUTRAL,OK,flat_deadband,"{grade_raw=0.0, grade_display=0.0}"
167.0,GEAR,WAIT,GRAY,NO_DATA,missing_gear,{}
168.0,SPEED,24.0,NEUTRAL,OK,near_reference,"{reference_kmh=24.142857142857117, age_s=0.0}"
168.0,POWER,160,NEUTRAL,OK,power_present,{age_s=0.0}
168.0,HR,130,NEUTRAL,OK,hr_present,{age_s=0.0}
168.0,CADENCE,65,GREEN,OK,preferred_low_cadence_band,{age_s=0.0}
168.0,GRADE,0,NEUTRAL,OK,flat_deadband,"{grade_raw=0.0, grade_display=0.0}"
168.0,GEAR,WAIT,GRAY,NO_DATA,missing_gear,{}
169.0,SPEED,24.0,NEUTRAL,OK,near_reference,"{reference_kmh=24.142011834319508, age_s=0.0}"
169.0,POWER,160,NEUTRAL,OK,power_present,{age_s=0.0}
169.0,HR,130,NEUTRAL,OK,hr_present,{age_s=0.0}
169.0,CADENCE,65,GREEN,OK,preferred_low_cadence_band,{age_s=0.0}
169.0,GRADE,0,NEUTRAL,OK,flat_deadband,"{grade_raw=0.0, grade_display=0.0}"
169.0,GEAR,WAIT,GRAY,NO_DATA,missing_gear,{}
170.0,SPEED,24.0,NEUTRAL,OK,near_reference,"{reference_kmh=24.141176470588213, age_s=0.0}"
170.0,POWER,160,NEUTRAL,OK,power_present,{age_s=0.0}
170.0,HR,130,NEUTRAL,OK,hr_present,{age_s=0.0}
170.0,CADENCE,65,GREEN,OK,preferred_low_cadence_band,{age_s=0.0}
170.0,GRADE,0,NEUTRAL,OK,flat_deadband,"{grade_raw=0.0, grade_display=0.0}"
170.0,GEAR,WAIT,GRAY,NO_DATA,missing_gear,{}
171.0,SPEED,24.0,NEUTRAL,OK,near_reference,"{reference_kmh=24.140350877192965, age_s=0.0}"
171.0,POWER,160,NEUTRAL,OK,power_present,{age_s=0.0}
171.0,HR,130,NEUTRAL,OK,hr_present,{age_s=0.0}
171.0,CADENCE,65,GREEN,OK,preferred_low_cadence_band,{age_s=0.0}
171.0,GRADE,0,NEUTRAL,OK,flat_deadband,"{grade_raw=0.0, grade_display=0.0}"
171.0,GEAR,WAIT,GRAY,NO_DATA,missing_gear,{}
172.0,SPEED,24.0,NEUTRAL,OK,near_reference,"{reference_kmh=24.139534883720916, age_s=0.0}"
172.0,POWER,160,NEUTRAL,OK,power_present,{age_s=0.0}
172.0,HR,130,NEUTRAL,OK,hr_present,{age_s=0.0}
172.0,CADENCE,65,GREEN,OK,preferred_low_cadence_band,{age_s=0.0}
172.0,GRADE,0,NEUTRAL,OK,flat_deadband,"{grade_raw=0.0, grade_display=0.0}"
172.0,GEAR,WAIT,GRAY,NO_DATA,missing_gear,{}
173.0,SPEED,24.0,NEUTRAL,OK,near_reference,"{reference_kmh=24.138728323699407, age_s=0.0}"
173.0,POWER,160,NEUTRAL,OK,power_present,{age_s=0.0}
173.0,HR,130,NEUTRAL,OK,hr_present,{age_s=0.0}
173.0,CADENCE,65,GREEN,OK,preferred_low_cadence_band,{age_s=0.0}
173.0,GRADE,0,NEUTRAL,OK,flat_deadband,"{grade_raw=0.0, grade_display=0.0}"
173.0,GEAR,WAIT,GRAY,NO_DATA,missing_gear,{}
174.0,SPEED,24.0,NEUTRAL,OK,near_reference,"{reference_kmh=24.137931034482747, age_s=0.0}"
174.0,POWER,160,NEUTRAL,OK,power_present,{age_s=0.0}
174.0,HR,130,NEUTRAL,OK,hr_present,{age_s=0.0}
174.0,CADENCE,65,GREEN,OK,preferred_low_cadence_band,{age_s=0.0}
174.0,GRADE,0,NEUTRAL,OK,flat_deadband,"{grade_raw=0.0, grade_display=0.0}"
174.0,GEAR,WAIT,GRAY,NO_DATA,missing_gear,{}
175.0,SPEED,24.0,NEUTRAL,OK,near_reference,"{reference_kmh=24.137142857142848, age_s=0.0}"
175.0,POWER,160,NEUTRAL,OK,power_present,{age_s=0.0}
175.0,HR,130,NEUTRAL,OK,hr_present,{age_s=0.0}
175.0,CADENCE,65,GREEN,OK,preferred_low_cadence_band,{age_s=0.0}
175.0,GRADE,0,NEUTRAL,OK,flat_deadband,"{grade_raw=0.0, grade_display=0.0}"
175.0,GEAR,WAIT,GRAY,NO_DATA,missing_gear,{}
176.0,SPEED,24.0,NEUTRAL,OK,near_reference,"{reference_kmh=24.136363636363626, age_s=0.0}"
176.0,POWER,160,NEUTRAL,OK,power_present,{age_s=0.0}
176.0,HR,130,NEUTRAL,OK,hr_present,{age_s=0.0}
176.0,CADENCE,65,GREEN,OK,preferred_low_cadence_band,{age_s=0.0}
176.0,GRADE,0,NEUTRAL,OK,flat_deadband,"{grade_raw=0.0, grade_display=0.0}"
176.0,GEAR,WAIT,GRAY,NO_DATA,missing_gear,{}
177.0,SPEED,24.0,NEUTRAL,OK,near_reference,"{reference_kmh=24.135593220338976, age_s=0.0}"
177.0,POWER,160,NEUTRAL,OK,power_present,{age_s=0.0}
177.0,HR,130,NEUTRAL,OK,hr_present,{age_s=0.0}
177.0,CADENCE,65,GREEN,OK,preferred_low_cadence_band,{age_s=0.0}
177.0,GRADE,0,NEUTRAL,OK,flat_deadband,"{grade_raw=0.0, grade_display=0.0}"
177.0,GEAR,WAIT,GRAY,NO_DATA,missing_gear,{}
178.0,SPEED,24.0,NEUTRAL,OK,near_reference,"{reference_kmh=24.134831460674153, age_s=0.0}"
178.0,POWER,160,NEUTRAL,OK,power_present,{age_s=0.0}
178.0,HR,130,NEUTRAL,OK,hr_present,{age_s=0.0}
178.0,CADENCE,65,GREEN,OK,preferred_low_cadence_band,{age_s=0.0}
178.0,GRADE,0,NEUTRAL,OK,flat_deadband,"{grade_raw=0.0, grade_display=0.0}"
178.0,GEAR,WAIT,GRAY,NO_DATA,missing_gear,{}
179.0,SPEED,24.0,NEUTRAL,OK,near_reference,"{reference_kmh=24.134078212290497, age_s=0.0}"
179.0,POWER,160,NEUTRAL,OK,power_present,{age_s=0.0}
179.0,HR,130,NEUTRAL,OK,hr_present,{age_s=0.0}
179.0,CADENCE,65,GREEN,OK,preferred_low_cadence_band,{age_s=0.0}
179.0,GRADE,0,NEUTRAL,OK,flat_deadband,"{grade_raw=0.0, grade_display=0.0}"
179.0,GEAR,WAIT,GRAY,NO_DATA,missing_gear,{}
180.0,SPEED,24.0,NEUTRAL,OK,near_reference,"{reference_kmh=24.13333333333333, age_s=0.0}"
180.0,POWER,160,NEUTRAL,OK,power_present,{age_s=0.0}
180.0,HR,130,NEUTRAL,OK,hr_present,{age_s=0.0}
180.0,CADENCE,65,GREEN,OK,preferred_low_cadence_band,{age_s=0.0}
180.0,GRADE,0,NEUTRAL,OK,flat_deadband,"{grade_raw=0.0, grade_display=0.0}"
180.0,GEAR,WAIT,GRAY,NO_DATA,missing_gear,{}
181.0,SPEED,24.0,NEUTRAL,OK,near_reference,"{reference_kmh=24.13259668508287, age_s=0.0}"
181.0,POWER,160,NEUTRAL,OK,power_present,{age_s=0.0}
181.0,HR,130,NEUTRAL,OK,hr_present,{age_s=0.0}
181.0,CADENCE,65,GREEN,OK,preferred_low_cadence_band,{age_s=0.0}
181.0,GRADE,0,NEUTRAL,OK,flat_deadband,"{grade_raw=0.0, grade_display=0.0}"
181.0,GEAR,WAIT,GRAY,NO_DATA,missing_gear,{}
182.0,SPEED,24.0,NEUTRAL,OK,near_reference,"{reference_kmh=24.13186813186813, age_s=0.0}"
182.0,POWER,160,NEUTRAL,OK,power_present,{age_s=0.0}
182.0,HR,130,NEUTRAL,OK,hr_present,{age_s=0.0}
182.0,CADENCE,65,GREEN,OK,preferred_low_cadence_band,{age_s=0.0}
182.0,GRADE,0,NEUTRAL,OK,flat_deadband,"{grade_raw=0.0, grade_display=0.0}"
182.0,GEAR,WAIT,GRAY,NO_DATA,missing_gear,{}
183.0,SPEED,24.0,NEUTRAL,OK,near_reference,"{reference_kmh=24.13114754098361, age_s=0.0}"
183.0,POWER,160,NEUTRAL,OK,power_present,{age_s=0.0}
183.0,HR,130,NEUTRAL,OK,hr_present,{age_s=0.0}
183.0,CADENCE,65,GREEN,OK,preferred_low_cadence_band,{age_s=0.0}
183.0,GRADE,0,NEUTRAL,OK,flat_deadband,"{grade_raw=0.0, grade_display=0.0}"
183.0,GEAR,WAIT,GRAY,NO_DATA,missing_gear,{}
184.0,SPEED,24.0,NEUTRAL,OK,near_reference,"{reference_kmh=24.130434782608695, age_s=0.0}"
184.0,POWER,160,NEUTRAL,OK,power_present,{age_s=0.0}
184.0,HR,130,NEUTRAL,OK,hr_present,{age_s=0.0}
184.0,CADENCE,65,GREEN,OK,preferred_low_cadence_band,{age_s=0.0}
184.0,GRADE,0,NEUTRAL,OK,flat_deadband,"{grade_raw=0.0, grade_display=0.0}"
184.0,GEAR,WAIT,GRAY,NO_DATA,missing_gear,{}
185.0,SPEED,24.0,NEUTRAL,OK,near_reference,"{reference_kmh=24.129729729729736, age_s=0.0}"
185.0,POWER,160,NEUTRAL,OK,power_present,{age_s=0.0}
185.0,HR,130,NEUTRAL,OK,hr_present,{age_s=0.0}
185.0,CADENCE,65,GREEN,OK,preferred_low_cadence_band,{age_s=0.0}
185.0,GRADE,0,NEUTRAL,OK,flat_deadband,"{grade_raw=0.0, grade_display=0.0}"
185.0,GEAR,WAIT,GRAY,NO_DATA,missing_gear,{}
186.0,SPEED,24.0,NEUTRAL,OK,near_reference,"{reference_kmh=24.129032258064523, age_s=0.0}"
186.0,POWER,160,NEUTRAL,OK,power_present,{age_s=0.0}
186.0,HR,130,NEUTRAL,OK,hr_present,{age_s=0.0}
186.0,CADENCE,65,GREEN,OK,preferred_low_cadence_band,{age_s=0.0}
186.0,GRADE,0,NEUTRAL,OK,flat_deadband,"{grade_raw=0.0, grade_display=0.0}"
186.0,GEAR,WAIT,GRAY,NO_DATA,missing_gear,{}
187.0,SPEED,24.0,NEUTRAL,OK,near_reference,"{reference_kmh=24.12834224598931, age_s=0.0}"
187.0,POWER,160,NEUTRAL,OK,power_present,{age_s=0.0}
187.0,HR,130,NEUTRAL,OK,hr_present,{age_s=0.0}
187.0,CADENCE,65,GREEN,OK,preferred_low_cadence_band,{age_s=0.0}
187.0,GRADE,0,NEUTRAL,OK,flat_deadband,"{grade_raw=0.0, grade_display=0.0}"
187.0,GEAR,WAIT,GRAY,NO_DATA,missing_gear,{}
188.0,SPEED,24.0,NEUTRAL,OK,near_reference,"{reference_kmh=24.127659574468094, age_s=0.0}"
188.0,POWER,160,NEUTRAL,OK,power_present,{age_s=0.0}
188.0,HR,130,NEUTRAL,OK,hr_present,{age_s=0.0}
188.0,CADENCE,65,GREEN,OK,preferred_low_cadence_band,{age_s=0.0}
188.0,GRADE,0,NEUTRAL,OK,flat_deadband,"{grade_raw=0.0, grade_display=0.0}"
188.0,GEAR,WAIT,GRAY,NO_DATA,missing_gear,{}
189.0,SPEED,24.0,NEUTRAL,OK,near_reference,"{reference_kmh=24.12698412698414, age_s=0.0}"
189.0,POWER,160,NEUTRAL,OK,power_present,{age_s=0.0}
189.0,HR,130,NEUTRAL,OK,hr_present,{age_s=0.0}
189.0,CADENCE,65,GREEN,OK,preferred_low_cadence_band,{age_s=0.0}
189.0,GRADE,0,NEUTRAL,OK,flat_deadband,"{grade_raw=0.0, grade_display=0.0}"
189.0,GEAR,WAIT,GRAY,NO_DATA,missing_gear,{}
190.0,SPEED,24.0,NEUTRAL,OK,near_reference,"{reference_kmh=24.126315789473693, age_s=0.0}"
190.0,POWER,160,NEUTRAL,OK,power_present,{age_s=0.0}
190.0,HR,130,NEUTRAL,OK,hr_present,{age_s=0.0}
190.0,CADENCE,65,GREEN,OK,preferred_low_cadence_band,{age_s=0.0}
190.0,GRADE,0,NEUTRAL,OK,flat_deadband,"{grade_raw=0.0, grade_display=0.0}"
190.0,GEAR,WAIT,GRAY,NO_DATA,missing_gear,{}
191.0,SPEED,24.0,NEUTRAL,OK,near_reference,"{reference_kmh=24.12565445026179, age_s=0.0}"
191.0,POWER,160,NEUTRAL,OK,power_present,{age_s=0.0}
191.0,HR,130,NEUTRAL,OK,hr_present,{age_s=0.0}
191.0,CADENCE,65,GREEN,OK,preferred_low_cadence_band,{age_s=0.0}
191.0,GRADE,0,NEUTRAL,OK,flat_deadband,"{grade_raw=0.0, grade_display=0.0}"
191.0,GEAR,WAIT,GRAY,NO_DATA,missing_gear,{}
192.0,SPEED,24.0,NEUTRAL,OK,near_reference,"{reference_kmh=24.125000000000014, age_s=0.0}"
192.0,POWER,160,NEUTRAL,OK,power_present,{age_s=0.0}
192.0,HR,130,NEUTRAL,OK,hr_present,{age_s=0.0}
192.0,CADENCE,65,GREEN,OK,preferred_low_cadence_band,{age_s=0.0}
192.0,GRADE,0,NEUTRAL,OK,flat_deadband,"{grade_raw=0.0, grade_display=0.0}"
192.0,GEAR,WAIT,GRAY,NO_DATA,missing_gear,{}
193.0,SPEED,24.0,NEUTRAL,OK,near_reference,"{reference_kmh=24.124352331606232, age_s=0.0}"
193.0,POWER,160,NEUTRAL,OK,power_present,{age_s=0.0}
193.0,HR,130,NEUTRAL,OK,hr_present,{age_s=0.0}
193.0,CADENCE,65,GREEN,OK,preferred_low_cadence_band,{age_s=0.0}
193.0,GRADE,0,NEUTRAL,OK,flat_deadband,"{grade_raw=0.0, grade_display=0.0}"
193.0,GEAR,WAIT,GRAY,NO_DATA,missing_gear,{}
194.0,SPEED,24.0,NEUTRAL,OK,near_reference,"{reference_kmh=24.123711340206203, age_s=0.0}"
194.0,POWER,160,NEUTRAL,OK,power_present,{age_s=0.0}
194.0,HR,130,NEUTRAL,OK,hr_present,{age_s=0.0}
194.0,CADENCE,65,GREEN,OK,preferred_low_cadence_band,{age_s=0.0}
194.0,GRADE,0,NEUTRAL,OK,flat_deadband,"{grade_raw=0.0, grade_display=0.0}"
194.0,GEAR,WAIT,GRAY,NO_DATA,missing_gear,{}
195.0,SPEED,24.0,NEUTRAL,OK,near_reference,"{reference_kmh=24.123076923076944, age_s=0.0}"
195.0,POWER,160,NEUTRAL,OK,power_present,{age_s=0.0}
195.0,HR,130,NEUTRAL,OK,hr_present,{age_s=0.0}
195.0,CADENCE,65,GREEN,OK,preferred_low_cadence_band,{age_s=0.0}
195.0,GRADE,0,NEUTRAL,OK,flat_deadband,"{grade_raw=0.0, grade_display=0.0}"
195.0,GEAR,WAIT,GRAY,NO_DATA,missing_gear,{}
196.0,SPEED,24.0,NEUTRAL,OK,near_reference,"{reference_kmh=24.12244897959186, age_s=0.0}"
196.0,POWER,160,NEUTRAL,OK,power_present,{age_s=0.0}
196.0,HR,130,NEUTRAL,OK,hr_present,{age_s=0.0}
196.0,CADENCE,65,GREEN,OK,preferred_low_cadence_band,{age_s=0.0}
196.0,GRADE,0,NEUTRAL,OK,flat_deadband,"{grade_raw=0.0, grade_display=0.0}"
196.0,GEAR,WAIT,GRAY,NO_DATA,missing_gear,{}
197.0,SPEED,24.0,NEUTRAL,OK,near_reference,"{reference_kmh=24.121827411167533, age_s=0.0}"
197.0,POWER,160,NEUTRAL,OK,power_present,{age_s=0.0}
197.0,HR,130,NEUTRAL,OK,hr_present,{age_s=0.0}
197.0,CADENCE,65,GREEN,OK,preferred_low_cadence_band,{age_s=0.0}
197.0,GRADE,0,NEUTRAL,OK,flat_deadband,"{grade_raw=0.0, grade_display=0.0}"
197.0,GEAR,WAIT,GRAY,NO_DATA,missing_gear,{}
198.0,SPEED,24.0,NEUTRAL,OK,near_reference,"{reference_kmh=24.121212121212142, age_s=0.0}"
198.0,POWER,160,NEUTRAL,OK,power_present,{age_s=0.0}
198.0,HR,130,NEUTRAL,OK,hr_present,{age_s=0.0}
198.0,CADENCE,65,GREEN,OK,preferred_low_cadence_band,{age_s=0.0}
198.0,GRADE,0,NEUTRAL,OK,flat_deadband,"{grade_raw=0.0, grade_display=0.0}"
198.0,GEAR,WAIT,GRAY,NO_DATA,missing_gear,{}
199.0,SPEED,24.0,NEUTRAL,OK,near_reference,"{reference_kmh=24.1206030150754, age_s=0.0}"
199.0,POWER,160,NEUTRAL,OK,power_present,{age_s=0.0}
199.0,HR,130,NEUTRAL,OK,hr_present,{age_s=0.0}
199.0,CADENCE,65,GREEN,OK,preferred_low_cadence_band,{age_s=0.0}
199.0,GRADE,0,NEUTRAL,OK,flat_deadband,"{grade_raw=0.0, grade_display=0.0}"
199.0,GEAR,WAIT,GRAY,NO_DATA,missing_gear,{}
200.0,SPEED,24.0,NEUTRAL,OK,near_reference,"{reference_kmh=24.120000000000026, age_s=0.0}"
200.0,POWER,160,NEUTRAL,OK,power_present,{age_s=0.0}
200.0,HR,130,NEUTRAL,OK,hr_present,{age_s=0.0}
200.0,CADENCE,65,GREEN,OK,preferred_low_cadence_band,{age_s=0.0}
200.0,GRADE,0,NEUTRAL,OK,flat_deadband,"{grade_raw=0.0, grade_display=0.0}"
200.0,GEAR,WAIT,GRAY,NO_DATA,missing_gear,{}
201.0,SPEED,24.0,NEUTRAL,OK,near_reference,"{reference_kmh=24.11940298507465, age_s=0.0}"
201.0,POWER,160,NEUTRAL,OK,power_present,{age_s=0.0}
201.0,HR,130,NEUTRAL,OK,hr_present,{age_s=0.0}
201.0,CADENCE,65,GREEN,OK,preferred_low_cadence_band,{age_s=0.0}
201.0,GRADE,0,NEUTRAL,OK,flat_deadband,"{grade_raw=0.0, grade_display=0.0}"
201.0,GEAR,WAIT,GRAY,NO_DATA,missing_gear,{}
202.0,SPEED,24.0,NEUTRAL,OK,near_reference,"{reference_kmh=24.118811881188144, age_s=0.0}"
202.0,POWER,160,NEUTRAL,OK,power_present,{age_s=0.0}
202.0,HR,130,NEUTRAL,OK,hr_present,{age_s=0.0}
202.0,CADENCE,65,GREEN,OK,preferred_low_cadence_band,{age_s=0.0}
202.0,GRADE,0,NEUTRAL,OK,flat_deadband,"{grade_raw=0.0, grade_display=0.0}"
202.0,GEAR,WAIT,GRAY,NO_DATA,missing_gear,{}
203.0,SPEED,24.0,NEUTRAL,OK,near_reference,"{reference_kmh=24.11822660098525, age_s=0.0}"
203.0,POWER,160,NEUTRAL,OK,power_present,{age_s=0.0}
203.0,HR,130,NEUTRAL,OK,hr_present,{age_s=0.0}
203.0,CADENCE,65,GREEN,OK,preferred_low_cadence_band,{age_s=0.0}
203.0,GRADE,0,NEUTRAL,OK,flat_deadband,"{grade_raw=0.0, grade_display=0.0}"
203.0,GEAR,WAIT,GRAY,NO_DATA,missing_gear,{}
204.0,SPEED,24.0,NEUTRAL,OK,near_reference,"{reference_kmh=24.117647058823557, age_s=0.0}"
204.0,POWER,160,NEUTRAL,OK,power_present,{age_s=0.0}
204.0,HR,130,NEUTRAL,OK,hr_present,{age_s=0.0}
204.0,CADENCE,65,GREEN,OK,preferred_low_cadence_band,{age_s=0.0}
204.0,GRADE,0,NEUTRAL,OK,flat_deadband,"{grade_raw=0.0, grade_display=0.0}"
204.0,GEAR,WAIT,GRAY,NO_DATA,missing_gear,{}
205.0,SPEED,24.0,NEUTRAL,OK,near_reference,"{reference_kmh=24.11707317073174, age_s=0.0}"
205.0,POWER,160,NEUTRAL,OK,power_present,{age_s=0.0}
205.0,HR,130,NEUTRAL,OK,hr_present,{age_s=0.0}
205.0,CADENCE,65,GREEN,OK,preferred_low_cadence_band,{age_s=0.0}
205.0,GRADE,0,NEUTRAL,OK,flat_deadband,"{grade_raw=0.0, grade_display=0.0}"
205.0,GEAR,WAIT,GRAY,NO_DATA,missing_gear,{}
206.0,SPEED,24.0,NEUTRAL,OK,near_reference,"{reference_kmh=24.116504854368966, age_s=0.0}"
206.0,POWER,160,NEUTRAL,OK,power_present,{age_s=0.0}
206.0,HR,130,NEUTRAL,OK,hr_present,{age_s=0.0}
206.0,CADENCE,65,GREEN,OK,preferred_low_cadence_band,{age_s=0.0}
206.0,GRADE,0,NEUTRAL,OK,flat_deadband,"{grade_raw=0.0, grade_display=0.0}"
206.0,GEAR,WAIT,GRAY,NO_DATA,missing_gear,{}
207.0,SPEED,24.0,NEUTRAL,OK,near_reference,"{reference_kmh=24.115942028985536, age_s=0.0}"
207.0,POWER,160,NEUTRAL,OK,power_present,{age_s=0.0}
207.0,HR,130,NEUTRAL,OK,hr_present,{age_s=0.0}
207.0,CADENCE,65,GREEN,OK,preferred_low_cadence_band,{age_s=0.0}
207.0,GRADE,0,NEUTRAL,OK,flat_deadband,"{grade_raw=0.0, grade_display=0.0}"
207.0,GEAR,WAIT,GRAY,NO_DATA,missing_gear,{}
208.0,SPEED,24.0,NEUTRAL,OK,near_reference,"{reference_kmh=24.115384615384652, age_s=0.0}"
208.0,POWER,160,NEUTRAL,OK,power_present,{age_s=0.0}
208.0,HR,130,NEUTRAL,OK,hr_present,{age_s=0.0}
208.0,CADENCE,65,GREEN,OK,preferred_low_cadence_band,{age_s=0.0}
208.0,GRADE,0,NEUTRAL,OK,flat_deadband,"{grade_raw=0.0, grade_display=0.0}"
208.0,GEAR,WAIT,GRAY,NO_DATA,missing_gear,{}
209.0,SPEED,24.0,NEUTRAL,OK,near_reference,"{reference_kmh=24.114832535885206, age_s=0.0}"
209.0,POWER,160,NEUTRAL,OK,power_present,{age_s=0.0}
209.0,HR,130,NEUTRAL,OK,hr_present,{age_s=0.0}
209.0,CADENCE,65,GREEN,OK,preferred_low_cadence_band,{age_s=0.0}
209.0,GRADE,0,NEUTRAL,OK,flat_deadband,"{grade_raw=0.0, grade_display=0.0}"
209.0,GEAR,WAIT,GRAY,NO_DATA,missing_gear,{}
210.0,SPEED,24.0,NEUTRAL,OK,near_reference,"{reference_kmh=24.11428571428575, age_s=0.0}"
210.0,POWER,160,NEUTRAL,OK,power_present,{age_s=0.0}
210.0,HR,130,NEUTRAL,OK,hr_present,{age_s=0.0}
210.0,CADENCE,65,GREEN,OK,preferred_low_cadence_band,{age_s=0.0}
210.0,GRADE,0,NEUTRAL,OK,flat_deadband,"{grade_raw=0.0, grade_display=0.0}"
210.0,GEAR,WAIT,GRAY,NO_DATA,missing_gear,{}
211.0,SPEED,24.0,NEUTRAL,OK,near_reference,"{reference_kmh=24.11374407582942, age_s=0.0}"
211.0,POWER,160,NEUTRAL,OK,power_present,{age_s=0.0}
211.0,HR,130,NEUTRAL,OK,hr_present,{age_s=0.0}
211.0,CADENCE,65,GREEN,OK,preferred_low_cadence_band,{age_s=0.0}
211.0,GRADE,0,NEUTRAL,OK,flat_deadband,"{grade_raw=0.0, grade_display=0.0}"
211.0,GEAR,WAIT,GRAY,NO_DATA,missing_gear,{}
212.0,SPEED,24.0,NEUTRAL,OK,near_reference,"{reference_kmh=24.113207547169853, age_s=0.0}"
212.0,POWER,160,NEUTRAL,OK,power_present,{age_s=0.0}
212.0,HR,130,NEUTRAL,OK,hr_present,{age_s=0.0}
212.0,CADENCE,65,GREEN,OK,preferred_low_cadence_band,{age_s=0.0}
212.0,GRADE,0,NEUTRAL,OK,flat_deadband,"{grade_raw=0.0, grade_display=0.0}"
212.0,GEAR,WAIT,GRAY,NO_DATA,missing_gear,{}
213.0,SPEED,24.0,NEUTRAL,OK,near_reference,"{reference_kmh=24.112676056338067, age_s=0.0}"
213.0,POWER,160,NEUTRAL,OK,power_present,{age_s=0.0}
213.0,HR,130,NEUTRAL,OK,hr_present,{age_s=0.0}
213.0,CADENCE,65,GREEN,OK,preferred_low_cadence_band,{age_s=0.0}
213.0,GRADE,0,NEUTRAL,OK,flat_deadband,"{grade_raw=0.0, grade_display=0.0}"
213.0,GEAR,WAIT,GRAY,NO_DATA,missing_gear,{}
214.0,SPEED,24.0,NEUTRAL,OK,near_reference,"{reference_kmh=24.112149532710323, age_s=0.0}"
214.0,POWER,160,NEUTRAL,OK,power_present,{age_s=0.0}
214.0,HR,130,NEUTRAL,OK,hr_present,{age_s=0.0}
214.0,CADENCE,65,GREEN,OK,preferred_low_cadence_band,{age_s=0.0}
214.0,GRADE,0,NEUTRAL,OK,flat_deadband,"{grade_raw=0.0, grade_display=0.0}"
214.0,GEAR,WAIT,GRAY,NO_DATA,missing_gear,{}
215.0,SPEED,24.0,NEUTRAL,OK,near_reference,"{reference_kmh=24.111627906976786, age_s=0.0}"
215.0,POWER,160,NEUTRAL,OK,power_present,{age_s=0.0}
215.0,HR,130,NEUTRAL,OK,hr_present,{age_s=0.0}
215.0,CADENCE,65,GREEN,OK,preferred_low_cadence_band,{age_s=0.0}
215.0,GRADE,0,NEUTRAL,OK,flat_deadband,"{grade_raw=0.0, grade_display=0.0}"
215.0,GEAR,WAIT,GRAY,NO_DATA,missing_gear,{}
216.0,SPEED,24.0,NEUTRAL,OK,near_reference,"{reference_kmh=24.111111111111153, age_s=0.0}"
216.0,POWER,160,NEUTRAL,OK,power_present,{age_s=0.0}
216.0,HR,130,NEUTRAL,OK,hr_present,{age_s=0.0}
216.0,CADENCE,65,GREEN,OK,preferred_low_cadence_band,{age_s=0.0}
216.0,GRADE,0,NEUTRAL,OK,flat_deadband,"{grade_raw=0.0, grade_display=0.0}"
216.0,GEAR,WAIT,GRAY,NO_DATA,missing_gear,{}
217.0,SPEED,24.0,NEUTRAL,OK,near_reference,"{reference_kmh=24.11059907834106, age_s=0.0}"
217.0,POWER,160,NEUTRAL,OK,power_present,{age_s=0.0}
217.0,HR,130,NEUTRAL,OK,hr_present,{age_s=0.0}
217.0,CADENCE,65,GREEN,OK,preferred_low_cadence_band,{age_s=0.0}
217.0,GRADE,0,NEUTRAL,OK,flat_deadband,"{grade_raw=0.0, grade_display=0.0}"
217.0,GEAR,WAIT,GRAY,NO_DATA,missing_gear,{}
218.0,SPEED,24.0,NEUTRAL,OK,near_reference,"{reference_kmh=24.11009174311931, age_s=0.0}"
218.0,POWER,160,NEUTRAL,OK,power_present,{age_s=0.0}
218.0,HR,130,NEUTRAL,OK,hr_present,{age_s=0.0}
218.0,CADENCE,65,GREEN,OK,preferred_low_cadence_band,{age_s=0.0}
218.0,GRADE,0,NEUTRAL,OK,flat_deadband,"{grade_raw=0.0, grade_display=0.0}"
218.0,GEAR,WAIT,GRAY,NO_DATA,missing_gear,{}
219.0,SPEED,24.0,NEUTRAL,OK,near_reference,"{reference_kmh=24.109589041095933, age_s=0.0}"
219.0,POWER,160,NEUTRAL,OK,power_present,{age_s=0.0}
219.0,HR,130,NEUTRAL,OK,hr_present,{age_s=0.0}
219.0,CADENCE,65,GREEN,OK,preferred_low_cadence_band,{age_s=0.0}
219.0,GRADE,0,NEUTRAL,OK,flat_deadband,"{grade_raw=0.0, grade_display=0.0}"
219.0,GEAR,WAIT,GRAY,NO_DATA,missing_gear,{}
220.0,SPEED,24.0,NEUTRAL,OK,near_reference,"{reference_kmh=24.10909090909096, age_s=0.0}"
220.0,POWER,160,NEUTRAL,OK,power_present,{age_s=0.0}
220.0,HR,130,NEUTRAL,OK,hr_present,{age_s=0.0}
220.0,CADENCE,65,GREEN,OK,preferred_low_cadence_band,{age_s=0.0}
220.0,GRADE,0,NEUTRAL,OK,flat_deadband,"{grade_raw=0.0, grade_display=0.0}"
220.0,GEAR,WAIT,GRAY,NO_DATA,missing_gear,{}
221.0,SPEED,24.0,NEUTRAL,OK,near_reference,"{reference_kmh=24.10859728506792, age_s=0.0}"
221.0,POWER,160,NEUTRAL,OK,power_present,{age_s=0.0}
221.0,HR,130,NEUTRAL,OK,hr_present,{age_s=0.0}
221.0,CADENCE,65,GREEN,OK,preferred_low_cadence_band,{age_s=0.0}
221.0,GRADE,0,NEUTRAL,OK,flat_deadband,"{grade_raw=0.0, grade_display=0.0}"
221.0,GEAR,WAIT,GRAY,NO_DATA,missing_gear,{}
222.0,SPEED,24.0,NEUTRAL,OK,near_reference,"{reference_kmh=24.108108108108155, age_s=0.0}"
222.0,POWER,160,NEUTRAL,OK,power_present,{age_s=0.0}
222.0,HR,130,NEUTRAL,OK,hr_present,{age_s=0.0}
222.0,CADENCE,65,GREEN,OK,preferred_low_cadence_band,{age_s=0.0}
222.0,GRADE,0,NEUTRAL,OK,flat_deadband,"{grade_raw=0.0, grade_display=0.0}"
222.0,GEAR,WAIT,GRAY,NO_DATA,missing_gear,{}
223.0,SPEED,24.0,NEUTRAL,OK,near_reference,"{reference_kmh=24.1076233183857, age_s=0.0}"
223.0,POWER,160,NEUTRAL,OK,power_present,{age_s=0.0}
223.0,HR,130,NEUTRAL,OK,hr_present,{age_s=0.0}
223.0,CADENCE,65,GREEN,OK,preferred_low_cadence_band,{age_s=0.0}
223.0,GRADE,0,NEUTRAL,OK,flat_deadband,"{grade_raw=0.0, grade_display=0.0}"
223.0,GEAR,WAIT,GRAY,NO_DATA,missing_gear,{}
224.0,SPEED,24.0,NEUTRAL,OK,near_reference,"{reference_kmh=24.107142857142907, age_s=0.0}"
224.0,POWER,160,NEUTRAL,OK,power_present,{age_s=0.0}
224.0,HR,130,NEUTRAL,OK,hr_present,{age_s=0.0}
224.0,CADENCE,65,GREEN,OK,preferred_low_cadence_band,{age_s=0.0}
224.0,GRADE,0,NEUTRAL,OK,flat_deadband,"{grade_raw=0.0, grade_display=0.0}"
224.0,GEAR,WAIT,GRAY,NO_DATA,missing_gear,{}
225.0,SPEED,24.0,NEUTRAL,OK,near_reference,"{reference_kmh=24.10666666666672, age_s=0.0}"
225.0,POWER,160,NEUTRAL,OK,power_present,{age_s=0.0}
225.0,HR,130,NEUTRAL,OK,hr_present,{age_s=0.0}
225.0,CADENCE,65,GREEN,OK,preferred_low_cadence_band,{age_s=0.0}
225.0,GRADE,0,NEUTRAL,OK,flat_deadband,"{grade_raw=0.0, grade_display=0.0}"
225.0,GEAR,WAIT,GRAY,NO_DATA,missing_gear,{}
226.0,SPEED,24.0,NEUTRAL,OK,near_reference,"{reference_kmh=24.10619469026554, age_s=0.0}"
226.0,POWER,160,NEUTRAL,OK,power_present,{age_s=0.0}
226.0,HR,130,NEUTRAL,OK,hr_present,{age_s=0.0}
226.0,CADENCE,65,GREEN,OK,preferred_low_cadence_band,{age_s=0.0}
226.0,GRADE,0,NEUTRAL,OK,flat_deadband,"{grade_raw=0.0, grade_display=0.0}"
226.0,GEAR,WAIT,GRAY,NO_DATA,missing_gear,{}
227.0,SPEED,24.0,NEUTRAL,OK,near_reference,"{reference_kmh=24.10572687224675, age_s=0.0}"
227.0,POWER,160,NEUTRAL,OK,power_present,{age_s=0.0}
227.0,HR,130,NEUTRAL,OK,hr_present,{age_s=0.0}
227.0,CADENCE,65,GREEN,OK,preferred_low_cadence_band,{age_s=0.0}
227.0,GRADE,0,NEUTRAL,OK,flat_deadband,"{grade_raw=0.0, grade_display=0.0}"
227.0,GEAR,WAIT,GRAY,NO_DATA,missing_gear,{}
228.0,SPEED,24.0,NEUTRAL,OK,near_reference,"{reference_kmh=24.10526315789479, age_s=0.0}"
228.0,POWER,160,NEUTRAL,OK,power_present,{age_s=0.0}
228.0,HR,130,NEUTRAL,OK,hr_present,{age_s=0.0}
228.0,CADENCE,65,GREEN,OK,preferred_low_cadence_band,{age_s=0.0}
228.0,GRADE,0,NEUTRAL,OK,flat_deadband,"{grade_raw=0.0, grade_display=0.0}"
228.0,GEAR,WAIT,GRAY,NO_DATA,missing_gear,{}
229.0,SPEED,24.0,NEUTRAL,OK,near_reference,"{reference_kmh=24.104803493449843, age_s=0.0}"
229.0,POWER,160,NEUTRAL,OK,power_present,{age_s=0.0}
229.0,HR,130,NEUTRAL,OK,hr_present,{age_s=0.0}
229.0,CADENCE,65,GREEN,OK,preferred_low_cadence_band,{age_s=0.0}
229.0,GRADE,0,NEUTRAL,OK,flat_deadband,"{grade_raw=0.0, grade_display=0.0}"
229.0,GEAR,WAIT,GRAY,NO_DATA,missing_gear,{}
230.0,SPEED,24.0,NEUTRAL,OK,near_reference,"{reference_kmh=24.104347826087015, age_s=0.0}"
230.0,POWER,160,NEUTRAL,OK,power_present,{age_s=0.0}
230.0,HR,130,NEUTRAL,OK,hr_present,{age_s=0.0}
230.0,CADENCE,65,GREEN,OK,preferred_low_cadence_band,{age_s=0.0}
230.0,GRADE,0,NEUTRAL,OK,flat_deadband,"{grade_raw=0.0, grade_display=0.0}"
230.0,GEAR,WAIT,GRAY,NO_DATA,missing_gear,{}
231.0,SPEED,24.0,NEUTRAL,OK,near_reference,"{reference_kmh=24.10389610389616, age_s=0.0}"
231.0,POWER,160,NEUTRAL,OK,power_present,{age_s=0.0}
231.0,HR,130,NEUTRAL,OK,hr_present,{age_s=0.0}
231.0,CADENCE,65,GREEN,OK,preferred_low_cadence_band,{age_s=0.0}
231.0,GRADE,0,NEUTRAL,OK,flat_deadband,"{grade_raw=0.0, grade_display=0.0}"
231.0,GEAR,WAIT,GRAY,NO_DATA,missing_gear,{}
232.0,SPEED,24.0,NEUTRAL,OK,near_reference,"{reference_kmh=24.10344827586213, age_s=0.0}"
232.0,POWER,160,NEUTRAL,OK,power_present,{age_s=0.0}
232.0,HR,130,NEUTRAL,OK,hr_present,{age_s=0.0}
232.0,CADENCE,65,GREEN,OK,preferred_low_cadence_band,{age_s=0.0}
232.0,GRADE,0,NEUTRAL,OK,flat_deadband,"{grade_raw=0.0, grade_display=0.0}"
232.0,GEAR,WAIT,GRAY,NO_DATA,missing_gear,{}
233.0,SPEED,24.0,NEUTRAL,OK,near_reference,"{reference_kmh=24.103004291845554, age_s=0.0}"
233.0,POWER,160,NEUTRAL,OK,power_present,{age_s=0.0}
233.0,HR,130,NEUTRAL,OK,hr_present,{age_s=0.0}
233.0,CADENCE,65,GREEN,OK,preferred_low_cadence_band,{age_s=0.0}
233.0,GRADE,0,NEUTRAL,OK,flat_deadband,"{grade_raw=0.0, grade_display=0.0}"
233.0,GEAR,WAIT,GRAY,NO_DATA,missing_gear,{}
234.0,SPEED,24.0,NEUTRAL,OK,near_reference,"{reference_kmh=24.102564102564163, age_s=0.0}"
234.0,POWER,160,NEUTRAL,OK,power_present,{age_s=0.0}
234.0,HR,130,NEUTRAL,OK,hr_present,{age_s=0.0}
234.0,CADENCE,65,GREEN,OK,preferred_low_cadence_band,{age_s=0.0}
234.0,GRADE,0,NEUTRAL,OK,flat_deadband,"{grade_raw=0.0, grade_display=0.0}"
234.0,GEAR,WAIT,GRAY,NO_DATA,missing_gear,{}
235.0,SPEED,24.0,NEUTRAL,OK,near_reference,"{reference_kmh=24.102127659574528, age_s=0.0}"
235.0,POWER,160,NEUTRAL,OK,power_present,{age_s=0.0}
235.0,HR,130,NEUTRAL,OK,hr_present,{age_s=0.0}
235.0,CADENCE,65,GREEN,OK,preferred_low_cadence_band,{age_s=0.0}
235.0,GRADE,0,NEUTRAL,OK,flat_deadband,"{grade_raw=0.0, grade_display=0.0}"
235.0,GEAR,WAIT,GRAY,NO_DATA,missing_gear,{}
236.0,SPEED,24.0,NEUTRAL,OK,near_reference,"{reference_kmh=24.101694915254296, age_s=0.0}"
236.0,POWER,160,NEUTRAL,OK,power_present,{age_s=0.0}
236.0,HR,130,NEUTRAL,OK,hr_present,{age_s=0.0}
236.0,CADENCE,65,GREEN,OK,preferred_low_cadence_band,{age_s=0.0}
236.0,GRADE,0,NEUTRAL,OK,flat_deadband,"{grade_raw=0.0, grade_display=0.0}"
236.0,GEAR,WAIT,GRAY,NO_DATA,missing_gear,{}
237.0,SPEED,24.0,NEUTRAL,OK,near_reference,"{reference_kmh=24.101265822784878, age_s=0.0}"
237.0,POWER,160,NEUTRAL,OK,power_present,{age_s=0.0}
237.0,HR,130,NEUTRAL,OK,hr_present,{age_s=0.0}
237.0,CADENCE,65,GREEN,OK,preferred_low_cadence_band,{age_s=0.0}
237.0,GRADE,0,NEUTRAL,OK,flat_deadband,"{grade_raw=0.0, grade_display=0.0}"
237.0,GEAR,WAIT,GRAY,NO_DATA,missing_gear,{}
238.0,SPEED,24.0,NEUTRAL,OK,near_reference,"{reference_kmh=24.100840336134517, age_s=0.0}"
238.0,POWER,160,NEUTRAL,OK,power_present,{age_s=0.0}
238.0,HR,130,NEUTRAL,OK,hr_present,{age_s=0.0}
238.0,CADENCE,65,GREEN,OK,preferred_low_cadence_band,{age_s=0.0}
238.0,GRADE,0,NEUTRAL,OK,flat_deadband,"{grade_raw=0.0, grade_display=0.0}"
238.0,GEAR,WAIT,GRAY,NO_DATA,missing_gear,{}
239.0,SPEED,24.0,NEUTRAL,OK,near_reference,"{reference_kmh=24.100418410041907, age_s=0.0}"
239.0,POWER,160,NEUTRAL,OK,power_present,{age_s=0.0}
239.0,HR,130,NEUTRAL,OK,hr_present,{age_s=0.0}
239.0,CADENCE,65,GREEN,OK,preferred_low_cadence_band,{age_s=0.0}
239.0,GRADE,0,NEUTRAL,OK,flat_deadband,"{grade_raw=0.0, grade_display=0.0}"
239.0,GEAR,WAIT,GRAY,NO_DATA,missing_gear,{}
240.0,SPEED,24.0,NEUTRAL,OK,near_reference,"{reference_kmh=24.10000000000007, age_s=0.0}"
240.0,POWER,160,NEUTRAL,OK,power_present,{age_s=0.0}
240.0,HR,130,NEUTRAL,OK,hr_present,{age_s=0.0}
240.0,CADENCE,65,GREEN,OK,preferred_low_cadence_band,{age_s=0.0}
240.0,GRADE,0,NEUTRAL,OK,flat_deadband,"{grade_raw=0.0, grade_display=0.0}"
240.0,GEAR,WAIT,GRAY,NO_DATA,missing_gear,{}
241.0,SPEED,24.0,NEUTRAL,OK,near_reference,"{reference_kmh=24.099585062240727, age_s=0.0}"
241.0,POWER,160,NEUTRAL,OK,power_present,{age_s=0.0}
241.0,HR,130,NEUTRAL,OK,hr_present,{age_s=0.0}
241.0,CADENCE,65,GREEN,OK,preferred_low_cadence_band,{age_s=0.0}
241.0,GRADE,0,NEUTRAL,OK,flat_deadband,"{grade_raw=0.0, grade_display=0.0}"
241.0,GEAR,WAIT,GRAY,NO_DATA,missing_gear,{}
242.0,SPEED,24.0,NEUTRAL,OK,near_reference,"{reference_kmh=24.099173553719076, age_s=0.0}"
242.0,POWER,160,NEUTRAL,OK,power_present,{age_s=0.0}
242.0,HR,130,NEUTRAL,OK,hr_present,{age_s=0.0}
242.0,CADENCE,65,GREEN,OK,preferred_low_cadence_band,{age_s=0.0}
242.0,GRADE,0,NEUTRAL,OK,flat_deadband,"{grade_raw=0.0, grade_display=0.0}"
242.0,GEAR,WAIT,GRAY,NO_DATA,missing_gear,{}
243.0,SPEED,24.0,NEUTRAL,OK,near_reference,"{reference_kmh=24.098765432098833, age_s=0.0}"
243.0,POWER,160,NEUTRAL,OK,power_present,{age_s=0.0}
243.0,HR,130,NEUTRAL,OK,hr_present,{age_s=0.0}
243.0,CADENCE,65,GREEN,OK,preferred_low_cadence_band,{age_s=0.0}
243.0,GRADE,0,NEUTRAL,OK,flat_deadband,"{grade_raw=0.0, grade_display=0.0}"
243.0,GEAR,WAIT,GRAY,NO_DATA,missing_gear,{}
244.0,SPEED,24.0,NEUTRAL,OK,near_reference,"{reference_kmh=24.09836065573777, age_s=0.0}"
244.0,POWER,160,NEUTRAL,OK,power_present,{age_s=0.0}
244.0,HR,130,NEUTRAL,OK,hr_present,{age_s=0.0}
244.0,CADENCE,65,GREEN,OK,preferred_low_cadence_band,{age_s=0.0}
244.0,GRADE,0,NEUTRAL,OK,flat_deadband,"{grade_raw=0.0, grade_display=0.0}"
244.0,GEAR,WAIT,GRAY,NO_DATA,missing_gear,{}
245.0,SPEED,24.0,NEUTRAL,OK,near_reference,"{reference_kmh=24.09795918367354, age_s=0.0}"
245.0,POWER,160,NEUTRAL,OK,power_present,{age_s=0.0}
245.0,HR,130,NEUTRAL,OK,hr_present,{age_s=0.0}
245.0,CADENCE,65,GREEN,OK,preferred_low_cadence_band,{age_s=0.0}
245.0,GRADE,0,NEUTRAL,OK,flat_deadband,"{grade_raw=0.0, grade_display=0.0}"
245.0,GEAR,WAIT,GRAY,NO_DATA,missing_gear,{}
246.0,SPEED,24.0,NEUTRAL,OK,near_reference,"{reference_kmh=24.09756097560983, age_s=0.0}"
246.0,POWER,160,NEUTRAL,OK,power_present,{age_s=0.0}
246.0,HR,130,NEUTRAL,OK,hr_present,{age_s=0.0}
246.0,CADENCE,65,GREEN,OK,preferred_low_cadence_band,{age_s=0.0}
246.0,GRADE,0,NEUTRAL,OK,flat_deadband,"{grade_raw=0.0, grade_display=0.0}"
246.0,GEAR,WAIT,GRAY,NO_DATA,missing_gear,{}
247.0,SPEED,24.0,NEUTRAL,OK,near_reference,"{reference_kmh=24.097165991902905, age_s=0.0}"
247.0,POWER,160,NEUTRAL,OK,power_present,{age_s=0.0}
247.0,HR,130,NEUTRAL,OK,hr_present,{age_s=0.0}
247.0,CADENCE,65,GREEN,OK,preferred_low_cadence_band,{age_s=0.0}
247.0,GRADE,0,NEUTRAL,OK,flat_deadband,"{grade_raw=0.0, grade_display=0.0}"
247.0,GEAR,WAIT,GRAY,NO_DATA,missing_gear,{}
248.0,SPEED,24.0,NEUTRAL,OK,near_reference,"{reference_kmh=24.09677419354846, age_s=0.0}"
248.0,POWER,160,NEUTRAL,OK,power_present,{age_s=0.0}
248.0,HR,130,NEUTRAL,OK,hr_present,{age_s=0.0}
248.0,CADENCE,65,GREEN,OK,preferred_low_cadence_band,{age_s=0.0}
248.0,GRADE,0,NEUTRAL,OK,flat_deadband,"{grade_raw=0.0, grade_display=0.0}"
248.0,GEAR,WAIT,GRAY,NO_DATA,missing_gear,{}
249.0,SPEED,24.0,NEUTRAL,OK,near_reference,"{reference_kmh=24.09638554216875, age_s=0.0}"
249.0,POWER,160,NEUTRAL,OK,power_present,{age_s=0.0}
249.0,HR,130,NEUTRAL,OK,hr_present,{age_s=0.0}
249.0,CADENCE,65,GREEN,OK,preferred_low_cadence_band,{age_s=0.0}
249.0,GRADE,0,NEUTRAL,OK,flat_deadband,"{grade_raw=0.0, grade_display=0.0}"
249.0,GEAR,WAIT,GRAY,NO_DATA,missing_gear,{}
250.0,SPEED,24.0,NEUTRAL,OK,near_reference,"{reference_kmh=24.09600000000007, age_s=0.0}"
250.0,POWER,160,NEUTRAL,OK,power_present,{age_s=0.0}
250.0,HR,130,NEUTRAL,OK,hr_present,{age_s=0.0}
250.0,CADENCE,65,GREEN,OK,preferred_low_cadence_band,{age_s=0.0}
250.0,GRADE,0,NEUTRAL,OK,flat_deadband,"{grade_raw=0.0, grade_display=0.0}"
250.0,GEAR,WAIT,GRAY,NO_DATA,missing_gear,{}
251.0,SPEED,24.0,NEUTRAL,OK,near_reference,"{reference_kmh=24.095617529880553, age_s=0.0}"
251.0,POWER,160,NEUTRAL,OK,power_present,{age_s=0.0}
251.0,HR,130,NEUTRAL,OK,hr_present,{age_s=0.0}
251.0,CADENCE,65,GREEN,OK,preferred_low_cadence_band,{age_s=0.0}
251.0,GRADE,0,NEUTRAL,OK,flat_deadband,"{grade_raw=0.0, grade_display=0.0}"
251.0,GEAR,WAIT,GRAY,NO_DATA,missing_gear,{}
252.0,SPEED,24.0,NEUTRAL,OK,near_reference,"{reference_kmh=24.095238095238166, age_s=0.0}"
252.0,POWER,160,NEUTRAL,OK,power_present,{age_s=0.0}
252.0,HR,130,NEUTRAL,OK,hr_present,{age_s=0.0}
252.0,CADENCE,65,GREEN,OK,preferred_low_cadence_band,{age_s=0.0}
252.0,GRADE,0,NEUTRAL,OK,flat_deadband,"{grade_raw=0.0, grade_display=0.0}"
252.0,GEAR,WAIT,GRAY,NO_DATA,missing_gear,{}
253.0,SPEED,24.0,NEUTRAL,OK,near_reference,"{reference_kmh=24.09486166007913, age_s=0.0}"
253.0,POWER,160,NEUTRAL,OK,power_present,{age_s=0.0}
253.0,HR,130,NEUTRAL,OK,hr_present,{age_s=0.0}
253.0,CADENCE,65,GREEN,OK,preferred_low_cadence_band,{age_s=0.0}
253.0,GRADE,0,NEUTRAL,OK,flat_deadband,"{grade_raw=0.0, grade_display=0.0}"
253.0,GEAR,WAIT,GRAY,NO_DATA,missing_gear,{}
254.0,SPEED,24.0,NEUTRAL,OK,near_reference,"{reference_kmh=24.094488188976456, age_s=0.0}"
254.0,POWER,160,NEUTRAL,OK,power_present,{age_s=0.0}
254.0,HR,130,NEUTRAL,OK,hr_present,{age_s=0.0}
254.0,CADENCE,65,GREEN,OK,preferred_low_cadence_band,{age_s=0.0}
254.0,GRADE,0,NEUTRAL,OK,flat_deadband,"{grade_raw=0.0, grade_display=0.0}"
254.0,GEAR,WAIT,GRAY,NO_DATA,missing_gear,{}
255.0,SPEED,24.0,NEUTRAL,OK,near_reference,"{reference_kmh=24.0941176470589, age_s=0.0}"
255.0,POWER,160,NEUTRAL,OK,power_present,{age_s=0.0}
255.0,HR,130,NEUTRAL,OK,hr_present,{age_s=0.0}
255.0,CADENCE,65,GREEN,OK,preferred_low_cadence_band,{age_s=0.0}
255.0,GRADE,0,NEUTRAL,OK,flat_deadband,"{grade_raw=0.0, grade_display=0.0}"
255.0,GEAR,WAIT,GRAY,NO_DATA,missing_gear,{}
256.0,SPEED,24.0,NEUTRAL,OK,near_reference,"{reference_kmh=24.093750000000078, age_s=0.0}"
256.0,POWER,160,NEUTRAL,OK,power_present,{age_s=0.0}
256.0,HR,130,NEUTRAL,OK,hr_present,{age_s=0.0}
256.0,CADENCE,65,GREEN,OK,preferred_low_cadence_band,{age_s=0.0}
256.0,GRADE,0,NEUTRAL,OK,flat_deadband,"{grade_raw=0.0, grade_display=0.0}"
256.0,GEAR,WAIT,GRAY,NO_DATA,missing_gear,{}
257.0,SPEED,24.0,NEUTRAL,OK,near_reference,"{reference_kmh=24.093385214007863, age_s=0.0}"
257.0,POWER,160,NEUTRAL,OK,power_present,{age_s=0.0}
257.0,HR,130,NEUTRAL,OK,hr_present,{age_s=0.0}
257.0,CADENCE,65,GREEN,OK,preferred_low_cadence_band,{age_s=0.0}
257.0,GRADE,0,NEUTRAL,OK,flat_deadband,"{grade_raw=0.0, grade_display=0.0}"
257.0,GEAR,WAIT,GRAY,NO_DATA,missing_gear,{}
258.0,SPEED,24.0,NEUTRAL,OK,near_reference,"{reference_kmh=24.093023255814032, age_s=0.0}"
258.0,POWER,160,NEUTRAL,OK,power_present,{age_s=0.0}
258.0,HR,130,NEUTRAL,OK,hr_present,{age_s=0.0}
258.0,CADENCE,65,GREEN,OK,preferred_low_cadence_band,{age_s=0.0}
258.0,GRADE,0,NEUTRAL,OK,flat_deadband,"{grade_raw=0.0, grade_display=0.0}"
258.0,GEAR,WAIT,GRAY,NO_DATA,missing_gear,{}
259.0,SPEED,24.0,NEUTRAL,OK,near_reference,"{reference_kmh=24.092664092664172, age_s=0.0}"
259.0,POWER,160,NEUTRAL,OK,power_present,{age_s=0.0}
259.0,HR,130,NEUTRAL,OK,hr_present,{age_s=0.0}
259.0,CADENCE,65,GREEN,OK,preferred_low_cadence_band,{age_s=0.0}
259.0,GRADE,0,NEUTRAL,OK,flat_deadband,"{grade_raw=0.0, grade_display=0.0}"
259.0,GEAR,WAIT,GRAY,NO_DATA,missing_gear,{}
260.0,SPEED,24.0,NEUTRAL,OK,near_reference,"{reference_kmh=24.092307692307777, age_s=0.0}"
260.0,POWER,160,NEUTRAL,OK,power_present,{age_s=0.0}
260.0,HR,130,NEUTRAL,OK,hr_present,{age_s=0.0}
260.0,CADENCE,65,GREEN,OK,preferred_low_cadence_band,{age_s=0.0}
260.0,GRADE,0,NEUTRAL,OK,flat_deadband,"{grade_raw=0.0, grade_display=0.0}"
260.0,GEAR,WAIT,GRAY,NO_DATA,missing_gear,{}
261.0,SPEED,24.0,NEUTRAL,OK,near_reference,"{reference_kmh=24.09195402298859, age_s=0.0}"
261.0,POWER,160,NEUTRAL,OK,power_present,{age_s=0.0}
261.0,HR,130,NEUTRAL,OK,hr_present,{age_s=0.0}
261.0,CADENCE,65,GREEN,OK,preferred_low_cadence_band,{age_s=0.0}
261.0,GRADE,0,NEUTRAL,OK,flat_deadband,"{grade_raw=0.0, grade_display=0.0}"
261.0,GEAR,WAIT,GRAY,NO_DATA,missing_gear,{}
262.0,SPEED,24.0,NEUTRAL,OK,near_reference,"{reference_kmh=24.0916030534352, age_s=0.0}"
262.0,POWER,160,NEUTRAL,OK,power_present,{age_s=0.0}
262.0,HR,130,NEUTRAL,OK,hr_present,{age_s=0.0}
262.0,CADENCE,65,GREEN,OK,preferred_low_cadence_band,{age_s=0.0}
262.0,GRADE,0,NEUTRAL,OK,flat_deadband,"{grade_raw=0.0, grade_display=0.0}"
262.0,GEAR,WAIT,GRAY,NO_DATA,missing_gear,{}
263.0,SPEED,24.0,NEUTRAL,OK,near_reference,"{reference_kmh=24.091254752851796, age_s=0.0}"
263.0,POWER,160,NEUTRAL,OK,power_present,{age_s=0.0}
263.0,HR,130,NEUTRAL,OK,hr_present,{age_s=0.0}
263.0,CADENCE,65,GREEN,OK,preferred_low_cadence_band,{age_s=0.0}
263.0,GRADE,0,NEUTRAL,OK,flat_deadband,"{grade_raw=0.0, grade_display=0.0}"
263.0,GEAR,WAIT,GRAY,NO_DATA,missing_gear,{}
264.0,SPEED,24.0,NEUTRAL,OK,near_reference,"{reference_kmh=24.090909090909175, age_s=0.0}"
264.0,POWER,160,NEUTRAL,OK,power_present,{age_s=0.0}
264.0,HR,130,NEUTRAL,OK,hr_present,{age_s=0.0}
264.0,CADENCE,65,GREEN,OK,preferred_low_cadence_band,{age_s=0.0}
264.0,GRADE,0,NEUTRAL,OK,flat_deadband,"{grade_raw=0.0, grade_display=0.0}"
264.0,GEAR,WAIT,GRAY,NO_DATA,missing_gear,{}
265.0,SPEED,24.0,NEUTRAL,OK,near_reference,"{reference_kmh=24.090566037735933, age_s=0.0}"
265.0,POWER,160,NEUTRAL,OK,power_present,{age_s=0.0}
265.0,HR,130,NEUTRAL,OK,hr_present,{age_s=0.0}
265.0,CADENCE,65,GREEN,OK,preferred_low_cadence_band,{age_s=0.0}
265.0,GRADE,0,NEUTRAL,OK,flat_deadband,"{grade_raw=0.0, grade_display=0.0}"
265.0,GEAR,WAIT,GRAY,NO_DATA,missing_gear,{}
266.0,SPEED,24.0,NEUTRAL,OK,near_reference,"{reference_kmh=24.09022556390986, age_s=0.0}"
266.0,POWER,160,NEUTRAL,OK,power_present,{age_s=0.0}
266.0,HR,130,NEUTRAL,OK,hr_present,{age_s=0.0}
266.0,CADENCE,65,GREEN,OK,preferred_low_cadence_band,{age_s=0.0}
266.0,GRADE,0,NEUTRAL,OK,flat_deadband,"{grade_raw=0.0, grade_display=0.0}"
266.0,GEAR,WAIT,GRAY,NO_DATA,missing_gear,{}
267.0,SPEED,24.0,NEUTRAL,OK,near_reference,"{reference_kmh=24.089887640449522, age_s=0.0}"
267.0,POWER,160,NEUTRAL,OK,power_present,{age_s=0.0}
267.0,HR,130,NEUTRAL,OK,hr_present,{age_s=0.0}
267.0,CADENCE,65,GREEN,OK,preferred_low_cadence_band,{age_s=0.0}
267.0,GRADE,0,NEUTRAL,OK,flat_deadband,"{grade_raw=0.0, grade_display=0.0}"
267.0,GEAR,WAIT,GRAY,NO_DATA,missing_gear,{}
268.0,SPEED,24.0,NEUTRAL,OK,near_reference,"{reference_kmh=24.08955223880606, age_s=0.0}"
268.0,POWER,160,NEUTRAL,OK,power_present,{age_s=0.0}
268.0,HR,130,NEUTRAL,OK,hr_present,{age_s=0.0}
268.0,CADENCE,65,GREEN,OK,preferred_low_cadence_band,{age_s=0.0}
268.0,GRADE,0,NEUTRAL,OK,flat_deadband,"{grade_raw=0.0, grade_display=0.0}"
268.0,GEAR,WAIT,GRAY,NO_DATA,missing_gear,{}
269.0,SPEED,24.0,NEUTRAL,OK,near_reference,"{reference_kmh=24.08921933085511, age_s=0.0}"
269.0,POWER,160,NEUTRAL,OK,power_present,{age_s=0.0}
269.0,HR,130,NEUTRAL,OK,hr_present,{age_s=0.0}
269.0,CADENCE,65,GREEN,OK,preferred_low_cadence_band,{age_s=0.0}
269.0,GRADE,0,NEUTRAL,OK,flat_deadband,"{grade_raw=0.0, grade_display=0.0}"
269.0,GEAR,WAIT,GRAY,NO_DATA,missing_gear,{}
270.0,SPEED,24.0,NEUTRAL,OK,near_reference,"{reference_kmh=24.088888888888977, age_s=0.0}"
270.0,POWER,160,NEUTRAL,OK,power_present,{age_s=0.0}
270.0,HR,130,NEUTRAL,OK,hr_present,{age_s=0.0}
270.0,CADENCE,65,GREEN,OK,preferred_low_cadence_band,{age_s=0.0}
270.0,GRADE,0,NEUTRAL,OK,flat_deadband,"{grade_raw=0.0, grade_display=0.0}"
270.0,GEAR,WAIT,GRAY,NO_DATA,missing_gear,{}
271.0,SPEED,24.0,NEUTRAL,OK,near_reference,"{reference_kmh=24.088560885608945, age_s=0.0}"
271.0,POWER,160,NEUTRAL,OK,power_present,{age_s=0.0}
271.0,HR,130,NEUTRAL,OK,hr_present,{age_s=0.0}
271.0,CADENCE,65,GREEN,OK,preferred_low_cadence_band,{age_s=0.0}
271.0,GRADE,0,NEUTRAL,OK,flat_deadband,"{grade_raw=0.0, grade_display=0.0}"
271.0,GEAR,WAIT,GRAY,NO_DATA,missing_gear,{}
272.0,SPEED,24.0,NEUTRAL,OK,near_reference,"{reference_kmh=24.088235294117737, age_s=0.0}"
272.0,POWER,160,NEUTRAL,OK,power_present,{age_s=0.0}
272.0,HR,130,NEUTRAL,OK,hr_present,{age_s=0.0}
272.0,CADENCE,65,GREEN,OK,preferred_low_cadence_band,{age_s=0.0}
272.0,GRADE,0,NEUTRAL,OK,flat_deadband,"{grade_raw=0.0, grade_display=0.0}"
272.0,GEAR,WAIT,GRAY,NO_DATA,missing_gear,{}
273.0,SPEED,24.0,NEUTRAL,OK,near_reference,"{reference_kmh=24.087912087912176, age_s=0.0}"
273.0,POWER,160,NEUTRAL,OK,power_present,{age_s=0.0}
273.0,HR,130,NEUTRAL,OK,hr_present,{age_s=0.0}
273.0,CADENCE,65,GREEN,OK,preferred_low_cadence_band,{age_s=0.0}
273.0,GRADE,0,NEUTRAL,OK,flat_deadband,"{grade_raw=0.0, grade_display=0.0}"
273.0,GEAR,WAIT,GRAY,NO_DATA,missing_gear,{}
274.0,SPEED,24.0,NEUTRAL,OK,near_reference,"{reference_kmh=24.087591240876005, age_s=0.0}"
274.0,POWER,160,NEUTRAL,OK,power_present,{age_s=0.0}
274.0,HR,130,NEUTRAL,OK,hr_present,{age_s=0.0}
274.0,CADENCE,65,GREEN,OK,preferred_low_cadence_band,{age_s=0.0}
274.0,GRADE,0,NEUTRAL,OK,flat_deadband,"{grade_raw=0.0, grade_display=0.0}"
274.0,GEAR,WAIT,GRAY,NO_DATA,missing_gear,{}
275.0,SPEED,24.0,NEUTRAL,OK,near_reference,"{reference_kmh=24.087272727272815, age_s=0.0}"
275.0,POWER,160,NEUTRAL,OK,power_present,{age_s=0.0}
275.0,HR,130,NEUTRAL,OK,hr_present,{age_s=0.0}
275.0,CADENCE,65,GREEN,OK,preferred_low_cadence_band,{age_s=0.0}
275.0,GRADE,0,NEUTRAL,OK,flat_deadband,"{grade_raw=0.0, grade_display=0.0}"
275.0,GEAR,WAIT,GRAY,NO_DATA,missing_gear,{}
276.0,SPEED,24.0,NEUTRAL,OK,near_reference,"{reference_kmh=24.086956521739225, age_s=0.0}"
276.0,POWER,160,NEUTRAL,OK,power_present,{age_s=0.0}
276.0,HR,130,NEUTRAL,OK,hr_present,{age_s=0.0}
276.0,CADENCE,65,GREEN,OK,preferred_low_cadence_band,{age_s=0.0}
276.0,GRADE,0,NEUTRAL,OK,flat_deadband,"{grade_raw=0.0, grade_display=0.0}"
276.0,GEAR,WAIT,GRAY,NO_DATA,missing_gear,{}
277.0,SPEED,24.0,NEUTRAL,OK,near_reference,"{reference_kmh=24.086642599278075, age_s=0.0}"
277.0,POWER,160,NEUTRAL,OK,power_present,{age_s=0.0}
277.0,HR,130,NEUTRAL,OK,hr_present,{age_s=0.0}
277.0,CADENCE,65,GREEN,OK,preferred_low_cadence_band,{age_s=0.0}
277.0,GRADE,0,NEUTRAL,OK,flat_deadband,"{grade_raw=0.0, grade_display=0.0}"
277.0,GEAR,WAIT,GRAY,NO_DATA,missing_gear,{}
278.0,SPEED,24.0,NEUTRAL,OK,near_reference,"{reference_kmh=24.086330935251894, age_s=0.0}"
278.0,POWER,160,NEUTRAL,OK,power_present,{age_s=0.0}
278.0,HR,130,NEUTRAL,OK,hr_present,{age_s=0.0}
278.0,CADENCE,65,GREEN,OK,preferred_low_cadence_band,{age_s=0.0}
278.0,GRADE,0,NEUTRAL,OK,flat_deadband,"{grade_raw=0.0, grade_display=0.0}"
278.0,GEAR,WAIT,GRAY,NO_DATA,missing_gear,{}
279.0,SPEED,24.0,NEUTRAL,OK,near_reference,"{reference_kmh=24.08602150537644, age_s=0.0}"
279.0,POWER,160,NEUTRAL,OK,power_present,{age_s=0.0}
279.0,HR,130,NEUTRAL,OK,hr_present,{age_s=0.0}
279.0,CADENCE,65,GREEN,OK,preferred_low_cadence_band,{age_s=0.0}
279.0,GRADE,0,NEUTRAL,OK,flat_deadband,"{grade_raw=0.0, grade_display=0.0}"
279.0,GEAR,WAIT,GRAY,NO_DATA,missing_gear,{}
280.0,SPEED,24.0,NEUTRAL,OK,near_reference,"{reference_kmh=24.08571428571438, age_s=0.0}"
280.0,POWER,160,NEUTRAL,OK,power_present,{age_s=0.0}
280.0,HR,130,NEUTRAL,OK,hr_present,{age_s=0.0}
280.0,CADENCE,65,GREEN,OK,preferred_low_cadence_band,{age_s=0.0}
280.0,GRADE,0,NEUTRAL,OK,flat_deadband,"{grade_raw=0.0, grade_display=0.0}"
280.0,GEAR,WAIT,GRAY,NO_DATA,missing_gear,{}
281.0,SPEED,24.0,NEUTRAL,OK,near_reference,"{reference_kmh=24.085409252669134, age_s=0.0}"
281.0,POWER,160,NEUTRAL,OK,power_present,{age_s=0.0}
281.0,HR,130,NEUTRAL,OK,hr_present,{age_s=0.0}
281.0,CADENCE,65,GREEN,OK,preferred_low_cadence_band,{age_s=0.0}
281.0,GRADE,0,NEUTRAL,OK,flat_deadband,"{grade_raw=0.0, grade_display=0.0}"
281.0,GEAR,WAIT,GRAY,NO_DATA,missing_gear,{}
282.0,SPEED,24.0,NEUTRAL,OK,near_reference,"{reference_kmh=24.085106382978818, age_s=0.0}"
282.0,POWER,160,NEUTRAL,OK,power_present,{age_s=0.0}
282.0,HR,130,NEUTRAL,OK,hr_present,{age_s=0.0}
282.0,CADENCE,65,GREEN,OK,preferred_low_cadence_band,{age_s=0.0}
282.0,GRADE,0,NEUTRAL,OK,flat_deadband,"{grade_raw=0.0, grade_display=0.0}"
282.0,GEAR,WAIT,GRAY,NO_DATA,missing_gear,{}
283.0,SPEED,24.0,NEUTRAL,OK,near_reference,"{reference_kmh=24.084805653710344, age_s=0.0}"
283.0,POWER,160,NEUTRAL,OK,power_present,{age_s=0.0}
283.0,HR,130,NEUTRAL,OK,hr_present,{age_s=0.0}
283.0,CADENCE,65,GREEN,OK,preferred_low_cadence_band,{age_s=0.0}
283.0,GRADE,0,NEUTRAL,OK,flat_deadband,"{grade_raw=0.0, grade_display=0.0}"
283.0,GEAR,WAIT,GRAY,NO_DATA,missing_gear,{}
284.0,SPEED,24.0,NEUTRAL,OK,near_reference,"{reference_kmh=24.08450704225362, age_s=0.0}"
284.0,POWER,160,NEUTRAL,OK,power_present,{age_s=0.0}
284.0,HR,130,NEUTRAL,OK,hr_present,{age_s=0.0}
284.0,CADENCE,65,GREEN,OK,preferred_low_cadence_band,{age_s=0.0}
284.0,GRADE,0,NEUTRAL,OK,flat_deadband,"{grade_raw=0.0, grade_display=0.0}"
284.0,GEAR,WAIT,GRAY,NO_DATA,missing_gear,{}
285.0,SPEED,24.0,NEUTRAL,OK,near_reference,"{reference_kmh=24.08421052631589, age_s=0.0}"
285.0,POWER,160,NEUTRAL,OK,power_present,{age_s=0.0}
285.0,HR,130,NEUTRAL,OK,hr_present,{age_s=0.0}
285.0,CADENCE,65,GREEN,OK,preferred_low_cadence_band,{age_s=0.0}
285.0,GRADE,0,NEUTRAL,OK,flat_deadband,"{grade_raw=0.0, grade_display=0.0}"
285.0,GEAR,WAIT,GRAY,NO_DATA,missing_gear,{}
286.0,SPEED,24.0,NEUTRAL,OK,near_reference,"{reference_kmh=24.083916083916186, age_s=0.0}"
286.0,POWER,160,NEUTRAL,OK,power_present,{age_s=0.0}
286.0,HR,130,NEUTRAL,OK,hr_present,{age_s=0.0}
286.0,CADENCE,65,GREEN,OK,preferred_low_cadence_band,{age_s=0.0}
286.0,GRADE,0,NEUTRAL,OK,flat_deadband,"{grade_raw=0.0, grade_display=0.0}"
286.0,GEAR,WAIT,GRAY,NO_DATA,missing_gear,{}
287.0,SPEED,24.0,NEUTRAL,OK,near_reference,"{reference_kmh=24.08362369337989, age_s=0.0}"
287.0,POWER,160,NEUTRAL,OK,power_present,{age_s=0.0}
287.0,HR,130,NEUTRAL,OK,hr_present,{age_s=0.0}
287.0,CADENCE,65,GREEN,OK,preferred_low_cadence_band,{age_s=0.0}
287.0,GRADE,0,NEUTRAL,OK,flat_deadband,"{grade_raw=0.0, grade_display=0.0}"
287.0,GEAR,WAIT,GRAY,NO_DATA,missing_gear,{}
288.0,SPEED,24.0,NEUTRAL,OK,near_reference,"{reference_kmh=24.083333333333435, age_s=0.0}"
288.0,POWER,160,NEUTRAL,OK,power_present,{age_s=0.0}
288.0,HR,130,NEUTRAL,OK,hr_present,{age_s=0.0}
288.0,CADENCE,65,GREEN,OK,preferred_low_cadence_band,{age_s=0.0}
288.0,GRADE,0,NEUTRAL,OK,flat_deadband,"{grade_raw=0.0, grade_display=0.0}"
288.0,GEAR,WAIT,GRAY,NO_DATA,missing_gear,{}
289.0,SPEED,24.0,NEUTRAL,OK,near_reference,"{reference_kmh=24.08304498269906, age_s=0.0}"
289.0,POWER,160,NEUTRAL,OK,power_present,{age_s=0.0}
289.0,HR,130,NEUTRAL,OK,hr_present,{age_s=0.0}
289.0,CADENCE,65,GREEN,OK,preferred_low_cadence_band,{age_s=0.0}
289.0,GRADE,0,NEUTRAL,OK,flat_deadband,"{grade_raw=0.0, grade_display=0.0}"
289.0,GEAR,WAIT,GRAY,NO_DATA,missing_gear,{}
290.0,SPEED,24.0,NEUTRAL,OK,near_reference,"{reference_kmh=24.082758620689756, age_s=0.0}"
290.0,POWER,160,NEUTRAL,OK,power_present,{age_s=0.0}
290.0,HR,130,NEUTRAL,OK,hr_present,{age_s=0.0}
290.0,CADENCE,65,GREEN,OK,preferred_low_cadence_band,{age_s=0.0}
290.0,GRADE,0,NEUTRAL,OK,flat_deadband,"{grade_raw=0.0, grade_display=0.0}"
290.0,GEAR,WAIT,GRAY,NO_DATA,missing_gear,{}
291.0,SPEED,24.0,NEUTRAL,OK,near_reference,"{reference_kmh=24.08247422680423, age_s=0.0}"
291.0,POWER,160,NEUTRAL,OK,power_present,{age_s=0.0}
291.0,HR,130,NEUTRAL,OK,hr_present,{age_s=0.0}
291.0,CADENCE,65,GREEN,OK,preferred_low_cadence_band,{age_s=0.0}
291.0,GRADE,0,NEUTRAL,OK,flat_deadband,"{grade_raw=0.0, grade_display=0.0}"
291.0,GEAR,WAIT,GRAY,NO_DATA,missing_gear,{}
292.0,SPEED,24.0,NEUTRAL,OK,near_reference,"{reference_kmh=24.082191780822022, age_s=0.0}"
292.0,POWER,160,NEUTRAL,OK,power_present,{age_s=0.0}
292.0,HR,130,NEUTRAL,OK,hr_present,{age_s=0.0}
292.0,CADENCE,65,GREEN,OK,preferred_low_cadence_band,{age_s=0.0}
292.0,GRADE,0,NEUTRAL,OK,flat_deadband,"{grade_raw=0.0, grade_display=0.0}"
292.0,GEAR,WAIT,GRAY,NO_DATA,missing_gear,{}
293.0,SPEED,24.0,NEUTRAL,OK,near_reference,"{reference_kmh=24.081911262798737, age_s=0.0}"
293.0,POWER,160,NEUTRAL,OK,power_present,{age_s=0.0}
293.0,HR,130,NEUTRAL,OK,hr_present,{age_s=0.0}
293.0,CADENCE,65,GREEN,OK,preferred_low_cadence_band,{age_s=0.0}
293.0,GRADE,0,NEUTRAL,OK,flat_deadband,"{grade_raw=0.0, grade_display=0.0}"
293.0,GEAR,WAIT,GRAY,NO_DATA,missing_gear,{}
294.0,SPEED,24.0,NEUTRAL,OK,near_reference,"{reference_kmh=24.08163265306133, age_s=0.0}"
294.0,POWER,160,NEUTRAL,OK,power_present,{age_s=0.0}
294.0,HR,130,NEUTRAL,OK,hr_present,{age_s=0.0}
294.0,CADENCE,65,GREEN,OK,preferred_low_cadence_band,{age_s=0.0}
294.0,GRADE,0,NEUTRAL,OK,flat_deadband,"{grade_raw=0.0, grade_display=0.0}"
294.0,GEAR,WAIT,GRAY,NO_DATA,missing_gear,{}
295.0,SPEED,24.0,NEUTRAL,OK,near_reference,"{reference_kmh=24.081355932203493, age_s=0.0}"
295.0,POWER,160,NEUTRAL,OK,power_present,{age_s=0.0}
295.0,HR,130,NEUTRAL,OK,hr_present,{age_s=0.0}
295.0,CADENCE,65,GREEN,OK,preferred_low_cadence_band,{age_s=0.0}
295.0,GRADE,0,NEUTRAL,OK,flat_deadband,"{grade_raw=0.0, grade_display=0.0}"
295.0,GEAR,WAIT,GRAY,NO_DATA,missing_gear,{}
296.0,SPEED,24.0,NEUTRAL,OK,near_reference,"{reference_kmh=24.081081081081187, age_s=0.0}"
296.0,POWER,160,NEUTRAL,OK,power_present,{age_s=0.0}
296.0,HR,130,NEUTRAL,OK,hr_present,{age_s=0.0}
296.0,CADENCE,65,GREEN,OK,preferred_low_cadence_band,{age_s=0.0}
296.0,GRADE,0,NEUTRAL,OK,flat_deadband,"{grade_raw=0.0, grade_display=0.0}"
296.0,GEAR,WAIT,GRAY,NO_DATA,missing_gear,{}
297.0,SPEED,24.0,NEUTRAL,OK,near_reference,"{reference_kmh=24.080808080808186, age_s=0.0}"
297.0,POWER,160,NEUTRAL,OK,power_present,{age_s=0.0}
297.0,HR,130,NEUTRAL,OK,hr_present,{age_s=0.0}
297.0,CADENCE,65,GREEN,OK,preferred_low_cadence_band,{age_s=0.0}
297.0,GRADE,0,NEUTRAL,OK,flat_deadband,"{grade_raw=0.0, grade_display=0.0}"
297.0,GEAR,WAIT,GRAY,NO_DATA,missing_gear,{}
298.0,SPEED,24.0,NEUTRAL,OK,near_reference,"{reference_kmh=24.080536912751782, age_s=0.0}"
298.0,POWER,160,NEUTRAL,OK,power_present,{age_s=0.0}
298.0,HR,130,NEUTRAL,OK,hr_present,{age_s=0.0}
298.0,CADENCE,65,GREEN,OK,preferred_low_cadence_band,{age_s=0.0}
298.0,GRADE,0,NEUTRAL,OK,flat_deadband,"{grade_raw=0.0, grade_display=0.0}"
298.0,GEAR,WAIT,GRAY,NO_DATA,missing_gear,{}
299.0,SPEED,24.0,NEUTRAL,OK,near_reference,"{reference_kmh=24.080267558528536, age_s=0.0}"
299.0,POWER,160,NEUTRAL,OK,power_present,{age_s=0.0}
299.0,HR,130,NEUTRAL,OK,hr_present,{age_s=0.0}
299.0,CADENCE,65,GREEN,OK,preferred_low_cadence_band,{age_s=0.0}
299.0,GRADE,0,NEUTRAL,OK,flat_deadband,"{grade_raw=0.0, grade_display=0.0}"
299.0,GEAR,WAIT,GRAY,NO_DATA,missing_gear,{}
300.0,SPEED,24.0,NEUTRAL,OK,near_reference,"{reference_kmh=24.08000000000011, age_s=0.0}"
300.0,POWER,160,NEUTRAL,OK,power_present,{age_s=0.0}
300.0,HR,130,NEUTRAL,OK,hr_present,{age_s=0.0}
300.0,CADENCE,65,GREEN,OK,preferred_low_cadence_band,{age_s=0.0}
300.0,GRADE,0,NEUTRAL,OK,flat_deadband,"{grade_raw=0.0, grade_display=0.0}"
300.0,GEAR,WAIT,GRAY,NO_DATA,missing_gear,{}
301.0,SPEED,24.0,NEUTRAL,OK,near_reference,"{reference_kmh=24.079734219269213, age_s=0.0}"
301.0,POWER,160,NEUTRAL,OK,power_present,{age_s=0.0}
301.0,HR,130,NEUTRAL,OK,hr_present,{age_s=0.0}
301.0,CADENCE,65,GREEN,OK,preferred_low_cadence_band,{age_s=0.0}
301.0,GRADE,0,NEUTRAL,OK,flat_deadband,"{grade_raw=0.0, grade_display=0.0}"
301.0,GEAR,WAIT,GRAY,NO_DATA,missing_gear,{}
302.0,SPEED,24.0,NEUTRAL,OK,near_reference,"{reference_kmh=24.079470198675605, age_s=0.0}"
302.0,POWER,160,NEUTRAL,OK,power_present,{age_s=0.0}
302.0,HR,130,NEUTRAL,OK,hr_present,{age_s=0.0}
302.0,CADENCE,65,GREEN,OK,preferred_low_cadence_band,{age_s=0.0}
302.0,GRADE,0,NEUTRAL,OK,flat_deadband,"{grade_raw=0.0, grade_display=0.0}"
302.0,GEAR,WAIT,GRAY,NO_DATA,missing_gear,{}
303.0,SPEED,24.0,NEUTRAL,OK,near_reference,"{reference_kmh=24.079207920792186, age_s=0.0}"
303.0,POWER,160,NEUTRAL,OK,power_present,{age_s=0.0}
303.0,HR,130,NEUTRAL,OK,hr_present,{age_s=0.0}
303.0,CADENCE,65,GREEN,OK,preferred_low_cadence_band,{age_s=0.0}
303.0,GRADE,0,NEUTRAL,OK,flat_deadband,"{grade_raw=0.0, grade_display=0.0}"
303.0,GEAR,WAIT,GRAY,NO_DATA,missing_gear,{}
304.0,SPEED,24.0,NEUTRAL,OK,near_reference,"{reference_kmh=24.07894736842116, age_s=0.0}"
304.0,POWER,160,NEUTRAL,OK,power_present,{age_s=0.0}
304.0,HR,130,NEUTRAL,OK,hr_present,{age_s=0.0}
304.0,CADENCE,65,GREEN,OK,preferred_low_cadence_band,{age_s=0.0}
304.0,GRADE,0,NEUTRAL,OK,flat_deadband,"{grade_raw=0.0, grade_display=0.0}"
304.0,GEAR,WAIT,GRAY,NO_DATA,missing_gear,{}
305.0,SPEED,24.0,NEUTRAL,OK,near_reference,"{reference_kmh=24.078688524590273, age_s=0.0}"
305.0,POWER,160,NEUTRAL,OK,power_present,{age_s=0.0}
305.0,HR,130,NEUTRAL,OK,hr_present,{age_s=0.0}
305.0,CADENCE,65,GREEN,OK,preferred_low_cadence_band,{age_s=0.0}
305.0,GRADE,0,NEUTRAL,OK,flat_deadband,"{grade_raw=0.0, grade_display=0.0}"
305.0,GEAR,WAIT,GRAY,NO_DATA,missing_gear,{}
306.0,SPEED,24.0,NEUTRAL,OK,near_reference,"{reference_kmh=24.07843137254913, age_s=0.0}"
306.0,POWER,160,NEUTRAL,OK,power_present,{age_s=0.0}
306.0,HR,130,NEUTRAL,OK,hr_present,{age_s=0.0}
306.0,CADENCE,65,GREEN,OK,preferred_low_cadence_band,{age_s=0.0}
306.0,GRADE,0,NEUTRAL,OK,flat_deadband,"{grade_raw=0.0, grade_display=0.0}"
306.0,GEAR,WAIT,GRAY,NO_DATA,missing_gear,{}
307.0,SPEED,24.0,NEUTRAL,OK,near_reference,"{reference_kmh=24.078175895765582, age_s=0.0}"
307.0,POWER,160,NEUTRAL,OK,power_present,{age_s=0.0}
307.0,HR,130,NEUTRAL,OK,hr_present,{age_s=0.0}
307.0,CADENCE,65,GREEN,OK,preferred_low_cadence_band,{age_s=0.0}
307.0,GRADE,0,NEUTRAL,OK,flat_deadband,"{grade_raw=0.0, grade_display=0.0}"
307.0,GEAR,WAIT,GRAY,NO_DATA,missing_gear,{}
308.0,SPEED,24.0,NEUTRAL,OK,near_reference,"{reference_kmh=24.077922077922185, age_s=0.0}"
308.0,POWER,160,NEUTRAL,OK,power_present,{age_s=0.0}
308.0,HR,130,NEUTRAL,OK,hr_present,{age_s=0.0}
308.0,CADENCE,65,GREEN,OK,preferred_low_cadence_band,{age_s=0.0}
308.0,GRADE,0,NEUTRAL,OK,flat_deadband,"{grade_raw=0.0, grade_display=0.0}"
308.0,GEAR,WAIT,GRAY,NO_DATA,missing_gear,{}
309.0,SPEED,24.0,NEUTRAL,OK,near_reference,"{reference_kmh=24.077669902912728, age_s=0.0}"
309.0,POWER,160,NEUTRAL,OK,power_present,{age_s=0.0}
309.0,HR,130,NEUTRAL,OK,hr_present,{age_s=0.0}
309.0,CADENCE,65,GREEN,OK,preferred_low_cadence_band,{age_s=0.0}
309.0,GRADE,0,NEUTRAL,OK,flat_deadband,"{grade_raw=0.0, grade_display=0.0}"
309.0,GEAR,WAIT,GRAY,NO_DATA,missing_gear,{}
310.0,SPEED,24.0,NEUTRAL,OK,near_reference,"{reference_kmh=24.077419354838813, age_s=0.0}"
310.0,POWER,160,NEUTRAL,OK,power_present,{age_s=0.0}
310.0,HR,130,NEUTRAL,OK,hr_present,{age_s=0.0}
310.0,CADENCE,65,GREEN,OK,preferred_low_cadence_band,{age_s=0.0}
310.0,GRADE,0,NEUTRAL,OK,flat_deadband,"{grade_raw=0.0, grade_display=0.0}"
310.0,GEAR,WAIT,GRAY,NO_DATA,missing_gear,{}
311.0,SPEED,24.0,NEUTRAL,OK,near_reference,"{reference_kmh=24.077170418006528, age_s=0.0}"
311.0,POWER,160,NEUTRAL,OK,power_present,{age_s=0.0}
311.0,HR,130,NEUTRAL,OK,hr_present,{age_s=0.0}
311.0,CADENCE,65,GREEN,OK,preferred_low_cadence_band,{age_s=0.0}
311.0,GRADE,0,NEUTRAL,OK,flat_deadband,"{grade_raw=0.0, grade_display=0.0}"
311.0,GEAR,WAIT,GRAY,NO_DATA,missing_gear,{}
312.0,SPEED,24.0,NEUTRAL,OK,near_reference,"{reference_kmh=24.076923076923176, age_s=0.0}"
312.0,POWER,160,NEUTRAL,OK,power_present,{age_s=0.0}
312.0,HR,130,NEUTRAL,OK,hr_present,{age_s=0.0}
312.0,CADENCE,65,GREEN,OK,preferred_low_cadence_band,{age_s=0.0}
312.0,GRADE,0,NEUTRAL,OK,flat_deadband,"{grade_raw=0.0, grade_display=0.0}"
312.0,GEAR,WAIT,GRAY,NO_DATA,missing_gear,{}
313.0,SPEED,24.0,NEUTRAL,OK,near_reference,"{reference_kmh=24.076677316294024, age_s=0.0}"
313.0,POWER,160,NEUTRAL,OK,power_present,{age_s=0.0}
313.0,HR,130,NEUTRAL,OK,hr_present,{age_s=0.0}
313.0,CADENCE,65,GREEN,OK,preferred_low_cadence_band,{age_s=0.0}
313.0,GRADE,0,NEUTRAL,OK,flat_deadband,"{grade_raw=0.0, grade_display=0.0}"
313.0,GEAR,WAIT,GRAY,NO_DATA,missing_gear,{}
314.0,SPEED,24.0,NEUTRAL,OK,near_reference,"{reference_kmh=24.0764331210192, age_s=0.0}"
314.0,POWER,160,NEUTRAL,OK,power_present,{age_s=0.0}
314.0,HR,130,NEUTRAL,OK,hr_present,{age_s=0.0}
314.0,CADENCE,65,GREEN,OK,preferred_low_cadence_band,{age_s=0.0}
314.0,GRADE,0,NEUTRAL,OK,flat_deadband,"{grade_raw=0.0, grade_display=0.0}"
314.0,GEAR,WAIT,GRAY,NO_DATA,missing_gear,{}
315.0,SPEED,24.0,NEUTRAL,OK,near_reference,"{reference_kmh=24.076190476190572, age_s=0.0}"
315.0,POWER,160,NEUTRAL,OK,power_present,{age_s=0.0}
315.0,HR,130,NEUTRAL,OK,hr_present,{age_s=0.0}
315.0,CADENCE,65,GREEN,OK,preferred_low_cadence_band,{age_s=0.0}
315.0,GRADE,0,NEUTRAL,OK,flat_deadband,"{grade_raw=0.0, grade_display=0.0}"
315.0,GEAR,WAIT,GRAY,NO_DATA,missing_gear,{}
316.0,SPEED,24.0,NEUTRAL,OK,near_reference,"{reference_kmh=24.0759493670887, age_s=0.0}"
316.0,POWER,160,NEUTRAL,OK,power_present,{age_s=0.0}
316.0,HR,130,NEUTRAL,OK,hr_present,{age_s=0.0}
316.0,CADENCE,65,GREEN,OK,preferred_low_cadence_band,{age_s=0.0}
316.0,GRADE,0,NEUTRAL,OK,flat_deadband,"{grade_raw=0.0, grade_display=0.0}"
316.0,GEAR,WAIT,GRAY,NO_DATA,missing_gear,{}
317.0,SPEED,24.0,NEUTRAL,OK,near_reference,"{reference_kmh=24.0757097791799, age_s=0.0}"
317.0,POWER,160,NEUTRAL,OK,power_present,{age_s=0.0}
317.0,HR,130,NEUTRAL,OK,hr_present,{age_s=0.0}
317.0,CADENCE,65,GREEN,OK,preferred_low_cadence_band,{age_s=0.0}
317.0,GRADE,0,NEUTRAL,OK,flat_deadband,"{grade_raw=0.0, grade_display=0.0}"
317.0,GEAR,WAIT,GRAY,NO_DATA,missing_gear,{}
318.0,SPEED,24.0,NEUTRAL,OK,near_reference,"{reference_kmh=24.07547169811329, age_s=0.0}"
318.0,POWER,160,NEUTRAL,OK,power_present,{age_s=0.0}
318.0,HR,130,NEUTRAL,OK,hr_present,{age_s=0.0}
318.0,CADENCE,65,GREEN,OK,preferred_low_cadence_band,{age_s=0.0}
318.0,GRADE,0,NEUTRAL,OK,flat_deadband,"{grade_raw=0.0, grade_display=0.0}"
318.0,GEAR,WAIT,GRAY,NO_DATA,missing_gear,{}
319.0,SPEED,24.0,NEUTRAL,OK,near_reference,"{reference_kmh=24.07523510971795, age_s=0.0}"
319.0,POWER,160,NEUTRAL,OK,power_present,{age_s=0.0}
319.0,HR,130,NEUTRAL,OK,hr_present,{age_s=0.0}
319.0,CADENCE,65,GREEN,OK,preferred_low_cadence_band,{age_s=0.0}
319.0,GRADE,0,NEUTRAL,OK,flat_deadband,"{grade_raw=0.0, grade_display=0.0}"
319.0,GEAR,WAIT,GRAY,NO_DATA,missing_gear,{}
320.0,SPEED,24.0,NEUTRAL,OK,near_reference,"{reference_kmh=24.07500000000008, age_s=0.0}"
320.0,POWER,160,NEUTRAL,OK,power_present,{age_s=0.0}
320.0,HR,130,NEUTRAL,OK,hr_present,{age_s=0.0}
320.0,CADENCE,65,GREEN,OK,preferred_low_cadence_band,{age_s=0.0}
320.0,GRADE,0,NEUTRAL,OK,flat_deadband,"{grade_raw=0.0, grade_display=0.0}"
320.0,GEAR,WAIT,GRAY,NO_DATA,missing_gear,{}
321.0,SPEED,24.0,NEUTRAL,OK,near_reference,"{reference_kmh=24.074766355140262, age_s=0.0}"
321.0,POWER,160,NEUTRAL,OK,power_present,{age_s=0.0}
321.0,HR,130,NEUTRAL,OK,hr_present,{age_s=0.0}
321.0,CADENCE,65,GREEN,OK,preferred_low_cadence_band,{age_s=0.0}
321.0,GRADE,0,NEUTRAL,OK,flat_deadband,"{grade_raw=0.0, grade_display=0.0}"
321.0,GEAR,WAIT,GRAY,NO_DATA,missing_gear,{}
322.0,SPEED,24.0,NEUTRAL,OK,near_reference,"{reference_kmh=24.074534161490764, age_s=0.0}"
322.0,POWER,160,NEUTRAL,OK,power_present,{age_s=0.0}
322.0,HR,130,NEUTRAL,OK,hr_present,{age_s=0.0}
322.0,CADENCE,65,GREEN,OK,preferred_low_cadence_band,{age_s=0.0}
322.0,GRADE,0,NEUTRAL,OK,flat_deadband,"{grade_raw=0.0, grade_display=0.0}"
322.0,GEAR,WAIT,GRAY,NO_DATA,missing_gear,{}
323.0,SPEED,24.0,NEUTRAL,OK,near_reference,"{reference_kmh=24.07430340557283, age_s=0.0}"
323.0,POWER,160,NEUTRAL,OK,power_present,{age_s=0.0}
323.0,HR,130,NEUTRAL,OK,hr_present,{age_s=0.0}
323.0,CADENCE,65,GREEN,OK,preferred_low_cadence_band,{age_s=0.0}
323.0,GRADE,0,NEUTRAL,OK,flat_deadband,"{grade_raw=0.0, grade_display=0.0}"
323.0,GEAR,WAIT,GRAY,NO_DATA,missing_gear,{}
324.0,SPEED,24.0,NEUTRAL,OK,near_reference,"{reference_kmh=24.074074074074147, age_s=0.0}"
324.0,POWER,160,NEUTRAL,OK,power_present,{age_s=0.0}
324.0,HR,130,NEUTRAL,OK,hr_present,{age_s=0.0}
324.0,CADENCE,65,GREEN,OK,preferred_low_cadence_band,{age_s=0.0}
324.0,GRADE,0,NEUTRAL,OK,flat_deadband,"{grade_raw=0.0, grade_display=0.0}"
324.0,GEAR,WAIT,GRAY,NO_DATA,missing_gear,{}
325.0,SPEED,24.0,NEUTRAL,OK,near_reference,"{reference_kmh=24.07384615384623, age_s=0.0}"
325.0,POWER,160,NEUTRAL,OK,power_present,{age_s=0.0}
325.0,HR,130,NEUTRAL,OK,hr_present,{age_s=0.0}
325.0,CADENCE,65,GREEN,OK,preferred_low_cadence_band,{age_s=0.0}
325.0,GRADE,0,NEUTRAL,OK,flat_deadband,"{grade_raw=0.0, grade_display=0.0}"
325.0,GEAR,WAIT,GRAY,NO_DATA,missing_gear,{}
326.0,SPEED,24.0,NEUTRAL,OK,near_reference,"{reference_kmh=24.07361963190191, age_s=0.0}"
326.0,POWER,160,NEUTRAL,OK,power_present,{age_s=0.0}
326.0,HR,130,NEUTRAL,OK,hr_present,{age_s=0.0}
326.0,CADENCE,65,GREEN,OK,preferred_low_cadence_band,{age_s=0.0}
326.0,GRADE,0,NEUTRAL,OK,flat_deadband,"{grade_raw=0.0, grade_display=0.0}"
326.0,GEAR,WAIT,GRAY,NO_DATA,missing_gear,{}
327.0,SPEED,24.0,NEUTRAL,OK,near_reference,"{reference_kmh=24.07339449541291, age_s=0.0}"
327.0,POWER,160,NEUTRAL,OK,power_present,{age_s=0.0}
327.0,HR,130,NEUTRAL,OK,hr_present,{age_s=0.0}
327.0,CADENCE,65,GREEN,OK,preferred_low_cadence_band,{age_s=0.0}
327.0,GRADE,0,NEUTRAL,OK,flat_deadband,"{grade_raw=0.0, grade_display=0.0}"
327.0,GEAR,WAIT,GRAY,NO_DATA,missing_gear,{}
328.0,SPEED,24.0,NEUTRAL,OK,near_reference,"{reference_kmh=24.073170731707386, age_s=0.0}"
328.0,POWER,160,NEUTRAL,OK,power_present,{age_s=0.0}
328.0,HR,130,NEUTRAL,OK,hr_present,{age_s=0.0}
328.0,CADENCE,65,GREEN,OK,preferred_low_cadence_band,{age_s=0.0}
328.0,GRADE,0,NEUTRAL,OK,flat_deadband,"{grade_raw=0.0, grade_display=0.0}"
328.0,GEAR,WAIT,GRAY,NO_DATA,missing_gear,{}
329.0,SPEED,24.0,NEUTRAL,OK,near_reference,"{reference_kmh=24.07294832826754, age_s=0.0}"
329.0,POWER,160,NEUTRAL,OK,power_present,{age_s=0.0}
329.0,HR,130,NEUTRAL,OK,hr_present,{age_s=0.0}
329.0,CADENCE,65,GREEN,OK,preferred_low_cadence_band,{age_s=0.0}
329.0,GRADE,0,NEUTRAL,OK,flat_deadband,"{grade_raw=0.0, grade_display=0.0}"
329.0,GEAR,WAIT,GRAY,NO_DATA,missing_gear,{}
330.0,SPEED,24.0,NEUTRAL,OK,near_reference,"{reference_kmh=24.072727272727334, age_s=0.0}"
330.0,POWER,160,NEUTRAL,OK,power_present,{age_s=0.0}
330.0,HR,130,NEUTRAL,OK,hr_present,{age_s=0.0}
330.0,CADENCE,65,GREEN,OK,preferred_low_cadence_band,{age_s=0.0}
330.0,GRADE,0,NEUTRAL,OK,flat_deadband,"{grade_raw=0.0, grade_display=0.0}"
330.0,GEAR,WAIT,GRAY,NO_DATA,missing_gear,{}
331.0,SPEED,24.0,NEUTRAL,OK,near_reference,"{reference_kmh=24.072507552870157, age_s=0.0}"
331.0,POWER,160,NEUTRAL,OK,power_present,{age_s=0.0}
331.0,HR,130,NEUTRAL,OK,hr_present,{age_s=0.0}
331.0,CADENCE,65,GREEN,OK,preferred_low_cadence_band,{age_s=0.0}
331.0,GRADE,0,NEUTRAL,OK,flat_deadband,"{grade_raw=0.0, grade_display=0.0}"
331.0,GEAR,WAIT,GRAY,NO_DATA,missing_gear,{}
332.0,SPEED,24.0,NEUTRAL,OK,near_reference,"{reference_kmh=24.072289156626567, age_s=0.0}"
332.0,POWER,160,NEUTRAL,OK,power_present,{age_s=0.0}
332.0,HR,130,NEUTRAL,OK,hr_present,{age_s=0.0}
332.0,CADENCE,65,GREEN,OK,preferred_low_cadence_band,{age_s=0.0}
332.0,GRADE,0,NEUTRAL,OK,flat_deadband,"{grade_raw=0.0, grade_display=0.0}"
332.0,GEAR,WAIT,GRAY,NO_DATA,missing_gear,{}
333.0,SPEED,24.0,NEUTRAL,OK,near_reference,"{reference_kmh=24.072072072072128, age_s=0.0}"
333.0,POWER,160,NEUTRAL,OK,power_present,{age_s=0.0}
333.0,HR,130,NEUTRAL,OK,hr_present,{age_s=0.0}
333.0,CADENCE,65,GREEN,OK,preferred_low_cadence_band,{age_s=0.0}
333.0,GRADE,0,NEUTRAL,OK,flat_deadband,"{grade_raw=0.0, grade_display=0.0}"
333.0,GEAR,WAIT,GRAY,NO_DATA,missing_gear,{}
334.0,SPEED,24.0,NEUTRAL,OK,near_reference,"{reference_kmh=24.071856287425202, age_s=0.0}"
334.0,POWER,160,NEUTRAL,OK,power_present,{age_s=0.0}
334.0,HR,130,NEUTRAL,OK,hr_present,{age_s=0.0}
334.0,CADENCE,65,GREEN,OK,preferred_low_cadence_band,{age_s=0.0}
334.0,GRADE,0,NEUTRAL,OK,flat_deadband,"{grade_raw=0.0, grade_display=0.0}"
334.0,GEAR,WAIT,GRAY,NO_DATA,missing_gear,{}
335.0,SPEED,24.0,NEUTRAL,OK,near_reference,"{reference_kmh=24.07164179104483, age_s=0.0}"
335.0,POWER,160,NEUTRAL,OK,power_present,{age_s=0.0}
335.0,HR,130,NEUTRAL,OK,hr_present,{age_s=0.0}
335.0,CADENCE,65,GREEN,OK,preferred_low_cadence_band,{age_s=0.0}
335.0,GRADE,0,NEUTRAL,OK,flat_deadband,"{grade_raw=0.0, grade_display=0.0}"
335.0,GEAR,WAIT,GRAY,NO_DATA,missing_gear,{}
336.0,SPEED,24.0,NEUTRAL,OK,near_reference,"{reference_kmh=24.071428571428623, age_s=0.0}"
336.0,POWER,160,NEUTRAL,OK,power_present,{age_s=0.0}
336.0,HR,130,NEUTRAL,OK,hr_present,{age_s=0.0}
336.0,CADENCE,65,GREEN,OK,preferred_low_cadence_band,{age_s=0.0}
336.0,GRADE,0,NEUTRAL,OK,flat_deadband,"{grade_raw=0.0, grade_display=0.0}"
336.0,GEAR,WAIT,GRAY,NO_DATA,missing_gear,{}
337.0,SPEED,24.0,NEUTRAL,OK,near_reference,"{reference_kmh=24.07121661721073, age_s=0.0}"
337.0,POWER,160,NEUTRAL,OK,power_present,{age_s=0.0}
337.0,HR,130,NEUTRAL,OK,hr_present,{age_s=0.0}
337.0,CADENCE,65,GREEN,OK,preferred_low_cadence_band,{age_s=0.0}
337.0,GRADE,0,NEUTRAL,OK,flat_deadband,"{grade_raw=0.0, grade_display=0.0}"
337.0,GEAR,WAIT,GRAY,NO_DATA,missing_gear,{}
338.0,SPEED,24.0,NEUTRAL,OK,near_reference,"{reference_kmh=24.071005917159816, age_s=0.0}"
338.0,POWER,160,NEUTRAL,OK,power_present,{age_s=0.0}
338.0,HR,130,NEUTRAL,OK,hr_present,{age_s=0.0}
338.0,CADENCE,65,GREEN,OK,preferred_low_cadence_band,{age_s=0.0}
338.0,GRADE,0,NEUTRAL,OK,flat_deadband,"{grade_raw=0.0, grade_display=0.0}"
338.0,GEAR,WAIT,GRAY,NO_DATA,missing_gear,{}
339.0,SPEED,24.0,NEUTRAL,OK,near_reference,"{reference_kmh=24.07079646017704, age_s=0.0}"
339.0,POWER,160,NEUTRAL,OK,power_present,{age_s=0.0}
339.0,HR,130,NEUTRAL,OK,hr_present,{age_s=0.0}
339.0,CADENCE,65,GREEN,OK,preferred_low_cadence_band,{age_s=0.0}
339.0,GRADE,0,NEUTRAL,OK,flat_deadband,"{grade_raw=0.0, grade_display=0.0}"
339.0,GEAR,WAIT,GRAY,NO_DATA,missing_gear,{}
340.0,SPEED,24.0,NEUTRAL,OK,near_reference,"{reference_kmh=24.07058823529416, age_s=0.0}"
340.0,POWER,160,NEUTRAL,OK,power_present,{age_s=0.0}
340.0,HR,130,NEUTRAL,OK,hr_present,{age_s=0.0}
340.0,CADENCE,65,GREEN,OK,preferred_low_cadence_band,{age_s=0.0}
340.0,GRADE,0,NEUTRAL,OK,flat_deadband,"{grade_raw=0.0, grade_display=0.0}"
340.0,GEAR,WAIT,GRAY,NO_DATA,missing_gear,{}
341.0,SPEED,24.0,NEUTRAL,OK,near_reference,"{reference_kmh=24.0703812316716, age_s=0.0}"
341.0,POWER,160,NEUTRAL,OK,power_present,{age_s=0.0}
341.0,HR,130,NEUTRAL,OK,hr_present,{age_s=0.0}
341.0,CADENCE,65,GREEN,OK,preferred_low_cadence_band,{age_s=0.0}
341.0,GRADE,0,NEUTRAL,OK,flat_deadband,"{grade_raw=0.0, grade_display=0.0}"
341.0,GEAR,WAIT,GRAY,NO_DATA,missing_gear,{}
342.0,SPEED,24.0,NEUTRAL,OK,near_reference,"{reference_kmh=24.070175438596532, age_s=0.0}"
342.0,POWER,160,NEUTRAL,OK,power_present,{age_s=0.0}
342.0,HR,130,NEUTRAL,OK,hr_present,{age_s=0.0}
342.0,CADENCE,65,GREEN,OK,preferred_low_cadence_band,{age_s=0.0}
342.0,GRADE,0,NEUTRAL,OK,flat_deadband,"{grade_raw=0.0, grade_display=0.0}"
342.0,GEAR,WAIT,GRAY,NO_DATA,missing_gear,{}
343.0,SPEED,24.0,NEUTRAL,OK,near_reference,"{reference_kmh=24.069970845481087, age_s=0.0}"
343.0,POWER,160,NEUTRAL,OK,power_present,{age_s=0.0}
343.0,HR,130,NEUTRAL,OK,hr_present,{age_s=0.0}
343.0,CADENCE,65,GREEN,OK,preferred_low_cadence_band,{age_s=0.0}
343.0,GRADE,0,NEUTRAL,OK,flat_deadband,"{grade_raw=0.0, grade_display=0.0}"
343.0,GEAR,WAIT,GRAY,NO_DATA,missing_gear,{}
344.0,SPEED,24.0,NEUTRAL,OK,near_reference,"{reference_kmh=24.069767441860503, age_s=0.0}"
344.0,POWER,160,NEUTRAL,OK,power_present,{age_s=0.0}
344.0,HR,130,NEUTRAL,OK,hr_present,{age_s=0.0}
344.0,CADENCE,65,GREEN,OK,preferred_low_cadence_band,{age_s=0.0}
344.0,GRADE,0,NEUTRAL,OK,flat_deadband,"{grade_raw=0.0, grade_display=0.0}"
344.0,GEAR,WAIT,GRAY,NO_DATA,missing_gear,{}
345.0,SPEED,24.0,NEUTRAL,OK,near_reference,"{reference_kmh=24.06956521739134, age_s=0.0}"
345.0,POWER,160,NEUTRAL,OK,power_present,{age_s=0.0}
345.0,HR,130,NEUTRAL,OK,hr_present,{age_s=0.0}
345.0,CADENCE,65,GREEN,OK,preferred_low_cadence_band,{age_s=0.0}
345.0,GRADE,0,NEUTRAL,OK,flat_deadband,"{grade_raw=0.0, grade_display=0.0}"
345.0,GEAR,WAIT,GRAY,NO_DATA,missing_gear,{}
346.0,SPEED,24.0,NEUTRAL,OK,near_reference,"{reference_kmh=24.069364161849744, age_s=0.0}"
346.0,POWER,160,NEUTRAL,OK,power_present,{age_s=0.0}
346.0,HR,130,NEUTRAL,OK,hr_present,{age_s=0.0}
346.0,CADENCE,65,GREEN,OK,preferred_low_cadence_band,{age_s=0.0}
346.0,GRADE,0,NEUTRAL,OK,flat_deadband,"{grade_raw=0.0, grade_display=0.0}"
346.0,GEAR,WAIT,GRAY,NO_DATA,missing_gear,{}
347.0,SPEED,24.0,NEUTRAL,OK,near_reference,"{reference_kmh=24.069164265129718, age_s=0.0}"
347.0,POWER,160,NEUTRAL,OK,power_present,{age_s=0.0}
347.0,HR,130,NEUTRAL,OK,hr_present,{age_s=0.0}
347.0,CADENCE,65,GREEN,OK,preferred_low_cadence_band,{age_s=0.0}
347.0,GRADE,0,NEUTRAL,OK,flat_deadband,"{grade_raw=0.0, grade_display=0.0}"
347.0,GEAR,WAIT,GRAY,NO_DATA,missing_gear,{}
348.0,SPEED,24.0,NEUTRAL,OK,near_reference,"{reference_kmh=24.068965517241413, age_s=0.0}"
348.0,POWER,160,NEUTRAL,OK,power_present,{age_s=0.0}
348.0,HR,130,NEUTRAL,OK,hr_present,{age_s=0.0}
348.0,CADENCE,65,GREEN,OK,preferred_low_cadence_band,{age_s=0.0}
348.0,GRADE,0,NEUTRAL,OK,flat_deadband,"{grade_raw=0.0, grade_display=0.0}"
348.0,GEAR,WAIT,GRAY,NO_DATA,missing_gear,{}
349.0,SPEED,24.0,NEUTRAL,OK,near_reference,"{reference_kmh=24.068767908309486, age_s=0.0}"
349.0,POWER,160,NEUTRAL,OK,power_present,{age_s=0.0}
349.0,HR,130,NEUTRAL,OK,hr_present,{age_s=0.0}
349.0,CADENCE,65,GREEN,OK,preferred_low_cadence_band,{age_s=0.0}
349.0,GRADE,0,NEUTRAL,OK,flat_deadband,"{grade_raw=0.0, grade_display=0.0}"
349.0,GEAR,WAIT,GRAY,NO_DATA,missing_gear,{}
350.0,SPEED,24.0,NEUTRAL,OK,near_reference,"{reference_kmh=24.068571428571452, age_s=0.0}"
350.0,POWER,160,NEUTRAL,OK,power_present,{age_s=0.0}
350.0,HR,130,NEUTRAL,OK,hr_present,{age_s=0.0}
350.0,CADENCE,65,GREEN,OK,preferred_low_cadence_band,{age_s=0.0}
350.0,GRADE,0,NEUTRAL,OK,flat_deadband,"{grade_raw=0.0, grade_display=0.0}"
350.0,GEAR,WAIT,GRAY,NO_DATA,missing_gear,{}
351.0,SPEED,24.0,NEUTRAL,OK,near_reference,"{reference_kmh=24.068376068376097, age_s=0.0}"
351.0,POWER,160,NEUTRAL,OK,power_present,{age_s=0.0}
351.0,HR,130,NEUTRAL,OK,hr_present,{age_s=0.0}
351.0,CADENCE,65,GREEN,OK,preferred_low_cadence_band,{age_s=0.0}
351.0,GRADE,0,NEUTRAL,OK,flat_deadband,"{grade_raw=0.0, grade_display=0.0}"
351.0,GEAR,WAIT,GRAY,NO_DATA,missing_gear,{}
352.0,SPEED,24.0,NEUTRAL,OK,near_reference,"{reference_kmh=24.06818181818184, age_s=0.0}"
352.0,POWER,160,NEUTRAL,OK,power_present,{age_s=0.0}
352.0,HR,130,NEUTRAL,OK,hr_present,{age_s=0.0}
352.0,CADENCE,65,GREEN,OK,preferred_low_cadence_band,{age_s=0.0}
352.0,GRADE,0,NEUTRAL,OK,flat_deadband,"{grade_raw=0.0, grade_display=0.0}"
352.0,GEAR,WAIT,GRAY,NO_DATA,missing_gear,{}
353.0,SPEED,24.0,NEUTRAL,OK,near_reference,"{reference_kmh=24.06798866855526, age_s=0.0}"
353.0,POWER,160,NEUTRAL,OK,power_present,{age_s=0.0}
353.0,HR,130,NEUTRAL,OK,hr_present,{age_s=0.0}
353.0,CADENCE,65,GREEN,OK,preferred_low_cadence_band,{age_s=0.0}
353.0,GRADE,0,NEUTRAL,OK,flat_deadband,"{grade_raw=0.0, grade_display=0.0}"
353.0,GEAR,WAIT,GRAY,NO_DATA,missing_gear,{}
354.0,SPEED,24.0,NEUTRAL,OK,near_reference,"{reference_kmh=24.067796610169516, age_s=0.0}"
354.0,POWER,160,NEUTRAL,OK,power_present,{age_s=0.0}
354.0,HR,130,NEUTRAL,OK,hr_present,{age_s=0.0}
354.0,CADENCE,65,GREEN,OK,preferred_low_cadence_band,{age_s=0.0}
354.0,GRADE,0,NEUTRAL,OK,flat_deadband,"{grade_raw=0.0, grade_display=0.0}"
354.0,GEAR,WAIT,GRAY,NO_DATA,missing_gear,{}
355.0,SPEED,24.0,NEUTRAL,OK,near_reference,"{reference_kmh=24.067605633802838, age_s=0.0}"
355.0,POWER,160,NEUTRAL,OK,power_present,{age_s=0.0}
355.0,HR,130,NEUTRAL,OK,hr_present,{age_s=0.0}
355.0,CADENCE,65,GREEN,OK,preferred_low_cadence_band,{age_s=0.0}
355.0,GRADE,0,NEUTRAL,OK,flat_deadband,"{grade_raw=0.0, grade_display=0.0}"
355.0,GEAR,WAIT,GRAY,NO_DATA,missing_gear,{}
356.0,SPEED,24.0,NEUTRAL,OK,near_reference,"{reference_kmh=24.067415730337096, age_s=0.0}"
356.0,POWER,160,NEUTRAL,OK,power_present,{age_s=0.0}
356.0,HR,130,NEUTRAL,OK,hr_present,{age_s=0.0}
356.0,CADENCE,65,GREEN,OK,preferred_low_cadence_band,{age_s=0.0}
356.0,GRADE,0,NEUTRAL,OK,flat_deadband,"{grade_raw=0.0, grade_display=0.0}"
356.0,GEAR,WAIT,GRAY,NO_DATA,missing_gear,{}
357.0,SPEED,24.0,NEUTRAL,OK,near_reference,"{reference_kmh=24.06722689075632, age_s=0.0}"
357.0,POWER,160,NEUTRAL,OK,power_present,{age_s=0.0}
357.0,HR,130,NEUTRAL,OK,hr_present,{age_s=0.0}
357.0,CADENCE,65,GREEN,OK,preferred_low_cadence_band,{age_s=0.0}
357.0,GRADE,0,NEUTRAL,OK,flat_deadband,"{grade_raw=0.0, grade_display=0.0}"
357.0,GEAR,WAIT,GRAY,NO_DATA,missing_gear,{}
358.0,SPEED,24.0,NEUTRAL,OK,near_reference,"{reference_kmh=24.067039106145266, age_s=0.0}"
358.0,POWER,160,NEUTRAL,OK,power_present,{age_s=0.0}
358.0,HR,130,NEUTRAL,OK,hr_present,{age_s=0.0}
358.0,CADENCE,65,GREEN,OK,preferred_low_cadence_band,{age_s=0.0}
358.0,GRADE,0,NEUTRAL,OK,flat_deadband,"{grade_raw=0.0, grade_display=0.0}"
358.0,GEAR,WAIT,GRAY,NO_DATA,missing_gear,{}
359.0,SPEED,24.0,NEUTRAL,OK,near_reference,"{reference_kmh=24.066852367688035, age_s=0.0}"
359.0,POWER,160,NEUTRAL,OK,power_present,{age_s=0.0}
359.0,HR,130,NEUTRAL,OK,hr_present,{age_s=0.0}
359.0,CADENCE,65,GREEN,OK,preferred_low_cadence_band,{age_s=0.0}
359.0,GRADE,0,NEUTRAL,OK,flat_deadband,"{grade_raw=0.0, grade_display=0.0}"
359.0,GEAR,WAIT,GRAY,NO_DATA,missing_gear,{}
360.0,SPEED,24.0,NEUTRAL,OK,near_reference,"{reference_kmh=24.06666666666668, age_s=0.0}"
360.0,POWER,160,NEUTRAL,OK,power_present,{age_s=0.0}
360.0,HR,130,NEUTRAL,OK,hr_present,{age_s=0.0}
360.0,CADENCE,65,GREEN,OK,preferred_low_cadence_band,{age_s=0.0}
360.0,GRADE,0,NEUTRAL,OK,flat_deadband,"{grade_raw=0.0, grade_display=0.0}"
360.0,GEAR,WAIT,GRAY,NO_DATA,missing_gear,{}
361.0,SPEED,24.0,NEUTRAL,OK,near_reference,"{reference_kmh=24.066481994459846, age_s=0.0}"
361.0,POWER,160,NEUTRAL,OK,power_present,{age_s=0.0}
361.0,HR,130,NEUTRAL,OK,hr_present,{age_s=0.0}
361.0,CADENCE,65,GREEN,OK,preferred_low_cadence_band,{age_s=0.0}
361.0,GRADE,0,NEUTRAL,OK,flat_deadband,"{grade_raw=0.0, grade_display=0.0}"
361.0,GEAR,WAIT,GRAY,NO_DATA,missing_gear,{}
362.0,SPEED,24.0,NEUTRAL,OK,near_reference,"{reference_kmh=24.066298342541447, age_s=0.0}"
362.0,POWER,160,NEUTRAL,OK,power_present,{age_s=0.0}
362.0,HR,130,NEUTRAL,OK,hr_present,{age_s=0.0}
362.0,CADENCE,65,GREEN,OK,preferred_low_cadence_band,{age_s=0.0}
362.0,GRADE,0,NEUTRAL,OK,flat_deadband,"{grade_raw=0.0, grade_display=0.0}"
362.0,GEAR,WAIT,GRAY,NO_DATA,missing_gear,{}
363.0,SPEED,24.0,NEUTRAL,OK,near_reference,"{reference_kmh=24.066115702479348, age_s=0.0}"
363.0,POWER,160,NEUTRAL,OK,power_present,{age_s=0.0}
363.0,HR,130,NEUTRAL,OK,hr_present,{age_s=0.0}
363.0,CADENCE,65,GREEN,OK,preferred_low_cadence_band,{age_s=0.0}
363.0,GRADE,0,NEUTRAL,OK,flat_deadband,"{grade_raw=0.0, grade_display=0.0}"
363.0,GEAR,WAIT,GRAY,NO_DATA,missing_gear,{}
364.0,SPEED,24.0,NEUTRAL,OK,near_reference,"{reference_kmh=24.065934065934073, age_s=0.0}"
364.0,POWER,160,NEUTRAL,OK,power_present,{age_s=0.0}
364.0,HR,130,NEUTRAL,OK,hr_present,{age_s=0.0}
364.0,CADENCE,65,GREEN,OK,preferred_low_cadence_band,{age_s=0.0}
364.0,GRADE,0,NEUTRAL,OK,flat_deadband,"{grade_raw=0.0, grade_display=0.0}"
364.0,GEAR,WAIT,GRAY,NO_DATA,missing_gear,{}
365.0,SPEED,24.0,NEUTRAL,OK,near_reference,"{reference_kmh=24.065753424657537, age_s=0.0}"
365.0,POWER,160,NEUTRAL,OK,power_present,{age_s=0.0}
365.0,HR,130,NEUTRAL,OK,hr_present,{age_s=0.0}
365.0,CADENCE,65,GREEN,OK,preferred_low_cadence_band,{age_s=0.0}
365.0,GRADE,0,NEUTRAL,OK,flat_deadband,"{grade_raw=0.0, grade_display=0.0}"
365.0,GEAR,WAIT,GRAY,NO_DATA,missing_gear,{}
366.0,SPEED,24.0,NEUTRAL,OK,near_reference,"{reference_kmh=24.065573770491802, age_s=0.0}"
366.0,POWER,160,NEUTRAL,OK,power_present,{age_s=0.0}
366.0,HR,130,NEUTRAL,OK,hr_present,{age_s=0.0}
366.0,CADENCE,65,GREEN,OK,preferred_low_cadence_band,{age_s=0.0}
366.0,GRADE,0,NEUTRAL,OK,flat_deadband,"{grade_raw=0.0, grade_display=0.0}"
366.0,GEAR,WAIT,GRAY,NO_DATA,missing_gear,{}
367.0,SPEED,24.0,NEUTRAL,OK,near_reference,"{reference_kmh=24.065395095367847, age_s=0.0}"
367.0,POWER,160,NEUTRAL,OK,power_present,{age_s=0.0}
367.0,HR,130,NEUTRAL,OK,hr_present,{age_s=0.0}
367.0,CADENCE,65,GREEN,OK,preferred_low_cadence_band,{age_s=0.0}
367.0,GRADE,0,NEUTRAL,OK,flat_deadband,"{grade_raw=0.0, grade_display=0.0}"
367.0,GEAR,WAIT,GRAY,NO_DATA,missing_gear,{}
368.0,SPEED,24.0,NEUTRAL,OK,near_reference,"{reference_kmh=24.065217391304348, age_s=0.0}"
368.0,POWER,160,NEUTRAL,OK,power_present,{age_s=0.0}
368.0,HR,130,NEUTRAL,OK,hr_present,{age_s=0.0}
368.0,CADENCE,65,GREEN,OK,preferred_low_cadence_band,{age_s=0.0}
368.0,GRADE,0,NEUTRAL,OK,flat_deadband,"{grade_raw=0.0, grade_display=0.0}"
368.0,GEAR,WAIT,GRAY,NO_DATA,missing_gear,{}
369.0,SPEED,24.0,NEUTRAL,OK,near_reference,"{reference_kmh=24.0650406504065, age_s=0.0}"
369.0,POWER,160,NEUTRAL,OK,power_present,{age_s=0.0}
369.0,HR,130,NEUTRAL,OK,hr_present,{age_s=0.0}
369.0,CADENCE,65,GREEN,OK,preferred_low_cadence_band,{age_s=0.0}
369.0,GRADE,0,NEUTRAL,OK,flat_deadband,"{grade_raw=0.0, grade_display=0.0}"
369.0,GEAR,WAIT,GRAY,NO_DATA,missing_gear,{}
370.0,SPEED,24.0,NEUTRAL,OK,near_reference,"{reference_kmh=24.064864864864866, age_s=0.0}"
370.0,POWER,160,NEUTRAL,OK,power_present,{age_s=0.0}
370.0,HR,130,NEUTRAL,OK,hr_present,{age_s=0.0}
370.0,CADENCE,65,GREEN,OK,preferred_low_cadence_band,{age_s=0.0}
370.0,GRADE,0,NEUTRAL,OK,flat_deadband,"{grade_raw=0.0, grade_display=0.0}"
370.0,GEAR,WAIT,GRAY,NO_DATA,missing_gear,{}
371.0,SPEED,24.0,NEUTRAL,OK,near_reference,"{reference_kmh=24.064690026954175, age_s=0.0}"
371.0,POWER,160,NEUTRAL,OK,power_present,{age_s=0.0}
371.0,HR,130,NEUTRAL,OK,hr_present,{age_s=0.0}
371.0,CADENCE,65,GREEN,OK,preferred_low_cadence_band,{age_s=0.0}
371.0,GRADE,0,NEUTRAL,OK,flat_deadband,"{grade_raw=0.0, grade_display=0.0}"
371.0,GEAR,WAIT,GRAY,NO_DATA,missing_gear,{}
372.0,SPEED,24.0,NEUTRAL,OK,near_reference,"{reference_kmh=24.064516129032253, age_s=0.0}"
372.0,POWER,160,NEUTRAL,OK,power_present,{age_s=0.0}
372.0,HR,130,NEUTRAL,OK,hr_present,{age_s=0.0}
372.0,CADENCE,65,GREEN,OK,preferred_low_cadence_band,{age_s=0.0}
372.0,GRADE,0,NEUTRAL,OK,flat_deadband,"{grade_raw=0.0, grade_display=0.0}"
372.0,GEAR,WAIT,GRAY,NO_DATA,missing_gear,{}
373.0,SPEED,24.0,NEUTRAL,OK,near_reference,"{reference_kmh=24.06434316353887, age_s=0.0}"
373.0,POWER,160,NEUTRAL,OK,power_present,{age_s=0.0}
373.0,HR,130,NEUTRAL,OK,hr_present,{age_s=0.0}
373.0,CADENCE,65,GREEN,OK,preferred_low_cadence_band,{age_s=0.0}
373.0,GRADE,0,NEUTRAL,OK,flat_deadband,"{grade_raw=0.0, grade_display=0.0}"
373.0,GEAR,WAIT,GRAY,NO_DATA,missing_gear,{}
374.0,SPEED,24.0,NEUTRAL,OK,near_reference,"{reference_kmh=24.064171122994644, age_s=0.0}"
374.0,POWER,160,NEUTRAL,OK,power_present,{age_s=0.0}
374.0,HR,130,NEUTRAL,OK,hr_present,{age_s=0.0}
374.0,CADENCE,65,GREEN,OK,preferred_low_cadence_band,{age_s=0.0}
374.0,GRADE,0,NEUTRAL,OK,flat_deadband,"{grade_raw=0.0, grade_display=0.0}"
374.0,GEAR,WAIT,GRAY,NO_DATA,missing_gear,{}
375.0,SPEED,24.0,NEUTRAL,OK,near_reference,"{reference_kmh=24.063999999999986, age_s=0.0}"
375.0,POWER,160,NEUTRAL,OK,power_present,{age_s=0.0}
375.0,HR,130,NEUTRAL,OK,hr_present,{age_s=0.0}
375.0,CADENCE,65,GREEN,OK,preferred_low_cadence_band,{age_s=0.0}
375.0,GRADE,0,NEUTRAL,OK,flat_deadband,"{grade_raw=0.0, grade_display=0.0}"
375.0,GEAR,WAIT,GRAY,NO_DATA,missing_gear,{}
376.0,SPEED,24.0,NEUTRAL,OK,near_reference,"{reference_kmh=24.06382978723403, age_s=0.0}"
376.0,POWER,160,NEUTRAL,OK,power_present,{age_s=0.0}
376.0,HR,130,NEUTRAL,OK,hr_present,{age_s=0.0}
376.0,CADENCE,65,GREEN,OK,preferred_low_cadence_band,{age_s=0.0}
376.0,GRADE,0,NEUTRAL,OK,flat_deadband,"{grade_raw=0.0, grade_display=0.0}"
376.0,GEAR,WAIT,GRAY,NO_DATA,missing_gear,{}
377.0,SPEED,24.0,NEUTRAL,OK,near_reference,"{reference_kmh=24.06366047745357, age_s=0.0}"
377.0,POWER,160,NEUTRAL,OK,power_present,{age_s=0.0}
377.0,HR,130,NEUTRAL,OK,hr_present,{age_s=0.0}
377.0,CADENCE,65,GREEN,OK,preferred_low_cadence_band,{age_s=0.0}
377.0,GRADE,0,NEUTRAL,OK,flat_deadband,"{grade_raw=0.0, grade_display=0.0}"
377.0,GEAR,WAIT,GRAY,NO_DATA,missing_gear,{}
378.0,SPEED,24.0,NEUTRAL,OK,near_reference,"{reference_kmh=24.06349206349205, age_s=0.0}"
378.0,POWER,160,NEUTRAL,OK,power_present,{age_s=0.0}
378.0,HR,130,NEUTRAL,OK,hr_present,{age_s=0.0}
378.0,CADENCE,65,GREEN,OK,preferred_low_cadence_band,{age_s=0.0}
378.0,GRADE,0,NEUTRAL,OK,flat_deadband,"{grade_raw=0.0, grade_display=0.0}"
378.0,GEAR,WAIT,GRAY,NO_DATA,missing_gear,{}
379.0,SPEED,24.0,NEUTRAL,OK,near_reference,"{reference_kmh=24.063324538258563, age_s=0.0}"
379.0,POWER,160,NEUTRAL,OK,power_present,{age_s=0.0}
379.0,HR,130,NEUTRAL,OK,hr_present,{age_s=0.0}
379.0,CADENCE,65,GREEN,OK,preferred_low_cadence_band,{age_s=0.0}
379.0,GRADE,0,NEUTRAL,OK,flat_deadband,"{grade_raw=0.0, grade_display=0.0}"
379.0,GEAR,WAIT,GRAY,NO_DATA,missing_gear,{}
380.0,SPEED,24.0,NEUTRAL,OK,near_reference,"{reference_kmh=24.063157894736825, age_s=0.0}"
380.0,POWER,160,NEUTRAL,OK,power_present,{age_s=0.0}
380.0,HR,130,NEUTRAL,OK,hr_present,{age_s=0.0}
380.0,CADENCE,65,GREEN,OK,preferred_low_cadence_band,{age_s=0.0}
380.0,GRADE,0,NEUTRAL,OK,flat_deadband,"{grade_raw=0.0, grade_display=0.0}"
380.0,GEAR,WAIT,GRAY,NO_DATA,missing_gear,{}
381.0,SPEED,24.0,NEUTRAL,OK,near_reference,"{reference_kmh=24.062992125984234, age_s=0.0}"
381.0,POWER,160,NEUTRAL,OK,power_present,{age_s=0.0}
381.0,HR,130,NEUTRAL,OK,hr_present,{age_s=0.0}
381.0,CADENCE,65,GREEN,OK,preferred_low_cadence_band,{age_s=0.0}
381.0,GRADE,0,NEUTRAL,OK,flat_deadband,"{grade_raw=0.0, grade_display=0.0}"
381.0,GEAR,WAIT,GRAY,NO_DATA,missing_gear,{}
382.0,SPEED,24.0,NEUTRAL,OK,near_reference,"{reference_kmh=24.062827225130867, age_s=0.0}"
382.0,POWER,160,NEUTRAL,OK,power_present,{age_s=0.0}
382.0,HR,130,NEUTRAL,OK,hr_present,{age_s=0.0}
382.0,CADENCE,65,GREEN,OK,preferred_low_cadence_band,{age_s=0.0}
382.0,GRADE,0,NEUTRAL,OK,flat_deadband,"{grade_raw=0.0, grade_display=0.0}"
382.0,GEAR,WAIT,GRAY,NO_DATA,missing_gear,{}
383.0,SPEED,24.0,NEUTRAL,OK,near_reference,"{reference_kmh=24.062663185378568, age_s=0.0}"
383.0,POWER,160,NEUTRAL,OK,power_present,{age_s=0.0}
383.0,HR,130,NEUTRAL,OK,hr_present,{age_s=0.0}
383.0,CADENCE,65,GREEN,OK,preferred_low_cadence_band,{age_s=0.0}
383.0,GRADE,0,NEUTRAL,OK,flat_deadband,"{grade_raw=0.0, grade_display=0.0}"
383.0,GEAR,WAIT,GRAY,NO_DATA,missing_gear,{}
384.0,SPEED,24.0,NEUTRAL,OK,near_reference,"{reference_kmh=24.062499999999975, age_s=0.0}"
384.0,POWER,160,NEUTRAL,OK,power_present,{age_s=0.0}
384.0,HR,130,NEUTRAL,OK,hr_present,{age_s=0.0}
384.0,CADENCE,65,GREEN,OK,preferred_low_cadence_band,{age_s=0.0}
384.0,GRADE,0,NEUTRAL,OK,flat_deadband,"{grade_raw=0.0, grade_display=0.0}"
384.0,GEAR,WAIT,GRAY,NO_DATA,missing_gear,{}
385.0,SPEED,24.0,NEUTRAL,OK,near_reference,"{reference_kmh=24.062337662337637, age_s=0.0}"
385.0,POWER,160,NEUTRAL,OK,power_present,{age_s=0.0}
385.0,HR,130,NEUTRAL,OK,hr_present,{age_s=0.0}
385.0,CADENCE,65,GREEN,OK,preferred_low_cadence_band,{age_s=0.0}
385.0,GRADE,0,NEUTRAL,OK,flat_deadband,"{grade_raw=0.0, grade_display=0.0}"
385.0,GEAR,WAIT,GRAY,NO_DATA,missing_gear,{}
386.0,SPEED,24.0,NEUTRAL,OK,near_reference,"{reference_kmh=24.062176165803084, age_s=0.0}"
386.0,POWER,160,NEUTRAL,OK,power_present,{age_s=0.0}
386.0,HR,130,NEUTRAL,OK,hr_present,{age_s=0.0}
386.0,CADENCE,65,GREEN,OK,preferred_low_cadence_band,{age_s=0.0}
386.0,GRADE,0,NEUTRAL,OK,flat_deadband,"{grade_raw=0.0, grade_display=0.0}"
386.0,GEAR,WAIT,GRAY,NO_DATA,missing_gear,{}
387.0,SPEED,24.0,NEUTRAL,OK,near_reference,"{reference_kmh=24.062015503875944, age_s=0.0}"
387.0,POWER,160,NEUTRAL,OK,power_present,{age_s=0.0}
387.0,HR,130,NEUTRAL,OK,hr_present,{age_s=0.0}
387.0,CADENCE,65,GREEN,OK,preferred_low_cadence_band,{age_s=0.0}
387.0,GRADE,0,NEUTRAL,OK,flat_deadband,"{grade_raw=0.0, grade_display=0.0}"
387.0,GEAR,WAIT,GRAY,NO_DATA,missing_gear,{}
388.0,SPEED,24.0,NEUTRAL,OK,near_reference,"{reference_kmh=24.061855670103064, age_s=0.0}"
388.0,POWER,160,NEUTRAL,OK,power_present,{age_s=0.0}
388.0,HR,130,NEUTRAL,OK,hr_present,{age_s=0.0}
388.0,CADENCE,65,GREEN,OK,preferred_low_cadence_band,{age_s=0.0}
388.0,GRADE,0,NEUTRAL,OK,flat_deadband,"{grade_raw=0.0, grade_display=0.0}"
388.0,GEAR,WAIT,GRAY,NO_DATA,missing_gear,{}
389.0,SPEED,24.0,NEUTRAL,OK,near_reference,"{reference_kmh=24.06169665809766, age_s=0.0}"
389.0,POWER,160,NEUTRAL,OK,power_present,{age_s=0.0}
389.0,HR,130,NEUTRAL,OK,hr_present,{age_s=0.0}
389.0,CADENCE,65,GREEN,OK,preferred_low_cadence_band,{age_s=0.0}
389.0,GRADE,0,NEUTRAL,OK,flat_deadband,"{grade_raw=0.0, grade_display=0.0}"
389.0,GEAR,WAIT,GRAY,NO_DATA,missing_gear,{}
390.0,SPEED,24.0,NEUTRAL,OK,near_reference,"{reference_kmh=24.06153846153843, age_s=0.0}"
390.0,POWER,160,NEUTRAL,OK,power_present,{age_s=0.0}
390.0,HR,130,NEUTRAL,OK,hr_present,{age_s=0.0}
390.0,CADENCE,65,GREEN,OK,preferred_low_cadence_band,{age_s=0.0}
390.0,GRADE,0,NEUTRAL,OK,flat_deadband,"{grade_raw=0.0, grade_display=0.0}"
390.0,GEAR,WAIT,GRAY,NO_DATA,missing_gear,{}
391.0,SPEED,24.0,NEUTRAL,OK,near_reference,"{reference_kmh=24.061381074168764, age_s=0.0}"
391.0,POWER,160,NEUTRAL,OK,power_present,{age_s=0.0}
391.0,HR,130,NEUTRAL,OK,hr_present,{age_s=0.0}
391.0,CADENCE,65,GREEN,OK,preferred_low_cadence_band,{age_s=0.0}
391.0,GRADE,0,NEUTRAL,OK,flat_deadband,"{grade_raw=0.0, grade_display=0.0}"
391.0,GEAR,WAIT,GRAY,NO_DATA,missing_gear,{}
392.0,SPEED,24.0,NEUTRAL,OK,near_reference,"{reference_kmh=24.061224489795887, age_s=0.0}"
392.0,POWER,160,NEUTRAL,OK,power_present,{age_s=0.0}
392.0,HR,130,NEUTRAL,OK,hr_present,{age_s=0.0}
392.0,CADENCE,65,GREEN,OK,preferred_low_cadence_band,{age_s=0.0}
392.0,GRADE,0,NEUTRAL,OK,flat_deadband,"{grade_raw=0.0, grade_display=0.0}"
392.0,GEAR,WAIT,GRAY,NO_DATA,missing_gear,{}
393.0,SPEED,24.0,NEUTRAL,OK,near_reference,"{reference_kmh=24.061068702290044, age_s=0.0}"
393.0,POWER,160,NEUTRAL,OK,power_present,{age_s=0.0}
393.0,HR,130,NEUTRAL,OK,hr_present,{age_s=0.0}
393.0,CADENCE,65,GREEN,OK,preferred_low_cadence_band,{age_s=0.0}
393.0,GRADE,0,NEUTRAL,OK,flat_deadband,"{grade_raw=0.0, grade_display=0.0}"
393.0,GEAR,WAIT,GRAY,NO_DATA,missing_gear,{}
394.0,SPEED,24.0,NEUTRAL,OK,near_reference,"{reference_kmh=24.06091370558372, age_s=0.0}"
394.0,POWER,160,NEUTRAL,OK,power_present,{age_s=0.0}
394.0,HR,130,NEUTRAL,OK,hr_present,{age_s=0.0}
394.0,CADENCE,65,GREEN,OK,preferred_low_cadence_band,{age_s=0.0}
394.0,GRADE,0,NEUTRAL,OK,flat_deadband,"{grade_raw=0.0, grade_display=0.0}"
394.0,GEAR,WAIT,GRAY,NO_DATA,missing_gear,{}
395.0,SPEED,24.0,NEUTRAL,OK,near_reference,"{reference_kmh=24.06075949367085, age_s=0.0}"
395.0,POWER,160,NEUTRAL,OK,power_present,{age_s=0.0}
395.0,HR,130,NEUTRAL,OK,hr_present,{age_s=0.0}
395.0,CADENCE,65,GREEN,OK,preferred_low_cadence_band,{age_s=0.0}
395.0,GRADE,0,NEUTRAL,OK,flat_deadband,"{grade_raw=0.0, grade_display=0.0}"
395.0,GEAR,WAIT,GRAY,NO_DATA,missing_gear,{}
396.0,SPEED,24.0,NEUTRAL,OK,near_reference,"{reference_kmh=24.060606060606023, age_s=0.0}"
396.0,POWER,160,NEUTRAL,OK,power_present,{age_s=0.0}
396.0,HR,130,NEUTRAL,OK,hr_present,{age_s=0.0}
396.0,CADENCE,65,GREEN,OK,preferred_low_cadence_band,{age_s=0.0}
396.0,GRADE,0,NEUTRAL,OK,flat_deadband,"{grade_raw=0.0, grade_display=0.0}"
396.0,GEAR,WAIT,GRAY,NO_DATA,missing_gear,{}
397.0,SPEED,24.0,NEUTRAL,OK,near_reference,"{reference_kmh=24.060453400503736, age_s=0.0}"
397.0,POWER,160,NEUTRAL,OK,power_present,{age_s=0.0}
397.0,HR,130,NEUTRAL,OK,hr_present,{age_s=0.0}
397.0,CADENCE,65,GREEN,OK,preferred_low_cadence_band,{age_s=0.0}
397.0,GRADE,0,NEUTRAL,OK,flat_deadband,"{grade_raw=0.0, grade_display=0.0}"
397.0,GEAR,WAIT,GRAY,NO_DATA,missing_gear,{}
398.0,SPEED,24.0,NEUTRAL,OK,near_reference,"{reference_kmh=24.060301507537645, age_s=0.0}"
398.0,POWER,160,NEUTRAL,OK,power_present,{age_s=0.0}
398.0,HR,130,NEUTRAL,OK,hr_present,{age_s=0.0}
398.0,CADENCE,65,GREEN,OK,preferred_low_cadence_band,{age_s=0.0}
398.0,GRADE,0,NEUTRAL,OK,flat_deadband,"{grade_raw=0.0, grade_display=0.0}"
398.0,GEAR,WAIT,GRAY,NO_DATA,missing_gear,{}
399.0,SPEED,24.0,NEUTRAL,OK,near_reference,"{reference_kmh=24.060150375939806, age_s=0.0}"
399.0,POWER,160,NEUTRAL,OK,power_present,{age_s=0.0}
399.0,HR,130,NEUTRAL,OK,hr_present,{age_s=0.0}
399.0,CADENCE,65,GREEN,OK,preferred_low_cadence_band,{age_s=0.0}
399.0,GRADE,0,NEUTRAL,OK,flat_deadband,"{grade_raw=0.0, grade_display=0.0}"
399.0,GEAR,WAIT,GRAY,NO_DATA,missing_gear,{}
400.0,SPEED,24.0,NEUTRAL,OK,near_reference,"{reference_kmh=24.059999999999956, age_s=0.0}"
400.0,POWER,160,NEUTRAL,OK,power_present,{age_s=0.0}
400.0,HR,130,NEUTRAL,OK,hr_present,{age_s=0.0}
400.0,CADENCE,65,GREEN,OK,preferred_low_cadence_band,{age_s=0.0}
400.0,GRADE,0,NEUTRAL,OK,flat_deadband,"{grade_raw=0.0, grade_display=0.0}"
400.0,GEAR,WAIT,GRAY,NO_DATA,missing_gear,{}
401.0,SPEED,24.0,NEUTRAL,OK,near_reference,"{reference_kmh=24.059850374064794, age_s=0.0}"
401.0,POWER,160,NEUTRAL,OK,power_present,{age_s=0.0}
401.0,HR,130,NEUTRAL,OK,hr_present,{age_s=0.0}
401.0,CADENCE,65,GREEN,OK,preferred_low_cadence_band,{age_s=0.0}
401.0,GRADE,0,NEUTRAL,OK,flat_deadband,"{grade_raw=0.0, grade_display=0.0}"
401.0,GEAR,WAIT,GRAY,NO_DATA,missing_gear,{}
402.0,SPEED,24.0,NEUTRAL,OK,near_reference,"{reference_kmh=24.05970149253727, age_s=0.0}"
402.0,POWER,160,NEUTRAL,OK,power_present,{age_s=0.0}
402.0,HR,130,NEUTRAL,OK,hr_present,{age_s=0.0}
402.0,CADENCE,65,GREEN,OK,preferred_low_cadence_band,{age_s=0.0}
402.0,GRADE,0,NEUTRAL,OK,flat_deadband,"{grade_raw=0.0, grade_display=0.0}"
402.0,GEAR,WAIT,GRAY,NO_DATA,missing_gear,{}
403.0,SPEED,24.0,NEUTRAL,OK,near_reference,"{reference_kmh=24.059553349875884, age_s=0.0}"
403.0,POWER,160,NEUTRAL,OK,power_present,{age_s=0.0}
403.0,HR,130,NEUTRAL,OK,hr_present,{age_s=0.0}
403.0,CADENCE,65,GREEN,OK,preferred_low_cadence_band,{age_s=0.0}
403.0,GRADE,0,NEUTRAL,OK,flat_deadband,"{grade_raw=0.0, grade_display=0.0}"
403.0,GEAR,WAIT,GRAY,NO_DATA,missing_gear,{}
404.0,SPEED,24.0,NEUTRAL,OK,near_reference,"{reference_kmh=24.059405940594008, age_s=0.0}"
404.0,POWER,160,NEUTRAL,OK,power_present,{age_s=0.0}
404.0,HR,130,NEUTRAL,OK,hr_present,{age_s=0.0}
404.0,CADENCE,65,GREEN,OK,preferred_low_cadence_band,{age_s=0.0}
404.0,GRADE,0,NEUTRAL,OK,flat_deadband,"{grade_raw=0.0, grade_display=0.0}"
404.0,GEAR,WAIT,GRAY,NO_DATA,missing_gear,{}
405.0,SPEED,24.0,NEUTRAL,OK,near_reference,"{reference_kmh=24.05925925925921, age_s=0.0}"
405.0,POWER,160,NEUTRAL,OK,power_present,{age_s=0.0}
405.0,HR,130,NEUTRAL,OK,hr_present,{age_s=0.0}
405.0,CADENCE,65,GREEN,OK,preferred_low_cadence_band,{age_s=0.0}
405.0,GRADE,0,NEUTRAL,OK,flat_deadband,"{grade_raw=0.0, grade_display=0.0}"
405.0,GEAR,WAIT,GRAY,NO_DATA,missing_gear,{}
406.0,SPEED,24.0,NEUTRAL,OK,near_reference,"{reference_kmh=24.05911330049256, age_s=0.0}"
406.0,POWER,160,NEUTRAL,OK,power_present,{age_s=0.0}
406.0,HR,130,NEUTRAL,OK,hr_present,{age_s=0.0}
406.0,CADENCE,65,GREEN,OK,preferred_low_cadence_band,{age_s=0.0}
406.0,GRADE,0,NEUTRAL,OK,flat_deadband,"{grade_raw=0.0, grade_display=0.0}"
406.0,GEAR,WAIT,GRAY,NO_DATA,missing_gear,{}
407.0,SPEED,24.0,NEUTRAL,OK,near_reference,"{reference_kmh=24.058968058968006, age_s=0.0}"
407.0,POWER,160,NEUTRAL,OK,power_present,{age_s=0.0}
407.0,HR,130,NEUTRAL,OK,hr_present,{age_s=0.0}
407.0,CADENCE,65,GREEN,OK,preferred_low_cadence_band,{age_s=0.0}
407.0,GRADE,0,NEUTRAL,OK,flat_deadband,"{grade_raw=0.0, grade_display=0.0}"
407.0,GEAR,WAIT,GRAY,NO_DATA,missing_gear,{}
408.0,SPEED,24.0,NEUTRAL,OK,near_reference,"{reference_kmh=24.058823529411715, age_s=0.0}"
408.0,POWER,160,NEUTRAL,OK,power_present,{age_s=0.0}
408.0,HR,130,NEUTRAL,OK,hr_present,{age_s=0.0}
408.0,CADENCE,65,GREEN,OK,preferred_low_cadence_band,{age_s=0.0}
408.0,GRADE,0,NEUTRAL,OK,flat_deadband,"{grade_raw=0.0, grade_display=0.0}"
408.0,GEAR,WAIT,GRAY,NO_DATA,missing_gear,{}
409.0,SPEED,24.0,NEUTRAL,OK,near_reference,"{reference_kmh=24.058679706601414, age_s=0.0}"
409.0,POWER,160,NEUTRAL,OK,power_present,{age_s=0.0}
409.0,HR,130,NEUTRAL,OK,hr_present,{age_s=0.0}
409.0,CADENCE,65,GREEN,OK,preferred_low_cadence_band,{age_s=0.0}
409.0,GRADE,0,NEUTRAL,OK,flat_deadband,"{grade_raw=0.0, grade_display=0.0}"
409.0,GEAR,WAIT,GRAY,NO_DATA,missing_gear,{}
410.0,SPEED,24.0,NEUTRAL,OK,near_reference,"{reference_kmh=24.058536585365797, age_s=0.0}"
410.0,POWER,160,NEUTRAL,OK,power_present,{age_s=0.0}
410.0,HR,130,NEUTRAL,OK,hr_present,{age_s=0.0}
410.0,CADENCE,65,GREEN,OK,preferred_low_cadence_band,{age_s=0.0}
410.0,GRADE,0,NEUTRAL,OK,flat_deadband,"{grade_raw=0.0, grade_display=0.0}"
410.0,GEAR,WAIT,GRAY,NO_DATA,missing_gear,{}
411.0,SPEED,24.0,NEUTRAL,OK,near_reference,"{reference_kmh=24.058394160583884, age_s=0.0}"
411.0,POWER,160,NEUTRAL,OK,power_present,{age_s=0.0}
411.0,HR,130,NEUTRAL,OK,hr_present,{age_s=0.0}
411.0,CADENCE,65,GREEN,OK,preferred_low_cadence_band,{age_s=0.0}
411.0,GRADE,0,NEUTRAL,OK,flat_deadband,"{grade_raw=0.0, grade_display=0.0}"
411.0,GEAR,WAIT,GRAY,NO_DATA,missing_gear,{}
412.0,SPEED,24.0,NEUTRAL,OK,near_reference,"{reference_kmh=24.058252427184406, age_s=0.0}"
412.0,POWER,160,NEUTRAL,OK,power_present,{age_s=0.0}
412.0,HR,130,NEUTRAL,OK,hr_present,{age_s=0.0}
412.0,CADENCE,65,GREEN,OK,preferred_low_cadence_band,{age_s=0.0}
412.0,GRADE,0,NEUTRAL,OK,flat_deadband,"{grade_raw=0.0, grade_display=0.0}"
412.0,GEAR,WAIT,GRAY,NO_DATA,missing_gear,{}
413.0,SPEED,24.0,NEUTRAL,OK,near_reference,"{reference_kmh=24.058111380145217, age_s=0.0}"
413.0,POWER,160,NEUTRAL,OK,power_present,{age_s=0.0}
413.0,HR,130,NEUTRAL,OK,hr_present,{age_s=0.0}
413.0,CADENCE,65,GREEN,OK,preferred_low_cadence_band,{age_s=0.0}
413.0,GRADE,0,NEUTRAL,OK,flat_deadband,"{grade_raw=0.0, grade_display=0.0}"
413.0,GEAR,WAIT,GRAY,NO_DATA,missing_gear,{}
414.0,SPEED,24.0,NEUTRAL,OK,near_reference,"{reference_kmh=24.05797101449269, age_s=0.0}"
414.0,POWER,160,NEUTRAL,OK,power_present,{age_s=0.0}
414.0,HR,130,NEUTRAL,OK,hr_present,{age_s=0.0}
414.0,CADENCE,65,GREEN,OK,preferred_low_cadence_band,{age_s=0.0}
414.0,GRADE,0,NEUTRAL,OK,flat_deadband,"{grade_raw=0.0, grade_display=0.0}"
414.0,GEAR,WAIT,GRAY,NO_DATA,missing_gear,{}
415.0,SPEED,24.0,NEUTRAL,OK,near_reference,"{reference_kmh=24.05783132530114, age_s=0.0}"
415.0,POWER,160,NEUTRAL,OK,power_present,{age_s=0.0}
415.0,HR,130,NEUTRAL,OK,hr_present,{age_s=0.0}
415.0,CADENCE,65,GREEN,OK,preferred_low_cadence_band,{age_s=0.0}
415.0,GRADE,0,NEUTRAL,OK,flat_deadband,"{grade_raw=0.0, grade_display=0.0}"
415.0,GEAR,WAIT,GRAY,NO_DATA,missing_gear,{}
416.0,SPEED,24.0,NEUTRAL,OK,near_reference,"{reference_kmh=24.057692307692246, age_s=0.0}"
416.0,POWER,160,NEUTRAL,OK,power_present,{age_s=0.0}
416.0,HR,130,NEUTRAL,OK,hr_present,{age_s=0.0}
416.0,CADENCE,65,GREEN,OK,preferred_low_cadence_band,{age_s=0.0}
416.0,GRADE,0,NEUTRAL,OK,flat_deadband,"{grade_raw=0.0, grade_display=0.0}"
416.0,GEAR,WAIT,GRAY,NO_DATA,missing_gear,{}
417.0,SPEED,24.0,NEUTRAL,OK,near_reference,"{reference_kmh=24.057553956834468, age_s=0.0}"
417.0,POWER,160,NEUTRAL,OK,power_present,{age_s=0.0}
417.0,HR,130,NEUTRAL,OK,hr_present,{age_s=0.0}
417.0,CADENCE,65,GREEN,OK,preferred_low_cadence_band,{age_s=0.0}
417.0,GRADE,0,NEUTRAL,OK,flat_deadband,"{grade_raw=0.0, grade_display=0.0}"
417.0,GEAR,WAIT,GRAY,NO_DATA,missing_gear,{}
418.0,SPEED,24.0,NEUTRAL,OK,near_reference,"{reference_kmh=24.05741626794252, age_s=0.0}"
418.0,POWER,160,NEUTRAL,OK,power_present,{age_s=0.0}
418.0,HR,130,NEUTRAL,OK,hr_present,{age_s=0.0}
418.0,CADENCE,65,GREEN,OK,preferred_low_cadence_band,{age_s=0.0}
418.0,GRADE,0,NEUTRAL,OK,flat_deadband,"{grade_raw=0.0, grade_display=0.0}"
418.0,GEAR,WAIT,GRAY,NO_DATA,missing_gear,{}
419.0,SPEED,24.0,NEUTRAL,OK,near_reference,"{reference_kmh=24.057279236276784, age_s=0.0}"
419.0,POWER,160,NEUTRAL,OK,power_present,{age_s=0.0}
419.0,HR,130,NEUTRAL,OK,hr_present,{age_s=0.0}
419.0,CADENCE,65,GREEN,OK,preferred_low_cadence_band,{age_s=0.0}
419.0,GRADE,0,NEUTRAL,OK,flat_deadband,"{grade_raw=0.0, grade_display=0.0}"
419.0,GEAR,WAIT,GRAY,NO_DATA,missing_gear,{}
420.0,SPEED,24.0,NEUTRAL,OK,near_reference,"{reference_kmh=24.05714285714279, age_s=0.0}"
420.0,POWER,160,NEUTRAL,OK,power_present,{age_s=0.0}
420.0,HR,130,NEUTRAL,OK,hr_present,{age_s=0.0}
420.0,CADENCE,65,GREEN,OK,preferred_low_cadence_band,{age_s=0.0}
420.0,GRADE,0,NEUTRAL,OK,flat_deadband,"{grade_raw=0.0, grade_display=0.0}"
420.0,GEAR,WAIT,GRAY,NO_DATA,missing_gear,{}
421.0,SPEED,24.0,NEUTRAL,OK,near_reference,"{reference_kmh=24.057007125890667, age_s=0.0}"
421.0,POWER,160,NEUTRAL,OK,power_present,{age_s=0.0}
421.0,HR,130,NEUTRAL,OK,hr_present,{age_s=0.0}
421.0,CADENCE,65,GREEN,OK,preferred_low_cadence_band,{age_s=0.0}
421.0,GRADE,0,NEUTRAL,OK,flat_deadband,"{grade_raw=0.0, grade_display=0.0}"
421.0,GEAR,WAIT,GRAY,NO_DATA,missing_gear,{}
422.0,SPEED,24.0,NEUTRAL,OK,near_reference,"{reference_kmh=24.056872037914623, age_s=0.0}"
422.0,POWER,160,NEUTRAL,OK,power_present,{age_s=0.0}
422.0,HR,130,NEUTRAL,OK,hr_present,{age_s=0.0}
422.0,CADENCE,65,GREEN,OK,preferred_low_cadence_band,{age_s=0.0}
422.0,GRADE,0,NEUTRAL,OK,flat_deadband,"{grade_raw=0.0, grade_display=0.0}"
422.0,GEAR,WAIT,GRAY,NO_DATA,missing_gear,{}
423.0,SPEED,24.0,NEUTRAL,OK,near_reference,"{reference_kmh=24.05673758865241, age_s=0.0}"
423.0,POWER,160,NEUTRAL,OK,power_present,{age_s=0.0}
423.0,HR,130,NEUTRAL,OK,hr_present,{age_s=0.0}
423.0,CADENCE,65,GREEN,OK,preferred_low_cadence_band,{age_s=0.0}
423.0,GRADE,0,NEUTRAL,OK,flat_deadband,"{grade_raw=0.0, grade_display=0.0}"
423.0,GEAR,WAIT,GRAY,NO_DATA,missing_gear,{}
424.0,SPEED,24.0,NEUTRAL,OK,near_reference,"{reference_kmh=24.056603773584836, age_s=0.0}"
424.0,POWER,160,NEUTRAL,OK,power_present,{age_s=0.0}
424.0,HR,130,NEUTRAL,OK,hr_present,{age_s=0.0}
424.0,CADENCE,65,GREEN,OK,preferred_low_cadence_band,{age_s=0.0}
424.0,GRADE,0,NEUTRAL,OK,flat_deadband,"{grade_raw=0.0, grade_display=0.0}"
424.0,GEAR,WAIT,GRAY,NO_DATA,missing_gear,{}
425.0,SPEED,24.0,NEUTRAL,OK,near_reference,"{reference_kmh=24.05647058823522, age_s=0.0}"
425.0,POWER,160,NEUTRAL,OK,power_present,{age_s=0.0}
425.0,HR,130,NEUTRAL,OK,hr_present,{age_s=0.0}
425.0,CADENCE,65,GREEN,OK,preferred_low_cadence_band,{age_s=0.0}
425.0,GRADE,0,NEUTRAL,OK,flat_deadband,"{grade_raw=0.0, grade_display=0.0}"
425.0,GEAR,WAIT,GRAY,NO_DATA,missing_gear,{}
426.0,SPEED,24.0,NEUTRAL,OK,near_reference,"{reference_kmh=24.056338028168938, age_s=0.0}"
426.0,POWER,160,NEUTRAL,OK,power_present,{age_s=0.0}
426.0,HR,130,NEUTRAL,OK,hr_present,{age_s=0.0}
426.0,CADENCE,65,GREEN,OK,preferred_low_cadence_band,{age_s=0.0}
426.0,GRADE,0,NEUTRAL,OK,flat_deadband,"{grade_raw=0.0, grade_display=0.0}"
426.0,GEAR,WAIT,GRAY,NO_DATA,missing_gear,{}
427.0,SPEED,24.0,NEUTRAL,OK,near_reference,"{reference_kmh=24.056206088992898, age_s=0.0}"
427.0,POWER,160,NEUTRAL,OK,power_present,{age_s=0.0}
427.0,HR,130,NEUTRAL,OK,hr_present,{age_s=0.0}
427.0,CADENCE,65,GREEN,OK,preferred_low_cadence_band,{age_s=0.0}
427.0,GRADE,0,NEUTRAL,OK,flat_deadband,"{grade_raw=0.0, grade_display=0.0}"
427.0,GEAR,WAIT,GRAY,NO_DATA,missing_gear,{}
428.0,SPEED,24.0,NEUTRAL,OK,near_reference,"{reference_kmh=24.056074766355064, age_s=0.0}"
428.0,POWER,160,NEUTRAL,OK,power_present,{age_s=0.0}
428.0,HR,130,NEUTRAL,OK,hr_present,{age_s=0.0}
428.0,CADENCE,65,GREEN,OK,preferred_low_cadence_band,{age_s=0.0}
428.0,GRADE,0,NEUTRAL,OK,flat_deadband,"{grade_raw=0.0, grade_display=0.0}"
428.0,GEAR,WAIT,GRAY,NO_DATA,missing_gear,{}
429.0,SPEED,24.0,NEUTRAL,OK,near_reference,"{reference_kmh=24.05594405594398, age_s=0.0}"
429.0,POWER,160,NEUTRAL,OK,power_present,{age_s=0.0}
429.0,HR,130,NEUTRAL,OK,hr_present,{age_s=0.0}
429.0,CADENCE,65,GREEN,OK,preferred_low_cadence_band,{age_s=0.0}
429.0,GRADE,0,NEUTRAL,OK,flat_deadband,"{grade_raw=0.0, grade_display=0.0}"
429.0,GEAR,WAIT,GRAY,NO_DATA,missing_gear,{}
430.0,SPEED,24.0,NEUTRAL,OK,near_reference,"{reference_kmh=24.05581395348829, age_s=0.0}"
430.0,POWER,160,NEUTRAL,OK,power_present,{age_s=0.0}
430.0,HR,130,NEUTRAL,OK,hr_present,{age_s=0.0}
430.0,CADENCE,65,GREEN,OK,preferred_low_cadence_band,{age_s=0.0}
430.0,GRADE,0,NEUTRAL,OK,flat_deadband,"{grade_raw=0.0, grade_display=0.0}"
430.0,GEAR,WAIT,GRAY,NO_DATA,missing_gear,{}
431.0,SPEED,24.0,NEUTRAL,OK,near_reference,"{reference_kmh=24.055684454756303, age_s=0.0}"
431.0,POWER,160,NEUTRAL,OK,power_present,{age_s=0.0}
431.0,HR,130,NEUTRAL,OK,hr_present,{age_s=0.0}
431.0,CADENCE,65,GREEN,OK,preferred_low_cadence_band,{age_s=0.0}
431.0,GRADE,0,NEUTRAL,OK,flat_deadband,"{grade_raw=0.0, grade_display=0.0}"
431.0,GEAR,WAIT,GRAY,NO_DATA,missing_gear,{}
432.0,SPEED,24.0,NEUTRAL,OK,near_reference,"{reference_kmh=24.055555555555475, age_s=0.0}"
432.0,POWER,160,NEUTRAL,OK,power_present,{age_s=0.0}
432.0,HR,130,NEUTRAL,OK,hr_present,{age_s=0.0}
432.0,CADENCE,65,GREEN,OK,preferred_low_cadence_band,{age_s=0.0}
432.0,GRADE,0,NEUTRAL,OK,flat_deadband,"{grade_raw=0.0, grade_display=0.0}"
432.0,GEAR,WAIT,GRAY,NO_DATA,missing_gear,{}
433.0,SPEED,24.0,NEUTRAL,OK,near_reference,"{reference_kmh=24.05542725173202, age_s=0.0}"
433.0,POWER,160,NEUTRAL,OK,power_present,{age_s=0.0}
433.0,HR,130,NEUTRAL,OK,hr_present,{age_s=0.0}
433.0,CADENCE,65,GREEN,OK,preferred_low_cadence_band,{age_s=0.0}
433.0,GRADE,0,NEUTRAL,OK,flat_deadband,"{grade_raw=0.0, grade_display=0.0}"
433.0,GEAR,WAIT,GRAY,NO_DATA,missing_gear,{}
434.0,SPEED,24.0,NEUTRAL,OK,near_reference,"{reference_kmh=24.055299539170424, age_s=0.0}"
434.0,POWER,160,NEUTRAL,OK,power_present,{age_s=0.0}
434.0,HR,130,NEUTRAL,OK,hr_present,{age_s=0.0}
434.0,CADENCE,65,GREEN,OK,preferred_low_cadence_band,{age_s=0.0}
434.0,GRADE,0,NEUTRAL,OK,flat_deadband,"{grade_raw=0.0, grade_display=0.0}"
434.0,GEAR,WAIT,GRAY,NO_DATA,missing_gear,{}
435.0,SPEED,24.0,NEUTRAL,OK,near_reference,"{reference_kmh=24.05517241379302, age_s=0.0}"
435.0,POWER,160,NEUTRAL,OK,power_present,{age_s=0.0}
435.0,HR,130,NEUTRAL,OK,hr_present,{age_s=0.0}
435.0,CADENCE,65,GREEN,OK,preferred_low_cadence_band,{age_s=0.0}
435.0,GRADE,0,NEUTRAL,OK,flat_deadband,"{grade_raw=0.0, grade_display=0.0}"
435.0,GEAR,WAIT,GRAY,NO_DATA,missing_gear,{}
436.0,SPEED,24.0,NEUTRAL,OK,near_reference,"{reference_kmh=24.055045871559546, age_s=0.0}"
436.0,POWER,160,NEUTRAL,OK,power_present,{age_s=0.0}
436.0,HR,130,NEUTRAL,OK,hr_present,{age_s=0.0}
436.0,CADENCE,65,GREEN,OK,preferred_low_cadence_band,{age_s=0.0}
436.0,GRADE,0,NEUTRAL,OK,flat_deadband,"{grade_raw=0.0, grade_display=0.0}"
436.0,GEAR,WAIT,GRAY,NO_DATA,missing_gear,{}
437.0,SPEED,24.0,NEUTRAL,OK,near_reference,"{reference_kmh=24.054919908466733, age_s=0.0}"
437.0,POWER,160,NEUTRAL,OK,power_present,{age_s=0.0}
437.0,HR,130,NEUTRAL,OK,hr_present,{age_s=0.0}
437.0,CADENCE,65,GREEN,OK,preferred_low_cadence_band,{age_s=0.0}
437.0,GRADE,0,NEUTRAL,OK,flat_deadband,"{grade_raw=0.0, grade_display=0.0}"
437.0,GEAR,WAIT,GRAY,NO_DATA,missing_gear,{}
438.0,SPEED,24.0,NEUTRAL,OK,near_reference,"{reference_kmh=24.05479452054786, age_s=0.0}"
438.0,POWER,160,NEUTRAL,OK,power_present,{age_s=0.0}
438.0,HR,130,NEUTRAL,OK,hr_present,{age_s=0.0}
438.0,CADENCE,65,GREEN,OK,preferred_low_cadence_band,{age_s=0.0}
438.0,GRADE,0,NEUTRAL,OK,flat_deadband,"{grade_raw=0.0, grade_display=0.0}"
438.0,GEAR,WAIT,GRAY,NO_DATA,missing_gear,{}
439.0,SPEED,24.0,NEUTRAL,OK,near_reference,"{reference_kmh=24.05466970387235, age_s=0.0}"
439.0,POWER,160,NEUTRAL,OK,power_present,{age_s=0.0}
439.0,HR,130,NEUTRAL,OK,hr_present,{age_s=0.0}
439.0,CADENCE,65,GREEN,OK,preferred_low_cadence_band,{age_s=0.0}
439.0,GRADE,0,NEUTRAL,OK,flat_deadband,"{grade_raw=0.0, grade_display=0.0}"
439.0,GEAR,WAIT,GRAY,NO_DATA,missing_gear,{}
440.0,SPEED,24.0,NEUTRAL,OK,near_reference,"{reference_kmh=24.05454545454537, age_s=0.0}"
440.0,POWER,160,NEUTRAL,OK,power_present,{age_s=0.0}
440.0,HR,130,NEUTRAL,OK,hr_present,{age_s=0.0}
440.0,CADENCE,65,GREEN,OK,preferred_low_cadence_band,{age_s=0.0}
440.0,GRADE,0,NEUTRAL,OK,flat_deadband,"{grade_raw=0.0, grade_display=0.0}"
440.0,GEAR,WAIT,GRAY,NO_DATA,missing_gear,{}
441.0,SPEED,24.0,NEUTRAL,OK,near_reference,"{reference_kmh=24.054421768707392, age_s=0.0}"
441.0,POWER,160,NEUTRAL,OK,power_present,{age_s=0.0}
441.0,HR,130,NEUTRAL,OK,hr_present,{age_s=0.0}
441.0,CADENCE,65,GREEN,OK,preferred_low_cadence_band,{age_s=0.0}
441.0,GRADE,0,NEUTRAL,OK,flat_deadband,"{grade_raw=0.0, grade_display=0.0}"
441.0,GEAR,WAIT,GRAY,NO_DATA,missing_gear,{}
442.0,SPEED,24.0,NEUTRAL,OK,near_reference,"{reference_kmh=24.054298642533844, age_s=0.0}"
442.0,POWER,160,NEUTRAL,OK,power_present,{age_s=0.0}
442.0,HR,130,NEUTRAL,OK,hr_present,{age_s=0.0}
442.0,CADENCE,65,GREEN,OK,preferred_low_cadence_band,{age_s=0.0}
442.0,GRADE,0,NEUTRAL,OK,flat_deadband,"{grade_raw=0.0, grade_display=0.0}"
442.0,GEAR,WAIT,GRAY,NO_DATA,missing_gear,{}
443.0,SPEED,24.0,NEUTRAL,OK,near_reference,"{reference_kmh=24.054176072234668, age_s=0.0}"
443.0,POWER,160,NEUTRAL,OK,power_present,{age_s=0.0}
443.0,HR,130,NEUTRAL,OK,hr_present,{age_s=0.0}
443.0,CADENCE,65,GREEN,OK,preferred_low_cadence_band,{age_s=0.0}
443.0,GRADE,0,NEUTRAL,OK,flat_deadband,"{grade_raw=0.0, grade_display=0.0}"
443.0,GEAR,WAIT,GRAY,NO_DATA,missing_gear,{}
444.0,SPEED,24.0,NEUTRAL,OK,near_reference,"{reference_kmh=24.05405405405396, age_s=0.0}"
444.0,POWER,160,NEUTRAL,OK,power_present,{age_s=0.0}
444.0,HR,130,NEUTRAL,OK,hr_present,{age_s=0.0}
444.0,CADENCE,65,GREEN,OK,preferred_low_cadence_band,{age_s=0.0}
444.0,GRADE,0,NEUTRAL,OK,flat_deadband,"{grade_raw=0.0, grade_display=0.0}"
444.0,GEAR,WAIT,GRAY,NO_DATA,missing_gear,{}
445.0,SPEED,24.0,NEUTRAL,OK,near_reference,"{reference_kmh=24.053932584269567, age_s=0.0}"
445.0,POWER,160,NEUTRAL,OK,power_present,{age_s=0.0}
445.0,HR,130,NEUTRAL,OK,hr_present,{age_s=0.0}
445.0,CADENCE,65,GREEN,OK,preferred_low_cadence_band,{age_s=0.0}
445.0,GRADE,0,NEUTRAL,OK,flat_deadband,"{grade_raw=0.0, grade_display=0.0}"
445.0,GEAR,WAIT,GRAY,NO_DATA,missing_gear,{}
446.0,SPEED,24.0,NEUTRAL,OK,near_reference,"{reference_kmh=24.05381165919273, age_s=0.0}"
446.0,POWER,160,NEUTRAL,OK,power_present,{age_s=0.0}
446.0,HR,130,NEUTRAL,OK,hr_present,{age_s=0.0}
446.0,CADENCE,65,GREEN,OK,preferred_low_cadence_band,{age_s=0.0}
446.0,GRADE,0,NEUTRAL,OK,flat_deadband,"{grade_raw=0.0, grade_display=0.0}"
446.0,GEAR,WAIT,GRAY,NO_DATA,missing_gear,{}
447.0,SPEED,24.0,NEUTRAL,OK,near_reference,"{reference_kmh=24.05369127516769, age_s=0.0}"
447.0,POWER,160,NEUTRAL,OK,power_present,{age_s=0.0}
447.0,HR,130,NEUTRAL,OK,hr_present,{age_s=0.0}
447.0,CADENCE,65,GREEN,OK,preferred_low_cadence_band,{age_s=0.0}
447.0,GRADE,0,NEUTRAL,OK,flat_deadband,"{grade_raw=0.0, grade_display=0.0}"
447.0,GEAR,WAIT,GRAY,NO_DATA,missing_gear,{}
448.0,SPEED,24.0,NEUTRAL,OK,near_reference,"{reference_kmh=24.05357142857133, age_s=0.0}"
448.0,POWER,160,NEUTRAL,OK,power_present,{age_s=0.0}
448.0,HR,130,NEUTRAL,OK,hr_present,{age_s=0.0}
448.0,CADENCE,65,GREEN,OK,preferred_low_cadence_band,{age_s=0.0}
448.0,GRADE,0,NEUTRAL,OK,flat_deadband,"{grade_raw=0.0, grade_display=0.0}"
448.0,GEAR,WAIT,GRAY,NO_DATA,missing_gear,{}
449.0,SPEED,24.0,NEUTRAL,OK,near_reference,"{reference_kmh=24.053452115812817, age_s=0.0}"
449.0,POWER,160,NEUTRAL,OK,power_present,{age_s=0.0}
449.0,HR,130,NEUTRAL,OK,hr_present,{age_s=0.0}
449.0,CADENCE,65,GREEN,OK,preferred_low_cadence_band,{age_s=0.0}
449.0,GRADE,0,NEUTRAL,OK,flat_deadband,"{grade_raw=0.0, grade_display=0.0}"
449.0,GEAR,WAIT,GRAY,NO_DATA,missing_gear,{}
450.0,SPEED,24.0,NEUTRAL,OK,near_reference,"{reference_kmh=24.053333333333235, age_s=0.0}"
450.0,POWER,160,NEUTRAL,OK,power_present,{age_s=0.0}
450.0,HR,130,NEUTRAL,OK,hr_present,{age_s=0.0}
450.0,CADENCE,65,GREEN,OK,preferred_low_cadence_band,{age_s=0.0}
450.0,GRADE,0,NEUTRAL,OK,flat_deadband,"{grade_raw=0.0, grade_display=0.0}"
450.0,GEAR,WAIT,GRAY,NO_DATA,missing_gear,{}
451.0,SPEED,24.0,NEUTRAL,OK,near_reference,"{reference_kmh=24.053215077605223, age_s=0.0}"
451.0,POWER,160,NEUTRAL,OK,power_present,{age_s=0.0}
451.0,HR,130,NEUTRAL,OK,hr_present,{age_s=0.0}
451.0,CADENCE,65,GREEN,OK,preferred_low_cadence_band,{age_s=0.0}
451.0,GRADE,0,NEUTRAL,OK,flat_deadband,"{grade_raw=0.0, grade_display=0.0}"
451.0,GEAR,WAIT,GRAY,NO_DATA,missing_gear,{}
452.0,SPEED,24.0,NEUTRAL,OK,near_reference,"{reference_kmh=24.05309734513264, age_s=0.0}"
452.0,POWER,160,NEUTRAL,OK,power_present,{age_s=0.0}
452.0,HR,130,NEUTRAL,OK,hr_present,{age_s=0.0}
452.0,CADENCE,65,GREEN,OK,preferred_low_cadence_band,{age_s=0.0}
452.0,GRADE,0,NEUTRAL,OK,flat_deadband,"{grade_raw=0.0, grade_display=0.0}"
452.0,GEAR,WAIT,GRAY,NO_DATA,missing_gear,{}
453.0,SPEED,24.0,NEUTRAL,OK,near_reference,"{reference_kmh=24.05298013245023, age_s=0.0}"
453.0,POWER,160,NEUTRAL,OK,power_present,{age_s=0.0}
453.0,HR,130,NEUTRAL,OK,hr_present,{age_s=0.0}
453.0,CADENCE,65,GREEN,OK,preferred_low_cadence_band,{age_s=0.0}
453.0,GRADE,0,NEUTRAL,OK,flat_deadband,"{grade_raw=0.0, grade_display=0.0}"
453.0,GEAR,WAIT,GRAY,NO_DATA,missing_gear,{}
454.0,SPEED,24.0,NEUTRAL,OK,near_reference,"{reference_kmh=24.052863436123243, age_s=0.0}"
454.0,POWER,160,NEUTRAL,OK,power_present,{age_s=0.0}
454.0,HR,130,NEUTRAL,OK,hr_present,{age_s=0.0}
454.0,CADENCE,65,GREEN,OK,preferred_low_cadence_band,{age_s=0.0}
454.0,GRADE,0,NEUTRAL,OK,flat_deadband,"{grade_raw=0.0, grade_display=0.0}"
454.0,GEAR,WAIT,GRAY,NO_DATA,missing_gear,{}
455.0,SPEED,24.0,NEUTRAL,OK,near_reference,"{reference_kmh=24.05274725274715, age_s=0.0}"
455.0,POWER,160,NEUTRAL,OK,power_present,{age_s=0.0}
455.0,HR,130,NEUTRAL,OK,hr_present,{age_s=0.0}
455.0,CADENCE,65,GREEN,OK,preferred_low_cadence_band,{age_s=0.0}
455.0,GRADE,0,NEUTRAL,OK,flat_deadband,"{grade_raw=0.0, grade_display=0.0}"
455.0,GEAR,WAIT,GRAY,NO_DATA,missing_gear,{}
456.0,SPEED,24.0,NEUTRAL,OK,near_reference,"{reference_kmh=24.052631578947263, age_s=0.0}"
456.0,POWER,160,NEUTRAL,OK,power_present,{age_s=0.0}
456.0,HR,130,NEUTRAL,OK,hr_present,{age_s=0.0}
456.0,CADENCE,65,GREEN,OK,preferred_low_cadence_band,{age_s=0.0}
456.0,GRADE,0,NEUTRAL,OK,flat_deadband,"{grade_raw=0.0, grade_display=0.0}"
456.0,GEAR,WAIT,GRAY,NO_DATA,missing_gear,{}
457.0,SPEED,24.0,NEUTRAL,OK,near_reference,"{reference_kmh=24.052516411378452, age_s=0.0}"
457.0,POWER,160,NEUTRAL,OK,power_present,{age_s=0.0}
457.0,HR,130,NEUTRAL,OK,hr_present,{age_s=0.0}
457.0,CADENCE,65,GREEN,OK,preferred_low_cadence_band,{age_s=0.0}
457.0,GRADE,0,NEUTRAL,OK,flat_deadband,"{grade_raw=0.0, grade_display=0.0}"
457.0,GEAR,WAIT,GRAY,NO_DATA,missing_gear,{}
458.0,SPEED,24.0,NEUTRAL,OK,near_reference,"{reference_kmh=24.052401746724787, age_s=0.0}"
458.0,POWER,160,NEUTRAL,OK,power_present,{age_s=0.0}
458.0,HR,130,NEUTRAL,OK,hr_present,{age_s=0.0}
458.0,CADENCE,65,GREEN,OK,preferred_low_cadence_band,{age_s=0.0}
458.0,GRADE,0,NEUTRAL,OK,flat_deadband,"{grade_raw=0.0, grade_display=0.0}"
458.0,GEAR,WAIT,GRAY,NO_DATA,missing_gear,{}
459.0,SPEED,24.0,NEUTRAL,OK,near_reference,"{reference_kmh=24.052287581699236, age_s=0.0}"
459.0,POWER,160,NEUTRAL,OK,power_present,{age_s=0.0}
459.0,HR,130,NEUTRAL,OK,hr_present,{age_s=0.0}
459.0,CADENCE,65,GREEN,OK,preferred_low_cadence_band,{age_s=0.0}
459.0,GRADE,0,NEUTRAL,OK,flat_deadband,"{grade_raw=0.0, grade_display=0.0}"
459.0,GEAR,WAIT,GRAY,NO_DATA,missing_gear,{}
460.0,SPEED,24.0,NEUTRAL,OK,near_reference,"{reference_kmh=24.052173913043372, age_s=0.0}"
460.0,POWER,160,NEUTRAL,OK,power_present,{age_s=0.0}
460.0,HR,130,NEUTRAL,OK,hr_present,{age_s=0.0}
460.0,CADENCE,65,GREEN,OK,preferred_low_cadence_band,{age_s=0.0}
460.0,GRADE,0,NEUTRAL,OK,flat_deadband,"{grade_raw=0.0, grade_display=0.0}"
460.0,GEAR,WAIT,GRAY,NO_DATA,missing_gear,{}
461.0,SPEED,24.0,NEUTRAL,OK,near_reference,"{reference_kmh=24.052060737527004, age_s=0.0}"
461.0,POWER,160,NEUTRAL,OK,power_present,{age_s=0.0}
461.0,HR,130,NEUTRAL,OK,hr_present,{age_s=0.0}
461.0,CADENCE,65,GREEN,OK,preferred_low_cadence_band,{age_s=0.0}
461.0,GRADE,0,NEUTRAL,OK,flat_deadband,"{grade_raw=0.0, grade_display=0.0}"
461.0,GEAR,WAIT,GRAY,NO_DATA,missing_gear,{}
462.0,SPEED,24.0,NEUTRAL,OK,near_reference,"{reference_kmh=24.051948051947942, age_s=0.0}"
462.0,POWER,160,NEUTRAL,OK,power_present,{age_s=0.0}
462.0,HR,130,NEUTRAL,OK,hr_present,{age_s=0.0}
462.0,CADENCE,65,GREEN,OK,preferred_low_cadence_band,{age_s=0.0}
462.0,GRADE,0,NEUTRAL,OK,flat_deadband,"{grade_raw=0.0, grade_display=0.0}"
462.0,GEAR,WAIT,GRAY,NO_DATA,missing_gear,{}
463.0,SPEED,24.0,NEUTRAL,OK,near_reference,"{reference_kmh=24.051835853131635, age_s=0.0}"
463.0,POWER,160,NEUTRAL,OK,power_present,{age_s=0.0}
463.0,HR,130,NEUTRAL,OK,hr_present,{age_s=0.0}
463.0,CADENCE,65,GREEN,OK,preferred_low_cadence_band,{age_s=0.0}
463.0,GRADE,0,NEUTRAL,OK,flat_deadband,"{grade_raw=0.0, grade_display=0.0}"
463.0,GEAR,WAIT,GRAY,NO_DATA,missing_gear,{}
464.0,SPEED,24.0,NEUTRAL,OK,near_reference,"{reference_kmh=24.051724137930922, age_s=0.0}"
464.0,POWER,160,NEUTRAL,OK,power_present,{age_s=0.0}
464.0,HR,130,NEUTRAL,OK,hr_present,{age_s=0.0}
464.0,CADENCE,65,GREEN,OK,preferred_low_cadence_band,{age_s=0.0}
464.0,GRADE,0,NEUTRAL,OK,flat_deadband,"{grade_raw=0.0, grade_display=0.0}"
464.0,GEAR,WAIT,GRAY,NO_DATA,missing_gear,{}
465.0,SPEED,24.0,NEUTRAL,OK,near_reference,"{reference_kmh=24.05161290322569, age_s=0.0}"
465.0,POWER,160,NEUTRAL,OK,power_present,{age_s=0.0}
465.0,HR,130,NEUTRAL,OK,hr_present,{age_s=0.0}
465.0,CADENCE,65,GREEN,OK,preferred_low_cadence_band,{age_s=0.0}
465.0,GRADE,0,NEUTRAL,OK,flat_deadband,"{grade_raw=0.0, grade_display=0.0}"
465.0,GEAR,WAIT,GRAY,NO_DATA,missing_gear,{}
466.0,SPEED,24.0,NEUTRAL,OK,near_reference,"{reference_kmh=24.051502145922633, age_s=0.0}"
466.0,POWER,160,NEUTRAL,OK,power_present,{age_s=0.0}
466.0,HR,130,NEUTRAL,OK,hr_present,{age_s=0.0}
466.0,CADENCE,65,GREEN,OK,preferred_low_cadence_band,{age_s=0.0}
466.0,GRADE,0,NEUTRAL,OK,flat_deadband,"{grade_raw=0.0, grade_display=0.0}"
466.0,GEAR,WAIT,GRAY,NO_DATA,missing_gear,{}
467.0,SPEED,24.0,NEUTRAL,OK,near_reference,"{reference_kmh=24.05139186295492, age_s=0.0}"
467.0,POWER,160,NEUTRAL,OK,power_present,{age_s=0.0}
467.0,HR,130,NEUTRAL,OK,hr_present,{age_s=0.0}
467.0,CADENCE,65,GREEN,OK,preferred_low_cadence_band,{age_s=0.0}
467.0,GRADE,0,NEUTRAL,OK,flat_deadband,"{grade_raw=0.0, grade_display=0.0}"
467.0,GEAR,WAIT,GRAY,NO_DATA,missing_gear,{}
468.0,SPEED,24.0,NEUTRAL,OK,near_reference,"{reference_kmh=24.051282051281934, age_s=0.0}"
468.0,POWER,160,NEUTRAL,OK,power_present,{age_s=0.0}
468.0,HR,130,NEUTRAL,OK,hr_present,{age_s=0.0}
468.0,CADENCE,65,GREEN,OK,preferred_low_cadence_band,{age_s=0.0}
468.0,GRADE,0,NEUTRAL,OK,flat_deadband,"{grade_raw=0.0, grade_display=0.0}"
468.0,GEAR,WAIT,GRAY,NO_DATA,missing_gear,{}
469.0,SPEED,24.0,NEUTRAL,OK,near_reference,"{reference_kmh=24.051172707889013, age_s=0.0}"
469.0,POWER,160,NEUTRAL,OK,power_present,{age_s=0.0}
469.0,HR,130,NEUTRAL,OK,hr_present,{age_s=0.0}
469.0,CADENCE,65,GREEN,OK,preferred_low_cadence_band,{age_s=0.0}
469.0,GRADE,0,NEUTRAL,OK,flat_deadband,"{grade_raw=0.0, grade_display=0.0}"
469.0,GEAR,WAIT,GRAY,NO_DATA,missing_gear,{}
470.0,SPEED,24.0,NEUTRAL,OK,near_reference,"{reference_kmh=24.051063829787115, age_s=0.0}"
470.0,POWER,160,NEUTRAL,OK,power_present,{age_s=0.0}
470.0,HR,130,NEUTRAL,OK,hr_present,{age_s=0.0}
470.0,CADENCE,65,GREEN,OK,preferred_low_cadence_band,{age_s=0.0}
470.0,GRADE,0,NEUTRAL,OK,flat_deadband,"{grade_raw=0.0, grade_display=0.0}"
470.0,GEAR,WAIT,GRAY,NO_DATA,missing_gear,{}
471.0,SPEED,24.0,NEUTRAL,OK,near_reference,"{reference_kmh=24.05095541401262, age_s=0.0}"
471.0,POWER,160,NEUTRAL,OK,power_present,{age_s=0.0}
471.0,HR,130,NEUTRAL,OK,hr_present,{age_s=0.0}
471.0,CADENCE,65,GREEN,OK,preferred_low_cadence_band,{age_s=0.0}
471.0,GRADE,0,NEUTRAL,OK,flat_deadband,"{grade_raw=0.0, grade_display=0.0}"
471.0,GEAR,WAIT,GRAY,NO_DATA,missing_gear,{}
472.0,SPEED,24.0,NEUTRAL,OK,near_reference,"{reference_kmh=24.050847457626997, age_s=0.0}"
472.0,POWER,160,NEUTRAL,OK,power_present,{age_s=0.0}
472.0,HR,130,NEUTRAL,OK,hr_present,{age_s=0.0}
472.0,CADENCE,65,GREEN,OK,preferred_low_cadence_band,{age_s=0.0}
472.0,GRADE,0,NEUTRAL,OK,flat_deadband,"{grade_raw=0.0, grade_display=0.0}"
472.0,GEAR,WAIT,GRAY,NO_DATA,missing_gear,{}
473.0,SPEED,24.0,NEUTRAL,OK,near_reference,"{reference_kmh=24.05073995771658, age_s=0.0}"
473.0,POWER,160,NEUTRAL,OK,power_present,{age_s=0.0}
473.0,HR,130,NEUTRAL,OK,hr_present,{age_s=0.0}
473.0,CADENCE,65,GREEN,OK,preferred_low_cadence_band,{age_s=0.0}
473.0,GRADE,0,NEUTRAL,OK,flat_deadband,"{grade_raw=0.0, grade_display=0.0}"
473.0,GEAR,WAIT,GRAY,NO_DATA,missing_gear,{}
474.0,SPEED,24.0,NEUTRAL,OK,near_reference,"{reference_kmh=24.050632911392285, age_s=0.0}"
474.0,POWER,160,NEUTRAL,OK,power_present,{age_s=0.0}
474.0,HR,130,NEUTRAL,OK,hr_present,{age_s=0.0}
474.0,CADENCE,65,GREEN,OK,preferred_low_cadence_band,{age_s=0.0}
474.0,GRADE,0,NEUTRAL,OK,flat_deadband,"{grade_raw=0.0, grade_display=0.0}"
474.0,GEAR,WAIT,GRAY,NO_DATA,missing_gear,{}
475.0,SPEED,24.0,NEUTRAL,OK,near_reference,"{reference_kmh=24.050526315789348, age_s=0.0}"
475.0,POWER,160,NEUTRAL,OK,power_present,{age_s=0.0}
475.0,HR,130,NEUTRAL,OK,hr_present,{age_s=0.0}
475.0,CADENCE,65,GREEN,OK,preferred_low_cadence_band,{age_s=0.0}
475.0,GRADE,0,NEUTRAL,OK,flat_deadband,"{grade_raw=0.0, grade_display=0.0}"
475.0,GEAR,WAIT,GRAY,NO_DATA,missing_gear,{}
476.0,SPEED,24.0,NEUTRAL,OK,near_reference,"{reference_kmh=24.050420168067106, age_s=0.0}"
476.0,POWER,160,NEUTRAL,OK,power_present,{age_s=0.0}
476.0,HR,130,NEUTRAL,OK,hr_present,{age_s=0.0}
476.0,CADENCE,65,GREEN,OK,preferred_low_cadence_band,{age_s=0.0}
476.0,GRADE,0,NEUTRAL,OK,flat_deadband,"{grade_raw=0.0, grade_display=0.0}"
476.0,GEAR,WAIT,GRAY,NO_DATA,missing_gear,{}
477.0,SPEED,24.0,NEUTRAL,OK,near_reference,"{reference_kmh=24.05031446540868, age_s=0.0}"
477.0,POWER,160,NEUTRAL,OK,power_present,{age_s=0.0}
477.0,HR,130,NEUTRAL,OK,hr_present,{age_s=0.0}
477.0,CADENCE,65,GREEN,OK,preferred_low_cadence_band,{age_s=0.0}
477.0,GRADE,0,NEUTRAL,OK,flat_deadband,"{grade_raw=0.0, grade_display=0.0}"
477.0,GEAR,WAIT,GRAY,NO_DATA,missing_gear,{}
478.0,SPEED,24.0,NEUTRAL,OK,near_reference,"{reference_kmh=24.050209205020796, age_s=0.0}"
478.0,POWER,160,NEUTRAL,OK,power_present,{age_s=0.0}
478.0,HR,130,NEUTRAL,OK,hr_present,{age_s=0.0}
478.0,CADENCE,65,GREEN,OK,preferred_low_cadence_band,{age_s=0.0}
478.0,GRADE,0,NEUTRAL,OK,flat_deadband,"{grade_raw=0.0, grade_display=0.0}"
478.0,GEAR,WAIT,GRAY,NO_DATA,missing_gear,{}
479.0,SPEED,24.0,NEUTRAL,OK,near_reference,"{reference_kmh=24.050104384133483, age_s=0.0}"
479.0,POWER,160,NEUTRAL,OK,power_present,{age_s=0.0}
479.0,HR,130,NEUTRAL,OK,hr_present,{age_s=0.0}
479.0,CADENCE,65,GREEN,OK,preferred_low_cadence_band,{age_s=0.0}
479.0,GRADE,0,NEUTRAL,OK,flat_deadband,"{grade_raw=0.0, grade_display=0.0}"
479.0,GEAR,WAIT,GRAY,NO_DATA,missing_gear,{}
480.0,SPEED,24.0,NEUTRAL,OK,near_reference,"{reference_kmh=24.049999999999873, age_s=0.0}"
480.0,POWER,160,NEUTRAL,OK,power_present,{age_s=0.0}
480.0,HR,130,NEUTRAL,OK,hr_present,{age_s=0.0}
480.0,CADENCE,65,GREEN,OK,preferred_low_cadence_band,{age_s=0.0}
480.0,GRADE,0,NEUTRAL,OK,flat_deadband,"{grade_raw=0.0, grade_display=0.0}"
480.0,GEAR,WAIT,GRAY,NO_DATA,missing_gear,{}
481.0,SPEED,24.0,NEUTRAL,OK,near_reference,"{reference_kmh=24.049896049895917, age_s=0.0}"
481.0,POWER,160,NEUTRAL,OK,power_present,{age_s=0.0}
481.0,HR,130,NEUTRAL,OK,hr_present,{age_s=0.0}
481.0,CADENCE,65,GREEN,OK,preferred_low_cadence_band,{age_s=0.0}
481.0,GRADE,0,NEUTRAL,OK,flat_deadband,"{grade_raw=0.0, grade_display=0.0}"
481.0,GEAR,WAIT,GRAY,NO_DATA,missing_gear,{}
482.0,SPEED,24.0,NEUTRAL,OK,near_reference,"{reference_kmh=24.049792531120204, age_s=0.0}"
482.0,POWER,160,NEUTRAL,OK,power_present,{age_s=0.0}
482.0,HR,130,NEUTRAL,OK,hr_present,{age_s=0.0}
482.0,CADENCE,65,GREEN,OK,preferred_low_cadence_band,{age_s=0.0}
482.0,GRADE,0,NEUTRAL,OK,flat_deadband,"{grade_raw=0.0, grade_display=0.0}"
482.0,GEAR,WAIT,GRAY,NO_DATA,missing_gear,{}
483.0,SPEED,24.0,NEUTRAL,OK,near_reference,"{reference_kmh=24.04968944099366, age_s=0.0}"
483.0,POWER,160,NEUTRAL,OK,power_present,{age_s=0.0}
483.0,HR,130,NEUTRAL,OK,hr_present,{age_s=0.0}
483.0,CADENCE,65,GREEN,OK,preferred_low_cadence_band,{age_s=0.0}
483.0,GRADE,0,NEUTRAL,OK,flat_deadband,"{grade_raw=0.0, grade_display=0.0}"
483.0,GEAR,WAIT,GRAY,NO_DATA,missing_gear,{}
484.0,SPEED,24.0,NEUTRAL,OK,near_reference,"{reference_kmh=24.04958677685937, age_s=0.0}"
484.0,POWER,160,NEUTRAL,OK,power_present,{age_s=0.0}
484.0,HR,130,NEUTRAL,OK,hr_present,{age_s=0.0}
484.0,CADENCE,65,GREEN,OK,preferred_low_cadence_band,{age_s=0.0}
484.0,GRADE,0,NEUTRAL,OK,flat_deadband,"{grade_raw=0.0, grade_display=0.0}"
484.0,GEAR,WAIT,GRAY,NO_DATA,missing_gear,{}
485.0,SPEED,24.0,NEUTRAL,OK,near_reference,"{reference_kmh=24.049484536082346, age_s=0.0}"
485.0,POWER,160,NEUTRAL,OK,power_present,{age_s=0.0}
485.0,HR,130,NEUTRAL,OK,hr_present,{age_s=0.0}
485.0,CADENCE,65,GREEN,OK,preferred_low_cadence_band,{age_s=0.0}
485.0,GRADE,0,NEUTRAL,OK,flat_deadband,"{grade_raw=0.0, grade_display=0.0}"
485.0,GEAR,WAIT,GRAY,NO_DATA,missing_gear,{}
486.0,SPEED,24.0,NEUTRAL,OK,near_reference,"{reference_kmh=24.049382716049248, age_s=0.0}"
486.0,POWER,160,NEUTRAL,OK,power_present,{age_s=0.0}
486.0,HR,130,NEUTRAL,OK,hr_present,{age_s=0.0}
486.0,CADENCE,65,GREEN,OK,preferred_low_cadence_band,{age_s=0.0}
486.0,GRADE,0,NEUTRAL,OK,flat_deadband,"{grade_raw=0.0, grade_display=0.0}"
486.0,GEAR,WAIT,GRAY,NO_DATA,missing_gear,{}
487.0,SPEED,24.0,NEUTRAL,OK,near_reference,"{reference_kmh=24.049281314168244, age_s=0.0}"
487.0,POWER,160,NEUTRAL,OK,power_present,{age_s=0.0}
487.0,HR,130,NEUTRAL,OK,hr_present,{age_s=0.0}
487.0,CADENCE,65,GREEN,OK,preferred_low_cadence_band,{age_s=0.0}
487.0,GRADE,0,NEUTRAL,OK,flat_deadband,"{grade_raw=0.0, grade_display=0.0}"
487.0,GEAR,WAIT,GRAY,NO_DATA,missing_gear,{}
488.0,SPEED,24.0,NEUTRAL,OK,near_reference,"{reference_kmh=24.04918032786872, age_s=0.0}"
488.0,POWER,160,NEUTRAL,OK,power_present,{age_s=0.0}
488.0,HR,130,NEUTRAL,OK,hr_present,{age_s=0.0}
488.0,CADENCE,65,GREEN,OK,preferred_low_cadence_band,{age_s=0.0}
488.0,GRADE,0,NEUTRAL,OK,flat_deadband,"{grade_raw=0.0, grade_display=0.0}"
488.0,GEAR,WAIT,GRAY,NO_DATA,missing_gear,{}
489.0,SPEED,24.0,NEUTRAL,OK,near_reference,"{reference_kmh=24.04907975460109, age_s=0.0}"
489.0,POWER,160,NEUTRAL,OK,power_present,{age_s=0.0}
489.0,HR,130,NEUTRAL,OK,hr_present,{age_s=0.0}
489.0,CADENCE,65,GREEN,OK,preferred_low_cadence_band,{age_s=0.0}
489.0,GRADE,0,NEUTRAL,OK,flat_deadband,"{grade_raw=0.0, grade_display=0.0}"
489.0,GEAR,WAIT,GRAY,NO_DATA,missing_gear,{}
490.0,SPEED,24.0,NEUTRAL,OK,near_reference,"{reference_kmh=24.048979591836602, age_s=0.0}"
490.0,POWER,160,NEUTRAL,OK,power_present,{age_s=0.0}
490.0,HR,130,NEUTRAL,OK,hr_present,{age_s=0.0}
490.0,CADENCE,65,GREEN,OK,preferred_low_cadence_band,{age_s=0.0}
490.0,GRADE,0,NEUTRAL,OK,flat_deadband,"{grade_raw=0.0, grade_display=0.0}"
490.0,GEAR,WAIT,GRAY,NO_DATA,missing_gear,{}
491.0,SPEED,24.0,NEUTRAL,OK,near_reference,"{reference_kmh=24.04887983706707, age_s=0.0}"
491.0,POWER,160,NEUTRAL,OK,power_present,{age_s=0.0}
491.0,HR,130,NEUTRAL,OK,hr_present,{age_s=0.0}
491.0,CADENCE,65,GREEN,OK,preferred_low_cadence_band,{age_s=0.0}
491.0,GRADE,0,NEUTRAL,OK,flat_deadband,"{grade_raw=0.0, grade_display=0.0}"
491.0,GEAR,WAIT,GRAY,NO_DATA,missing_gear,{}
492.0,SPEED,24.0,NEUTRAL,OK,near_reference,"{reference_kmh=24.04878048780474, age_s=0.0}"
492.0,POWER,160,NEUTRAL,OK,power_present,{age_s=0.0}
492.0,HR,130,NEUTRAL,OK,hr_present,{age_s=0.0}
492.0,CADENCE,65,GREEN,OK,preferred_low_cadence_band,{age_s=0.0}
492.0,GRADE,0,NEUTRAL,OK,flat_deadband,"{grade_raw=0.0, grade_display=0.0}"
492.0,GEAR,WAIT,GRAY,NO_DATA,missing_gear,{}
493.0,SPEED,24.0,NEUTRAL,OK,near_reference,"{reference_kmh=24.04868154158201, age_s=0.0}"
493.0,POWER,160,NEUTRAL,OK,power_present,{age_s=0.0}
493.0,HR,130,NEUTRAL,OK,hr_present,{age_s=0.0}
493.0,CADENCE,65,GREEN,OK,preferred_low_cadence_band,{age_s=0.0}
493.0,GRADE,0,NEUTRAL,OK,flat_deadband,"{grade_raw=0.0, grade_display=0.0}"
493.0,GEAR,WAIT,GRAY,NO_DATA,missing_gear,{}
494.0,SPEED,24.0,NEUTRAL,OK,near_reference,"{reference_kmh=24.04858299595128, age_s=0.0}"
494.0,POWER,160,NEUTRAL,OK,power_present,{age_s=0.0}
494.0,HR,130,NEUTRAL,OK,hr_present,{age_s=0.0}
494.0,CADENCE,65,GREEN,OK,preferred_low_cadence_band,{age_s=0.0}
494.0,GRADE,0,NEUTRAL,OK,flat_deadband,"{grade_raw=0.0, grade_display=0.0}"
494.0,GEAR,WAIT,GRAY,NO_DATA,missing_gear,{}
495.0,SPEED,24.0,NEUTRAL,OK,near_reference,"{reference_kmh=24.04848484848471, age_s=0.0}"
495.0,POWER,160,NEUTRAL,OK,power_present,{age_s=0.0}
495.0,HR,130,NEUTRAL,OK,hr_present,{age_s=0.0}
495.0,CADENCE,65,GREEN,OK,preferred_low_cadence_band,{age_s=0.0}
495.0,GRADE,0,NEUTRAL,OK,flat_deadband,"{grade_raw=0.0, grade_display=0.0}"
495.0,GEAR,WAIT,GRAY,NO_DATA,missing_gear,{}
496.0,SPEED,24.0,NEUTRAL,OK,near_reference,"{reference_kmh=24.048387096774054, age_s=0.0}"
496.0,POWER,160,NEUTRAL,OK,power_present,{age_s=0.0}
496.0,HR,130,NEUTRAL,OK,hr_present,{age_s=0.0}
496.0,CADENCE,65,GREEN,OK,preferred_low_cadence_band,{age_s=0.0}
496.0,GRADE,0,NEUTRAL,OK,flat_deadband,"{grade_raw=0.0, grade_display=0.0}"
496.0,GEAR,WAIT,GRAY,NO_DATA,missing_gear,{}
497.0,SPEED,24.0,NEUTRAL,OK,near_reference,"{reference_kmh=24.048289738430444, age_s=0.0}"
497.0,POWER,160,NEUTRAL,OK,power_present,{age_s=0.0}
497.0,HR,130,NEUTRAL,OK,hr_present,{age_s=0.0}
497.0,CADENCE,65,GREEN,OK,preferred_low_cadence_band,{age_s=0.0}
497.0,GRADE,0,NEUTRAL,OK,flat_deadband,"{grade_raw=0.0, grade_display=0.0}"
497.0,GEAR,WAIT,GRAY,NO_DATA,missing_gear,{}
498.0,SPEED,24.0,NEUTRAL,OK,near_reference,"{reference_kmh=24.048192771084196, age_s=0.0}"
498.0,POWER,160,NEUTRAL,OK,power_present,{age_s=0.0}
498.0,HR,130,NEUTRAL,OK,hr_present,{age_s=0.0}
498.0,CADENCE,65,GREEN,OK,preferred_low_cadence_band,{age_s=0.0}
498.0,GRADE,0,NEUTRAL,OK,flat_deadband,"{grade_raw=0.0, grade_display=0.0}"
498.0,GEAR,WAIT,GRAY,NO_DATA,missing_gear,{}
499.0,SPEED,24.0,NEUTRAL,OK,near_reference,"{reference_kmh=24.048096192384627, age_s=0.0}"
499.0,POWER,160,NEUTRAL,OK,power_present,{age_s=0.0}
499.0,HR,130,NEUTRAL,OK,hr_present,{age_s=0.0}
499.0,CADENCE,65,GREEN,OK,preferred_low_cadence_band,{age_s=0.0}
499.0,GRADE,0,NEUTRAL,OK,flat_deadband,"{grade_raw=0.0, grade_display=0.0}"
499.0,GEAR,WAIT,GRAY,NO_DATA,missing_gear,{}
500.0,SPEED,24.0,NEUTRAL,OK,near_reference,"{reference_kmh=24.047999999999853, age_s=0.0}"
500.0,POWER,160,NEUTRAL,OK,power_present,{age_s=0.0}
500.0,HR,130,NEUTRAL,OK,hr_present,{age_s=0.0}
500.0,CADENCE,65,GREEN,OK,preferred_low_cadence_band,{age_s=0.0}
500.0,GRADE,0,NEUTRAL,OK,flat_deadband,"{grade_raw=0.0, grade_display=0.0}"
500.0,GEAR,WAIT,GRAY,NO_DATA,missing_gear,{}
501.0,SPEED,24.0,NEUTRAL,OK,near_reference,"{reference_kmh=24.047904191616624, age_s=0.0}"
501.0,POWER,160,NEUTRAL,OK,power_present,{age_s=0.0}
501.0,HR,130,NEUTRAL,OK,hr_present,{age_s=0.0}
501.0,CADENCE,65,GREEN,OK,preferred_low_cadence_band,{age_s=0.0}
501.0,GRADE,0,NEUTRAL,OK,flat_deadband,"{grade_raw=0.0, grade_display=0.0}"
501.0,GEAR,WAIT,GRAY,NO_DATA,missing_gear,{}
502.0,SPEED,24.0,NEUTRAL,OK,near_reference,"{reference_kmh=24.047808764940093, age_s=0.0}"
502.0,POWER,160,NEUTRAL,OK,power_present,{age_s=0.0}
502.0,HR,130,NEUTRAL,OK,hr_present,{age_s=0.0}
502.0,CADENCE,65,GREEN,OK,preferred_low_cadence_band,{age_s=0.0}
502.0,GRADE,0,NEUTRAL,OK,flat_deadband,"{grade_raw=0.0, grade_display=0.0}"
502.0,GEAR,WAIT,GRAY,NO_DATA,missing_gear,{}
503.0,SPEED,24.0,NEUTRAL,OK,near_reference,"{reference_kmh=24.04771371769369, age_s=0.0}"
503.0,POWER,160,NEUTRAL,OK,power_present,{age_s=0.0}
503.0,HR,130,NEUTRAL,OK,hr_present,{age_s=0.0}
503.0,CADENCE,65,GREEN,OK,preferred_low_cadence_band,{age_s=0.0}
503.0,GRADE,0,NEUTRAL,OK,flat_deadband,"{grade_raw=0.0, grade_display=0.0}"
503.0,GEAR,WAIT,GRAY,NO_DATA,missing_gear,{}
504.0,SPEED,24.0,NEUTRAL,OK,near_reference,"{reference_kmh=24.0476190476189, age_s=0.0}"
504.0,POWER,160,NEUTRAL,OK,power_present,{age_s=0.0}
504.0,HR,130,NEUTRAL,OK,hr_present,{age_s=0.0}
504.0,CADENCE,65,GREEN,OK,preferred_low_cadence_band,{age_s=0.0}
504.0,GRADE,0,NEUTRAL,OK,flat_deadband,"{grade_raw=0.0, grade_display=0.0}"
504.0,GEAR,WAIT,GRAY,NO_DATA,missing_gear,{}
505.0,SPEED,24.0,NEUTRAL,OK,near_reference,"{reference_kmh=24.0475247524751, age_s=0.0}"
505.0,POWER,160,NEUTRAL,OK,power_present,{age_s=0.0}
505.0,HR,130,NEUTRAL,OK,hr_present,{age_s=0.0}
505.0,CADENCE,65,GREEN,OK,preferred_low_cadence_band,{age_s=0.0}
505.0,GRADE,0,NEUTRAL,OK,flat_deadband,"{grade_raw=0.0, grade_display=0.0}"
505.0,GEAR,WAIT,GRAY,NO_DATA,missing_gear,{}
506.0,SPEED,24.0,NEUTRAL,OK,near_reference,"{reference_kmh=24.047430830039378, age_s=0.0}"
506.0,POWER,160,NEUTRAL,OK,power_present,{age_s=0.0}
506.0,HR,130,NEUTRAL,OK,hr_present,{age_s=0.0}
506.0,CADENCE,65,GREEN,OK,preferred_low_cadence_band,{age_s=0.0}
506.0,GRADE,0,NEUTRAL,OK,flat_deadband,"{grade_raw=0.0, grade_display=0.0}"
506.0,GEAR,WAIT,GRAY,NO_DATA,missing_gear,{}
507.0,SPEED,24.0,NEUTRAL,OK,near_reference,"{reference_kmh=24.047337278106358, age_s=0.0}"
507.0,POWER,160,NEUTRAL,OK,power_present,{age_s=0.0}
507.0,HR,130,NEUTRAL,OK,hr_present,{age_s=0.0}
507.0,CADENCE,65,GREEN,OK,preferred_low_cadence_band,{age_s=0.0}
507.0,GRADE,0,NEUTRAL,OK,flat_deadband,"{grade_raw=0.0, grade_display=0.0}"
507.0,GEAR,WAIT,GRAY,NO_DATA,missing_gear,{}
508.0,SPEED,24.0,NEUTRAL,OK,near_reference,"{reference_kmh=24.04724409448804, age_s=0.0}"
508.0,POWER,160,NEUTRAL,OK,power_present,{age_s=0.0}
508.0,HR,130,NEUTRAL,OK,hr_present,{age_s=0.0}
508.0,CADENCE,65,GREEN,OK,preferred_low_cadence_band,{age_s=0.0}
508.0,GRADE,0,NEUTRAL,OK,flat_deadband,"{grade_raw=0.0, grade_display=0.0}"
508.0,GEAR,WAIT,GRAY,NO_DATA,missing_gear,{}
509.0,SPEED,24.0,NEUTRAL,OK,near_reference,"{reference_kmh=24.0471512770136, age_s=0.0}"
509.0,POWER,160,NEUTRAL,OK,power_present,{age_s=0.0}
509.0,HR,130,NEUTRAL,OK,hr_present,{age_s=0.0}
509.0,CADENCE,65,GREEN,OK,preferred_low_cadence_band,{age_s=0.0}
509.0,GRADE,0,NEUTRAL,OK,flat_deadband,"{grade_raw=0.0, grade_display=0.0}"
509.0,GEAR,WAIT,GRAY,NO_DATA,missing_gear,{}
510.0,SPEED,24.0,NEUTRAL,OK,near_reference,"{reference_kmh=24.04705882352926, age_s=0.0}"
510.0,POWER,160,NEUTRAL,OK,power_present,{age_s=0.0}
510.0,HR,130,NEUTRAL,OK,hr_present,{age_s=0.0}
510.0,CADENCE,65,GREEN,OK,preferred_low_cadence_band,{age_s=0.0}
510.0,GRADE,0,NEUTRAL,OK,flat_deadband,"{grade_raw=0.0, grade_display=0.0}"
510.0,GEAR,WAIT,GRAY,NO_DATA,missing_gear,{}
511.0,SPEED,24.0,NEUTRAL,OK,near_reference,"{reference_kmh=24.046966731898085, age_s=0.0}"
511.0,POWER,160,NEUTRAL,OK,power_present,{age_s=0.0}
511.0,HR,130,NEUTRAL,OK,hr_present,{age_s=0.0}
511.0,CADENCE,65,GREEN,OK,preferred_low_cadence_band,{age_s=0.0}
511.0,GRADE,0,NEUTRAL,OK,flat_deadband,"{grade_raw=0.0, grade_display=0.0}"
511.0,GEAR,WAIT,GRAY,NO_DATA,missing_gear,{}
512.0,SPEED,24.0,NEUTRAL,OK,near_reference,"{reference_kmh=24.046874999999847, age_s=0.0}"
512.0,POWER,160,NEUTRAL,OK,power_present,{age_s=0.0}
512.0,HR,130,NEUTRAL,OK,hr_present,{age_s=0.0}
512.0,CADENCE,65,GREEN,OK,preferred_low_cadence_band,{age_s=0.0}
512.0,GRADE,0,NEUTRAL,OK,flat_deadband,"{grade_raw=0.0, grade_display=0.0}"
512.0,GEAR,WAIT,GRAY,NO_DATA,missing_gear,{}
513.0,SPEED,24.0,NEUTRAL,OK,near_reference,"{reference_kmh=24.046783625730843, age_s=0.0}"
513.0,POWER,160,NEUTRAL,OK,power_present,{age_s=0.0}
513.0,HR,130,NEUTRAL,OK,hr_present,{age_s=0.0}
513.0,CADENCE,65,GREEN,OK,preferred_low_cadence_band,{age_s=0.0}
513.0,GRADE,0,NEUTRAL,OK,flat_deadband,"{grade_raw=0.0, grade_display=0.0}"
513.0,GEAR,WAIT,GRAY,NO_DATA,missing_gear,{}
514.0,SPEED,24.0,NEUTRAL,OK,near_reference,"{reference_kmh=24.046692607003738, age_s=0.0}"
514.0,POWER,160,NEUTRAL,OK,power_present,{age_s=0.0}
514.0,HR,130,NEUTRAL,OK,hr_present,{age_s=0.0}
514.0,CADENCE,65,GREEN,OK,preferred_low_cadence_band,{age_s=0.0}
514.0,GRADE,0,NEUTRAL,OK,flat_deadband,"{grade_raw=0.0, grade_display=0.0}"
514.0,GEAR,WAIT,GRAY,NO_DATA,missing_gear,{}
515.0,SPEED,24.0,NEUTRAL,OK,near_reference,"{reference_kmh=24.04660194174742, age_s=0.0}"
515.0,POWER,160,NEUTRAL,OK,power_present,{age_s=0.0}
515.0,HR,130,NEUTRAL,OK,hr_present,{age_s=0.0}
515.0,CADENCE,65,GREEN,OK,preferred_low_cadence_band,{age_s=0.0}
515.0,GRADE,0,NEUTRAL,OK,flat_deadband,"{grade_raw=0.0, grade_display=0.0}"
515.0,GEAR,WAIT,GRAY,NO_DATA,missing_gear,{}
516.0,SPEED,24.0,NEUTRAL,OK,near_reference,"{reference_kmh=24.046511627906817, age_s=0.0}"
516.0,POWER,160,NEUTRAL,OK,power_present,{age_s=0.0}
516.0,HR,130,NEUTRAL,OK,hr_present,{age_s=0.0}
516.0,CADENCE,65,GREEN,OK,preferred_low_cadence_band,{age_s=0.0}
516.0,GRADE,0,NEUTRAL,OK,flat_deadband,"{grade_raw=0.0, grade_display=0.0}"
516.0,GEAR,WAIT,GRAY,NO_DATA,missing_gear,{}
517.0,SPEED,24.0,NEUTRAL,OK,near_reference,"{reference_kmh=24.046421663442786, age_s=0.0}"
517.0,POWER,160,NEUTRAL,OK,power_present,{age_s=0.0}
517.0,HR,130,NEUTRAL,OK,hr_present,{age_s=0.0}
517.0,CADENCE,65,GREEN,OK,preferred_low_cadence_band,{age_s=0.0}
517.0,GRADE,0,NEUTRAL,OK,flat_deadband,"{grade_raw=0.0, grade_display=0.0}"
517.0,GEAR,WAIT,GRAY,NO_DATA,missing_gear,{}
518.0,SPEED,24.0,NEUTRAL,OK,near_reference,"{reference_kmh=24.046332046331887, age_s=0.0}"
518.0,POWER,160,NEUTRAL,OK,power_present,{age_s=0.0}
518.0,HR,130,NEUTRAL,OK,hr_present,{age_s=0.0}
518.0,CADENCE,65,GREEN,OK,preferred_low_cadence_band,{age_s=0.0}
518.0,GRADE,0,NEUTRAL,OK,flat_deadband,"{grade_raw=0.0, grade_display=0.0}"
518.0,GEAR,WAIT,GRAY,NO_DATA,missing_gear,{}
519.0,SPEED,24.0,NEUTRAL,OK,near_reference,"{reference_kmh=24.046242774566316, age_s=0.0}"
519.0,POWER,160,NEUTRAL,OK,power_present,{age_s=0.0}
519.0,HR,130,NEUTRAL,OK,hr_present,{age_s=0.0}
519.0,CADENCE,65,GREEN,OK,preferred_low_cadence_band,{age_s=0.0}
519.0,GRADE,0,NEUTRAL,OK,flat_deadband,"{grade_raw=0.0, grade_display=0.0}"
519.0,GEAR,WAIT,GRAY,NO_DATA,missing_gear,{}
520.0,SPEED,24.0,NEUTRAL,OK,near_reference,"{reference_kmh=24.04615384615369, age_s=0.0}"
520.0,POWER,160,NEUTRAL,OK,power_present,{age_s=0.0}
520.0,HR,130,NEUTRAL,OK,hr_present,{age_s=0.0}
520.0,CADENCE,65,GREEN,OK,preferred_low_cadence_band,{age_s=0.0}
520.0,GRADE,0,NEUTRAL,OK,flat_deadband,"{grade_raw=0.0, grade_display=0.0}"
520.0,GEAR,WAIT,GRAY,NO_DATA,missing_gear,{}
521.0,SPEED,24.0,NEUTRAL,OK,near_reference,"{reference_kmh=24.046065259116922, age_s=0.0}"
521.0,POWER,160,NEUTRAL,OK,power_present,{age_s=0.0}
521.0,HR,130,NEUTRAL,OK,hr_present,{age_s=0.0}
521.0,CADENCE,65,GREEN,OK,preferred_low_cadence_band,{age_s=0.0}
521.0,GRADE,0,NEUTRAL,OK,flat_deadband,"{grade_raw=0.0, grade_display=0.0}"
521.0,GEAR,WAIT,GRAY,NO_DATA,missing_gear,{}
522.0,SPEED,24.0,NEUTRAL,OK,near_reference,"{reference_kmh=24.04597701149409, age_s=0.0}"
522.0,POWER,160,NEUTRAL,OK,power_present,{age_s=0.0}
522.0,HR,130,NEUTRAL,OK,hr_present,{age_s=0.0}
522.0,CADENCE,65,GREEN,OK,preferred_low_cadence_band,{age_s=0.0}
522.0,GRADE,0,NEUTRAL,OK,flat_deadband,"{grade_raw=0.0, grade_display=0.0}"
522.0,GEAR,WAIT,GRAY,NO_DATA,missing_gear,{}
523.0,SPEED,24.0,NEUTRAL,OK,near_reference,"{reference_kmh=24.04588910133827, age_s=0.0}"
523.0,POWER,160,NEUTRAL,OK,power_present,{age_s=0.0}
523.0,HR,130,NEUTRAL,OK,hr_present,{age_s=0.0}
523.0,CADENCE,65,GREEN,OK,preferred_low_cadence_band,{age_s=0.0}
523.0,GRADE,0,NEUTRAL,OK,flat_deadband,"{grade_raw=0.0, grade_display=0.0}"
523.0,GEAR,WAIT,GRAY,NO_DATA,missing_gear,{}
524.0,SPEED,24.0,NEUTRAL,OK,near_reference,"{reference_kmh=24.045801526717398, age_s=0.0}"
524.0,POWER,160,NEUTRAL,OK,power_present,{age_s=0.0}
524.0,HR,130,NEUTRAL,OK,hr_present,{age_s=0.0}
524.0,CADENCE,65,GREEN,OK,preferred_low_cadence_band,{age_s=0.0}
524.0,GRADE,0,NEUTRAL,OK,flat_deadband,"{grade_raw=0.0, grade_display=0.0}"
524.0,GEAR,WAIT,GRAY,NO_DATA,missing_gear,{}
525.0,SPEED,24.0,NEUTRAL,OK,near_reference,"{reference_kmh=24.04571428571412, age_s=0.0}"
525.0,POWER,160,NEUTRAL,OK,power_present,{age_s=0.0}
525.0,HR,130,NEUTRAL,OK,hr_present,{age_s=0.0}
525.0,CADENCE,65,GREEN,OK,preferred_low_cadence_band,{age_s=0.0}
525.0,GRADE,0,NEUTRAL,OK,flat_deadband,"{grade_raw=0.0, grade_display=0.0}"
525.0,GEAR,WAIT,GRAY,NO_DATA,missing_gear,{}
526.0,SPEED,24.0,NEUTRAL,OK,near_reference,"{reference_kmh=24.045627376425692, age_s=0.0}"
526.0,POWER,160,NEUTRAL,OK,power_present,{age_s=0.0}
526.0,HR,130,NEUTRAL,OK,hr_present,{age_s=0.0}
526.0,CADENCE,65,GREEN,OK,preferred_low_cadence_band,{age_s=0.0}
526.0,GRADE,0,NEUTRAL,OK,flat_deadband,"{grade_raw=0.0, grade_display=0.0}"
526.0,GEAR,WAIT,GRAY,NO_DATA,missing_gear,{}
527.0,SPEED,24.0,NEUTRAL,OK,near_reference,"{reference_kmh=24.04554079696378, age_s=0.0}"
527.0,POWER,160,NEUTRAL,OK,power_present,{age_s=0.0}
527.0,HR,130,NEUTRAL,OK,hr_present,{age_s=0.0}
527.0,CADENCE,65,GREEN,OK,preferred_low_cadence_band,{age_s=0.0}
527.0,GRADE,0,NEUTRAL,OK,flat_deadband,"{grade_raw=0.0, grade_display=0.0}"
527.0,GEAR,WAIT,GRAY,NO_DATA,missing_gear,{}
528.0,SPEED,24.0,NEUTRAL,OK,near_reference,"{reference_kmh=24.04545454545438, age_s=0.0}"
528.0,POWER,160,NEUTRAL,OK,power_present,{age_s=0.0}
528.0,HR,130,NEUTRAL,OK,hr_present,{age_s=0.0}
528.0,CADENCE,65,GREEN,OK,preferred_low_cadence_band,{age_s=0.0}
528.0,GRADE,0,NEUTRAL,OK,flat_deadband,"{grade_raw=0.0, grade_display=0.0}"
528.0,GEAR,WAIT,GRAY,NO_DATA,missing_gear,{}
529.0,SPEED,24.0,NEUTRAL,OK,near_reference,"{reference_kmh=24.045368620037642, age_s=0.0}"
529.0,POWER,160,NEUTRAL,OK,power_present,{age_s=0.0}
529.0,HR,130,NEUTRAL,OK,hr_present,{age_s=0.0}
529.0,CADENCE,65,GREEN,OK,preferred_low_cadence_band,{age_s=0.0}
529.0,GRADE,0,NEUTRAL,OK,flat_deadband,"{grade_raw=0.0, grade_display=0.0}"
529.0,GEAR,WAIT,GRAY,NO_DATA,missing_gear,{}
530.0,SPEED,24.0,NEUTRAL,OK,near_reference,"{reference_kmh=24.045283018867757, age_s=0.0}"
530.0,POWER,160,NEUTRAL,OK,power_present,{age_s=0.0}
530.0,HR,130,NEUTRAL,OK,hr_present,{age_s=0.0}
530.0,CADENCE,65,GREEN,OK,preferred_low_cadence_band,{age_s=0.0}
530.0,GRADE,0,NEUTRAL,OK,flat_deadband,"{grade_raw=0.0, grade_display=0.0}"
530.0,GEAR,WAIT,GRAY,NO_DATA,missing_gear,{}
531.0,SPEED,24.0,NEUTRAL,OK,near_reference,"{reference_kmh=24.04519774011283, age_s=0.0}"
531.0,POWER,160,NEUTRAL,OK,power_present,{age_s=0.0}
531.0,HR,130,NEUTRAL,OK,hr_present,{age_s=0.0}
531.0,CADENCE,65,GREEN,OK,preferred_low_cadence_band,{age_s=0.0}
531.0,GRADE,0,NEUTRAL,OK,flat_deadband,"{grade_raw=0.0, grade_display=0.0}"
531.0,GEAR,WAIT,GRAY,NO_DATA,missing_gear,{}
532.0,SPEED,24.0,NEUTRAL,OK,near_reference,"{reference_kmh=24.045112781954717, age_s=0.0}"
532.0,POWER,160,NEUTRAL,OK,power_present,{age_s=0.0}
532.0,HR,130,NEUTRAL,OK,hr_present,{age_s=0.0}
532.0,CADENCE,65,GREEN,OK,preferred_low_cadence_band,{age_s=0.0}
532.0,GRADE,0,NEUTRAL,OK,flat_deadband,"{grade_raw=0.0, grade_display=0.0}"
532.0,GEAR,WAIT,GRAY,NO_DATA,missing_gear,{}
533.0,SPEED,24.0,NEUTRAL,OK,near_reference,"{reference_kmh=24.04502814258895, age_s=0.0}"
533.0,POWER,160,NEUTRAL,OK,power_present,{age_s=0.0}
533.0,HR,130,NEUTRAL,OK,hr_present,{age_s=0.0}
533.0,CADENCE,65,GREEN,OK,preferred_low_cadence_band,{age_s=0.0}
533.0,GRADE,0,NEUTRAL,OK,flat_deadband,"{grade_raw=0.0, grade_display=0.0}"
533.0,GEAR,WAIT,GRAY,NO_DATA,missing_gear,{}
534.0,SPEED,24.0,NEUTRAL,OK,near_reference,"{reference_kmh=24.04494382022455, age_s=0.0}"
534.0,POWER,160,NEUTRAL,OK,power_present,{age_s=0.0}
534.0,HR,130,NEUTRAL,OK,hr_present,{age_s=0.0}
534.0,CADENCE,65,GREEN,OK,preferred_low_cadence_band,{age_s=0.0}
534.0,GRADE,0,NEUTRAL,OK,flat_deadband,"{grade_raw=0.0, grade_display=0.0}"
534.0,GEAR,WAIT,GRAY,NO_DATA,missing_gear,{}
535.0,SPEED,24.0,NEUTRAL,OK,near_reference,"{reference_kmh=24.044859813083942, age_s=0.0}"
535.0,POWER,160,NEUTRAL,OK,power_present,{age_s=0.0}
535.0,HR,130,NEUTRAL,OK,hr_present,{age_s=0.0}
535.0,CADENCE,65,GREEN,OK,preferred_low_cadence_band,{age_s=0.0}
535.0,GRADE,0,NEUTRAL,OK,flat_deadband,"{grade_raw=0.0, grade_display=0.0}"
535.0,GEAR,WAIT,GRAY,NO_DATA,missing_gear,{}
536.0,SPEED,24.0,NEUTRAL,OK,near_reference,"{reference_kmh=24.044776119402815, age_s=0.0}"
536.0,POWER,160,NEUTRAL,OK,power_present,{age_s=0.0}
536.0,HR,130,NEUTRAL,OK,hr_present,{age_s=0.0}
536.0,CADENCE,65,GREEN,OK,preferred_low_cadence_band,{age_s=0.0}
536.0,GRADE,0,NEUTRAL,OK,flat_deadband,"{grade_raw=0.0, grade_display=0.0}"
536.0,GEAR,WAIT,GRAY,NO_DATA,missing_gear,{}
537.0,SPEED,24.0,NEUTRAL,OK,near_reference,"{reference_kmh=24.044692737429997, age_s=0.0}"
537.0,POWER,160,NEUTRAL,OK,power_present,{age_s=0.0}
537.0,HR,130,NEUTRAL,OK,hr_present,{age_s=0.0}
537.0,CADENCE,65,GREEN,OK,preferred_low_cadence_band,{age_s=0.0}
537.0,GRADE,0,NEUTRAL,OK,flat_deadband,"{grade_raw=0.0, grade_display=0.0}"
537.0,GEAR,WAIT,GRAY,NO_DATA,missing_gear,{}
538.0,SPEED,24.0,NEUTRAL,OK,near_reference,"{reference_kmh=24.044609665427338, age_s=0.0}"
538.0,POWER,160,NEUTRAL,OK,power_present,{age_s=0.0}
538.0,HR,130,NEUTRAL,OK,hr_present,{age_s=0.0}
538.0,CADENCE,65,GREEN,OK,preferred_low_cadence_band,{age_s=0.0}
538.0,GRADE,0,NEUTRAL,OK,flat_deadband,"{grade_raw=0.0, grade_display=0.0}"
538.0,GEAR,WAIT,GRAY,NO_DATA,missing_gear,{}
539.0,SPEED,24.0,NEUTRAL,OK,near_reference,"{reference_kmh=24.044526901669585, age_s=0.0}"
539.0,POWER,160,NEUTRAL,OK,power_present,{age_s=0.0}
539.0,HR,130,NEUTRAL,OK,hr_present,{age_s=0.0}
539.0,CADENCE,65,GREEN,OK,preferred_low_cadence_band,{age_s=0.0}
539.0,GRADE,0,NEUTRAL,OK,flat_deadband,"{grade_raw=0.0, grade_display=0.0}"
539.0,GEAR,WAIT,GRAY,NO_DATA,missing_gear,{}
540.0,SPEED,24.0,NEUTRAL,OK,near_reference,"{reference_kmh=24.044444444444274, age_s=0.0}"
540.0,POWER,160,NEUTRAL,OK,power_present,{age_s=0.0}
540.0,HR,130,NEUTRAL,OK,hr_present,{age_s=0.0}
540.0,CADENCE,65,GREEN,OK,preferred_low_cadence_band,{age_s=0.0}
540.0,GRADE,0,NEUTRAL,OK,flat_deadband,"{grade_raw=0.0, grade_display=0.0}"
540.0,GEAR,WAIT,GRAY,NO_DATA,missing_gear,{}
541.0,SPEED,24.0,NEUTRAL,OK,near_reference,"{reference_kmh=24.04436229205158, age_s=0.0}"
541.0,POWER,160,NEUTRAL,OK,power_present,{age_s=0.0}
541.0,HR,130,NEUTRAL,OK,hr_present,{age_s=0.0}
541.0,CADENCE,65,GREEN,OK,preferred_low_cadence_band,{age_s=0.0}
541.0,GRADE,0,NEUTRAL,OK,flat_deadband,"{grade_raw=0.0, grade_display=0.0}"
541.0,GEAR,WAIT,GRAY,NO_DATA,missing_gear,{}
542.0,SPEED,24.0,NEUTRAL,OK,near_reference,"{reference_kmh=24.04428044280425, age_s=0.0}"
542.0,POWER,160,NEUTRAL,OK,power_present,{age_s=0.0}
542.0,HR,130,NEUTRAL,OK,hr_present,{age_s=0.0}
542.0,CADENCE,65,GREEN,OK,preferred_low_cadence_band,{age_s=0.0}
542.0,GRADE,0,NEUTRAL,OK,flat_deadband,"{grade_raw=0.0, grade_display=0.0}"
542.0,GEAR,WAIT,GRAY,NO_DATA,missing_gear,{}
543.0,SPEED,24.0,NEUTRAL,OK,near_reference,"{reference_kmh=24.044198895027446, age_s=0.0}"
543.0,POWER,160,NEUTRAL,OK,power_present,{age_s=0.0}
543.0,HR,130,NEUTRAL,OK,hr_present,{age_s=0.0}
543.0,CADENCE,65,GREEN,OK,preferred_low_cadence_band,{age_s=0.0}
543.0,GRADE,0,NEUTRAL,OK,flat_deadband,"{grade_raw=0.0, grade_display=0.0}"
543.0,GEAR,WAIT,GRAY,NO_DATA,missing_gear,{}
544.0,SPEED,24.0,NEUTRAL,OK,near_reference,"{reference_kmh=24.04411764705865, age_s=0.0}"
544.0,POWER,160,NEUTRAL,OK,power_present,{age_s=0.0}
544.0,HR,130,NEUTRAL,OK,hr_present,{age_s=0.0}
544.0,CADENCE,65,GREEN,OK,preferred_low_cadence_band,{age_s=0.0}
544.0,GRADE,0,NEUTRAL,OK,flat_deadband,"{grade_raw=0.0, grade_display=0.0}"
544.0,GEAR,WAIT,GRAY,NO_DATA,missing_gear,{}
545.0,SPEED,24.0,NEUTRAL,OK,near_reference,"{reference_kmh=24.04403669724753, age_s=0.0}"
545.0,POWER,160,NEUTRAL,OK,power_present,{age_s=0.0}
545.0,HR,130,NEUTRAL,OK,hr_present,{age_s=0.0}
545.0,CADENCE,65,GREEN,OK,preferred_low_cadence_band,{age_s=0.0}
545.0,GRADE,0,NEUTRAL,OK,flat_deadband,"{grade_raw=0.0, grade_display=0.0}"
545.0,GEAR,WAIT,GRAY,NO_DATA,missing_gear,{}
546.0,SPEED,24.0,NEUTRAL,OK,near_reference,"{reference_kmh=24.043956043955866, age_s=0.0}"
546.0,POWER,160,NEUTRAL,OK,power_present,{age_s=0.0}
546.0,HR,130,NEUTRAL,OK,hr_present,{age_s=0.0}
546.0,CADENCE,65,GREEN,OK,preferred_low_cadence_band,{age_s=0.0}
546.0,GRADE,0,NEUTRAL,OK,flat_deadband,"{grade_raw=0.0, grade_display=0.0}"
546.0,GEAR,WAIT,GRAY,NO_DATA,missing_gear,{}
547.0,SPEED,24.0,NEUTRAL,OK,near_reference,"{reference_kmh=24.04387568555741, age_s=0.0}"
547.0,POWER,160,NEUTRAL,OK,power_present,{age_s=0.0}
547.0,HR,130,NEUTRAL,OK,hr_present,{age_s=0.0}
547.0,CADENCE,65,GREEN,OK,preferred_low_cadence_band,{age_s=0.0}
547.0,GRADE,0,NEUTRAL,OK,flat_deadband,"{grade_raw=0.0, grade_display=0.0}"
547.0,GEAR,WAIT,GRAY,NO_DATA,missing_gear,{}
548.0,SPEED,24.0,NEUTRAL,OK,near_reference,"{reference_kmh=24.043795620437773, age_s=0.0}"
548.0,POWER,160,NEUTRAL,OK,power_present,{age_s=0.0}
548.0,HR,130,NEUTRAL,OK,hr_present,{age_s=0.0}
548.0,CADENCE,65,GREEN,OK,preferred_low_cadence_band,{age_s=0.0}
548.0,GRADE,0,NEUTRAL,OK,flat_deadband,"{grade_raw=0.0, grade_display=0.0}"
548.0,GEAR,WAIT,GRAY,NO_DATA,missing_gear,{}
549.0,SPEED,24.0,NEUTRAL,OK,near_reference,"{reference_kmh=24.043715846994356, age_s=0.0}"
549.0,POWER,160,NEUTRAL,OK,power_present,{age_s=0.0}
549.0,HR,130,NEUTRAL,OK,hr_present,{age_s=0.0}
549.0,CADENCE,65,GREEN,OK,preferred_low_cadence_band,{age_s=0.0}
549.0,GRADE,0,NEUTRAL,OK,flat_deadband,"{grade_raw=0.0, grade_display=0.0}"
549.0,GEAR,WAIT,GRAY,NO_DATA,missing_gear,{}
550.0,SPEED,24.0,NEUTRAL,OK,near_reference,"{reference_kmh=24.043636363636182, age_s=0.0}"
550.0,POWER,160,NEUTRAL,OK,power_present,{age_s=0.0}
550.0,HR,130,NEUTRAL,OK,hr_present,{age_s=0.0}
550.0,CADENCE,65,GREEN,OK,preferred_low_cadence_band,{age_s=0.0}
550.0,GRADE,0,NEUTRAL,OK,flat_deadband,"{grade_raw=0.0, grade_display=0.0}"
550.0,GEAR,WAIT,GRAY,NO_DATA,missing_gear,{}
551.0,SPEED,24.0,NEUTRAL,OK,near_reference,"{reference_kmh=24.04355716878385, age_s=0.0}"
551.0,POWER,160,NEUTRAL,OK,power_present,{age_s=0.0}
551.0,HR,130,NEUTRAL,OK,hr_present,{age_s=0.0}
551.0,CADENCE,65,GREEN,OK,preferred_low_cadence_band,{age_s=0.0}
551.0,GRADE,0,NEUTRAL,OK,flat_deadband,"{grade_raw=0.0, grade_display=0.0}"
551.0,GEAR,WAIT,GRAY,NO_DATA,missing_gear,{}
552.0,SPEED,24.0,NEUTRAL,OK,near_reference,"{reference_kmh=24.043478260869385, age_s=0.0}"
552.0,POWER,160,NEUTRAL,OK,power_present,{age_s=0.0}
552.0,HR,130,NEUTRAL,OK,hr_present,{age_s=0.0}
552.0,CADENCE,65,GREEN,OK,preferred_low_cadence_band,{age_s=0.0}
552.0,GRADE,0,NEUTRAL,OK,flat_deadband,"{grade_raw=0.0, grade_display=0.0}"
552.0,GEAR,WAIT,GRAY,NO_DATA,missing_gear,{}
553.0,SPEED,24.0,NEUTRAL,OK,near_reference,"{reference_kmh=24.043399638336165, age_s=0.0}"
553.0,POWER,160,NEUTRAL,OK,power_present,{age_s=0.0}
553.0,HR,130,NEUTRAL,OK,hr_present,{age_s=0.0}
553.0,CADENCE,65,GREEN,OK,preferred_low_cadence_band,{age_s=0.0}
553.0,GRADE,0,NEUTRAL,OK,flat_deadband,"{grade_raw=0.0, grade_display=0.0}"
553.0,GEAR,WAIT,GRAY,NO_DATA,missing_gear,{}
554.0,SPEED,24.0,NEUTRAL,OK,near_reference,"{reference_kmh=24.04332129963881, age_s=0.0}"
554.0,POWER,160,NEUTRAL,OK,power_present,{age_s=0.0}
554.0,HR,130,NEUTRAL,OK,hr_present,{age_s=0.0}
554.0,CADENCE,65,GREEN,OK,preferred_low_cadence_band,{age_s=0.0}
554.0,GRADE,0,NEUTRAL,OK,flat_deadband,"{grade_raw=0.0, grade_display=0.0}"
554.0,GEAR,WAIT,GRAY,NO_DATA,missing_gear,{}
555.0,SPEED,24.0,NEUTRAL,OK,near_reference,"{reference_kmh=24.043243243243058, age_s=0.0}"
555.0,POWER,160,NEUTRAL,OK,power_present,{age_s=0.0}
555.0,HR,130,NEUTRAL,OK,hr_present,{age_s=0.0}
555.0,CADENCE,65,GREEN,OK,preferred_low_cadence_band,{age_s=0.0}
555.0,GRADE,0,NEUTRAL,OK,flat_deadband,"{grade_raw=0.0, grade_display=0.0}"
555.0,GEAR,WAIT,GRAY,NO_DATA,missing_gear,{}
556.0,SPEED,24.0,NEUTRAL,OK,near_reference,"{reference_kmh=24.043165467625716, age_s=0.0}"
556.0,POWER,160,NEUTRAL,OK,power_present,{age_s=0.0}
556.0,HR,130,NEUTRAL,OK,hr_present,{age_s=0.0}
556.0,CADENCE,65,GREEN,OK,preferred_low_cadence_band,{age_s=0.0}
556.0,GRADE,0,NEUTRAL,OK,flat_deadband,"{grade_raw=0.0, grade_display=0.0}"
556.0,GEAR,WAIT,GRAY,NO_DATA,missing_gear,{}
557.0,SPEED,24.0,NEUTRAL,OK,near_reference,"{reference_kmh=24.0430879712745, age_s=0.0}"
557.0,POWER,160,NEUTRAL,OK,power_present,{age_s=0.0}
557.0,HR,130,NEUTRAL,OK,hr_present,{age_s=0.0}
557.0,CADENCE,65,GREEN,OK,preferred_low_cadence_band,{age_s=0.0}
557.0,GRADE,0,NEUTRAL,OK,flat_deadband,"{grade_raw=0.0, grade_display=0.0}"
557.0,GEAR,WAIT,GRAY,NO_DATA,missing_gear,{}
558.0,SPEED,24.0,NEUTRAL,OK,near_reference,"{reference_kmh=24.043010752687984, age_s=0.0}"
558.0,POWER,160,NEUTRAL,OK,power_present,{age_s=0.0}
558.0,HR,130,NEUTRAL,OK,hr_present,{age_s=0.0}
558.0,CADENCE,65,GREEN,OK,preferred_low_cadence_band,{age_s=0.0}
558.0,GRADE,0,NEUTRAL,OK,flat_deadband,"{grade_raw=0.0, grade_display=0.0}"
558.0,GEAR,WAIT,GRAY,NO_DATA,missing_gear,{}
559.0,SPEED,24.0,NEUTRAL,OK,near_reference,"{reference_kmh=24.042933810375487, age_s=0.0}"
559.0,POWER,160,NEUTRAL,OK,power_present,{age_s=0.0}
559.0,HR,130,NEUTRAL,OK,hr_present,{age_s=0.0}
559.0,CADENCE,65,GREEN,OK,preferred_low_cadence_band,{age_s=0.0}
559.0,GRADE,0,NEUTRAL,OK,flat_deadband,"{grade_raw=0.0, grade_display=0.0}"
559.0,GEAR,WAIT,GRAY,NO_DATA,missing_gear,{}
560.0,SPEED,24.0,NEUTRAL,OK,near_reference,"{reference_kmh=24.042857142856956, age_s=0.0}"
560.0,POWER,160,NEUTRAL,OK,power_present,{age_s=0.0}
560.0,HR,130,NEUTRAL,OK,hr_present,{age_s=0.0}
560.0,CADENCE,65,GREEN,OK,preferred_low_cadence_band,{age_s=0.0}
560.0,GRADE,0,NEUTRAL,OK,flat_deadband,"{grade_raw=0.0, grade_display=0.0}"
560.0,GEAR,WAIT,GRAY,NO_DATA,missing_gear,{}
561.0,SPEED,24.0,NEUTRAL,OK,near_reference,"{reference_kmh=24.042780748662913, age_s=0.0}"
561.0,POWER,160,NEUTRAL,OK,power_present,{age_s=0.0}
561.0,HR,130,NEUTRAL,OK,hr_present,{age_s=0.0}
561.0,CADENCE,65,GREEN,OK,preferred_low_cadence_band,{age_s=0.0}
561.0,GRADE,0,NEUTRAL,OK,flat_deadband,"{grade_raw=0.0, grade_display=0.0}"
561.0,GEAR,WAIT,GRAY,NO_DATA,missing_gear,{}
562.0,SPEED,24.0,NEUTRAL,OK,near_reference,"{reference_kmh=24.04270462633433, age_s=0.0}"
562.0,POWER,160,NEUTRAL,OK,power_present,{age_s=0.0}
562.0,HR,130,NEUTRAL,OK,hr_present,{age_s=0.0}
562.0,CADENCE,65,GREEN,OK,preferred_low_cadence_band,{age_s=0.0}
562.0,GRADE,0,NEUTRAL,OK,flat_deadband,"{grade_raw=0.0, grade_display=0.0}"
562.0,GEAR,WAIT,GRAY,NO_DATA,missing_gear,{}
563.0,SPEED,24.0,NEUTRAL,OK,near_reference,"{reference_kmh=24.042628774422546, age_s=0.0}"
563.0,POWER,160,NEUTRAL,OK,power_present,{age_s=0.0}
563.0,HR,130,NEUTRAL,OK,hr_present,{age_s=0.0}
563.0,CADENCE,65,GREEN,OK,preferred_low_cadence_band,{age_s=0.0}
563.0,GRADE,0,NEUTRAL,OK,flat_deadband,"{grade_raw=0.0, grade_display=0.0}"
563.0,GEAR,WAIT,GRAY,NO_DATA,missing_gear,{}
564.0,SPEED,24.0,NEUTRAL,OK,near_reference,"{reference_kmh=24.04255319148917, age_s=0.0}"
564.0,POWER,160,NEUTRAL,OK,power_present,{age_s=0.0}
564.0,HR,130,NEUTRAL,OK,hr_present,{age_s=0.0}
564.0,CADENCE,65,GREEN,OK,preferred_low_cadence_band,{age_s=0.0}
564.0,GRADE,0,NEUTRAL,OK,flat_deadband,"{grade_raw=0.0, grade_display=0.0}"
564.0,GEAR,WAIT,GRAY,NO_DATA,missing_gear,{}
565.0,SPEED,24.0,NEUTRAL,OK,near_reference,"{reference_kmh=24.042477876106005, age_s=0.0}"
565.0,POWER,160,NEUTRAL,OK,power_present,{age_s=0.0}
565.0,HR,130,NEUTRAL,OK,hr_present,{age_s=0.0}
565.0,CADENCE,65,GREEN,OK,preferred_low_cadence_band,{age_s=0.0}
565.0,GRADE,0,NEUTRAL,OK,flat_deadband,"{grade_raw=0.0, grade_display=0.0}"
565.0,GEAR,WAIT,GRAY,NO_DATA,missing_gear,{}
566.0,SPEED,24.0,NEUTRAL,OK,near_reference,"{reference_kmh=24.042402826854932, age_s=0.0}"
566.0,POWER,160,NEUTRAL,OK,power_present,{age_s=0.0}
566.0,HR,130,NEUTRAL,OK,hr_present,{age_s=0.0}
566.0,CADENCE,65,GREEN,OK,preferred_low_cadence_band,{age_s=0.0}
566.0,GRADE,0,NEUTRAL,OK,flat_deadband,"{grade_raw=0.0, grade_display=0.0}"
566.0,GEAR,WAIT,GRAY,NO_DATA,missing_gear,{}
567.0,SPEED,24.0,NEUTRAL,OK,near_reference,"{reference_kmh=24.04232804232785, age_s=0.0}"
567.0,POWER,160,NEUTRAL,OK,power_present,{age_s=0.0}
567.0,HR,130,NEUTRAL,OK,hr_present,{age_s=0.0}
567.0,CADENCE,65,GREEN,OK,preferred_low_cadence_band,{age_s=0.0}
567.0,GRADE,0,NEUTRAL,OK,flat_deadband,"{grade_raw=0.0, grade_display=0.0}"
567.0,GEAR,WAIT,GRAY,NO_DATA,missing_gear,{}
568.0,SPEED,24.0,NEUTRAL,OK,near_reference,"{reference_kmh=24.042253521126568, age_s=0.0}"
568.0,POWER,160,NEUTRAL,OK,power_present,{age_s=0.0}
568.0,HR,130,NEUTRAL,OK,hr_present,{age_s=0.0}
568.0,CADENCE,65,GREEN,OK,preferred_low_cadence_band,{age_s=0.0}
568.0,GRADE,0,NEUTRAL,OK,flat_deadband,"{grade_raw=0.0, grade_display=0.0}"
568.0,GEAR,WAIT,GRAY,NO_DATA,missing_gear,{}
569.0,SPEED,24.0,NEUTRAL,OK,near_reference,"{reference_kmh=24.042179261862724, age_s=0.0}"
569.0,POWER,160,NEUTRAL,OK,power_present,{age_s=0.0}
569.0,HR,130,NEUTRAL,OK,hr_present,{age_s=0.0}
569.0,CADENCE,65,GREEN,OK,preferred_low_cadence_band,{age_s=0.0}
569.0,GRADE,0,NEUTRAL,OK,flat_deadband,"{grade_raw=0.0, grade_display=0.0}"
569.0,GEAR,WAIT,GRAY,NO_DATA,missing_gear,{}
570.0,SPEED,24.0,NEUTRAL,OK,near_reference,"{reference_kmh=24.0421052631577, age_s=0.0}"
570.0,POWER,160,NEUTRAL,OK,power_present,{age_s=0.0}
570.0,HR,130,NEUTRAL,OK,hr_present,{age_s=0.0}
570.0,CADENCE,65,GREEN,OK,preferred_low_cadence_band,{age_s=0.0}
570.0,GRADE,0,NEUTRAL,OK,flat_deadband,"{grade_raw=0.0, grade_display=0.0}"
570.0,GEAR,WAIT,GRAY,NO_DATA,missing_gear,{}
571.0,SPEED,24.0,NEUTRAL,OK,near_reference,"{reference_kmh=24.042031523642535, age_s=0.0}"
571.0,POWER,160,NEUTRAL,OK,power_present,{age_s=0.0}
571.0,HR,130,NEUTRAL,OK,hr_present,{age_s=0.0}
571.0,CADENCE,65,GREEN,OK,preferred_low_cadence_band,{age_s=0.0}
571.0,GRADE,0,NEUTRAL,OK,flat_deadband,"{grade_raw=0.0, grade_display=0.0}"
571.0,GEAR,WAIT,GRAY,NO_DATA,missing_gear,{}
572.0,SPEED,24.0,NEUTRAL,OK,near_reference,"{reference_kmh=24.041958041957848, age_s=0.0}"
572.0,POWER,160,NEUTRAL,OK,power_present,{age_s=0.0}
572.0,HR,130,NEUTRAL,OK,hr_present,{age_s=0.0}
572.0,CADENCE,65,GREEN,OK,preferred_low_cadence_band,{age_s=0.0}
572.0,GRADE,0,NEUTRAL,OK,flat_deadband,"{grade_raw=0.0, grade_display=0.0}"
572.0,GEAR,WAIT,GRAY,NO_DATA,missing_gear,{}
573.0,SPEED,24.0,NEUTRAL,OK,near_reference,"{reference_kmh=24.04188481675373, age_s=0.0}"
573.0,POWER,160,NEUTRAL,OK,power_present,{age_s=0.0}
573.0,HR,130,NEUTRAL,OK,hr_present,{age_s=0.0}
573.0,CADENCE,65,GREEN,OK,preferred_low_cadence_band,{age_s=0.0}
573.0,GRADE,0,NEUTRAL,OK,flat_deadband,"{grade_raw=0.0, grade_display=0.0}"
573.0,GEAR,WAIT,GRAY,NO_DATA,missing_gear,{}
574.0,SPEED,24.0,NEUTRAL,OK,near_reference,"{reference_kmh=24.041811846689697, age_s=0.0}"
574.0,POWER,160,NEUTRAL,OK,power_present,{age_s=0.0}
574.0,HR,130,NEUTRAL,OK,hr_present,{age_s=0.0}
574.0,CADENCE,65,GREEN,OK,preferred_low_cadence_band,{age_s=0.0}
574.0,GRADE,0,NEUTRAL,OK,flat_deadband,"{grade_raw=0.0, grade_display=0.0}"
574.0,GEAR,WAIT,GRAY,NO_DATA,missing_gear,{}
575.0,SPEED,24.0,NEUTRAL,OK,near_reference,"{reference_kmh=24.04173913043459, age_s=0.0}"
575.0,POWER,160,NEUTRAL,OK,power_present,{age_s=0.0}
575.0,HR,130,NEUTRAL,OK,hr_present,{age_s=0.0}
575.0,CADENCE,65,GREEN,OK,preferred_low_cadence_band,{age_s=0.0}
575.0,GRADE,0,NEUTRAL,OK,flat_deadband,"{grade_raw=0.0, grade_display=0.0}"
575.0,GEAR,WAIT,GRAY,NO_DATA,missing_gear,{}
576.0,SPEED,24.0,NEUTRAL,OK,near_reference,"{reference_kmh=24.04166666666647, age_s=0.0}"
576.0,POWER,160,NEUTRAL,OK,power_present,{age_s=0.0}
576.0,HR,130,NEUTRAL,OK,hr_present,{age_s=0.0}
576.0,CADENCE,65,GREEN,OK,preferred_low_cadence_band,{age_s=0.0}
576.0,GRADE,0,NEUTRAL,OK,flat_deadband,"{grade_raw=0.0, grade_display=0.0}"
576.0,GEAR,WAIT,GRAY,NO_DATA,missing_gear,{}
577.0,SPEED,24.0,NEUTRAL,OK,near_reference,"{reference_kmh=24.041594454072595, age_s=0.0}"
577.0,POWER,160,NEUTRAL,OK,power_present,{age_s=0.0}
577.0,HR,130,NEUTRAL,OK,hr_present,{age_s=0.0}
577.0,CADENCE,65,GREEN,OK,preferred_low_cadence_band,{age_s=0.0}
577.0,GRADE,0,NEUTRAL,OK,flat_deadband,"{grade_raw=0.0, grade_display=0.0}"
577.0,GEAR,WAIT,GRAY,NO_DATA,missing_gear,{}
578.0,SPEED,24.0,NEUTRAL,OK,near_reference,"{reference_kmh=24.041522491349284, age_s=0.0}"
578.0,POWER,160,NEUTRAL,OK,power_present,{age_s=0.0}
578.0,HR,130,NEUTRAL,OK,hr_present,{age_s=0.0}
578.0,CADENCE,65,GREEN,OK,preferred_low_cadence_band,{age_s=0.0}
578.0,GRADE,0,NEUTRAL,OK,flat_deadband,"{grade_raw=0.0, grade_display=0.0}"
578.0,GEAR,WAIT,GRAY,NO_DATA,missing_gear,{}
579.0,SPEED,24.0,NEUTRAL,OK,near_reference,"{reference_kmh=24.041450777201874, age_s=0.0}"
579.0,POWER,160,NEUTRAL,OK,power_present,{age_s=0.0}
579.0,HR,130,NEUTRAL,OK,hr_present,{age_s=0.0}
579.0,CADENCE,65,GREEN,OK,preferred_low_cadence_band,{age_s=0.0}
579.0,GRADE,0,NEUTRAL,OK,flat_deadband,"{grade_raw=0.0, grade_display=0.0}"
579.0,GEAR,WAIT,GRAY,NO_DATA,missing_gear,{}
580.0,SPEED,24.0,NEUTRAL,OK,near_reference,"{reference_kmh=24.041379310344627, age_s=0.0}"
580.0,POWER,160,NEUTRAL,OK,power_present,{age_s=0.0}
580.0,HR,130,NEUTRAL,OK,hr_present,{age_s=0.0}
580.0,CADENCE,65,GREEN,OK,preferred_low_cadence_band,{age_s=0.0}
580.0,GRADE,0,NEUTRAL,OK,flat_deadband,"{grade_raw=0.0, grade_display=0.0}"
580.0,GEAR,WAIT,GRAY,NO_DATA,missing_gear,{}
581.0,SPEED,24.0,NEUTRAL,OK,near_reference,"{reference_kmh=24.041308089500664, age_s=0.0}"
581.0,POWER,160,NEUTRAL,OK,power_present,{age_s=0.0}
581.0,HR,130,NEUTRAL,OK,hr_present,{age_s=0.0}
581.0,CADENCE,65,GREEN,OK,preferred_low_cadence_band,{age_s=0.0}
581.0,GRADE,0,NEUTRAL,OK,flat_deadband,"{grade_raw=0.0, grade_display=0.0}"
581.0,GEAR,WAIT,GRAY,NO_DATA,missing_gear,{}
582.0,SPEED,24.0,NEUTRAL,OK,near_reference,"{reference_kmh=24.041237113401863, age_s=0.0}"
582.0,POWER,160,NEUTRAL,OK,power_present,{age_s=0.0}
582.0,HR,130,NEUTRAL,OK,hr_present,{age_s=0.0}
582.0,CADENCE,65,GREEN,OK,preferred_low_cadence_band,{age_s=0.0}
582.0,GRADE,0,NEUTRAL,OK,flat_deadband,"{grade_raw=0.0, grade_display=0.0}"
582.0,GEAR,WAIT,GRAY,NO_DATA,missing_gear,{}
583.0,SPEED,24.0,NEUTRAL,OK,near_reference,"{reference_kmh=24.04116638078882, age_s=0.0}"
583.0,POWER,160,NEUTRAL,OK,power_present,{age_s=0.0}
583.0,HR,130,NEUTRAL,OK,hr_present,{age_s=0.0}
583.0,CADENCE,65,GREEN,OK,preferred_low_cadence_band,{age_s=0.0}
583.0,GRADE,0,NEUTRAL,OK,flat_deadband,"{grade_raw=0.0, grade_display=0.0}"
583.0,GEAR,WAIT,GRAY,NO_DATA,missing_gear,{}
584.0,SPEED,24.0,NEUTRAL,OK,near_reference,"{reference_kmh=24.04109589041076, age_s=0.0}"
584.0,POWER,160,NEUTRAL,OK,power_present,{age_s=0.0}
584.0,HR,130,NEUTRAL,OK,hr_present,{age_s=0.0}
584.0,CADENCE,65,GREEN,OK,preferred_low_cadence_band,{age_s=0.0}
584.0,GRADE,0,NEUTRAL,OK,flat_deadband,"{grade_raw=0.0, grade_display=0.0}"
584.0,GEAR,WAIT,GRAY,NO_DATA,missing_gear,{}
585.0,SPEED,24.0,NEUTRAL,OK,near_reference,"{reference_kmh=24.04102564102544, age_s=0.0}"
585.0,POWER,160,NEUTRAL,OK,power_present,{age_s=0.0}
585.0,HR,130,NEUTRAL,OK,hr_present,{age_s=0.0}
585.0,CADENCE,65,GREEN,OK,preferred_low_cadence_band,{age_s=0.0}
585.0,GRADE,0,NEUTRAL,OK,flat_deadband,"{grade_raw=0.0, grade_display=0.0}"
585.0,GEAR,WAIT,GRAY,NO_DATA,missing_gear,{}
586.0,SPEED,24.0,NEUTRAL,OK,near_reference,"{reference_kmh=24.040955631399115, age_s=0.0}"
586.0,POWER,160,NEUTRAL,OK,power_present,{age_s=0.0}
586.0,HR,130,NEUTRAL,OK,hr_present,{age_s=0.0}
586.0,CADENCE,65,GREEN,OK,preferred_low_cadence_band,{age_s=0.0}
586.0,GRADE,0,NEUTRAL,OK,flat_deadband,"{grade_raw=0.0, grade_display=0.0}"
586.0,GEAR,WAIT,GRAY,NO_DATA,missing_gear,{}
587.0,SPEED,24.0,NEUTRAL,OK,near_reference,"{reference_kmh=24.04088586030644, age_s=0.0}"
587.0,POWER,160,NEUTRAL,OK,power_present,{age_s=0.0}
587.0,HR,130,NEUTRAL,OK,hr_present,{age_s=0.0}
587.0,CADENCE,65,GREEN,OK,preferred_low_cadence_band,{age_s=0.0}
587.0,GRADE,0,NEUTRAL,OK,flat_deadband,"{grade_raw=0.0, grade_display=0.0}"
587.0,GEAR,WAIT,GRAY,NO_DATA,missing_gear,{}
588.0,SPEED,24.0,NEUTRAL,OK,near_reference,"{reference_kmh=24.040816326530408, age_s=0.0}"
588.0,POWER,160,NEUTRAL,OK,power_present,{age_s=0.0}
588.0,HR,130,NEUTRAL,OK,hr_present,{age_s=0.0}
588.0,CADENCE,65,GREEN,OK,preferred_low_cadence_band,{age_s=0.0}
588.0,GRADE,0,NEUTRAL,OK,flat_deadband,"{grade_raw=0.0, grade_display=0.0}"
588.0,GEAR,WAIT,GRAY,NO_DATA,missing_gear,{}
589.0,SPEED,24.0,NEUTRAL,OK,near_reference,"{reference_kmh=24.04074702886227, age_s=0.0}"
589.0,POWER,160,NEUTRAL,OK,power_present,{age_s=0.0}
589.0,HR,130,NEUTRAL,OK,hr_present,{age_s=0.0}
589.0,CADENCE,65,GREEN,OK,preferred_low_cadence_band,{age_s=0.0}
589.0,GRADE,0,NEUTRAL,OK,flat_deadband,"{grade_raw=0.0, grade_display=0.0}"
589.0,GEAR,WAIT,GRAY,NO_DATA,missing_gear,{}
590.0,SPEED,24.0,NEUTRAL,OK,near_reference,"{reference_kmh=24.040677966101487, age_s=0.0}"
590.0,POWER,160,NEUTRAL,OK,power_present,{age_s=0.0}
590.0,HR,130,NEUTRAL,OK,hr_present,{age_s=0.0}
590.0,CADENCE,65,GREEN,OK,preferred_low_cadence_band,{age_s=0.0}
590.0,GRADE,0,NEUTRAL,OK,flat_deadband,"{grade_raw=0.0, grade_display=0.0}"
590.0,GEAR,WAIT,GRAY,NO_DATA,missing_gear,{}
591.0,SPEED,24.0,NEUTRAL,OK,near_reference,"{reference_kmh=24.040609137055633, age_s=0.0}"
591.0,POWER,160,NEUTRAL,OK,power_present,{age_s=0.0}
591.0,HR,130,NEUTRAL,OK,hr_present,{age_s=0.0}
591.0,CADENCE,65,GREEN,OK,preferred_low_cadence_band,{age_s=0.0}
591.0,GRADE,0,NEUTRAL,OK,flat_deadband,"{grade_raw=0.0, grade_display=0.0}"
591.0,GEAR,WAIT,GRAY,NO_DATA,missing_gear,{}
592.0,SPEED,24.0,NEUTRAL,OK,near_reference,"{reference_kmh=24.040540540540334, age_s=0.0}"
592.0,POWER,160,NEUTRAL,OK,power_present,{age_s=0.0}
592.0,HR,130,NEUTRAL,OK,hr_present,{age_s=0.0}
592.0,CADENCE,65,GREEN,OK,preferred_low_cadence_band,{age_s=0.0}
592.0,GRADE,0,NEUTRAL,OK,flat_deadband,"{grade_raw=0.0, grade_display=0.0}"
592.0,GEAR,WAIT,GRAY,NO_DATA,missing_gear,{}
593.0,SPEED,24.0,NEUTRAL,OK,near_reference,"{reference_kmh=24.04047217537922, age_s=0.0}"
593.0,POWER,160,NEUTRAL,OK,power_present,{age_s=0.0}
593.0,HR,130,NEUTRAL,OK,hr_present,{age_s=0.0}
593.0,CADENCE,65,GREEN,OK,preferred_low_cadence_band,{age_s=0.0}
593.0,GRADE,0,NEUTRAL,OK,flat_deadband,"{grade_raw=0.0, grade_display=0.0}"
593.0,GEAR,WAIT,GRAY,NO_DATA,missing_gear,{}
594.0,SPEED,24.0,NEUTRAL,OK,near_reference,"{reference_kmh=24.040404040403832, age_s=0.0}"
594.0,POWER,160,NEUTRAL,OK,power_present,{age_s=0.0}
594.0,HR,130,NEUTRAL,OK,hr_present,{age_s=0.0}
594.0,CADENCE,65,GREEN,OK,preferred_low_cadence_band,{age_s=0.0}
594.0,GRADE,0,NEUTRAL,OK,flat_deadband,"{grade_raw=0.0, grade_display=0.0}"
594.0,GEAR,WAIT,GRAY,NO_DATA,missing_gear,{}
595.0,SPEED,24.0,NEUTRAL,OK,near_reference,"{reference_kmh=24.040336134453575, age_s=0.0}"
595.0,POWER,160,NEUTRAL,OK,power_present,{age_s=0.0}
595.0,HR,130,NEUTRAL,OK,hr_present,{age_s=0.0}
595.0,CADENCE,65,GREEN,OK,preferred_low_cadence_band,{age_s=0.0}
595.0,GRADE,0,NEUTRAL,OK,flat_deadband,"{grade_raw=0.0, grade_display=0.0}"
595.0,GEAR,WAIT,GRAY,NO_DATA,missing_gear,{}
596.0,SPEED,24.0,NEUTRAL,OK,near_reference,"{reference_kmh=24.040268456375628, age_s=0.0}"
596.0,POWER,160,NEUTRAL,OK,power_present,{age_s=0.0}
596.0,HR,130,NEUTRAL,OK,hr_present,{age_s=0.0}
596.0,CADENCE,65,GREEN,OK,preferred_low_cadence_band,{age_s=0.0}
596.0,GRADE,0,NEUTRAL,OK,flat_deadband,"{grade_raw=0.0, grade_display=0.0}"
596.0,GEAR,WAIT,GRAY,NO_DATA,missing_gear,{}
597.0,SPEED,24.0,NEUTRAL,OK,near_reference,"{reference_kmh=24.04020100502492, age_s=0.0}"
597.0,POWER,160,NEUTRAL,OK,power_present,{age_s=0.0}
597.0,HR,130,NEUTRAL,OK,hr_present,{age_s=0.0}
597.0,CADENCE,65,GREEN,OK,preferred_low_cadence_band,{age_s=0.0}
597.0,GRADE,0,NEUTRAL,OK,flat_deadband,"{grade_raw=0.0, grade_display=0.0}"
597.0,GEAR,WAIT,GRAY,NO_DATA,missing_gear,{}
598.0,SPEED,24.0,NEUTRAL,OK,near_reference,"{reference_kmh=24.040133779264007, age_s=0.0}"
598.0,POWER,160,NEUTRAL,OK,power_present,{age_s=0.0}
598.0,HR,130,NEUTRAL,OK,hr_present,{age_s=0.0}
598.0,CADENCE,65,GREEN,OK,preferred_low_cadence_band,{age_s=0.0}
598.0,GRADE,0,NEUTRAL,OK,flat_deadband,"{grade_raw=0.0, grade_display=0.0}"
598.0,GEAR,WAIT,GRAY,NO_DATA,missing_gear,{}
599.0,SPEED,24.0,NEUTRAL,OK,near_reference,"{reference_kmh=24.040066777963062, age_s=0.0}"
599.0,POWER,160,NEUTRAL,OK,power_present,{age_s=0.0}
599.0,HR,130,NEUTRAL,OK,hr_present,{age_s=0.0}
599.0,CADENCE,65,GREEN,OK,preferred_low_cadence_band,{age_s=0.0}
599.0,GRADE,0,NEUTRAL,OK,flat_deadband,"{grade_raw=0.0, grade_display=0.0}"
599.0,GEAR,WAIT,GRAY,NO_DATA,missing_gear,{}
600.0,SPEED,24.0,NEUTRAL,OK,near_reference,"{reference_kmh=24.03999999999979, age_s=0.0}"
600.0,POWER,160,NEUTRAL,OK,power_present,{age_s=0.0}
600.0,HR,130,NEUTRAL,OK,hr_present,{age_s=0.0}
600.0,CADENCE,65,GREEN,OK,preferred_low_cadence_band,{age_s=0.0}
600.0,GRADE,0,NEUTRAL,OK,flat_deadband,"{grade_raw=0.0, grade_display=0.0}"
600.0,GEAR,WAIT,GRAY,NO_DATA,missing_gear,{}
601.0,SPEED,0.0,AMBER,OK,below_reference,"{reference_kmh=24.03999999999979, age_s=0.0}"
601.0,POWER,0,NEUTRAL,OK,power_present,{age_s=0.0}
601.0,HR,120,NEUTRAL,OK,hr_present,{age_s=0.0}
601.0,CADENCE,0,GRAY,OK,coasting_or_stopped,{age_s=0.0}
601.0,GRADE,0,NEUTRAL,OK,flat_deadband,"{grade_raw=0.0, grade_display=0.0}"
601.0,GEAR,WAIT,GRAY,NO_DATA,missing_gear,{}
602.0,SPEED,0.0,AMBER,OK,below_reference,"{reference_kmh=24.03999999999979, age_s=0.0}"
602.0,POWER,0,NEUTRAL,OK,power_present,{age_s=0.0}
602.0,HR,118,NEUTRAL,OK,hr_present,{age_s=0.0}
602.0,CADENCE,0,GRAY,OK,coasting_or_stopped,{age_s=0.0}
602.0,GRADE,0,NEUTRAL,OK,flat_deadband,"{grade_raw=0.0, grade_display=0.0}"
602.0,GEAR,WAIT,GRAY,NO_DATA,missing_gear,{}
603.0,SPEED,0.0,AMBER,OK,below_reference,"{reference_kmh=24.03999999999979, age_s=0.0}"
603.0,POWER,0,NEUTRAL,OK,power_present,{age_s=0.0}
603.0,HR,118,NEUTRAL,OK,hr_present,{age_s=0.0}
603.0,CADENCE,0,GRAY,OK,coasting_or_stopped,{age_s=0.0}
603.0,GRADE,0,NEUTRAL,OK,flat_deadband,"{grade_raw=0.0, grade_display=0.0}"
603.0,GEAR,WAIT,GRAY,NO_DATA,missing_gear,{}
604.0,SPEED,0.0,AMBER,OK,below_reference,"{reference_kmh=24.03999999999979, age_s=0.0}"
604.0,POWER,0,NEUTRAL,OK,power_present,{age_s=0.0}
604.0,HR,118,NEUTRAL,OK,hr_present,{age_s=0.0}
604.0,CADENCE,0,GRAY,OK,coasting_or_stopped,{age_s=0.0}
604.0,GRADE,0,NEUTRAL,OK,flat_deadband,"{grade_raw=0.0, grade_display=0.0}"
604.0,GEAR,WAIT,GRAY,NO_DATA,missing_gear,{}
605.0,SPEED,0.0,AMBER,OK,below_reference,"{reference_kmh=24.03999999999979, age_s=0.0}"
605.0,POWER,0,NEUTRAL,OK,power_present,{age_s=0.0}
605.0,HR,118,NEUTRAL,OK,hr_present,{age_s=0.0}
605.0,CADENCE,0,GRAY,OK,coasting_or_stopped,{age_s=0.0}
605.0,GRADE,0,NEUTRAL,OK,flat_deadband,"{grade_raw=0.0, grade_display=0.0}"
605.0,GEAR,WAIT,GRAY,NO_DATA,missing_gear,{}
606.0,SPEED,0.0,AMBER,OK,below_reference,"{reference_kmh=24.03999999999979, age_s=0.0}"
606.0,POWER,0,NEUTRAL,OK,power_present,{age_s=0.0}
606.0,HR,118,NEUTRAL,OK,hr_present,{age_s=0.0}
606.0,CADENCE,0,GRAY,OK,coasting_or_stopped,{age_s=0.0}
606.0,GRADE,0.0,GRAY,STALE,grade_stale,"{age_s=6.0, grade_display=0.0}"
606.0,GEAR,WAIT,GRAY,NO_DATA,missing_gear,{}
607.0,SPEED,0.0,AMBER,OK,below_reference,"{reference_kmh=24.03999999999979, age_s=0.0}"
607.0,POWER,0,NEUTRAL,OK,power_present,{age_s=0.0}
607.0,HR,118,NEUTRAL,OK,hr_present,{age_s=0.0}
607.0,CADENCE,0,GRAY,OK,coasting_or_stopped,{age_s=0.0}
607.0,GRADE,0.0,GRAY,STALE,grade_stale,"{age_s=7.0, grade_display=0.0}"
607.0,GEAR,WAIT,GRAY,NO_DATA,missing_gear,{}
608.0,SPEED,0.0,AMBER,OK,below_reference,"{reference_kmh=24.03999999999979, age_s=0.0}"
608.0,POWER,0,NEUTRAL,OK,power_present,{age_s=0.0}
608.0,HR,118,NEUTRAL,OK,hr_present,{age_s=0.0}
608.0,CADENCE,0,GRAY,OK,coasting_or_stopped,{age_s=0.0}
608.0,GRADE,0.0,GRAY,STALE,grade_stale,"{age_s=8.0, grade_display=0.0}"
608.0,GEAR,WAIT,GRAY,NO_DATA,missing_gear,{}
609.0,SPEED,0.0,AMBER,OK,below_reference,"{reference_kmh=24.03999999999979, age_s=0.0}"
609.0,POWER,0,NEUTRAL,OK,power_present,{age_s=0.0}
609.0,HR,118,NEUTRAL,OK,hr_present,{age_s=0.0}
609.0,CADENCE,0,GRAY,OK,coasting_or_stopped,{age_s=0.0}
609.0,GRADE,0.0,GRAY,STALE,grade_stale,"{age_s=9.0, grade_display=0.0}"
609.0,GEAR,WAIT,GRAY,NO_DATA,missing_gear,{}
610.0,SPEED,0.0,AMBER,OK,below_reference,"{reference_kmh=24.03999999999979, age_s=0.0}"
610.0,POWER,0,NEUTRAL,OK,power_present,{age_s=0.0}
610.0,HR,118,NEUTRAL,OK,hr_present,{age_s=0.0}
610.0,CADENCE,0,GRAY,OK,coasting_or_stopped,{age_s=0.0}
610.0,GRADE,0.0,GRAY,STALE,grade_stale,"{age_s=10.0, grade_display=0.0}"
610.0,GEAR,WAIT,GRAY,NO_DATA,missing_gear,{}
611.0,SPEED,0.0,AMBER,OK,below_reference,"{reference_kmh=24.03999999999979, age_s=0.0}"
611.0,POWER,0,NEUTRAL,OK,power_present,{age_s=0.0}
611.0,HR,118,NEUTRAL,OK,hr_present,{age_s=0.0}
611.0,CADENCE,0,GRAY,OK,coasting_or_stopped,{age_s=0.0}
611.0,GRADE,0.0,GRAY,STALE,grade_stale,"{age_s=11.0, grade_display=0.0}"
611.0,GEAR,WAIT,GRAY,NO_DATA,missing_gear,{}
612.0,SPEED,0.0,AMBER,OK,below_reference,"{reference_kmh=24.03999999999979, age_s=0.0}"
612.0,POWER,0,NEUTRAL,OK,power_present,{age_s=0.0}
612.0,HR,118,NEUTRAL,OK,hr_present,{age_s=0.0}
612.0,CADENCE,0,GRAY,OK,coasting_or_stopped,{age_s=0.0}
612.0,GRADE,0.0,GRAY,STALE,grade_stale,"{age_s=12.0, grade_display=0.0}"
612.0,GEAR,WAIT,GRAY,NO_DATA,missing_gear,{}
613.0,SPEED,0.0,AMBER,OK,below_reference,"{reference_kmh=24.03999999999979, age_s=0.0}"
613.0,POWER,0,NEUTRAL,OK,power_present,{age_s=0.0}
613.0,HR,118,NEUTRAL,OK,hr_present,{age_s=0.0}
613.0,CADENCE,0,GRAY,OK,coasting_or_stopped,{age_s=0.0}
613.0,GRADE,0.0,GRAY,STALE,grade_stale,"{age_s=13.0, grade_display=0.0}"
613.0,GEAR,WAIT,GRAY,NO_DATA,missing_gear,{}
614.0,SPEED,0.0,AMBER,OK,below_reference,"{reference_kmh=24.03999999999979, age_s=0.0}"
614.0,POWER,0,NEUTRAL,OK,power_present,{age_s=0.0}
614.0,HR,118,NEUTRAL,OK,hr_present,{age_s=0.0}
614.0,CADENCE,0,GRAY,OK,coasting_or_stopped,{age_s=0.0}
614.0,GRADE,0.0,GRAY,STALE,grade_stale,"{age_s=14.0, grade_display=0.0}"
614.0,GEAR,WAIT,GRAY,NO_DATA,missing_gear,{}
615.0,SPEED,0.0,AMBER,OK,below_reference,"{reference_kmh=24.03999999999979, age_s=0.0}"
615.0,POWER,0,NEUTRAL,OK,power_present,{age_s=0.0}
615.0,HR,118,NEUTRAL,OK,hr_present,{age_s=0.0}
615.0,CADENCE,0,GRAY,OK,coasting_or_stopped,{age_s=0.0}
615.0,GRADE,0.0,GRAY,STALE,grade_stale,"{age_s=15.0, grade_display=0.0}"
615.0,GEAR,WAIT,GRAY,NO_DATA,missing_gear,{}
616.0,SPEED,0.0,AMBER,OK,below_reference,"{reference_kmh=24.03999999999979, age_s=0.0}"
616.0,POWER,0,NEUTRAL,OK,power_present,{age_s=0.0}
616.0,HR,118,NEUTRAL,OK,hr_present,{age_s=0.0}
616.0,CADENCE,0,GRAY,OK,coasting_or_stopped,{age_s=0.0}
616.0,GRADE,0.0,GRAY,STALE,grade_stale,"{age_s=16.0, grade_display=0.0}"
616.0,GEAR,WAIT,GRAY,NO_DATA,missing_gear,{}
617.0,SPEED,0.0,AMBER,OK,below_reference,"{reference_kmh=24.03999999999979, age_s=0.0}"
617.0,POWER,0,NEUTRAL,OK,power_present,{age_s=0.0}
617.0,HR,118,NEUTRAL,OK,hr_present,{age_s=0.0}
617.0,CADENCE,0,GRAY,OK,coasting_or_stopped,{age_s=0.0}
617.0,GRADE,0.0,GRAY,STALE,grade_stale,"{age_s=17.0, grade_display=0.0}"
617.0,GEAR,WAIT,GRAY,NO_DATA,missing_gear,{}
618.0,SPEED,0.0,AMBER,OK,below_reference,"{reference_kmh=24.03999999999979, age_s=0.0}"
618.0,POWER,0,NEUTRAL,OK,power_present,{age_s=0.0}
618.0,HR,118,NEUTRAL,OK,hr_present,{age_s=0.0}
618.0,CADENCE,0,GRAY,OK,coasting_or_stopped,{age_s=0.0}
618.0,GRADE,0.0,GRAY,STALE,grade_stale,"{age_s=18.0, grade_display=0.0}"
618.0,GEAR,WAIT,GRAY,NO_DATA,missing_gear,{}
619.0,SPEED,0.0,AMBER,OK,below_reference,"{reference_kmh=24.03999999999979, age_s=0.0}"
619.0,POWER,0,NEUTRAL,OK,power_present,{age_s=0.0}
619.0,HR,118,NEUTRAL,OK,hr_present,{age_s=0.0}
619.0,CADENCE,0,GRAY,OK,coasting_or_stopped,{age_s=0.0}
619.0,GRADE,0.0,GRAY,STALE,grade_stale,"{age_s=19.0, grade_display=0.0}"
619.0,GEAR,WAIT,GRAY,NO_DATA,missing_gear,{}
620.0,SPEED,0.0,AMBER,OK,below_reference,"{reference_kmh=24.03999999999979, age_s=0.0}"
620.0,POWER,0,NEUTRAL,OK,power_present,{age_s=0.0}
620.0,HR,118,NEUTRAL,OK,hr_present,{age_s=0.0}
620.0,CADENCE,0,GRAY,OK,coasting_or_stopped,{age_s=0.0}
620.0,GRADE,0.0,GRAY,STALE,grade_stale,"{age_s=20.0, grade_display=0.0}"
620.0,GEAR,WAIT,GRAY,NO_DATA,missing_gear,{}
621.0,SPEED,0.0,AMBER,OK,below_reference,"{reference_kmh=24.03999999999979, age_s=0.0}"
621.0,POWER,0,NEUTRAL,OK,power_present,{age_s=0.0}
621.0,HR,118,NEUTRAL,OK,hr_present,{age_s=0.0}
621.0,CADENCE,0,GRAY,OK,coasting_or_stopped,{age_s=0.0}
621.0,GRADE,0.0,GRAY,STALE,grade_stale,"{age_s=21.0, grade_display=0.0}"
621.0,GEAR,WAIT,GRAY,NO_DATA,missing_gear,{}
622.0,SPEED,0.0,AMBER,OK,below_reference,"{reference_kmh=24.03999999999979, age_s=0.0}"
622.0,POWER,0,NEUTRAL,OK,power_present,{age_s=0.0}
622.0,HR,118,NEUTRAL,OK,hr_present,{age_s=0.0}
622.0,CADENCE,0,GRAY,OK,coasting_or_stopped,{age_s=0.0}
622.0,GRADE,0.0,GRAY,STALE,grade_stale,"{age_s=22.0, grade_display=0.0}"
622.0,GEAR,WAIT,GRAY,NO_DATA,missing_gear,{}
623.0,SPEED,0.0,AMBER,OK,below_reference,"{reference_kmh=24.03999999999979, age_s=0.0}"
623.0,POWER,0,NEUTRAL,OK,power_present,{age_s=0.0}
623.0,HR,118,NEUTRAL,OK,hr_present,{age_s=0.0}
623.0,CADENCE,0,GRAY,OK,coasting_or_stopped,{age_s=0.0}
623.0,GRADE,0.0,GRAY,STALE,grade_stale,"{age_s=23.0, grade_display=0.0}"
623.0,GEAR,WAIT,GRAY,NO_DATA,missing_gear,{}
624.0,SPEED,0.0,AMBER,OK,below_reference,"{reference_kmh=24.03999999999979, age_s=0.0}"
624.0,POWER,0,NEUTRAL,OK,power_present,{age_s=0.0}
624.0,HR,118,NEUTRAL,OK,hr_present,{age_s=0.0}
624.0,CADENCE,0,GRAY,OK,coasting_or_stopped,{age_s=0.0}
624.0,GRADE,0.0,GRAY,STALE,grade_stale,"{age_s=24.0, grade_display=0.0}"
624.0,GEAR,WAIT,GRAY,NO_DATA,missing_gear,{}
625.0,SPEED,0.0,AMBER,OK,below_reference,"{reference_kmh=24.03999999999979, age_s=0.0}"
625.0,POWER,0,NEUTRAL,OK,power_present,{age_s=0.0}
625.0,HR,118,NEUTRAL,OK,hr_present,{age_s=0.0}
625.0,CADENCE,0,GRAY,OK,coasting_or_stopped,{age_s=0.0}
625.0,GRADE,0.0,GRAY,STALE,grade_stale,"{age_s=25.0, grade_display=0.0}"
625.0,GEAR,WAIT,GRAY,NO_DATA,missing_gear,{}
626.0,SPEED,0.0,AMBER,OK,below_reference,"{reference_kmh=24.03999999999979, age_s=0.0}"
626.0,POWER,0,NEUTRAL,OK,power_present,{age_s=0.0}
626.0,HR,118,NEUTRAL,OK,hr_present,{age_s=0.0}
626.0,CADENCE,0,GRAY,OK,coasting_or_stopped,{age_s=0.0}
626.0,GRADE,0.0,GRAY,STALE,grade_stale,"{age_s=26.0, grade_display=0.0}"
626.0,GEAR,WAIT,GRAY,NO_DATA,missing_gear,{}
627.0,SPEED,0.0,AMBER,OK,below_reference,"{reference_kmh=24.03999999999979, age_s=0.0}"
627.0,POWER,0,NEUTRAL,OK,power_present,{age_s=0.0}
627.0,HR,118,NEUTRAL,OK,hr_present,{age_s=0.0}
627.0,CADENCE,0,GRAY,OK,coasting_or_stopped,{age_s=0.0}
627.0,GRADE,0.0,GRAY,STALE,grade_stale,"{age_s=27.0, grade_display=0.0}"
627.0,GEAR,WAIT,GRAY,NO_DATA,missing_gear,{}
628.0,SPEED,0.0,AMBER,OK,below_reference,"{reference_kmh=24.03999999999979, age_s=0.0}"
628.0,POWER,0,NEUTRAL,OK,power_present,{age_s=0.0}
628.0,HR,118,NEUTRAL,OK,hr_present,{age_s=0.0}
628.0,CADENCE,0,GRAY,OK,coasting_or_stopped,{age_s=0.0}
628.0,GRADE,0.0,GRAY,STALE,grade_stale,"{age_s=28.0, grade_display=0.0}"
628.0,GEAR,WAIT,GRAY,NO_DATA,missing_gear,{}
629.0,SPEED,0.0,AMBER,OK,below_reference,"{reference_kmh=24.03999999999979, age_s=0.0}"
629.0,POWER,0,NEUTRAL,OK,power_present,{age_s=0.0}
629.0,HR,118,NEUTRAL,OK,hr_present,{age_s=0.0}
629.0,CADENCE,0,GRAY,OK,coasting_or_stopped,{age_s=0.0}
629.0,GRADE,0.0,GRAY,STALE,grade_stale,"{age_s=29.0, grade_display=0.0}"
629.0,GEAR,WAIT,GRAY,NO_DATA,missing_gear,{}
630.0,SPEED,0.0,AMBER,OK,below_reference,"{reference_kmh=24.03999999999979, age_s=0.0}"
630.0,POWER,0,NEUTRAL,OK,power_present,{age_s=0.0}
630.0,HR,118,NEUTRAL,OK,hr_present,{age_s=0.0}
630.0,CADENCE,0,GRAY,OK,coasting_or_stopped,{age_s=0.0}
630.0,GRADE,0.0,GRAY,STALE,grade_stale,"{age_s=30.0, grade_display=0.0}"
630.0,GEAR,WAIT,GRAY,NO_DATA,missing_gear,{}
631.0,SPEED,0.0,AMBER,OK,below_reference,"{reference_kmh=24.03999999999979, age_s=0.0}"
631.0,POWER,0,NEUTRAL,OK,power_present,{age_s=0.0}
631.0,HR,118,NEUTRAL,OK,hr_present,{age_s=0.0}
631.0,CADENCE,0,GRAY,OK,coasting_or_stopped,{age_s=0.0}
631.0,GRADE,0.0,GRAY,STALE,grade_stale,"{age_s=31.0, grade_display=0.0}"
631.0,GEAR,WAIT,GRAY,NO_DATA,missing_gear,{}
632.0,SPEED,0.0,AMBER,OK,below_reference,"{reference_kmh=24.03999999999979, age_s=0.0}"
632.0,POWER,0,NEUTRAL,OK,power_present,{age_s=0.0}
632.0,HR,118,NEUTRAL,OK,hr_present,{age_s=0.0}
632.0,CADENCE,0,GRAY,OK,coasting_or_stopped,{age_s=0.0}
632.0,GRADE,0.0,GRAY,STALE,grade_stale,"{age_s=32.0, grade_display=0.0}"
632.0,GEAR,WAIT,GRAY,NO_DATA,missing_gear,{}
633.0,SPEED,0.0,AMBER,OK,below_reference,"{reference_kmh=24.03999999999979, age_s=0.0}"
633.0,POWER,0,NEUTRAL,OK,power_present,{age_s=0.0}
633.0,HR,118,NEUTRAL,OK,hr_present,{age_s=0.0}
633.0,CADENCE,0,GRAY,OK,coasting_or_stopped,{age_s=0.0}
633.0,GRADE,0.0,GRAY,STALE,grade_stale,"{age_s=33.0, grade_display=0.0}"
633.0,GEAR,WAIT,GRAY,NO_DATA,missing_gear,{}
634.0,SPEED,0.0,AMBER,OK,below_reference,"{reference_kmh=24.03999999999979, age_s=0.0}"
634.0,POWER,0,NEUTRAL,OK,power_present,{age_s=0.0}
634.0,HR,118,NEUTRAL,OK,hr_present,{age_s=0.0}
634.0,CADENCE,0,GRAY,OK,coasting_or_stopped,{age_s=0.0}
634.0,GRADE,0.0,GRAY,STALE,grade_stale,"{age_s=34.0, grade_display=0.0}"
634.0,GEAR,WAIT,GRAY,NO_DATA,missing_gear,{}
635.0,SPEED,0.0,AMBER,OK,below_reference,"{reference_kmh=24.03999999999979, age_s=0.0}"
635.0,POWER,0,NEUTRAL,OK,power_present,{age_s=0.0}
635.0,HR,118,NEUTRAL,OK,hr_present,{age_s=0.0}
635.0,CADENCE,0,GRAY,OK,coasting_or_stopped,{age_s=0.0}
635.0,GRADE,0.0,GRAY,STALE,grade_stale,"{age_s=35.0, grade_display=0.0}"
635.0,GEAR,WAIT,GRAY,NO_DATA,missing_gear,{}
636.0,SPEED,0.0,AMBER,OK,below_reference,"{reference_kmh=24.03999999999979, age_s=0.0}"
636.0,POWER,0,NEUTRAL,OK,power_present,{age_s=0.0}
636.0,HR,118,NEUTRAL,OK,hr_present,{age_s=0.0}
636.0,CADENCE,0,GRAY,OK,coasting_or_stopped,{age_s=0.0}
636.0,GRADE,0.0,GRAY,STALE,grade_stale,"{age_s=36.0, grade_display=0.0}"
636.0,GEAR,WAIT,GRAY,NO_DATA,missing_gear,{}
637.0,SPEED,0.0,AMBER,OK,below_reference,"{reference_kmh=24.03999999999979, age_s=0.0}"
637.0,POWER,0,NEUTRAL,OK,power_present,{age_s=0.0}
637.0,HR,118,NEUTRAL,OK,hr_present,{age_s=0.0}
637.0,CADENCE,0,GRAY,OK,coasting_or_stopped,{age_s=0.0}
637.0,GRADE,0.0,GRAY,STALE,grade_stale,"{age_s=37.0, grade_display=0.0}"
637.0,GEAR,WAIT,GRAY,NO_DATA,missing_gear,{}
638.0,SPEED,0.0,AMBER,OK,below_reference,"{reference_kmh=24.03999999999979, age_s=0.0}"
638.0,POWER,0,NEUTRAL,OK,power_present,{age_s=0.0}
638.0,HR,118,NEUTRAL,OK,hr_present,{age_s=0.0}
638.0,CADENCE,0,GRAY,OK,coasting_or_stopped,{age_s=0.0}
638.0,GRADE,0.0,GRAY,STALE,grade_stale,"{age_s=38.0, grade_display=0.0}"
638.0,GEAR,WAIT,GRAY,NO_DATA,missing_gear,{}
639.0,SPEED,0.0,AMBER,OK,below_reference,"{reference_kmh=24.03999999999979, age_s=0.0}"
639.0,POWER,0,NEUTRAL,OK,power_present,{age_s=0.0}
639.0,HR,118,NEUTRAL,OK,hr_present,{age_s=0.0}
639.0,CADENCE,0,GRAY,OK,coasting_or_stopped,{age_s=0.0}
639.0,GRADE,0.0,GRAY,STALE,grade_stale,"{age_s=39.0, grade_display=0.0}"
639.0,GEAR,WAIT,GRAY,NO_DATA,missing_gear,{}
640.0,SPEED,0.0,AMBER,OK,below_reference,"{reference_kmh=24.03999999999979, age_s=0.0}"
640.0,POWER,0,NEUTRAL,OK,power_present,{age_s=0.0}
640.0,HR,118,NEUTRAL,OK,hr_present,{age_s=0.0}
640.0,CADENCE,0,GRAY,OK,coasting_or_stopped,{age_s=0.0}
640.0,GRADE,0.0,GRAY,STALE,grade_stale,"{age_s=40.0, grade_display=0.0}"
640.0,GEAR,WAIT,GRAY,NO_DATA,missing_gear,{}
641.0,SPEED,0.0,AMBER,OK,below_reference,"{reference_kmh=24.03999999999979, age_s=0.0}"
641.0,POWER,0,NEUTRAL,OK,power_present,{age_s=0.0}
641.0,HR,118,NEUTRAL,OK,hr_present,{age_s=0.0}
641.0,CADENCE,0,GRAY,OK,coasting_or_stopped,{age_s=0.0}
641.0,GRADE,0.0,GRAY,STALE,grade_stale,"{age_s=41.0, grade_display=0.0}"
641.0,GEAR,WAIT,GRAY,NO_DATA,missing_gear,{}
642.0,SPEED,0.0,AMBER,OK,below_reference,"{reference_kmh=24.03999999999979, age_s=0.0}"
642.0,POWER,0,NEUTRAL,OK,power_present,{age_s=0.0}
642.0,HR,118,NEUTRAL,OK,hr_present,{age_s=0.0}
642.0,CADENCE,0,GRAY,OK,coasting_or_stopped,{age_s=0.0}
642.0,GRADE,0.0,GRAY,STALE,grade_stale,"{age_s=42.0, grade_display=0.0}"
642.0,GEAR,WAIT,GRAY,NO_DATA,missing_gear,{}
643.0,SPEED,0.0,AMBER,OK,below_reference,"{reference_kmh=24.03999999999979, age_s=0.0}"
643.0,POWER,0,NEUTRAL,OK,power_present,{age_s=0.0}
643.0,HR,118,NEUTRAL,OK,hr_present,{age_s=0.0}
643.0,CADENCE,0,GRAY,OK,coasting_or_stopped,{age_s=0.0}
643.0,GRADE,0.0,GRAY,STALE,grade_stale,"{age_s=43.0, grade_display=0.0}"
643.0,GEAR,WAIT,GRAY,NO_DATA,missing_gear,{}
644.0,SPEED,0.0,AMBER,OK,below_reference,"{reference_kmh=24.03999999999979, age_s=0.0}"
644.0,POWER,0,NEUTRAL,OK,power_present,{age_s=0.0}
644.0,HR,118,NEUTRAL,OK,hr_present,{age_s=0.0}
644.0,CADENCE,0,GRAY,OK,coasting_or_stopped,{age_s=0.0}
644.0,GRADE,0.0,GRAY,STALE,grade_stale,"{age_s=44.0, grade_display=0.0}"
644.0,GEAR,WAIT,GRAY,NO_DATA,missing_gear,{}
645.0,SPEED,0.0,AMBER,OK,below_reference,"{reference_kmh=24.03999999999979, age_s=0.0}"
645.0,POWER,0,NEUTRAL,OK,power_present,{age_s=0.0}
645.0,HR,118,NEUTRAL,OK,hr_present,{age_s=0.0}
645.0,CADENCE,0,GRAY,OK,coasting_or_stopped,{age_s=0.0}
645.0,GRADE,0.0,GRAY,STALE,grade_stale,"{age_s=45.0, grade_display=0.0}"
645.0,GEAR,WAIT,GRAY,NO_DATA,missing_gear,{}
646.0,SPEED,0.0,AMBER,OK,below_reference,"{reference_kmh=24.03999999999979, age_s=0.0}"
646.0,POWER,0,NEUTRAL,OK,power_present,{age_s=0.0}
646.0,HR,118,NEUTRAL,OK,hr_present,{age_s=0.0}
646.0,CADENCE,0,GRAY,OK,coasting_or_stopped,{age_s=0.0}
646.0,GRADE,0.0,GRAY,STALE,grade_stale,"{age_s=46.0, grade_display=0.0}"
646.0,GEAR,WAIT,GRAY,NO_DATA,missing_gear,{}
647.0,SPEED,0.0,AMBER,OK,below_reference,"{reference_kmh=24.03999999999979, age_s=0.0}"
647.0,POWER,0,NEUTRAL,OK,power_present,{age_s=0.0}
647.0,HR,118,NEUTRAL,OK,hr_present,{age_s=0.0}
647.0,CADENCE,0,GRAY,OK,coasting_or_stopped,{age_s=0.0}
647.0,GRADE,0.0,GRAY,STALE,grade_stale,"{age_s=47.0, grade_display=0.0}"
647.0,GEAR,WAIT,GRAY,NO_DATA,missing_gear,{}
648.0,SPEED,0.0,AMBER,OK,below_reference,"{reference_kmh=24.03999999999979, age_s=0.0}"
648.0,POWER,0,NEUTRAL,OK,power_present,{age_s=0.0}
648.0,HR,118,NEUTRAL,OK,hr_present,{age_s=0.0}
648.0,CADENCE,0,GRAY,OK,coasting_or_stopped,{age_s=0.0}
648.0,GRADE,0.0,GRAY,STALE,grade_stale,"{age_s=48.0, grade_display=0.0}"
648.0,GEAR,WAIT,GRAY,NO_DATA,missing_gear,{}
649.0,SPEED,0.0,AMBER,OK,below_reference,"{reference_kmh=24.03999999999979, age_s=0.0}"
649.0,POWER,0,NEUTRAL,OK,power_present,{age_s=0.0}
649.0,HR,118,NEUTRAL,OK,hr_present,{age_s=0.0}
649.0,CADENCE,0,GRAY,OK,coasting_or_stopped,{age_s=0.0}
649.0,GRADE,0.0,GRAY,STALE,grade_stale,"{age_s=49.0, grade_display=0.0}"
649.0,GEAR,WAIT,GRAY,NO_DATA,missing_gear,{}
650.0,SPEED,0.0,AMBER,OK,below_reference,"{reference_kmh=24.03999999999979, age_s=0.0}"
650.0,POWER,0,NEUTRAL,OK,power_present,{age_s=0.0}
650.0,HR,118,NEUTRAL,OK,hr_present,{age_s=0.0}
650.0,CADENCE,0,GRAY,OK,coasting_or_stopped,{age_s=0.0}
650.0,GRADE,0.0,GRAY,STALE,grade_stale,"{age_s=50.0, grade_display=0.0}"
650.0,GEAR,WAIT,GRAY,NO_DATA,missing_gear,{}
651.0,SPEED,0.0,AMBER,OK,below_reference,"{reference_kmh=24.03999999999979, age_s=0.0}"
651.0,POWER,0,NEUTRAL,OK,power_present,{age_s=0.0}
651.0,HR,118,NEUTRAL,OK,hr_present,{age_s=0.0}
651.0,CADENCE,0,GRAY,OK,coasting_or_stopped,{age_s=0.0}
651.0,GRADE,0.0,GRAY,STALE,grade_stale,"{age_s=51.0, grade_display=0.0}"
651.0,GEAR,WAIT,GRAY,NO_DATA,missing_gear,{}
652.0,SPEED,0.0,AMBER,OK,below_reference,"{reference_kmh=24.03999999999979, age_s=0.0}"
652.0,POWER,0,NEUTRAL,OK,power_present,{age_s=0.0}
652.0,HR,118,NEUTRAL,OK,hr_present,{age_s=0.0}
652.0,CADENCE,0,GRAY,OK,coasting_or_stopped,{age_s=0.0}
652.0,GRADE,0.0,GRAY,STALE,grade_stale,"{age_s=52.0, grade_display=0.0}"
652.0,GEAR,WAIT,GRAY,NO_DATA,missing_gear,{}
653.0,SPEED,0.0,AMBER,OK,below_reference,"{reference_kmh=24.03999999999979, age_s=0.0}"
653.0,POWER,0,NEUTRAL,OK,power_present,{age_s=0.0}
653.0,HR,118,NEUTRAL,OK,hr_present,{age_s=0.0}
653.0,CADENCE,0,GRAY,OK,coasting_or_stopped,{age_s=0.0}
653.0,GRADE,0.0,GRAY,STALE,grade_stale,"{age_s=53.0, grade_display=0.0}"
653.0,GEAR,WAIT,GRAY,NO_DATA,missing_gear,{}
654.0,SPEED,0.0,AMBER,OK,below_reference,"{reference_kmh=24.03999999999979, age_s=0.0}"
654.0,POWER,0,NEUTRAL,OK,power_present,{age_s=0.0}
654.0,HR,118,NEUTRAL,OK,hr_present,{age_s=0.0}
654.0,CADENCE,0,GRAY,OK,coasting_or_stopped,{age_s=0.0}
654.0,GRADE,0.0,GRAY,STALE,grade_stale,"{age_s=54.0, grade_display=0.0}"
654.0,GEAR,WAIT,GRAY,NO_DATA,missing_gear,{}
655.0,SPEED,0.0,AMBER,OK,below_reference,"{reference_kmh=24.03999999999979, age_s=0.0}"
655.0,POWER,0,NEUTRAL,OK,power_present,{age_s=0.0}
655.0,HR,118,NEUTRAL,OK,hr_present,{age_s=0.0}
655.0,CADENCE,0,GRAY,OK,coasting_or_stopped,{age_s=0.0}
655.0,GRADE,0.0,GRAY,STALE,grade_stale,"{age_s=55.0, grade_display=0.0}"
655.0,GEAR,WAIT,GRAY,NO_DATA,missing_gear,{}
656.0,SPEED,0.0,AMBER,OK,below_reference,"{reference_kmh=24.03999999999979, age_s=0.0}"
656.0,POWER,0,NEUTRAL,OK,power_present,{age_s=0.0}
656.0,HR,118,NEUTRAL,OK,hr_present,{age_s=0.0}
656.0,CADENCE,0,GRAY,OK,coasting_or_stopped,{age_s=0.0}
656.0,GRADE,0.0,GRAY,STALE,grade_stale,"{age_s=56.0, grade_display=0.0}"
656.0,GEAR,WAIT,GRAY,NO_DATA,missing_gear,{}
657.0,SPEED,0.0,AMBER,OK,below_reference,"{reference_kmh=24.03999999999979, age_s=0.0}"
657.0,POWER,0,NEUTRAL,OK,power_present,{age_s=0.0}
657.0,HR,118,NEUTRAL,OK,hr_present,{age_s=0.0}
657.0,CADENCE,0,GRAY,OK,coasting_or_stopped,{age_s=0.0}
657.0,GRADE,0.0,GRAY,STALE,grade_stale,"{age_s=57.0, grade_display=0.0}"
657.0,GEAR,WAIT,GRAY,NO_DATA,missing_gear,{}
658.0,SPEED,0.0,AMBER,OK,below_reference,"{reference_kmh=24.03999999999979, age_s=0.0}"
658.0,POWER,0,NEUTRAL,OK,power_present,{age_s=0.0}
658.0,HR,118,NEUTRAL,OK,hr_present,{age_s=0.0}
658.0,CADENCE,0,GRAY,OK,coasting_or_stopped,{age_s=0.0}
658.0,GRADE,0.0,GRAY,STALE,grade_stale,"{age_s=58.0, grade_display=0.0}"
658.0,GEAR,WAIT,GRAY,NO_DATA,missing_gear,{}
659.0,SPEED,0.0,AMBER,OK,below_reference,"{reference_kmh=24.03999999999979, age_s=0.0}"
659.0,POWER,0,NEUTRAL,OK,power_present,{age_s=0.0}
659.0,HR,118,NEUTRAL,OK,hr_present,{age_s=0.0}
659.0,CADENCE,0,GRAY,OK,coasting_or_stopped,{age_s=0.0}
659.0,GRADE,0.0,GRAY,STALE,grade_stale,"{age_s=59.0, grade_display=0.0}"
659.0,GEAR,WAIT,GRAY,NO_DATA,missing_gear,{}
660.0,SPEED,0.0,AMBER,OK,below_reference,"{reference_kmh=24.03999999999979, age_s=0.0}"
660.0,POWER,0,NEUTRAL,OK,power_present,{age_s=0.0}
660.0,HR,118,NEUTRAL,OK,hr_present,{age_s=0.0}
660.0,CADENCE,0,GRAY,OK,coasting_or_stopped,{age_s=0.0}
660.0,GRADE,0.0,GRAY,STALE,grade_stale,"{age_s=60.0, grade_display=0.0}"
660.0,GEAR,WAIT,GRAY,NO_DATA,missing_gear,{}
661.0,SPEED,0.0,AMBER,OK,below_reference,"{reference_kmh=24.03999999999979, age_s=0.0}"
661.0,POWER,0,NEUTRAL,OK,power_present,{age_s=0.0}
661.0,HR,118,NEUTRAL,OK,hr_present,{age_s=0.0}
661.0,CADENCE,0,GRAY,OK,coasting_or_stopped,{age_s=0.0}
661.0,GRADE,0.0,GRAY,STALE,grade_stale,"{age_s=61.0, grade_display=0.0}"
661.0,GEAR,WAIT,GRAY,NO_DATA,missing_gear,{}
662.0,SPEED,0.0,AMBER,OK,below_reference,"{reference_kmh=24.03999999999979, age_s=0.0}"
662.0,POWER,0,NEUTRAL,OK,power_present,{age_s=0.0}
662.0,HR,118,NEUTRAL,OK,hr_present,{age_s=0.0}
662.0,CADENCE,0,GRAY,OK,coasting_or_stopped,{age_s=0.0}
662.0,GRADE,0.0,GRAY,STALE,grade_stale,"{age_s=62.0, grade_display=0.0}"
662.0,GEAR,WAIT,GRAY,NO_DATA,missing_gear,{}
663.0,SPEED,0.0,AMBER,OK,below_reference,"{reference_kmh=24.03999999999979, age_s=0.0}"
663.0,POWER,0,NEUTRAL,OK,power_present,{age_s=0.0}
663.0,HR,118,NEUTRAL,OK,hr_present,{age_s=0.0}
663.0,CADENCE,0,GRAY,OK,coasting_or_stopped,{age_s=0.0}
663.0,GRADE,0.0,GRAY,STALE,grade_stale,"{age_s=63.0, grade_display=0.0}"
663.0,GEAR,WAIT,GRAY,NO_DATA,missing_gear,{}
664.0,SPEED,0.0,AMBER,OK,below_reference,"{reference_kmh=24.03999999999979, age_s=0.0}"
664.0,POWER,0,NEUTRAL,OK,power_present,{age_s=0.0}
664.0,HR,118,NEUTRAL,OK,hr_present,{age_s=0.0}
664.0,CADENCE,0,GRAY,OK,coasting_or_stopped,{age_s=0.0}
664.0,GRADE,0.0,GRAY,STALE,grade_stale,"{age_s=64.0, grade_display=0.0}"
664.0,GEAR,WAIT,GRAY,NO_DATA,missing_gear,{}
665.0,SPEED,0.0,AMBER,OK,below_reference,"{reference_kmh=24.03999999999979, age_s=0.0}"
665.0,POWER,0,NEUTRAL,OK,power_present,{age_s=0.0}
665.0,HR,118,NEUTRAL,OK,hr_present,{age_s=0.0}
665.0,CADENCE,0,GRAY,OK,coasting_or_stopped,{age_s=0.0}
665.0,GRADE,0.0,GRAY,STALE,grade_stale,"{age_s=65.0, grade_display=0.0}"
665.0,GEAR,WAIT,GRAY,NO_DATA,missing_gear,{}
666.0,SPEED,0.0,AMBER,OK,below_reference,"{reference_kmh=24.03999999999979, age_s=0.0}"
666.0,POWER,0,NEUTRAL,OK,power_present,{age_s=0.0}
666.0,HR,118,NEUTRAL,OK,hr_present,{age_s=0.0}
666.0,CADENCE,0,GRAY,OK,coasting_or_stopped,{age_s=0.0}
666.0,GRADE,0.0,GRAY,STALE,grade_stale,"{age_s=66.0, grade_display=0.0}"
666.0,GEAR,WAIT,GRAY,NO_DATA,missing_gear,{}
667.0,SPEED,0.0,AMBER,OK,below_reference,"{reference_kmh=24.03999999999979, age_s=0.0}"
667.0,POWER,0,NEUTRAL,OK,power_present,{age_s=0.0}
667.0,HR,118,NEUTRAL,OK,hr_present,{age_s=0.0}
667.0,CADENCE,0,GRAY,OK,coasting_or_stopped,{age_s=0.0}
667.0,GRADE,0.0,GRAY,STALE,grade_stale,"{age_s=67.0, grade_display=0.0}"
667.0,GEAR,WAIT,GRAY,NO_DATA,missing_gear,{}
668.0,SPEED,0.0,AMBER,OK,below_reference,"{reference_kmh=24.03999999999979, age_s=0.0}"
668.0,POWER,0,NEUTRAL,OK,power_present,{age_s=0.0}
668.0,HR,118,NEUTRAL,OK,hr_present,{age_s=0.0}
668.0,CADENCE,0,GRAY,OK,coasting_or_stopped,{age_s=0.0}
668.0,GRADE,0.0,GRAY,STALE,grade_stale,"{age_s=68.0, grade_display=0.0}"
668.0,GEAR,WAIT,GRAY,NO_DATA,missing_gear,{}
669.0,SPEED,0.0,AMBER,OK,below_reference,"{reference_kmh=24.03999999999979, age_s=0.0}"
669.0,POWER,0,NEUTRAL,OK,power_present,{age_s=0.0}
669.0,HR,118,NEUTRAL,OK,hr_present,{age_s=0.0}
669.0,CADENCE,0,GRAY,OK,coasting_or_stopped,{age_s=0.0}
669.0,GRADE,0.0,GRAY,STALE,grade_stale,"{age_s=69.0, grade_display=0.0}"
669.0,GEAR,WAIT,GRAY,NO_DATA,missing_gear,{}
670.0,SPEED,0.0,AMBER,OK,below_reference,"{reference_kmh=24.03999999999979, age_s=0.0}"
670.0,POWER,0,NEUTRAL,OK,power_present,{age_s=0.0}
670.0,HR,118,NEUTRAL,OK,hr_present,{age_s=0.0}
670.0,CADENCE,0,GRAY,OK,coasting_or_stopped,{age_s=0.0}
670.0,GRADE,0.0,GRAY,STALE,grade_stale,"{age_s=70.0, grade_display=0.0}"
670.0,GEAR,WAIT,GRAY,NO_DATA,missing_gear,{}
671.0,SPEED,0.0,AMBER,OK,below_reference,"{reference_kmh=24.03999999999979, age_s=0.0}"
671.0,POWER,0,NEUTRAL,OK,power_present,{age_s=0.0}
671.0,HR,118,NEUTRAL,OK,hr_present,{age_s=0.0}
671.0,CADENCE,0,GRAY,OK,coasting_or_stopped,{age_s=0.0}
671.0,GRADE,0.0,GRAY,STALE,grade_stale,"{age_s=71.0, grade_display=0.0}"
671.0,GEAR,WAIT,GRAY,NO_DATA,missing_gear,{}
672.0,SPEED,0.0,AMBER,OK,below_reference,"{reference_kmh=24.03999999999979, age_s=0.0}"
672.0,POWER,0,NEUTRAL,OK,power_present,{age_s=0.0}
672.0,HR,118,NEUTRAL,OK,hr_present,{age_s=0.0}
672.0,CADENCE,0,GRAY,OK,coasting_or_stopped,{age_s=0.0}
672.0,GRADE,0.0,GRAY,STALE,grade_stale,"{age_s=72.0, grade_display=0.0}"
672.0,GEAR,WAIT,GRAY,NO_DATA,missing_gear,{}
673.0,SPEED,0.0,AMBER,OK,below_reference,"{reference_kmh=24.03999999999979, age_s=0.0}"
673.0,POWER,0,NEUTRAL,OK,power_present,{age_s=0.0}
673.0,HR,118,NEUTRAL,OK,hr_present,{age_s=0.0}
673.0,CADENCE,0,GRAY,OK,coasting_or_stopped,{age_s=0.0}
673.0,GRADE,0.0,GRAY,STALE,grade_stale,"{age_s=73.0, grade_display=0.0}"
673.0,GEAR,WAIT,GRAY,NO_DATA,missing_gear,{}
674.0,SPEED,0.0,AMBER,OK,below_reference,"{reference_kmh=24.03999999999979, age_s=0.0}"
674.0,POWER,0,NEUTRAL,OK,power_present,{age_s=0.0}
674.0,HR,118,NEUTRAL,OK,hr_present,{age_s=0.0}
674.0,CADENCE,0,GRAY,OK,coasting_or_stopped,{age_s=0.0}
674.0,GRADE,0.0,GRAY,STALE,grade_stale,"{age_s=74.0, grade_display=0.0}"
674.0,GEAR,WAIT,GRAY,NO_DATA,missing_gear,{}
675.0,SPEED,0.0,AMBER,OK,below_reference,"{reference_kmh=24.03999999999979, age_s=0.0}"
675.0,POWER,0,NEUTRAL,OK,power_present,{age_s=0.0}
675.0,HR,118,NEUTRAL,OK,hr_present,{age_s=0.0}
675.0,CADENCE,0,GRAY,OK,coasting_or_stopped,{age_s=0.0}
675.0,GRADE,0.0,GRAY,STALE,grade_stale,"{age_s=75.0, grade_display=0.0}"
675.0,GEAR,WAIT,GRAY,NO_DATA,missing_gear,{}
676.0,SPEED,0.0,AMBER,OK,below_reference,"{reference_kmh=24.03999999999979, age_s=0.0}"
676.0,POWER,0,NEUTRAL,OK,power_present,{age_s=0.0}
676.0,HR,118,NEUTRAL,OK,hr_present,{age_s=0.0}
676.0,CADENCE,0,GRAY,OK,coasting_or_stopped,{age_s=0.0}
676.0,GRADE,0.0,GRAY,STALE,grade_stale,"{age_s=76.0, grade_display=0.0}"
676.0,GEAR,WAIT,GRAY,NO_DATA,missing_gear,{}
677.0,SPEED,0.0,AMBER,OK,below_reference,"{reference_kmh=24.03999999999979, age_s=0.0}"
677.0,POWER,0,NEUTRAL,OK,power_present,{age_s=0.0}
677.0,HR,118,NEUTRAL,OK,hr_present,{age_s=0.0}
677.0,CADENCE,0,GRAY,OK,coasting_or_stopped,{age_s=0.0}
677.0,GRADE,0.0,GRAY,STALE,grade_stale,"{age_s=77.0, grade_display=0.0}"
677.0,GEAR,WAIT,GRAY,NO_DATA,missing_gear,{}
678.0,SPEED,0.0,AMBER,OK,below_reference,"{reference_kmh=24.03999999999979, age_s=0.0}"
678.0,POWER,0,NEUTRAL,OK,power_present,{age_s=0.0}
678.0,HR,118,NEUTRAL,OK,hr_present,{age_s=0.0}
678.0,CADENCE,0,GRAY,OK,coasting_or_stopped,{age_s=0.0}
678.0,GRADE,0.0,GRAY,STALE,grade_stale,"{age_s=78.0, grade_display=0.0}"
678.0,GEAR,WAIT,GRAY,NO_DATA,missing_gear,{}
679.0,SPEED,0.0,AMBER,OK,below_reference,"{reference_kmh=24.03999999999979, age_s=0.0}"
679.0,POWER,0,NEUTRAL,OK,power_present,{age_s=0.0}
679.0,HR,118,NEUTRAL,OK,hr_present,{age_s=0.0}
679.0,CADENCE,0,GRAY,OK,coasting_or_stopped,{age_s=0.0}
679.0,GRADE,0.0,GRAY,STALE,grade_stale,"{age_s=79.0, grade_display=0.0}"
679.0,GEAR,WAIT,GRAY,NO_DATA,missing_gear,{}
680.0,SPEED,0.0,AMBER,OK,below_reference,"{reference_kmh=24.03999999999979, age_s=0.0}"
680.0,POWER,0,NEUTRAL,OK,power_present,{age_s=0.0}
680.0,HR,118,NEUTRAL,OK,hr_present,{age_s=0.0}
680.0,CADENCE,0,GRAY,OK,coasting_or_stopped,{age_s=0.0}
680.0,GRADE,0.0,GRAY,STALE,grade_stale,"{age_s=80.0, grade_display=0.0}"
680.0,GEAR,WAIT,GRAY,NO_DATA,missing_gear,{}
681.0,SPEED,0.0,AMBER,OK,below_reference,"{reference_kmh=24.03999999999979, age_s=0.0}"
681.0,POWER,0,NEUTRAL,OK,power_present,{age_s=0.0}
681.0,HR,118,NEUTRAL,OK,hr_present,{age_s=0.0}
681.0,CADENCE,0,GRAY,OK,coasting_or_stopped,{age_s=0.0}
681.0,GRADE,0.0,GRAY,STALE,grade_stale,"{age_s=81.0, grade_display=0.0}"
681.0,GEAR,WAIT,GRAY,NO_DATA,missing_gear,{}
682.0,SPEED,0.0,AMBER,OK,below_reference,"{reference_kmh=24.03999999999979, age_s=0.0}"
682.0,POWER,0,NEUTRAL,OK,power_present,{age_s=0.0}
682.0,HR,118,NEUTRAL,OK,hr_present,{age_s=0.0}
682.0,CADENCE,0,GRAY,OK,coasting_or_stopped,{age_s=0.0}
682.0,GRADE,0.0,GRAY,STALE,grade_stale,"{age_s=82.0, grade_display=0.0}"
682.0,GEAR,WAIT,GRAY,NO_DATA,missing_gear,{}
683.0,SPEED,0.0,AMBER,OK,below_reference,"{reference_kmh=24.03999999999979, age_s=0.0}"
683.0,POWER,0,NEUTRAL,OK,power_present,{age_s=0.0}
683.0,HR,118,NEUTRAL,OK,hr_present,{age_s=0.0}
683.0,CADENCE,0,GRAY,OK,coasting_or_stopped,{age_s=0.0}
683.0,GRADE,0.0,GRAY,STALE,grade_stale,"{age_s=83.0, grade_display=0.0}"
683.0,GEAR,WAIT,GRAY,NO_DATA,missing_gear,{}
684.0,SPEED,0.0,AMBER,OK,below_reference,"{reference_kmh=24.03999999999979, age_s=0.0}"
684.0,POWER,0,NEUTRAL,OK,power_present,{age_s=0.0}
684.0,HR,118,NEUTRAL,OK,hr_present,{age_s=0.0}
684.0,CADENCE,0,GRAY,OK,coasting_or_stopped,{age_s=0.0}
684.0,GRADE,0.0,GRAY,STALE,grade_stale,"{age_s=84.0, grade_display=0.0}"
684.0,GEAR,WAIT,GRAY,NO_DATA,missing_gear,{}
685.0,SPEED,0.0,AMBER,OK,below_reference,"{reference_kmh=24.03999999999979, age_s=0.0}"
685.0,POWER,0,NEUTRAL,OK,power_present,{age_s=0.0}
685.0,HR,118,NEUTRAL,OK,hr_present,{age_s=0.0}
685.0,CADENCE,0,GRAY,OK,coasting_or_stopped,{age_s=0.0}
685.0,GRADE,0.0,GRAY,STALE,grade_stale,"{age_s=85.0, grade_display=0.0}"
685.0,GEAR,WAIT,GRAY,NO_DATA,missing_gear,{}
686.0,SPEED,0.0,AMBER,OK,below_reference,"{reference_kmh=24.03999999999979, age_s=0.0}"
686.0,POWER,0,NEUTRAL,OK,power_present,{age_s=0.0}
686.0,HR,118,NEUTRAL,OK,hr_present,{age_s=0.0}
686.0,CADENCE,0,GRAY,OK,coasting_or_stopped,{age_s=0.0}
686.0,GRADE,0.0,GRAY,STALE,grade_stale,"{age_s=86.0, grade_display=0.0}"
686.0,GEAR,WAIT,GRAY,NO_DATA,missing_gear,{}
687.0,SPEED,0.0,AMBER,OK,below_reference,"{reference_kmh=24.03999999999979, age_s=0.0}"
687.0,POWER,0,NEUTRAL,OK,power_present,{age_s=0.0}
687.0,HR,118,NEUTRAL,OK,hr_present,{age_s=0.0}
687.0,CADENCE,0,GRAY,OK,coasting_or_stopped,{age_s=0.0}
687.0,GRADE,0.0,GRAY,STALE,grade_stale,"{age_s=87.0, grade_display=0.0}"
687.0,GEAR,WAIT,GRAY,NO_DATA,missing_gear,{}
688.0,SPEED,0.0,AMBER,OK,below_reference,"{reference_kmh=24.03999999999979, age_s=0.0}"
688.0,POWER,0,NEUTRAL,OK,power_present,{age_s=0.0}
688.0,HR,118,NEUTRAL,OK,hr_present,{age_s=0.0}
688.0,CADENCE,0,GRAY,OK,coasting_or_stopped,{age_s=0.0}
688.0,GRADE,0.0,GRAY,STALE,grade_stale,"{age_s=88.0, grade_display=0.0}"
688.0,GEAR,WAIT,GRAY,NO_DATA,missing_gear,{}
689.0,SPEED,0.0,AMBER,OK,below_reference,"{reference_kmh=24.03999999999979, age_s=0.0}"
689.0,POWER,0,NEUTRAL,OK,power_present,{age_s=0.0}
689.0,HR,118,NEUTRAL,OK,hr_present,{age_s=0.0}
689.0,CADENCE,0,GRAY,OK,coasting_or_stopped,{age_s=0.0}
689.0,GRADE,0.0,GRAY,STALE,grade_stale,"{age_s=89.0, grade_display=0.0}"
689.0,GEAR,WAIT,GRAY,NO_DATA,missing_gear,{}
690.0,SPEED,0.0,AMBER,OK,below_reference,"{reference_kmh=24.03999999999979, age_s=0.0}"
690.0,POWER,0,NEUTRAL,OK,power_present,{age_s=0.0}
690.0,HR,118,NEUTRAL,OK,hr_present,{age_s=0.0}
690.0,CADENCE,0,GRAY,OK,coasting_or_stopped,{age_s=0.0}
690.0,GRADE,0.0,GRAY,STALE,grade_stale,"{age_s=90.0, grade_display=0.0}"
690.0,GEAR,WAIT,GRAY,NO_DATA,missing_gear,{}
691.0,SPEED,0.0,AMBER,OK,below_reference,"{reference_kmh=24.03999999999979, age_s=0.0}"
691.0,POWER,0,NEUTRAL,OK,power_present,{age_s=0.0}
691.0,HR,118,NEUTRAL,OK,hr_present,{age_s=0.0}
691.0,CADENCE,0,GRAY,OK,coasting_or_stopped,{age_s=0.0}
691.0,GRADE,0.0,GRAY,STALE,grade_stale,"{age_s=91.0, grade_display=0.0}"
691.0,GEAR,WAIT,GRAY,NO_DATA,missing_gear,{}
692.0,SPEED,0.0,AMBER,OK,below_reference,"{reference_kmh=24.03999999999979, age_s=0.0}"
692.0,POWER,0,NEUTRAL,OK,power_present,{age_s=0.0}
692.0,HR,118,NEUTRAL,OK,hr_present,{age_s=0.0}
692.0,CADENCE,0,GRAY,OK,coasting_or_stopped,{age_s=0.0}
692.0,GRADE,0.0,GRAY,STALE,grade_stale,"{age_s=92.0, grade_display=0.0}"
692.0,GEAR,WAIT,GRAY,NO_DATA,missing_gear,{}
693.0,SPEED,0.0,AMBER,OK,below_reference,"{reference_kmh=24.03999999999979, age_s=0.0}"
693.0,POWER,0,NEUTRAL,OK,power_present,{age_s=0.0}
693.0,HR,118,NEUTRAL,OK,hr_present,{age_s=0.0}
693.0,CADENCE,0,GRAY,OK,coasting_or_stopped,{age_s=0.0}
693.0,GRADE,0.0,GRAY,STALE,grade_stale,"{age_s=93.0, grade_display=0.0}"
693.0,GEAR,WAIT,GRAY,NO_DATA,missing_gear,{}
694.0,SPEED,0.0,AMBER,OK,below_reference,"{reference_kmh=24.03999999999979, age_s=0.0}"
694.0,POWER,0,NEUTRAL,OK,power_present,{age_s=0.0}
694.0,HR,118,NEUTRAL,OK,hr_present,{age_s=0.0}
694.0,CADENCE,0,GRAY,OK,coasting_or_stopped,{age_s=0.0}
694.0,GRADE,0.0,GRAY,STALE,grade_stale,"{age_s=94.0, grade_display=0.0}"
694.0,GEAR,WAIT,GRAY,NO_DATA,missing_gear,{}
695.0,SPEED,0.0,AMBER,OK,below_reference,"{reference_kmh=24.03999999999979, age_s=0.0}"
695.0,POWER,0,NEUTRAL,OK,power_present,{age_s=0.0}
695.0,HR,118,NEUTRAL,OK,hr_present,{age_s=0.0}
695.0,CADENCE,0,GRAY,OK,coasting_or_stopped,{age_s=0.0}
695.0,GRADE,0.0,GRAY,STALE,grade_stale,"{age_s=95.0, grade_display=0.0}"
695.0,GEAR,WAIT,GRAY,NO_DATA,missing_gear,{}
696.0,SPEED,0.0,AMBER,OK,below_reference,"{reference_kmh=24.03999999999979, age_s=0.0}"
696.0,POWER,0,NEUTRAL,OK,power_present,{age_s=0.0}
696.0,HR,118,NEUTRAL,OK,hr_present,{age_s=0.0}
696.0,CADENCE,0,GRAY,OK,coasting_or_stopped,{age_s=0.0}
696.0,GRADE,0.0,GRAY,STALE,grade_stale,"{age_s=96.0, grade_display=0.0}"
696.0,GEAR,WAIT,GRAY,NO_DATA,missing_gear,{}
697.0,SPEED,0.0,AMBER,OK,below_reference,"{reference_kmh=24.03999999999979, age_s=0.0}"
697.0,POWER,0,NEUTRAL,OK,power_present,{age_s=0.0}
697.0,HR,118,NEUTRAL,OK,hr_present,{age_s=0.0}
697.0,CADENCE,0,GRAY,OK,coasting_or_stopped,{age_s=0.0}
697.0,GRADE,0.0,GRAY,STALE,grade_stale,"{age_s=97.0, grade_display=0.0}"
697.0,GEAR,WAIT,GRAY,NO_DATA,missing_gear,{}
698.0,SPEED,0.0,AMBER,OK,below_reference,"{reference_kmh=24.03999999999979, age_s=0.0}"
698.0,POWER,0,NEUTRAL,OK,power_present,{age_s=0.0}
698.0,HR,118,NEUTRAL,OK,hr_present,{age_s=0.0}
698.0,CADENCE,0,GRAY,OK,coasting_or_stopped,{age_s=0.0}
698.0,GRADE,0.0,GRAY,STALE,grade_stale,"{age_s=98.0, grade_display=0.0}"
698.0,GEAR,WAIT,GRAY,NO_DATA,missing_gear,{}
699.0,SPEED,0.0,AMBER,OK,below_reference,"{reference_kmh=24.03999999999979, age_s=0.0}"
699.0,POWER,0,NEUTRAL,OK,power_present,{age_s=0.0}
699.0,HR,118,NEUTRAL,OK,hr_present,{age_s=0.0}
699.0,CADENCE,0,GRAY,OK,coasting_or_stopped,{age_s=0.0}
699.0,GRADE,0.0,GRAY,STALE,grade_stale,"{age_s=99.0, grade_display=0.0}"
699.0,GEAR,WAIT,GRAY,NO_DATA,missing_gear,{}
700.0,SPEED,0.0,AMBER,OK,below_reference,"{reference_kmh=24.03999999999979, age_s=0.0}"
700.0,POWER,0,NEUTRAL,OK,power_present,{age_s=0.0}
700.0,HR,118,NEUTRAL,OK,hr_present,{age_s=0.0}
700.0,CADENCE,0,GRAY,OK,coasting_or_stopped,{age_s=0.0}
700.0,GRADE,0.0,GRAY,STALE,grade_stale,"{age_s=100.0, grade_display=0.0}"
700.0,GEAR,WAIT,GRAY,NO_DATA,missing_gear,{}
701.0,SPEED,0.0,AMBER,OK,below_reference,"{reference_kmh=24.03999999999979, age_s=0.0}"
701.0,POWER,0,NEUTRAL,OK,power_present,{age_s=0.0}
701.0,HR,118,NEUTRAL,OK,hr_present,{age_s=0.0}
701.0,CADENCE,0,GRAY,OK,coasting_or_stopped,{age_s=0.0}
701.0,GRADE,0.0,GRAY,STALE,grade_stale,"{age_s=101.0, grade_display=0.0}"
701.0,GEAR,WAIT,GRAY,NO_DATA,missing_gear,{}
702.0,SPEED,0.0,AMBER,OK,below_reference,"{reference_kmh=24.03999999999979, age_s=0.0}"
702.0,POWER,0,NEUTRAL,OK,power_present,{age_s=0.0}
702.0,HR,118,NEUTRAL,OK,hr_present,{age_s=0.0}
702.0,CADENCE,0,GRAY,OK,coasting_or_stopped,{age_s=0.0}
702.0,GRADE,0.0,GRAY,STALE,grade_stale,"{age_s=102.0, grade_display=0.0}"
702.0,GEAR,WAIT,GRAY,NO_DATA,missing_gear,{}
703.0,SPEED,0.0,AMBER,OK,below_reference,"{reference_kmh=24.03999999999979, age_s=0.0}"
703.0,POWER,0,NEUTRAL,OK,power_present,{age_s=0.0}
703.0,HR,118,NEUTRAL,OK,hr_present,{age_s=0.0}
703.0,CADENCE,0,GRAY,OK,coasting_or_stopped,{age_s=0.0}
703.0,GRADE,0.0,GRAY,STALE,grade_stale,"{age_s=103.0, grade_display=0.0}"
703.0,GEAR,WAIT,GRAY,NO_DATA,missing_gear,{}
704.0,SPEED,0.0,AMBER,OK,below_reference,"{reference_kmh=24.03999999999979, age_s=0.0}"
704.0,POWER,0,NEUTRAL,OK,power_present,{age_s=0.0}
704.0,HR,118,NEUTRAL,OK,hr_present,{age_s=0.0}
704.0,CADENCE,0,GRAY,OK,coasting_or_stopped,{age_s=0.0}
704.0,GRADE,0.0,GRAY,STALE,grade_stale,"{age_s=104.0, grade_display=0.0}"
704.0,GEAR,WAIT,GRAY,NO_DATA,missing_gear,{}
705.0,SPEED,0.0,AMBER,OK,below_reference,"{reference_kmh=24.03999999999979, age_s=0.0}"
705.0,POWER,0,NEUTRAL,OK,power_present,{age_s=0.0}
705.0,HR,118,NEUTRAL,OK,hr_present,{age_s=0.0}
705.0,CADENCE,0,GRAY,OK,coasting_or_stopped,{age_s=0.0}
705.0,GRADE,0.0,GRAY,STALE,grade_stale,"{age_s=105.0, grade_display=0.0}"
705.0,GEAR,WAIT,GRAY,NO_DATA,missing_gear,{}
706.0,SPEED,0.0,AMBER,OK,below_reference,"{reference_kmh=24.03999999999979, age_s=0.0}"
706.0,POWER,0,NEUTRAL,OK,power_present,{age_s=0.0}
706.0,HR,118,NEUTRAL,OK,hr_present,{age_s=0.0}
706.0,CADENCE,0,GRAY,OK,coasting_or_stopped,{age_s=0.0}
706.0,GRADE,0.0,GRAY,STALE,grade_stale,"{age_s=106.0, grade_display=0.0}"
706.0,GEAR,WAIT,GRAY,NO_DATA,missing_gear,{}
707.0,SPEED,0.0,AMBER,OK,below_reference,"{reference_kmh=24.03999999999979, age_s=0.0}"
707.0,POWER,0,NEUTRAL,OK,power_present,{age_s=0.0}
707.0,HR,118,NEUTRAL,OK,hr_present,{age_s=0.0}
707.0,CADENCE,0,GRAY,OK,coasting_or_stopped,{age_s=0.0}
707.0,GRADE,0.0,GRAY,STALE,grade_stale,"{age_s=107.0, grade_display=0.0}"
707.0,GEAR,WAIT,GRAY,NO_DATA,missing_gear,{}
708.0,SPEED,0.0,AMBER,OK,below_reference,"{reference_kmh=24.03999999999979, age_s=0.0}"
708.0,POWER,0,NEUTRAL,OK,power_present,{age_s=0.0}
708.0,HR,118,NEUTRAL,OK,hr_present,{age_s=0.0}
708.0,CADENCE,0,GRAY,OK,coasting_or_stopped,{age_s=0.0}
708.0,GRADE,0.0,GRAY,STALE,grade_stale,"{age_s=108.0, grade_display=0.0}"
708.0,GEAR,WAIT,GRAY,NO_DATA,missing_gear,{}
709.0,SPEED,0.0,AMBER,OK,below_reference,"{reference_kmh=24.03999999999979, age_s=0.0}"
709.0,POWER,0,NEUTRAL,OK,power_present,{age_s=0.0}
709.0,HR,118,NEUTRAL,OK,hr_present,{age_s=0.0}
709.0,CADENCE,0,GRAY,OK,coasting_or_stopped,{age_s=0.0}
709.0,GRADE,0.0,GRAY,STALE,grade_stale,"{age_s=109.0, grade_display=0.0}"
709.0,GEAR,WAIT,GRAY,NO_DATA,missing_gear,{}
710.0,SPEED,0.0,AMBER,OK,below_reference,"{reference_kmh=24.03999999999979, age_s=0.0}"
710.0,POWER,0,NEUTRAL,OK,power_present,{age_s=0.0}
710.0,HR,118,NEUTRAL,OK,hr_present,{age_s=0.0}
710.0,CADENCE,0,GRAY,OK,coasting_or_stopped,{age_s=0.0}
710.0,GRADE,0.0,GRAY,STALE,grade_stale,"{age_s=110.0, grade_display=0.0}"
710.0,GEAR,WAIT,GRAY,NO_DATA,missing_gear,{}
711.0,SPEED,0.0,AMBER,OK,below_reference,"{reference_kmh=24.03999999999979, age_s=0.0}"
711.0,POWER,0,NEUTRAL,OK,power_present,{age_s=0.0}
711.0,HR,118,NEUTRAL,OK,hr_present,{age_s=0.0}
711.0,CADENCE,0,GRAY,OK,coasting_or_stopped,{age_s=0.0}
711.0,GRADE,0.0,GRAY,STALE,grade_stale,"{age_s=111.0, grade_display=0.0}"
711.0,GEAR,WAIT,GRAY,NO_DATA,missing_gear,{}
712.0,SPEED,0.0,AMBER,OK,below_reference,"{reference_kmh=24.03999999999979, age_s=0.0}"
712.0,POWER,0,NEUTRAL,OK,power_present,{age_s=0.0}
712.0,HR,118,NEUTRAL,OK,hr_present,{age_s=0.0}
712.0,CADENCE,0,GRAY,OK,coasting_or_stopped,{age_s=0.0}
712.0,GRADE,0.0,GRAY,STALE,grade_stale,"{age_s=112.0, grade_display=0.0}"
712.0,GEAR,WAIT,GRAY,NO_DATA,missing_gear,{}
713.0,SPEED,0.0,AMBER,OK,below_reference,"{reference_kmh=24.03999999999979, age_s=0.0}"
713.0,POWER,0,NEUTRAL,OK,power_present,{age_s=0.0}
713.0,HR,118,NEUTRAL,OK,hr_present,{age_s=0.0}
713.0,CADENCE,0,GRAY,OK,coasting_or_stopped,{age_s=0.0}
713.0,GRADE,0.0,GRAY,STALE,grade_stale,"{age_s=113.0, grade_display=0.0}"
713.0,GEAR,WAIT,GRAY,NO_DATA,missing_gear,{}
714.0,SPEED,0.0,AMBER,OK,below_reference,"{reference_kmh=24.03999999999979, age_s=0.0}"
714.0,POWER,0,NEUTRAL,OK,power_present,{age_s=0.0}
714.0,HR,118,NEUTRAL,OK,hr_present,{age_s=0.0}
714.0,CADENCE,0,GRAY,OK,coasting_or_stopped,{age_s=0.0}
714.0,GRADE,0.0,GRAY,STALE,grade_stale,"{age_s=114.0, grade_display=0.0}"
714.0,GEAR,WAIT,GRAY,NO_DATA,missing_gear,{}
715.0,SPEED,0.0,AMBER,OK,below_reference,"{reference_kmh=24.03999999999979, age_s=0.0}"
715.0,POWER,0,NEUTRAL,OK,power_present,{age_s=0.0}
715.0,HR,118,NEUTRAL,OK,hr_present,{age_s=0.0}
715.0,CADENCE,0,GRAY,OK,coasting_or_stopped,{age_s=0.0}
715.0,GRADE,0.0,GRAY,STALE,grade_stale,"{age_s=115.0, grade_display=0.0}"
715.0,GEAR,WAIT,GRAY,NO_DATA,missing_gear,{}
716.0,SPEED,0.0,AMBER,OK,below_reference,"{reference_kmh=24.03999999999979, age_s=0.0}"
716.0,POWER,0,NEUTRAL,OK,power_present,{age_s=0.0}
716.0,HR,118,NEUTRAL,OK,hr_present,{age_s=0.0}
716.0,CADENCE,0,GRAY,OK,coasting_or_stopped,{age_s=0.0}
716.0,GRADE,0.0,GRAY,STALE,grade_stale,"{age_s=116.0, grade_display=0.0}"
716.0,GEAR,WAIT,GRAY,NO_DATA,missing_gear,{}
717.0,SPEED,0.0,AMBER,OK,below_reference,"{reference_kmh=24.03999999999979, age_s=0.0}"
717.0,POWER,0,NEUTRAL,OK,power_present,{age_s=0.0}
717.0,HR,118,NEUTRAL,OK,hr_present,{age_s=0.0}
717.0,CADENCE,0,GRAY,OK,coasting_or_stopped,{age_s=0.0}
717.0,GRADE,0.0,GRAY,STALE,grade_stale,"{age_s=117.0, grade_display=0.0}"
717.0,GEAR,WAIT,GRAY,NO_DATA,missing_gear,{}
718.0,SPEED,0.0,AMBER,OK,below_reference,"{reference_kmh=24.03999999999979, age_s=0.0}"
718.0,POWER,0,NEUTRAL,OK,power_present,{age_s=0.0}
718.0,HR,118,NEUTRAL,OK,hr_present,{age_s=0.0}
718.0,CADENCE,0,GRAY,OK,coasting_or_stopped,{age_s=0.0}
718.0,GRADE,0.0,GRAY,STALE,grade_stale,"{age_s=118.0, grade_display=0.0}"
718.0,GEAR,WAIT,GRAY,NO_DATA,missing_gear,{}
719.0,SPEED,0.0,AMBER,OK,below_reference,"{reference_kmh=24.03999999999979, age_s=0.0}"
719.0,POWER,0,NEUTRAL,OK,power_present,{age_s=0.0}
719.0,HR,118,NEUTRAL,OK,hr_present,{age_s=0.0}
719.0,CADENCE,0,GRAY,OK,coasting_or_stopped,{age_s=0.0}
719.0,GRADE,0.0,GRAY,STALE,grade_stale,"{age_s=119.0, grade_display=0.0}"
719.0,GEAR,WAIT,GRAY,NO_DATA,missing_gear,{}
720.0,SPEED,0.0,AMBER,OK,below_reference,"{reference_kmh=24.03999999999979, age_s=0.0}"
720.0,POWER,0,NEUTRAL,OK,power_present,{age_s=0.0}
720.0,HR,118,NEUTRAL,OK,hr_present,{age_s=0.0}
720.0,CADENCE,0,GRAY,OK,coasting_or_stopped,{age_s=0.0}
720.0,GRADE,0.0,GRAY,STALE,grade_stale,"{age_s=120.0, grade_display=0.0}"
720.0,GEAR,WAIT,GRAY,NO_DATA,missing_gear,{}
721.0,SPEED,0.0,AMBER,OK,below_reference,"{reference_kmh=24.03999999999979, age_s=0.0}"
721.0,POWER,0,NEUTRAL,OK,power_present,{age_s=0.0}
721.0,HR,118,NEUTRAL,OK,hr_present,{age_s=0.0}
721.0,CADENCE,0,GRAY,OK,coasting_or_stopped,{age_s=0.0}
721.0,GRADE,0.0,GRAY,STALE,grade_stale,"{age_s=121.0, grade_display=0.0}"
721.0,GEAR,WAIT,GRAY,NO_DATA,missing_gear,{}
722.0,SPEED,24.0,NEUTRAL,OK,near_reference,"{reference_kmh=24.03999999999979, age_s=0.0}"
722.0,POWER,160,NEUTRAL,OK,power_present,{age_s=0.0}
722.0,HR,130,NEUTRAL,OK,hr_present,{age_s=0.0}
722.0,CADENCE,65,GREEN,OK,preferred_low_cadence_band,{age_s=0.0}
722.0,GRADE,0.0,GRAY,STALE,grade_stale,"{age_s=122.0, grade_display=0.0}"
722.0,GEAR,WAIT,GRAY,NO_DATA,missing_gear,{}
723.0,SPEED,24.0,NEUTRAL,OK,near_reference,"{reference_kmh=24.039933444259354, age_s=0.0}"
723.0,POWER,160,NEUTRAL,OK,power_present,{age_s=0.0}
723.0,HR,130,NEUTRAL,OK,hr_present,{age_s=0.0}
723.0,CADENCE,65,GREEN,OK,preferred_low_cadence_band,{age_s=0.0}
723.0,GRADE,0,NEUTRAL,OK,flat_deadband,"{grade_raw=0.0, grade_display=0.0}"
723.0,GEAR,WAIT,GRAY,NO_DATA,missing_gear,{}
724.0,SPEED,24.0,NEUTRAL,OK,near_reference,"{reference_kmh=24.039867109634343, age_s=0.0}"
724.0,POWER,160,NEUTRAL,OK,power_present,{age_s=0.0}
724.0,HR,130,NEUTRAL,OK,hr_present,{age_s=0.0}
724.0,CADENCE,65,GREEN,OK,preferred_low_cadence_band,{age_s=0.0}
724.0,GRADE,0,NEUTRAL,OK,flat_deadband,"{grade_raw=0.0, grade_display=0.0}"
724.0,GEAR,WAIT,GRAY,NO_DATA,missing_gear,{}
725.0,SPEED,24.0,NEUTRAL,OK,near_reference,"{reference_kmh=24.03980099502466, age_s=0.0}"
725.0,POWER,160,NEUTRAL,OK,power_present,{age_s=0.0}
725.0,HR,130,NEUTRAL,OK,hr_present,{age_s=0.0}
725.0,CADENCE,65,GREEN,OK,preferred_low_cadence_band,{age_s=0.0}
725.0,GRADE,0,NEUTRAL,OK,flat_deadband,"{grade_raw=0.0, grade_display=0.0}"
725.0,GEAR,WAIT,GRAY,NO_DATA,missing_gear,{}
726.0,SPEED,24.0,NEUTRAL,OK,near_reference,"{reference_kmh=24.039735099337538, age_s=0.0}"
726.0,POWER,160,NEUTRAL,OK,power_present,{age_s=0.0}
726.0,HR,130,NEUTRAL,OK,hr_present,{age_s=0.0}
726.0,CADENCE,65,GREEN,OK,preferred_low_cadence_band,{age_s=0.0}
726.0,GRADE,0,NEUTRAL,OK,flat_deadband,"{grade_raw=0.0, grade_display=0.0}"
726.0,GEAR,WAIT,GRAY,NO_DATA,missing_gear,{}
727.0,SPEED,24.0,NEUTRAL,OK,near_reference,"{reference_kmh=24.03966942148739, age_s=0.0}"
727.0,POWER,160,NEUTRAL,OK,power_present,{age_s=0.0}
727.0,HR,130,NEUTRAL,OK,hr_present,{age_s=0.0}
727.0,CADENCE,65,GREEN,OK,preferred_low_cadence_band,{age_s=0.0}
727.0,GRADE,0,NEUTRAL,OK,flat_deadband,"{grade_raw=0.0, grade_display=0.0}"
727.0,GEAR,WAIT,GRAY,NO_DATA,missing_gear,{}
728.0,SPEED,24.0,NEUTRAL,OK,near_reference,"{reference_kmh=24.039603960395823, age_s=0.0}"
728.0,POWER,160,NEUTRAL,OK,power_present,{age_s=0.0}
728.0,HR,130,NEUTRAL,OK,hr_present,{age_s=0.0}
728.0,CADENCE,65,GREEN,OK,preferred_low_cadence_band,{age_s=0.0}
728.0,GRADE,0,NEUTRAL,OK,flat_deadband,"{grade_raw=0.0, grade_display=0.0}"
728.0,GEAR,WAIT,GRAY,NO_DATA,missing_gear,{}
729.0,SPEED,24.0,NEUTRAL,OK,near_reference,"{reference_kmh=24.03953871499155, age_s=0.0}"
729.0,POWER,160,NEUTRAL,OK,power_present,{age_s=0.0}
729.0,HR,130,NEUTRAL,OK,hr_present,{age_s=0.0}
729.0,CADENCE,65,GREEN,OK,preferred_low_cadence_band,{age_s=0.0}
729.0,GRADE,0,NEUTRAL,OK,flat_deadband,"{grade_raw=0.0, grade_display=0.0}"
729.0,GEAR,WAIT,GRAY,NO_DATA,missing_gear,{}
730.0,SPEED,24.0,NEUTRAL,OK,near_reference,"{reference_kmh=24.039473684210307, age_s=0.0}"
730.0,POWER,160,NEUTRAL,OK,power_present,{age_s=0.0}
730.0,HR,130,NEUTRAL,OK,hr_present,{age_s=0.0}
730.0,CADENCE,65,GREEN,OK,preferred_low_cadence_band,{age_s=0.0}
730.0,GRADE,0,NEUTRAL,OK,flat_deadband,"{grade_raw=0.0, grade_display=0.0}"
730.0,GEAR,WAIT,GRAY,NO_DATA,missing_gear,{}
731.0,SPEED,24.0,NEUTRAL,OK,near_reference,"{reference_kmh=24.039408866994858, age_s=0.0}"
731.0,POWER,160,NEUTRAL,OK,power_present,{age_s=0.0}
731.0,HR,130,NEUTRAL,OK,hr_present,{age_s=0.0}
731.0,CADENCE,65,GREEN,OK,preferred_low_cadence_band,{age_s=0.0}
731.0,GRADE,0,NEUTRAL,OK,flat_deadband,"{grade_raw=0.0, grade_display=0.0}"
731.0,GEAR,WAIT,GRAY,NO_DATA,missing_gear,{}
732.0,SPEED,24.0,NEUTRAL,OK,near_reference,"{reference_kmh=24.039344262294865, age_s=0.0}"
732.0,POWER,160,NEUTRAL,OK,power_present,{age_s=0.0}
732.0,HR,130,NEUTRAL,OK,hr_present,{age_s=0.0}
732.0,CADENCE,65,GREEN,OK,preferred_low_cadence_band,{age_s=0.0}
732.0,GRADE,0,NEUTRAL,OK,flat_deadband,"{grade_raw=0.0, grade_display=0.0}"
732.0,GEAR,WAIT,GRAY,NO_DATA,missing_gear,{}
733.0,SPEED,24.0,NEUTRAL,OK,near_reference,"{reference_kmh=24.039279869066885, age_s=0.0}"
733.0,POWER,160,NEUTRAL,OK,power_present,{age_s=0.0}
733.0,HR,130,NEUTRAL,OK,hr_present,{age_s=0.0}
733.0,CADENCE,65,GREEN,OK,preferred_low_cadence_band,{age_s=0.0}
733.0,GRADE,0,NEUTRAL,OK,flat_deadband,"{grade_raw=0.0, grade_display=0.0}"
733.0,GEAR,WAIT,GRAY,NO_DATA,missing_gear,{}
734.0,SPEED,24.0,NEUTRAL,OK,near_reference,"{reference_kmh=24.03921568627429, age_s=0.0}"
734.0,POWER,160,NEUTRAL,OK,power_present,{age_s=0.0}
734.0,HR,130,NEUTRAL,OK,hr_present,{age_s=0.0}
734.0,CADENCE,65,GREEN,OK,preferred_low_cadence_band,{age_s=0.0}
734.0,GRADE,0,NEUTRAL,OK,flat_deadband,"{grade_raw=0.0, grade_display=0.0}"
734.0,GEAR,WAIT,GRAY,NO_DATA,missing_gear,{}
735.0,SPEED,24.0,NEUTRAL,OK,near_reference,"{reference_kmh=24.03915171288722, age_s=0.0}"
735.0,POWER,160,NEUTRAL,OK,power_present,{age_s=0.0}
735.0,HR,130,NEUTRAL,OK,hr_present,{age_s=0.0}
735.0,CADENCE,65,GREEN,OK,preferred_low_cadence_band,{age_s=0.0}
735.0,GRADE,0,NEUTRAL,OK,flat_deadband,"{grade_raw=0.0, grade_display=0.0}"
735.0,GEAR,WAIT,GRAY,NO_DATA,missing_gear,{}
736.0,SPEED,24.0,NEUTRAL,OK,near_reference,"{reference_kmh=24.039087947882518, age_s=0.0}"
736.0,POWER,160,NEUTRAL,OK,power_present,{age_s=0.0}
736.0,HR,130,NEUTRAL,OK,hr_present,{age_s=0.0}
736.0,CADENCE,65,GREEN,OK,preferred_low_cadence_band,{age_s=0.0}
736.0,GRADE,0,NEUTRAL,OK,flat_deadband,"{grade_raw=0.0, grade_display=0.0}"
736.0,GEAR,WAIT,GRAY,NO_DATA,missing_gear,{}
737.0,SPEED,24.0,NEUTRAL,OK,near_reference,"{reference_kmh=24.03902439024369, age_s=0.0}"
737.0,POWER,160,NEUTRAL,OK,power_present,{age_s=0.0}
737.0,HR,130,NEUTRAL,OK,hr_present,{age_s=0.0}
737.0,CADENCE,65,GREEN,OK,preferred_low_cadence_band,{age_s=0.0}
737.0,GRADE,0,NEUTRAL,OK,flat_deadband,"{grade_raw=0.0, grade_display=0.0}"
737.0,GEAR,WAIT,GRAY,NO_DATA,missing_gear,{}
738.0,SPEED,24.0,NEUTRAL,OK,near_reference,"{reference_kmh=24.038961038960828, age_s=0.0}"
738.0,POWER,160,NEUTRAL,OK,power_present,{age_s=0.0}
738.0,HR,130,NEUTRAL,OK,hr_present,{age_s=0.0}
738.0,CADENCE,65,GREEN,OK,preferred_low_cadence_band,{age_s=0.0}
738.0,GRADE,0,NEUTRAL,OK,flat_deadband,"{grade_raw=0.0, grade_display=0.0}"
738.0,GEAR,WAIT,GRAY,NO_DATA,missing_gear,{}
739.0,SPEED,24.0,NEUTRAL,OK,near_reference,"{reference_kmh=24.03889789303058, age_s=0.0}"
739.0,POWER,160,NEUTRAL,OK,power_present,{age_s=0.0}
739.0,HR,130,NEUTRAL,OK,hr_present,{age_s=0.0}
739.0,CADENCE,65,GREEN,OK,preferred_low_cadence_band,{age_s=0.0}
739.0,GRADE,0,NEUTRAL,OK,flat_deadband,"{grade_raw=0.0, grade_display=0.0}"
739.0,GEAR,WAIT,GRAY,NO_DATA,missing_gear,{}
740.0,SPEED,24.0,NEUTRAL,OK,near_reference,"{reference_kmh=24.0388349514561, age_s=0.0}"
740.0,POWER,160,NEUTRAL,OK,power_present,{age_s=0.0}
740.0,HR,130,NEUTRAL,OK,hr_present,{age_s=0.0}
740.0,CADENCE,65,GREEN,OK,preferred_low_cadence_band,{age_s=0.0}
740.0,GRADE,0,NEUTRAL,OK,flat_deadband,"{grade_raw=0.0, grade_display=0.0}"
740.0,GEAR,WAIT,GRAY,NO_DATA,missing_gear,{}
741.0,SPEED,24.0,NEUTRAL,OK,near_reference,"{reference_kmh=24.03877221324696, age_s=0.0}"
741.0,POWER,160,NEUTRAL,OK,power_present,{age_s=0.0}
741.0,HR,130,NEUTRAL,OK,hr_present,{age_s=0.0}
741.0,CADENCE,65,GREEN,OK,preferred_low_cadence_band,{age_s=0.0}
741.0,GRADE,0,NEUTRAL,OK,flat_deadband,"{grade_raw=0.0, grade_display=0.0}"
741.0,GEAR,WAIT,GRAY,NO_DATA,missing_gear,{}
742.0,SPEED,24.0,NEUTRAL,OK,near_reference,"{reference_kmh=24.038709677419146, age_s=0.0}"
742.0,POWER,160,NEUTRAL,OK,power_present,{age_s=0.0}
742.0,HR,130,NEUTRAL,OK,hr_present,{age_s=0.0}
742.0,CADENCE,65,GREEN,OK,preferred_low_cadence_band,{age_s=0.0}
742.0,GRADE,0,NEUTRAL,OK,flat_deadband,"{grade_raw=0.0, grade_display=0.0}"
742.0,GEAR,WAIT,GRAY,NO_DATA,missing_gear,{}
743.0,SPEED,24.0,NEUTRAL,OK,near_reference,"{reference_kmh=24.03864734299497, age_s=0.0}"
743.0,POWER,160,NEUTRAL,OK,power_present,{age_s=0.0}
743.0,HR,130,NEUTRAL,OK,hr_present,{age_s=0.0}
743.0,CADENCE,65,GREEN,OK,preferred_low_cadence_band,{age_s=0.0}
743.0,GRADE,0,NEUTRAL,OK,flat_deadband,"{grade_raw=0.0, grade_display=0.0}"
743.0,GEAR,WAIT,GRAY,NO_DATA,missing_gear,{}
744.0,SPEED,24.0,NEUTRAL,OK,near_reference,"{reference_kmh=24.038585209003013, age_s=0.0}"
744.0,POWER,160,NEUTRAL,OK,power_present,{age_s=0.0}
744.0,HR,130,NEUTRAL,OK,hr_present,{age_s=0.0}
744.0,CADENCE,65,GREEN,OK,preferred_low_cadence_band,{age_s=0.0}
744.0,GRADE,0,NEUTRAL,OK,flat_deadband,"{grade_raw=0.0, grade_display=0.0}"
744.0,GEAR,WAIT,GRAY,NO_DATA,missing_gear,{}
745.0,SPEED,24.0,NEUTRAL,OK,near_reference,"{reference_kmh=24.038523274478134, age_s=0.0}"
745.0,POWER,160,NEUTRAL,OK,power_present,{age_s=0.0}
745.0,HR,130,NEUTRAL,OK,hr_present,{age_s=0.0}
745.0,CADENCE,65,GREEN,OK,preferred_low_cadence_band,{age_s=0.0}
745.0,GRADE,0,NEUTRAL,OK,flat_deadband,"{grade_raw=0.0, grade_display=0.0}"
745.0,GEAR,WAIT,GRAY,NO_DATA,missing_gear,{}
746.0,SPEED,24.0,NEUTRAL,OK,near_reference,"{reference_kmh=24.03846153846134, age_s=0.0}"
746.0,POWER,160,NEUTRAL,OK,power_present,{age_s=0.0}
746.0,HR,130,NEUTRAL,OK,hr_present,{age_s=0.0}
746.0,CADENCE,65,GREEN,OK,preferred_low_cadence_band,{age_s=0.0}
746.0,GRADE,0,NEUTRAL,OK,flat_deadband,"{grade_raw=0.0, grade_display=0.0}"
746.0,GEAR,WAIT,GRAY,NO_DATA,missing_gear,{}
747.0,SPEED,24.0,NEUTRAL,OK,near_reference,"{reference_kmh=24.038399999999804, age_s=0.0}"
747.0,POWER,160,NEUTRAL,OK,power_present,{age_s=0.0}
747.0,HR,130,NEUTRAL,OK,hr_present,{age_s=0.0}
747.0,CADENCE,65,GREEN,OK,preferred_low_cadence_band,{age_s=0.0}
747.0,GRADE,0,NEUTRAL,OK,flat_deadband,"{grade_raw=0.0, grade_display=0.0}"
747.0,GEAR,WAIT,GRAY,NO_DATA,missing_gear,{}
748.0,SPEED,24.0,NEUTRAL,OK,near_reference,"{reference_kmh=24.038338658146767, age_s=0.0}"
748.0,POWER,160,NEUTRAL,OK,power_present,{age_s=0.0}
748.0,HR,130,NEUTRAL,OK,hr_present,{age_s=0.0}
748.0,CADENCE,65,GREEN,OK,preferred_low_cadence_band,{age_s=0.0}
748.0,GRADE,0,NEUTRAL,OK,flat_deadband,"{grade_raw=0.0, grade_display=0.0}"
748.0,GEAR,WAIT,GRAY,NO_DATA,missing_gear,{}
749.0,SPEED,24.0,NEUTRAL,OK,near_reference,"{reference_kmh=24.03827751196153, age_s=0.0}"
749.0,POWER,160,NEUTRAL,OK,power_present,{age_s=0.0}
749.0,HR,130,NEUTRAL,OK,hr_present,{age_s=0.0}
749.0,CADENCE,65,GREEN,OK,preferred_low_cadence_band,{age_s=0.0}
749.0,GRADE,0,NEUTRAL,OK,flat_deadband,"{grade_raw=0.0, grade_display=0.0}"
749.0,GEAR,WAIT,GRAY,NO_DATA,missing_gear,{}
750.0,SPEED,24.0,NEUTRAL,OK,near_reference,"{reference_kmh=24.038216560509365, age_s=0.0}"
750.0,POWER,160,NEUTRAL,OK,power_present,{age_s=0.0}
750.0,HR,130,NEUTRAL,OK,hr_present,{age_s=0.0}
750.0,CADENCE,65,GREEN,OK,preferred_low_cadence_band,{age_s=0.0}
750.0,GRADE,0,NEUTRAL,OK,flat_deadband,"{grade_raw=0.0, grade_display=0.0}"
750.0,GEAR,WAIT,GRAY,NO_DATA,missing_gear,{}
751.0,SPEED,24.0,NEUTRAL,OK,near_reference,"{reference_kmh=24.0381558028615, age_s=0.0}"
751.0,POWER,160,NEUTRAL,OK,power_present,{age_s=0.0}
751.0,HR,130,NEUTRAL,OK,hr_present,{age_s=0.0}
751.0,CADENCE,65,GREEN,OK,preferred_low_cadence_band,{age_s=0.0}
751.0,GRADE,0,NEUTRAL,OK,flat_deadband,"{grade_raw=0.0, grade_display=0.0}"
751.0,GEAR,WAIT,GRAY,NO_DATA,missing_gear,{}
752.0,SPEED,24.0,NEUTRAL,OK,near_reference,"{reference_kmh=24.038095238095053, age_s=0.0}"
752.0,POWER,160,NEUTRAL,OK,power_present,{age_s=0.0}
752.0,HR,130,NEUTRAL,OK,hr_present,{age_s=0.0}
752.0,CADENCE,65,GREEN,OK,preferred_low_cadence_band,{age_s=0.0}
752.0,GRADE,0,NEUTRAL,OK,flat_deadband,"{grade_raw=0.0, grade_display=0.0}"
752.0,GEAR,WAIT,GRAY,NO_DATA,missing_gear,{}
753.0,SPEED,24.0,NEUTRAL,OK,near_reference,"{reference_kmh=24.038034865293, age_s=0.0}"
753.0,POWER,160,NEUTRAL,OK,power_present,{age_s=0.0}
753.0,HR,130,NEUTRAL,OK,hr_present,{age_s=0.0}
753.0,CADENCE,65,GREEN,OK,preferred_low_cadence_band,{age_s=0.0}
753.0,GRADE,0,NEUTRAL,OK,flat_deadband,"{grade_raw=0.0, grade_display=0.0}"
753.0,GEAR,WAIT,GRAY,NO_DATA,missing_gear,{}
754.0,SPEED,24.0,NEUTRAL,OK,near_reference,"{reference_kmh=24.03797468354412, age_s=0.0}"
754.0,POWER,160,NEUTRAL,OK,power_present,{age_s=0.0}
754.0,HR,130,NEUTRAL,OK,hr_present,{age_s=0.0}
754.0,CADENCE,65,GREEN,OK,preferred_low_cadence_band,{age_s=0.0}
754.0,GRADE,0,NEUTRAL,OK,flat_deadband,"{grade_raw=0.0, grade_display=0.0}"
754.0,GEAR,WAIT,GRAY,NO_DATA,missing_gear,{}
755.0,SPEED,24.0,NEUTRAL,OK,near_reference,"{reference_kmh=24.037914691942948, age_s=0.0}"
755.0,POWER,160,NEUTRAL,OK,power_present,{age_s=0.0}
755.0,HR,130,NEUTRAL,OK,hr_present,{age_s=0.0}
755.0,CADENCE,65,GREEN,OK,preferred_low_cadence_band,{age_s=0.0}
755.0,GRADE,0,NEUTRAL,OK,flat_deadband,"{grade_raw=0.0, grade_display=0.0}"
755.0,GEAR,WAIT,GRAY,NO_DATA,missing_gear,{}
756.0,SPEED,24.0,NEUTRAL,OK,near_reference,"{reference_kmh=24.03785488958973, age_s=0.0}"
756.0,POWER,160,NEUTRAL,OK,power_present,{age_s=0.0}
756.0,HR,130,NEUTRAL,OK,hr_present,{age_s=0.0}
756.0,CADENCE,65,GREEN,OK,preferred_low_cadence_band,{age_s=0.0}
756.0,GRADE,0,NEUTRAL,OK,flat_deadband,"{grade_raw=0.0, grade_display=0.0}"
756.0,GEAR,WAIT,GRAY,NO_DATA,missing_gear,{}
757.0,SPEED,24.0,NEUTRAL,OK,near_reference,"{reference_kmh=24.037795275590376, age_s=0.0}"
757.0,POWER,160,NEUTRAL,OK,power_present,{age_s=0.0}
757.0,HR,130,NEUTRAL,OK,hr_present,{age_s=0.0}
757.0,CADENCE,65,GREEN,OK,preferred_low_cadence_band,{age_s=0.0}
757.0,GRADE,0,NEUTRAL,OK,flat_deadband,"{grade_raw=0.0, grade_display=0.0}"
757.0,GEAR,WAIT,GRAY,NO_DATA,missing_gear,{}
758.0,SPEED,24.0,NEUTRAL,OK,near_reference,"{reference_kmh=24.03773584905643, age_s=0.0}"
758.0,POWER,160,NEUTRAL,OK,power_present,{age_s=0.0}
758.0,HR,130,NEUTRAL,OK,hr_present,{age_s=0.0}
758.0,CADENCE,65,GREEN,OK,preferred_low_cadence_band,{age_s=0.0}
758.0,GRADE,0,NEUTRAL,OK,flat_deadband,"{grade_raw=0.0, grade_display=0.0}"
758.0,GEAR,WAIT,GRAY,NO_DATA,missing_gear,{}
759.0,SPEED,24.0,NEUTRAL,OK,near_reference,"{reference_kmh=24.03767660910501, age_s=0.0}"
759.0,POWER,160,NEUTRAL,OK,power_present,{age_s=0.0}
759.0,HR,130,NEUTRAL,OK,hr_present,{age_s=0.0}
759.0,CADENCE,65,GREEN,OK,preferred_low_cadence_band,{age_s=0.0}
759.0,GRADE,0,NEUTRAL,OK,flat_deadband,"{grade_raw=0.0, grade_display=0.0}"
759.0,GEAR,WAIT,GRAY,NO_DATA,missing_gear,{}
760.0,SPEED,24.0,NEUTRAL,OK,near_reference,"{reference_kmh=24.037617554858763, age_s=0.0}"
760.0,POWER,160,NEUTRAL,OK,power_present,{age_s=0.0}
760.0,HR,130,NEUTRAL,OK,hr_present,{age_s=0.0}
760.0,CADENCE,65,GREEN,OK,preferred_low_cadence_band,{age_s=0.0}
760.0,GRADE,0,NEUTRAL,OK,flat_deadband,"{grade_raw=0.0, grade_display=0.0}"
760.0,GEAR,WAIT,GRAY,NO_DATA,missing_gear,{}
761.0,SPEED,24.0,NEUTRAL,OK,near_reference,"{reference_kmh=24.037558685445845, age_s=0.0}"
761.0,POWER,160,NEUTRAL,OK,power_present,{age_s=0.0}
761.0,HR,130,NEUTRAL,OK,hr_present,{age_s=0.0}
761.0,CADENCE,65,GREEN,OK,preferred_low_cadence_band,{age_s=0.0}
761.0,GRADE,0,NEUTRAL,OK,flat_deadband,"{grade_raw=0.0, grade_display=0.0}"
761.0,GEAR,WAIT,GRAY,NO_DATA,missing_gear,{}
762.0,SPEED,24.0,NEUTRAL,OK,near_reference,"{reference_kmh=24.037499999999834, age_s=0.0}"
762.0,POWER,160,NEUTRAL,OK,power_present,{age_s=0.0}
762.0,HR,130,NEUTRAL,OK,hr_present,{age_s=0.0}
762.0,CADENCE,65,GREEN,OK,preferred_low_cadence_band,{age_s=0.0}
762.0,GRADE,0,NEUTRAL,OK,flat_deadband,"{grade_raw=0.0, grade_display=0.0}"
762.0,GEAR,WAIT,GRAY,NO_DATA,missing_gear,{}
763.0,SPEED,24.0,NEUTRAL,OK,near_reference,"{reference_kmh=24.037441497659742, age_s=0.0}"
763.0,POWER,160,NEUTRAL,OK,power_present,{age_s=0.0}
763.0,HR,130,NEUTRAL,OK,hr_present,{age_s=0.0}
763.0,CADENCE,65,GREEN,OK,preferred_low_cadence_band,{age_s=0.0}
763.0,GRADE,0,NEUTRAL,OK,flat_deadband,"{grade_raw=0.0, grade_display=0.0}"
763.0,GEAR,WAIT,GRAY,NO_DATA,missing_gear,{}
764.0,SPEED,24.0,NEUTRAL,OK,near_reference,"{reference_kmh=24.03738317756993, age_s=0.0}"
764.0,POWER,160,NEUTRAL,OK,power_present,{age_s=0.0}
764.0,HR,130,NEUTRAL,OK,hr_present,{age_s=0.0}
764.0,CADENCE,65,GREEN,OK,preferred_low_cadence_band,{age_s=0.0}
764.0,GRADE,0,NEUTRAL,OK,flat_deadband,"{grade_raw=0.0, grade_display=0.0}"
764.0,GEAR,WAIT,GRAY,NO_DATA,missing_gear,{}
765.0,SPEED,24.0,NEUTRAL,OK,near_reference,"{reference_kmh=24.037325038880088, age_s=0.0}"
765.0,POWER,160,NEUTRAL,OK,power_present,{age_s=0.0}
765.0,HR,130,NEUTRAL,OK,hr_present,{age_s=0.0}
765.0,CADENCE,65,GREEN,OK,preferred_low_cadence_band,{age_s=0.0}
765.0,GRADE,0,NEUTRAL,OK,flat_deadband,"{grade_raw=0.0, grade_display=0.0}"
765.0,GEAR,WAIT,GRAY,NO_DATA,missing_gear,{}
766.0,SPEED,24.0,NEUTRAL,OK,near_reference,"{reference_kmh=24.037267080745185, age_s=0.0}"
766.0,POWER,160,NEUTRAL,OK,power_present,{age_s=0.0}
766.0,HR,130,NEUTRAL,OK,hr_present,{age_s=0.0}
766.0,CADENCE,65,GREEN,OK,preferred_low_cadence_band,{age_s=0.0}
766.0,GRADE,0,NEUTRAL,OK,flat_deadband,"{grade_raw=0.0, grade_display=0.0}"
766.0,GEAR,WAIT,GRAY,NO_DATA,missing_gear,{}
767.0,SPEED,24.0,NEUTRAL,OK,near_reference,"{reference_kmh=24.037209302325426, age_s=0.0}"
767.0,POWER,160,NEUTRAL,OK,power_present,{age_s=0.0}
767.0,HR,130,NEUTRAL,OK,hr_present,{age_s=0.0}
767.0,CADENCE,65,GREEN,OK,preferred_low_cadence_band,{age_s=0.0}
767.0,GRADE,0,NEUTRAL,OK,flat_deadband,"{grade_raw=0.0, grade_display=0.0}"
767.0,GEAR,WAIT,GRAY,NO_DATA,missing_gear,{}
768.0,SPEED,24.0,NEUTRAL,OK,near_reference,"{reference_kmh=24.037151702786225, age_s=0.0}"
768.0,POWER,160,NEUTRAL,OK,power_present,{age_s=0.0}
768.0,HR,130,NEUTRAL,OK,hr_present,{age_s=0.0}
768.0,CADENCE,65,GREEN,OK,preferred_low_cadence_band,{age_s=0.0}
768.0,GRADE,0,NEUTRAL,OK,flat_deadband,"{grade_raw=0.0, grade_display=0.0}"
768.0,GEAR,WAIT,GRAY,NO_DATA,missing_gear,{}
769.0,SPEED,24.0,NEUTRAL,OK,near_reference,"{reference_kmh=24.03709428129815, age_s=0.0}"
769.0,POWER,160,NEUTRAL,OK,power_present,{age_s=0.0}
769.0,HR,130,NEUTRAL,OK,hr_present,{age_s=0.0}
769.0,CADENCE,65,GREEN,OK,preferred_low_cadence_band,{age_s=0.0}
769.0,GRADE,0,NEUTRAL,OK,flat_deadband,"{grade_raw=0.0, grade_display=0.0}"
769.0,GEAR,WAIT,GRAY,NO_DATA,missing_gear,{}
770.0,SPEED,24.0,NEUTRAL,OK,near_reference,"{reference_kmh=24.03703703703689, age_s=0.0}"
770.0,POWER,160,NEUTRAL,OK,power_present,{age_s=0.0}
770.0,HR,130,NEUTRAL,OK,hr_present,{age_s=0.0}
770.0,CADENCE,65,GREEN,OK,preferred_low_cadence_band,{age_s=0.0}
770.0,GRADE,0,NEUTRAL,OK,flat_deadband,"{grade_raw=0.0, grade_display=0.0}"
770.0,GEAR,WAIT,GRAY,NO_DATA,missing_gear,{}
771.0,SPEED,24.0,NEUTRAL,OK,near_reference,"{reference_kmh=24.036979969183207, age_s=0.0}"
771.0,POWER,160,NEUTRAL,OK,power_present,{age_s=0.0}
771.0,HR,130,NEUTRAL,OK,hr_present,{age_s=0.0}
771.0,CADENCE,65,GREEN,OK,preferred_low_cadence_band,{age_s=0.0}
771.0,GRADE,0,NEUTRAL,OK,flat_deadband,"{grade_raw=0.0, grade_display=0.0}"
771.0,GEAR,WAIT,GRAY,NO_DATA,missing_gear,{}
772.0,SPEED,24.0,NEUTRAL,OK,near_reference,"{reference_kmh=24.03692307692293, age_s=0.0}"
772.0,POWER,160,NEUTRAL,OK,power_present,{age_s=0.0}
772.0,HR,130,NEUTRAL,OK,hr_present,{age_s=0.0}
772.0,CADENCE,65,GREEN,OK,preferred_low_cadence_band,{age_s=0.0}
772.0,GRADE,0,NEUTRAL,OK,flat_deadband,"{grade_raw=0.0, grade_display=0.0}"
772.0,GEAR,WAIT,GRAY,NO_DATA,missing_gear,{}
773.0,SPEED,24.0,NEUTRAL,OK,near_reference,"{reference_kmh=24.03686635944686, age_s=0.0}"
773.0,POWER,160,NEUTRAL,OK,power_present,{age_s=0.0}
773.0,HR,130,NEUTRAL,OK,hr_present,{age_s=0.0}
773.0,CADENCE,65,GREEN,OK,preferred_low_cadence_band,{age_s=0.0}
773.0,GRADE,0,NEUTRAL,OK,flat_deadband,"{grade_raw=0.0, grade_display=0.0}"
773.0,GEAR,WAIT,GRAY,NO_DATA,missing_gear,{}
774.0,SPEED,24.0,NEUTRAL,OK,near_reference,"{reference_kmh=24.03680981595078, age_s=0.0}"
774.0,POWER,160,NEUTRAL,OK,power_present,{age_s=0.0}
774.0,HR,130,NEUTRAL,OK,hr_present,{age_s=0.0}
774.0,CADENCE,65,GREEN,OK,preferred_low_cadence_band,{age_s=0.0}
774.0,GRADE,0,NEUTRAL,OK,flat_deadband,"{grade_raw=0.0, grade_display=0.0}"
774.0,GEAR,WAIT,GRAY,NO_DATA,missing_gear,{}
775.0,SPEED,24.0,NEUTRAL,OK,near_reference,"{reference_kmh=24.03675344563539, age_s=0.0}"
775.0,POWER,160,NEUTRAL,OK,power_present,{age_s=0.0}
775.0,HR,130,NEUTRAL,OK,hr_present,{age_s=0.0}
775.0,CADENCE,65,GREEN,OK,preferred_low_cadence_band,{age_s=0.0}
775.0,GRADE,0,NEUTRAL,OK,flat_deadband,"{grade_raw=0.0, grade_display=0.0}"
775.0,GEAR,WAIT,GRAY,NO_DATA,missing_gear,{}
776.0,SPEED,24.0,NEUTRAL,OK,near_reference,"{reference_kmh=24.036697247706282, age_s=0.0}"
776.0,POWER,160,NEUTRAL,OK,power_present,{age_s=0.0}
776.0,HR,130,NEUTRAL,OK,hr_present,{age_s=0.0}
776.0,CADENCE,65,GREEN,OK,preferred_low_cadence_band,{age_s=0.0}
776.0,GRADE,0,NEUTRAL,OK,flat_deadband,"{grade_raw=0.0, grade_display=0.0}"
776.0,GEAR,WAIT,GRAY,NO_DATA,missing_gear,{}
777.0,SPEED,24.0,NEUTRAL,OK,near_reference,"{reference_kmh=24.03664122137391, age_s=0.0}"
777.0,POWER,160,NEUTRAL,OK,power_present,{age_s=0.0}
777.0,HR,130,NEUTRAL,OK,hr_present,{age_s=0.0}
777.0,CADENCE,65,GREEN,OK,preferred_low_cadence_band,{age_s=0.0}
777.0,GRADE,0,NEUTRAL,OK,flat_deadband,"{grade_raw=0.0, grade_display=0.0}"
777.0,GEAR,WAIT,GRAY,NO_DATA,missing_gear,{}
778.0,SPEED,24.0,NEUTRAL,OK,near_reference,"{reference_kmh=24.036585365853522, age_s=0.0}"
778.0,POWER,160,NEUTRAL,OK,power_present,{age_s=0.0}
778.0,HR,130,NEUTRAL,OK,hr_present,{age_s=0.0}
778.0,CADENCE,65,GREEN,OK,preferred_low_cadence_band,{age_s=0.0}
778.0,GRADE,0,NEUTRAL,OK,flat_deadband,"{grade_raw=0.0, grade_display=0.0}"
778.0,GEAR,WAIT,GRAY,NO_DATA,missing_gear,{}
779.0,SPEED,24.0,NEUTRAL,OK,near_reference,"{reference_kmh=24.036529680365167, age_s=0.0}"
779.0,POWER,160,NEUTRAL,OK,power_present,{age_s=0.0}
779.0,HR,130,NEUTRAL,OK,hr_present,{age_s=0.0}
779.0,CADENCE,65,GREEN,OK,preferred_low_cadence_band,{age_s=0.0}
779.0,GRADE,0,NEUTRAL,OK,flat_deadband,"{grade_raw=0.0, grade_display=0.0}"
779.0,GEAR,WAIT,GRAY,NO_DATA,missing_gear,{}
780.0,SPEED,24.0,NEUTRAL,OK,near_reference,"{reference_kmh=24.036474164133608, age_s=0.0}"
780.0,POWER,160,NEUTRAL,OK,power_present,{age_s=0.0}
780.0,HR,130,NEUTRAL,OK,hr_present,{age_s=0.0}
780.0,CADENCE,65,GREEN,OK,preferred_low_cadence_band,{age_s=0.0}
780.0,GRADE,0,NEUTRAL,OK,flat_deadband,"{grade_raw=0.0, grade_display=0.0}"
780.0,GEAR,WAIT,GRAY,NO_DATA,missing_gear,{}
781.0,SPEED,24.0,NEUTRAL,OK,near_reference,"{reference_kmh=24.036418816388338, age_s=0.0}"
781.0,POWER,160,NEUTRAL,OK,power_present,{age_s=0.0}
781.0,HR,130,NEUTRAL,OK,hr_present,{age_s=0.0}
781.0,CADENCE,65,GREEN,OK,preferred_low_cadence_band,{age_s=0.0}
781.0,GRADE,0,NEUTRAL,OK,flat_deadband,"{grade_raw=0.0, grade_display=0.0}"
781.0,GEAR,WAIT,GRAY,NO_DATA,missing_gear,{}
782.0,SPEED,24.0,NEUTRAL,OK,near_reference,"{reference_kmh=24.03636363636351, age_s=0.0}"
782.0,POWER,160,NEUTRAL,OK,power_present,{age_s=0.0}
782.0,HR,130,NEUTRAL,OK,hr_present,{age_s=0.0}
782.0,CADENCE,65,GREEN,OK,preferred_low_cadence_band,{age_s=0.0}
782.0,GRADE,0,NEUTRAL,OK,flat_deadband,"{grade_raw=0.0, grade_display=0.0}"
782.0,GEAR,WAIT,GRAY,NO_DATA,missing_gear,{}
783.0,SPEED,24.0,NEUTRAL,OK,near_reference,"{reference_kmh=24.036308623297906, age_s=0.0}"
783.0,POWER,160,NEUTRAL,OK,power_present,{age_s=0.0}
783.0,HR,130,NEUTRAL,OK,hr_present,{age_s=0.0}
783.0,CADENCE,65,GREEN,OK,preferred_low_cadence_band,{age_s=0.0}
783.0,GRADE,0,NEUTRAL,OK,flat_deadband,"{grade_raw=0.0, grade_display=0.0}"
783.0,GEAR,WAIT,GRAY,NO_DATA,missing_gear,{}
784.0,SPEED,24.0,NEUTRAL,OK,near_reference,"{reference_kmh=24.036253776434922, age_s=0.0}"
784.0,POWER,160,NEUTRAL,OK,power_present,{age_s=0.0}
784.0,HR,130,NEUTRAL,OK,hr_present,{age_s=0.0}
784.0,CADENCE,65,GREEN,OK,preferred_low_cadence_band,{age_s=0.0}
784.0,GRADE,0,NEUTRAL,OK,flat_deadband,"{grade_raw=0.0, grade_display=0.0}"
784.0,GEAR,WAIT,GRAY,NO_DATA,missing_gear,{}
785.0,SPEED,24.0,NEUTRAL,OK,near_reference,"{reference_kmh=24.036199095022504, age_s=0.0}"
785.0,POWER,160,NEUTRAL,OK,power_present,{age_s=0.0}
785.0,HR,130,NEUTRAL,OK,hr_present,{age_s=0.0}
785.0,CADENCE,65,GREEN,OK,preferred_low_cadence_band,{age_s=0.0}
785.0,GRADE,0,NEUTRAL,OK,flat_deadband,"{grade_raw=0.0, grade_display=0.0}"
785.0,GEAR,WAIT,GRAY,NO_DATA,missing_gear,{}
786.0,SPEED,24.0,NEUTRAL,OK,near_reference,"{reference_kmh=24.036144578313134, age_s=0.0}"
786.0,POWER,160,NEUTRAL,OK,power_present,{age_s=0.0}
786.0,HR,130,NEUTRAL,OK,hr_present,{age_s=0.0}
786.0,CADENCE,65,GREEN,OK,preferred_low_cadence_band,{age_s=0.0}
786.0,GRADE,0,NEUTRAL,OK,flat_deadband,"{grade_raw=0.0, grade_display=0.0}"
786.0,GEAR,WAIT,GRAY,NO_DATA,missing_gear,{}
787.0,SPEED,24.0,NEUTRAL,OK,near_reference,"{reference_kmh=24.03609022556379, age_s=0.0}"
787.0,POWER,160,NEUTRAL,OK,power_present,{age_s=0.0}
787.0,HR,130,NEUTRAL,OK,hr_present,{age_s=0.0}
787.0,CADENCE,65,GREEN,OK,preferred_low_cadence_band,{age_s=0.0}
787.0,GRADE,0,NEUTRAL,OK,flat_deadband,"{grade_raw=0.0, grade_display=0.0}"
787.0,GEAR,WAIT,GRAY,NO_DATA,missing_gear,{}
788.0,SPEED,24.0,NEUTRAL,OK,near_reference,"{reference_kmh=24.03603603603592, age_s=0.0}"
788.0,POWER,160,NEUTRAL,OK,power_present,{age_s=0.0}
788.0,HR,130,NEUTRAL,OK,hr_present,{age_s=0.0}
788.0,CADENCE,65,GREEN,OK,preferred_low_cadence_band,{age_s=0.0}
788.0,GRADE,0,NEUTRAL,OK,flat_deadband,"{grade_raw=0.0, grade_display=0.0}"
788.0,GEAR,WAIT,GRAY,NO_DATA,missing_gear,{}
789.0,SPEED,24.0,NEUTRAL,OK,near_reference,"{reference_kmh=24.035982008995383, age_s=0.0}"
789.0,POWER,160,NEUTRAL,OK,power_present,{age_s=0.0}
789.0,HR,130,NEUTRAL,OK,hr_present,{age_s=0.0}
789.0,CADENCE,65,GREEN,OK,preferred_low_cadence_band,{age_s=0.0}
789.0,GRADE,0,NEUTRAL,OK,flat_deadband,"{grade_raw=0.0, grade_display=0.0}"
789.0,GEAR,WAIT,GRAY,NO_DATA,missing_gear,{}
790.0,SPEED,24.0,NEUTRAL,OK,near_reference,"{reference_kmh=24.03592814371246, age_s=0.0}"
790.0,POWER,160,NEUTRAL,OK,power_present,{age_s=0.0}
790.0,HR,130,NEUTRAL,OK,hr_present,{age_s=0.0}
790.0,CADENCE,65,GREEN,OK,preferred_low_cadence_band,{age_s=0.0}
790.0,GRADE,0,NEUTRAL,OK,flat_deadband,"{grade_raw=0.0, grade_display=0.0}"
790.0,GEAR,WAIT,GRAY,NO_DATA,missing_gear,{}
791.0,SPEED,24.0,NEUTRAL,OK,near_reference,"{reference_kmh=24.035874439461775, age_s=0.0}"
791.0,POWER,160,NEUTRAL,OK,power_present,{age_s=0.0}
791.0,HR,130,NEUTRAL,OK,hr_present,{age_s=0.0}
791.0,CADENCE,65,GREEN,OK,preferred_low_cadence_band,{age_s=0.0}
791.0,GRADE,0,NEUTRAL,OK,flat_deadband,"{grade_raw=0.0, grade_display=0.0}"
791.0,GEAR,WAIT,GRAY,NO_DATA,missing_gear,{}
792.0,SPEED,24.0,NEUTRAL,OK,near_reference,"{reference_kmh=24.035820895522278, age_s=0.0}"
792.0,POWER,160,NEUTRAL,OK,power_present,{age_s=0.0}
792.0,HR,130,NEUTRAL,OK,hr_present,{age_s=0.0}
792.0,CADENCE,65,GREEN,OK,preferred_low_cadence_band,{age_s=0.0}
792.0,GRADE,0,NEUTRAL,OK,flat_deadband,"{grade_raw=0.0, grade_display=0.0}"
792.0,GEAR,WAIT,GRAY,NO_DATA,missing_gear,{}
793.0,SPEED,24.0,NEUTRAL,OK,near_reference,"{reference_kmh=24.03576751117724, age_s=0.0}"
793.0,POWER,160,NEUTRAL,OK,power_present,{age_s=0.0}
793.0,HR,130,NEUTRAL,OK,hr_present,{age_s=0.0}
793.0,CADENCE,65,GREEN,OK,preferred_low_cadence_band,{age_s=0.0}
793.0,GRADE,0,NEUTRAL,OK,flat_deadband,"{grade_raw=0.0, grade_display=0.0}"
793.0,GEAR,WAIT,GRAY,NO_DATA,missing_gear,{}
794.0,SPEED,24.0,NEUTRAL,OK,near_reference,"{reference_kmh=24.035714285714178, age_s=0.0}"
794.0,POWER,160,NEUTRAL,OK,power_present,{age_s=0.0}
794.0,HR,130,NEUTRAL,OK,hr_present,{age_s=0.0}
794.0,CADENCE,65,GREEN,OK,preferred_low_cadence_band,{age_s=0.0}
794.0,GRADE,0,NEUTRAL,OK,flat_deadband,"{grade_raw=0.0, grade_display=0.0}"
794.0,GEAR,WAIT,GRAY,NO_DATA,missing_gear,{}
795.0,SPEED,24.0,NEUTRAL,OK,near_reference,"{reference_kmh=24.03566121842486, age_s=0.0}"
795.0,POWER,160,NEUTRAL,OK,power_present,{age_s=0.0}
795.0,HR,130,NEUTRAL,OK,hr_present,{age_s=0.0}
795.0,CADENCE,65,GREEN,OK,preferred_low_cadence_band,{age_s=0.0}
795.0,GRADE,0,NEUTRAL,OK,flat_deadband,"{grade_raw=0.0, grade_display=0.0}"
795.0,GEAR,WAIT,GRAY,NO_DATA,missing_gear,{}
796.0,SPEED,24.0,NEUTRAL,OK,near_reference,"{reference_kmh=24.035608308605234, age_s=0.0}"
796.0,POWER,160,NEUTRAL,OK,power_present,{age_s=0.0}
796.0,HR,130,NEUTRAL,OK,hr_present,{age_s=0.0}
796.0,CADENCE,65,GREEN,OK,preferred_low_cadence_band,{age_s=0.0}
796.0,GRADE,0,NEUTRAL,OK,flat_deadband,"{grade_raw=0.0, grade_display=0.0}"
796.0,GEAR,WAIT,GRAY,NO_DATA,missing_gear,{}
797.0,SPEED,24.0,NEUTRAL,OK,near_reference,"{reference_kmh=24.035555555555458, age_s=0.0}"
797.0,POWER,160,NEUTRAL,OK,power_present,{age_s=0.0}
797.0,HR,130,NEUTRAL,OK,hr_present,{age_s=0.0}
797.0,CADENCE,65,GREEN,OK,preferred_low_cadence_band,{age_s=0.0}
797.0,GRADE,0,NEUTRAL,OK,flat_deadband,"{grade_raw=0.0, grade_display=0.0}"
797.0,GEAR,WAIT,GRAY,NO_DATA,missing_gear,{}
798.0,SPEED,24.0,NEUTRAL,OK,near_reference,"{reference_kmh=24.035502958579787, age_s=0.0}"
798.0,POWER,160,NEUTRAL,OK,power_present,{age_s=0.0}
798.0,HR,130,NEUTRAL,OK,hr_present,{age_s=0.0}
798.0,CADENCE,65,GREEN,OK,preferred_low_cadence_band,{age_s=0.0}
798.0,GRADE,0,NEUTRAL,OK,flat_deadband,"{grade_raw=0.0, grade_display=0.0}"
798.0,GEAR,WAIT,GRAY,NO_DATA,missing_gear,{}
799.0,SPEED,24.0,NEUTRAL,OK,near_reference,"{reference_kmh=24.035450516986607, age_s=0.0}"
799.0,POWER,160,NEUTRAL,OK,power_present,{age_s=0.0}
799.0,HR,130,NEUTRAL,OK,hr_present,{age_s=0.0}
799.0,CADENCE,65,GREEN,OK,preferred_low_cadence_band,{age_s=0.0}
799.0,GRADE,0,NEUTRAL,OK,flat_deadband,"{grade_raw=0.0, grade_display=0.0}"
799.0,GEAR,WAIT,GRAY,NO_DATA,missing_gear,{}
800.0,SPEED,24.0,NEUTRAL,OK,near_reference,"{reference_kmh=24.0353982300884, age_s=0.0}"
800.0,POWER,160,NEUTRAL,OK,power_present,{age_s=0.0}
800.0,HR,130,NEUTRAL,OK,hr_present,{age_s=0.0}
800.0,CADENCE,65,GREEN,OK,preferred_low_cadence_band,{age_s=0.0}
800.0,GRADE,0,NEUTRAL,OK,flat_deadband,"{grade_raw=0.0, grade_display=0.0}"
800.0,GEAR,WAIT,GRAY,NO_DATA,missing_gear,{}
801.0,SPEED,24.0,NEUTRAL,OK,near_reference,"{reference_kmh=24.03534609720167, age_s=0.0}"
801.0,POWER,160,NEUTRAL,OK,power_present,{age_s=0.0}
801.0,HR,130,NEUTRAL,OK,hr_present,{age_s=0.0}
801.0,CADENCE,65,GREEN,OK,preferred_low_cadence_band,{age_s=0.0}
801.0,GRADE,0,NEUTRAL,OK,flat_deadband,"{grade_raw=0.0, grade_display=0.0}"
801.0,GEAR,WAIT,GRAY,NO_DATA,missing_gear,{}
802.0,SPEED,24.0,NEUTRAL,OK,near_reference,"{reference_kmh=24.03529411764697, age_s=0.0}"
802.0,POWER,160,NEUTRAL,OK,power_present,{age_s=0.0}
802.0,HR,130,NEUTRAL,OK,hr_present,{age_s=0.0}
802.0,CADENCE,65,GREEN,OK,preferred_low_cadence_band,{age_s=0.0}
802.0,GRADE,0,NEUTRAL,OK,flat_deadband,"{grade_raw=0.0, grade_display=0.0}"
802.0,GEAR,WAIT,GRAY,NO_DATA,missing_gear,{}
803.0,SPEED,24.0,NEUTRAL,OK,near_reference,"{reference_kmh=24.03524229074881, age_s=0.0}"
803.0,POWER,160,NEUTRAL,OK,power_present,{age_s=0.0}
803.0,HR,130,NEUTRAL,OK,hr_present,{age_s=0.0}
803.0,CADENCE,65,GREEN,OK,preferred_low_cadence_band,{age_s=0.0}
803.0,GRADE,0,NEUTRAL,OK,flat_deadband,"{grade_raw=0.0, grade_display=0.0}"
803.0,GEAR,WAIT,GRAY,NO_DATA,missing_gear,{}
804.0,SPEED,24.0,NEUTRAL,OK,near_reference,"{reference_kmh=24.03519061583569, age_s=0.0}"
804.0,POWER,160,NEUTRAL,OK,power_present,{age_s=0.0}
804.0,HR,130,NEUTRAL,OK,hr_present,{age_s=0.0}
804.0,CADENCE,65,GREEN,OK,preferred_low_cadence_band,{age_s=0.0}
804.0,GRADE,0,NEUTRAL,OK,flat_deadband,"{grade_raw=0.0, grade_display=0.0}"
804.0,GEAR,WAIT,GRAY,NO_DATA,missing_gear,{}
805.0,SPEED,24.0,NEUTRAL,OK,near_reference,"{reference_kmh=24.035139092240033, age_s=0.0}"
805.0,POWER,160,NEUTRAL,OK,power_present,{age_s=0.0}
805.0,HR,130,NEUTRAL,OK,hr_present,{age_s=0.0}
805.0,CADENCE,65,GREEN,OK,preferred_low_cadence_band,{age_s=0.0}
805.0,GRADE,0,NEUTRAL,OK,flat_deadband,"{grade_raw=0.0, grade_display=0.0}"
805.0,GEAR,WAIT,GRAY,NO_DATA,missing_gear,{}
806.0,SPEED,24.0,NEUTRAL,OK,near_reference,"{reference_kmh=24.03508771929816, age_s=0.0}"
806.0,POWER,160,NEUTRAL,OK,power_present,{age_s=0.0}
806.0,HR,130,NEUTRAL,OK,hr_present,{age_s=0.0}
806.0,CADENCE,65,GREEN,OK,preferred_low_cadence_band,{age_s=0.0}
806.0,GRADE,0,NEUTRAL,OK,flat_deadband,"{grade_raw=0.0, grade_display=0.0}"
806.0,GEAR,WAIT,GRAY,NO_DATA,missing_gear,{}
807.0,SPEED,24.0,NEUTRAL,OK,near_reference,"{reference_kmh=24.035036496350283, age_s=0.0}"
807.0,POWER,160,NEUTRAL,OK,power_present,{age_s=0.0}
807.0,HR,130,NEUTRAL,OK,hr_present,{age_s=0.0}
807.0,CADENCE,65,GREEN,OK,preferred_low_cadence_band,{age_s=0.0}
807.0,GRADE,0,NEUTRAL,OK,flat_deadband,"{grade_raw=0.0, grade_display=0.0}"
807.0,GEAR,WAIT,GRAY,NO_DATA,missing_gear,{}
808.0,SPEED,24.0,NEUTRAL,OK,near_reference,"{reference_kmh=24.034985422740444, age_s=0.0}"
808.0,POWER,160,NEUTRAL,OK,power_present,{age_s=0.0}
808.0,HR,130,NEUTRAL,OK,hr_present,{age_s=0.0}
808.0,CADENCE,65,GREEN,OK,preferred_low_cadence_band,{age_s=0.0}
808.0,GRADE,0,NEUTRAL,OK,flat_deadband,"{grade_raw=0.0, grade_display=0.0}"
808.0,GEAR,WAIT,GRAY,NO_DATA,missing_gear,{}
809.0,SPEED,24.0,NEUTRAL,OK,near_reference,"{reference_kmh=24.03493449781652, age_s=0.0}"
809.0,POWER,160,NEUTRAL,OK,power_present,{age_s=0.0}
809.0,HR,130,NEUTRAL,OK,hr_present,{age_s=0.0}
809.0,CADENCE,65,GREEN,OK,preferred_low_cadence_band,{age_s=0.0}
809.0,GRADE,0,NEUTRAL,OK,flat_deadband,"{grade_raw=0.0, grade_display=0.0}"
809.0,GEAR,WAIT,GRAY,NO_DATA,missing_gear,{}
810.0,SPEED,24.0,NEUTRAL,OK,near_reference,"{reference_kmh=24.034883720930154, age_s=0.0}"
810.0,POWER,160,NEUTRAL,OK,power_present,{age_s=0.0}
810.0,HR,130,NEUTRAL,OK,hr_present,{age_s=0.0}
810.0,CADENCE,65,GREEN,OK,preferred_low_cadence_band,{age_s=0.0}
810.0,GRADE,0,NEUTRAL,OK,flat_deadband,"{grade_raw=0.0, grade_display=0.0}"
810.0,GEAR,WAIT,GRAY,NO_DATA,missing_gear,{}
811.0,SPEED,24.0,NEUTRAL,OK,near_reference,"{reference_kmh=24.034833091436788, age_s=0.0}"
811.0,POWER,160,NEUTRAL,OK,power_present,{age_s=0.0}
811.0,HR,130,NEUTRAL,OK,hr_present,{age_s=0.0}
811.0,CADENCE,65,GREEN,OK,preferred_low_cadence_band,{age_s=0.0}
811.0,GRADE,0,NEUTRAL,OK,flat_deadband,"{grade_raw=0.0, grade_display=0.0}"
811.0,GEAR,WAIT,GRAY,NO_DATA,missing_gear,{}
812.0,SPEED,24.0,NEUTRAL,OK,near_reference,"{reference_kmh=24.034782608695576, age_s=0.0}"
812.0,POWER,160,NEUTRAL,OK,power_present,{age_s=0.0}
812.0,HR,130,NEUTRAL,OK,hr_present,{age_s=0.0}
812.0,CADENCE,65,GREEN,OK,preferred_low_cadence_band,{age_s=0.0}
812.0,GRADE,0,NEUTRAL,OK,flat_deadband,"{grade_raw=0.0, grade_display=0.0}"
812.0,GEAR,WAIT,GRAY,NO_DATA,missing_gear,{}
813.0,SPEED,24.0,NEUTRAL,OK,near_reference,"{reference_kmh=24.03473227206939, age_s=0.0}"
813.0,POWER,160,NEUTRAL,OK,power_present,{age_s=0.0}
813.0,HR,130,NEUTRAL,OK,hr_present,{age_s=0.0}
813.0,CADENCE,65,GREEN,OK,preferred_low_cadence_band,{age_s=0.0}
813.0,GRADE,0,NEUTRAL,OK,flat_deadband,"{grade_raw=0.0, grade_display=0.0}"
813.0,GEAR,WAIT,GRAY,NO_DATA,missing_gear,{}
814.0,SPEED,24.0,NEUTRAL,OK,near_reference,"{reference_kmh=24.03468208092479, age_s=0.0}"
814.0,POWER,160,NEUTRAL,OK,power_present,{age_s=0.0}
814.0,HR,130,NEUTRAL,OK,hr_present,{age_s=0.0}
814.0,CADENCE,65,GREEN,OK,preferred_low_cadence_band,{age_s=0.0}
814.0,GRADE,0,NEUTRAL,OK,flat_deadband,"{grade_raw=0.0, grade_display=0.0}"
814.0,GEAR,WAIT,GRAY,NO_DATA,missing_gear,{}
815.0,SPEED,24.0,NEUTRAL,OK,near_reference,"{reference_kmh=24.034632034631965, age_s=0.0}"
815.0,POWER,160,NEUTRAL,OK,power_present,{age_s=0.0}
815.0,HR,130,NEUTRAL,OK,hr_present,{age_s=0.0}
815.0,CADENCE,65,GREEN,OK,preferred_low_cadence_band,{age_s=0.0}
815.0,GRADE,0,NEUTRAL,OK,flat_deadband,"{grade_raw=0.0, grade_display=0.0}"
815.0,GEAR,WAIT,GRAY,NO_DATA,missing_gear,{}
816.0,SPEED,24.0,NEUTRAL,OK,near_reference,"{reference_kmh=24.034582132564775, age_s=0.0}"
816.0,POWER,160,NEUTRAL,OK,power_present,{age_s=0.0}
816.0,HR,130,NEUTRAL,OK,hr_present,{age_s=0.0}
816.0,CADENCE,65,GREEN,OK,preferred_low_cadence_band,{age_s=0.0}
816.0,GRADE,0,NEUTRAL,OK,flat_deadband,"{grade_raw=0.0, grade_display=0.0}"
816.0,GEAR,WAIT,GRAY,NO_DATA,missing_gear,{}
817.0,SPEED,24.0,NEUTRAL,OK,near_reference,"{reference_kmh=24.034532374100653, age_s=0.0}"
817.0,POWER,160,NEUTRAL,OK,power_present,{age_s=0.0}
817.0,HR,130,NEUTRAL,OK,hr_present,{age_s=0.0}
817.0,CADENCE,65,GREEN,OK,preferred_low_cadence_band,{age_s=0.0}
817.0,GRADE,0,NEUTRAL,OK,flat_deadband,"{grade_raw=0.0, grade_display=0.0}"
817.0,GEAR,WAIT,GRAY,NO_DATA,missing_gear,{}
818.0,SPEED,24.0,NEUTRAL,OK,near_reference,"{reference_kmh=24.034482758620626, age_s=0.0}"
818.0,POWER,160,NEUTRAL,OK,power_present,{age_s=0.0}
818.0,HR,130,NEUTRAL,OK,hr_present,{age_s=0.0}
818.0,CADENCE,65,GREEN,OK,preferred_low_cadence_band,{age_s=0.0}
818.0,GRADE,0,NEUTRAL,OK,flat_deadband,"{grade_raw=0.0, grade_display=0.0}"
818.0,GEAR,WAIT,GRAY,NO_DATA,missing_gear,{}
819.0,SPEED,24.0,NEUTRAL,OK,near_reference,"{reference_kmh=24.03443328550926, age_s=0.0}"
819.0,POWER,160,NEUTRAL,OK,power_present,{age_s=0.0}
819.0,HR,130,NEUTRAL,OK,hr_present,{age_s=0.0}
819.0,CADENCE,65,GREEN,OK,preferred_low_cadence_band,{age_s=0.0}
819.0,GRADE,0,NEUTRAL,OK,flat_deadband,"{grade_raw=0.0, grade_display=0.0}"
819.0,GEAR,WAIT,GRAY,NO_DATA,missing_gear,{}
820.0,SPEED,24.0,NEUTRAL,OK,near_reference,"{reference_kmh=24.03438395415467, age_s=0.0}"
820.0,POWER,160,NEUTRAL,OK,power_present,{age_s=0.0}
820.0,HR,130,NEUTRAL,OK,hr_present,{age_s=0.0}
820.0,CADENCE,65,GREEN,OK,preferred_low_cadence_band,{age_s=0.0}
820.0,GRADE,0,NEUTRAL,OK,flat_deadband,"{grade_raw=0.0, grade_display=0.0}"
820.0,GEAR,WAIT,GRAY,NO_DATA,missing_gear,{}
821.0,SPEED,24.0,NEUTRAL,OK,near_reference,"{reference_kmh=24.03433476394844, age_s=0.0}"
821.0,POWER,160,NEUTRAL,OK,power_present,{age_s=0.0}
821.0,HR,130,NEUTRAL,OK,hr_present,{age_s=0.0}
821.0,CADENCE,65,GREEN,OK,preferred_low_cadence_band,{age_s=0.0}
821.0,GRADE,0,NEUTRAL,OK,flat_deadband,"{grade_raw=0.0, grade_display=0.0}"
821.0,GEAR,WAIT,GRAY,NO_DATA,missing_gear,{}
822.0,SPEED,24.0,NEUTRAL,OK,near_reference,"{reference_kmh=24.034285714285655, age_s=0.0}"
822.0,POWER,160,NEUTRAL,OK,power_present,{age_s=0.0}
822.0,HR,130,NEUTRAL,OK,hr_present,{age_s=0.0}
822.0,CADENCE,65,GREEN,OK,preferred_low_cadence_band,{age_s=0.0}
822.0,GRADE,0,NEUTRAL,OK,flat_deadband,"{grade_raw=0.0, grade_display=0.0}"
822.0,GEAR,WAIT,GRAY,NO_DATA,missing_gear,{}
823.0,SPEED,24.0,NEUTRAL,OK,near_reference,"{reference_kmh=24.034236804564852, age_s=0.0}"
823.0,POWER,160,NEUTRAL,OK,power_present,{age_s=0.0}
823.0,HR,130,NEUTRAL,OK,hr_present,{age_s=0.0}
823.0,CADENCE,65,GREEN,OK,preferred_low_cadence_band,{age_s=0.0}
823.0,GRADE,0,NEUTRAL,OK,flat_deadband,"{grade_raw=0.0, grade_display=0.0}"
823.0,GEAR,WAIT,GRAY,NO_DATA,missing_gear,{}
824.0,SPEED,24.0,NEUTRAL,OK,near_reference,"{reference_kmh=24.034188034187977, age_s=0.0}"
824.0,POWER,160,NEUTRAL,OK,power_present,{age_s=0.0}
824.0,HR,130,NEUTRAL,OK,hr_present,{age_s=0.0}
824.0,CADENCE,65,GREEN,OK,preferred_low_cadence_band,{age_s=0.0}
824.0,GRADE,0,NEUTRAL,OK,flat_deadband,"{grade_raw=0.0, grade_display=0.0}"
824.0,GEAR,WAIT,GRAY,NO_DATA,missing_gear,{}
825.0,SPEED,24.0,NEUTRAL,OK,near_reference,"{reference_kmh=24.034139402560402, age_s=0.0}"
825.0,POWER,160,NEUTRAL,OK,power_present,{age_s=0.0}
825.0,HR,130,NEUTRAL,OK,hr_present,{age_s=0.0}
825.0,CADENCE,65,GREEN,OK,preferred_low_cadence_band,{age_s=0.0}
825.0,GRADE,0,NEUTRAL,OK,flat_deadband,"{grade_raw=0.0, grade_display=0.0}"
825.0,GEAR,WAIT,GRAY,NO_DATA,missing_gear,{}
826.0,SPEED,24.0,NEUTRAL,OK,near_reference,"{reference_kmh=24.03409090909086, age_s=0.0}"
826.0,POWER,160,NEUTRAL,OK,power_present,{age_s=0.0}
826.0,HR,130,NEUTRAL,OK,hr_present,{age_s=0.0}
826.0,CADENCE,65,GREEN,OK,preferred_low_cadence_band,{age_s=0.0}
826.0,GRADE,0,NEUTRAL,OK,flat_deadband,"{grade_raw=0.0, grade_display=0.0}"
826.0,GEAR,WAIT,GRAY,NO_DATA,missing_gear,{}
827.0,SPEED,24.0,NEUTRAL,OK,near_reference,"{reference_kmh=24.03404255319144, age_s=0.0}"
827.0,POWER,160,NEUTRAL,OK,power_present,{age_s=0.0}
827.0,HR,130,NEUTRAL,OK,hr_present,{age_s=0.0}
827.0,CADENCE,65,GREEN,OK,preferred_low_cadence_band,{age_s=0.0}
827.0,GRADE,0,NEUTRAL,OK,flat_deadband,"{grade_raw=0.0, grade_display=0.0}"
827.0,GEAR,WAIT,GRAY,NO_DATA,missing_gear,{}
828.0,SPEED,24.0,NEUTRAL,OK,near_reference,"{reference_kmh=24.033994334277573, age_s=0.0}"
828.0,POWER,160,NEUTRAL,OK,power_present,{age_s=0.0}
828.0,HR,130,NEUTRAL,OK,hr_present,{age_s=0.0}
828.0,CADENCE,65,GREEN,OK,preferred_low_cadence_band,{age_s=0.0}
828.0,GRADE,0,NEUTRAL,OK,flat_deadband,"{grade_raw=0.0, grade_display=0.0}"
828.0,GEAR,WAIT,GRAY,NO_DATA,missing_gear,{}
829.0,SPEED,24.0,NEUTRAL,OK,near_reference,"{reference_kmh=24.033946251767986, age_s=0.0}"
829.0,POWER,160,NEUTRAL,OK,power_present,{age_s=0.0}
829.0,HR,130,NEUTRAL,OK,hr_present,{age_s=0.0}
829.0,CADENCE,65,GREEN,OK,preferred_low_cadence_band,{age_s=0.0}
829.0,GRADE,0,NEUTRAL,OK,flat_deadband,"{grade_raw=0.0, grade_display=0.0}"
829.0,GEAR,WAIT,GRAY,NO_DATA,missing_gear,{}
830.0,SPEED,24.0,NEUTRAL,OK,near_reference,"{reference_kmh=24.0338983050847, age_s=0.0}"
830.0,POWER,160,NEUTRAL,OK,power_present,{age_s=0.0}
830.0,HR,130,NEUTRAL,OK,hr_present,{age_s=0.0}
830.0,CADENCE,65,GREEN,OK,preferred_low_cadence_band,{age_s=0.0}
830.0,GRADE,0,NEUTRAL,OK,flat_deadband,"{grade_raw=0.0, grade_display=0.0}"
830.0,GEAR,WAIT,GRAY,NO_DATA,missing_gear,{}
831.0,SPEED,24.0,NEUTRAL,OK,near_reference,"{reference_kmh=24.033850493652988, age_s=0.0}"
831.0,POWER,160,NEUTRAL,OK,power_present,{age_s=0.0}
831.0,HR,130,NEUTRAL,OK,hr_present,{age_s=0.0}
831.0,CADENCE,65,GREEN,OK,preferred_low_cadence_band,{age_s=0.0}
831.0,GRADE,0,NEUTRAL,OK,flat_deadband,"{grade_raw=0.0, grade_display=0.0}"
831.0,GEAR,WAIT,GRAY,NO_DATA,missing_gear,{}
832.0,SPEED,24.0,NEUTRAL,OK,near_reference,"{reference_kmh=24.03380281690137, age_s=0.0}"
832.0,POWER,160,NEUTRAL,OK,power_present,{age_s=0.0}
832.0,HR,130,NEUTRAL,OK,hr_present,{age_s=0.0}
832.0,CADENCE,65,GREEN,OK,preferred_low_cadence_band,{age_s=0.0}
832.0,GRADE,0,NEUTRAL,OK,flat_deadband,"{grade_raw=0.0, grade_display=0.0}"
832.0,GEAR,WAIT,GRAY,NO_DATA,missing_gear,{}
833.0,SPEED,24.0,NEUTRAL,OK,near_reference,"{reference_kmh=24.033755274261562, age_s=0.0}"
833.0,POWER,160,NEUTRAL,OK,power_present,{age_s=0.0}
833.0,HR,130,NEUTRAL,OK,hr_present,{age_s=0.0}
833.0,CADENCE,65,GREEN,OK,preferred_low_cadence_band,{age_s=0.0}
833.0,GRADE,0,NEUTRAL,OK,flat_deadband,"{grade_raw=0.0, grade_display=0.0}"
833.0,GEAR,WAIT,GRAY,NO_DATA,missing_gear,{}
834.0,SPEED,24.0,NEUTRAL,OK,near_reference,"{reference_kmh=24.033707865168502, age_s=0.0}"
834.0,POWER,160,NEUTRAL,OK,power_present,{age_s=0.0}
834.0,HR,130,NEUTRAL,OK,hr_present,{age_s=0.0}
834.0,CADENCE,65,GREEN,OK,preferred_low_cadence_band,{age_s=0.0}
834.0,GRADE,0,NEUTRAL,OK,flat_deadband,"{grade_raw=0.0, grade_display=0.0}"
834.0,GEAR,WAIT,GRAY,NO_DATA,missing_gear,{}
835.0,SPEED,24.0,NEUTRAL,OK,near_reference,"{reference_kmh=24.03366058906027, age_s=0.0}"
835.0,POWER,160,NEUTRAL,OK,power_present,{age_s=0.0}
835.0,HR,130,NEUTRAL,OK,hr_present,{age_s=0.0}
835.0,CADENCE,65,GREEN,OK,preferred_low_cadence_band,{age_s=0.0}
835.0,GRADE,0,NEUTRAL,OK,flat_deadband,"{grade_raw=0.0, grade_display=0.0}"
835.0,GEAR,WAIT,GRAY,NO_DATA,missing_gear,{}
836.0,SPEED,24.0,NEUTRAL,OK,near_reference,"{reference_kmh=24.033613445378116, age_s=0.0}"
836.0,POWER,160,NEUTRAL,OK,power_present,{age_s=0.0}
836.0,HR,130,NEUTRAL,OK,hr_present,{age_s=0.0}
836.0,CADENCE,65,GREEN,OK,preferred_low_cadence_band,{age_s=0.0}
836.0,GRADE,0,NEUTRAL,OK,flat_deadband,"{grade_raw=0.0, grade_display=0.0}"
836.0,GEAR,WAIT,GRAY,NO_DATA,missing_gear,{}
837.0,SPEED,24.0,NEUTRAL,OK,near_reference,"{reference_kmh=24.0335664335664, age_s=0.0}"
837.0,POWER,160,NEUTRAL,OK,power_present,{age_s=0.0}
837.0,HR,130,NEUTRAL,OK,hr_present,{age_s=0.0}
837.0,CADENCE,65,GREEN,OK,preferred_low_cadence_band,{age_s=0.0}
837.0,GRADE,0,NEUTRAL,OK,flat_deadband,"{grade_raw=0.0, grade_display=0.0}"
837.0,GEAR,WAIT,GRAY,NO_DATA,missing_gear,{}
838.0,SPEED,24.0,NEUTRAL,OK,near_reference,"{reference_kmh=24.033519553072594, age_s=0.0}"
838.0,POWER,160,NEUTRAL,OK,power_present,{age_s=0.0}
838.0,HR,130,NEUTRAL,OK,hr_present,{age_s=0.0}
838.0,CADENCE,65,GREEN,OK,preferred_low_cadence_band,{age_s=0.0}
838.0,GRADE,0,NEUTRAL,OK,flat_deadband,"{grade_raw=0.0, grade_display=0.0}"
838.0,GEAR,WAIT,GRAY,NO_DATA,missing_gear,{}
839.0,SPEED,24.0,NEUTRAL,OK,near_reference,"{reference_kmh=24.03347280334725, age_s=0.0}"
839.0,POWER,160,NEUTRAL,OK,power_present,{age_s=0.0}
839.0,HR,130,NEUTRAL,OK,hr_present,{age_s=0.0}
839.0,CADENCE,65,GREEN,OK,preferred_low_cadence_band,{age_s=0.0}
839.0,GRADE,0,NEUTRAL,OK,flat_deadband,"{grade_raw=0.0, grade_display=0.0}"
839.0,GEAR,WAIT,GRAY,NO_DATA,missing_gear,{}
840.0,SPEED,24.0,NEUTRAL,OK,near_reference,"{reference_kmh=24.033426183843982, age_s=0.0}"
840.0,POWER,160,NEUTRAL,OK,power_present,{age_s=0.0}
840.0,HR,130,NEUTRAL,OK,hr_present,{age_s=0.0}
840.0,CADENCE,65,GREEN,OK,preferred_low_cadence_band,{age_s=0.0}
840.0,GRADE,0,NEUTRAL,OK,flat_deadband,"{grade_raw=0.0, grade_display=0.0}"
840.0,GEAR,WAIT,GRAY,NO_DATA,missing_gear,{}
841.0,SPEED,24.0,NEUTRAL,OK,near_reference,"{reference_kmh=24.033379694019445, age_s=0.0}"
841.0,POWER,160,NEUTRAL,OK,power_present,{age_s=0.0}
841.0,HR,130,NEUTRAL,OK,hr_present,{age_s=0.0}
841.0,CADENCE,65,GREEN,OK,preferred_low_cadence_band,{age_s=0.0}
841.0,GRADE,0,NEUTRAL,OK,flat_deadband,"{grade_raw=0.0, grade_display=0.0}"
841.0,GEAR,WAIT,GRAY,NO_DATA,missing_gear,{}
842.0,SPEED,24.0,NEUTRAL,OK,near_reference,"{reference_kmh=24.033333333333307, age_s=0.0}"
842.0,POWER,160,NEUTRAL,OK,power_present,{age_s=0.0}
842.0,HR,130,NEUTRAL,OK,hr_present,{age_s=0.0}
842.0,CADENCE,65,GREEN,OK,preferred_low_cadence_band,{age_s=0.0}
842.0,GRADE,0,NEUTRAL,OK,flat_deadband,"{grade_raw=0.0, grade_display=0.0}"
842.0,GEAR,WAIT,GRAY,NO_DATA,missing_gear,{}
843.0,SPEED,24.0,NEUTRAL,OK,near_reference,"{reference_kmh=24.03328710124824, age_s=0.0}"
843.0,POWER,160,NEUTRAL,OK,power_present,{age_s=0.0}
843.0,HR,130,NEUTRAL,OK,hr_present,{age_s=0.0}
843.0,CADENCE,65,GREEN,OK,preferred_low_cadence_band,{age_s=0.0}
843.0,GRADE,0,NEUTRAL,OK,flat_deadband,"{grade_raw=0.0, grade_display=0.0}"
843.0,GEAR,WAIT,GRAY,NO_DATA,missing_gear,{}
844.0,SPEED,24.0,NEUTRAL,OK,near_reference,"{reference_kmh=24.033240997229896, age_s=0.0}"
844.0,POWER,160,NEUTRAL,OK,power_present,{age_s=0.0}
844.0,HR,130,NEUTRAL,OK,hr_present,{age_s=0.0}
844.0,CADENCE,65,GREEN,OK,preferred_low_cadence_band,{age_s=0.0}
844.0,GRADE,0,NEUTRAL,OK,flat_deadband,"{grade_raw=0.0, grade_display=0.0}"
844.0,GEAR,WAIT,GRAY,NO_DATA,missing_gear,{}
845.0,SPEED,24.0,NEUTRAL,OK,near_reference,"{reference_kmh=24.033195020746867, age_s=0.0}"
845.0,POWER,160,NEUTRAL,OK,power_present,{age_s=0.0}
845.0,HR,130,NEUTRAL,OK,hr_present,{age_s=0.0}
845.0,CADENCE,65,GREEN,OK,preferred_low_cadence_band,{age_s=0.0}
845.0,GRADE,0,NEUTRAL,OK,flat_deadband,"{grade_raw=0.0, grade_display=0.0}"
845.0,GEAR,WAIT,GRAY,NO_DATA,missing_gear,{}
846.0,SPEED,24.0,NEUTRAL,OK,near_reference,"{reference_kmh=24.0331491712707, age_s=0.0}"
846.0,POWER,160,NEUTRAL,OK,power_present,{age_s=0.0}
846.0,HR,130,NEUTRAL,OK,hr_present,{age_s=0.0}
846.0,CADENCE,65,GREEN,OK,preferred_low_cadence_band,{age_s=0.0}
846.0,GRADE,0,NEUTRAL,OK,flat_deadband,"{grade_raw=0.0, grade_display=0.0}"
846.0,GEAR,WAIT,GRAY,NO_DATA,missing_gear,{}
847.0,SPEED,24.0,NEUTRAL,OK,near_reference,"{reference_kmh=24.033103448275842, age_s=0.0}"
847.0,POWER,160,NEUTRAL,OK,power_present,{age_s=0.0}
847.0,HR,130,NEUTRAL,OK,hr_present,{age_s=0.0}
847.0,CADENCE,65,GREEN,OK,preferred_low_cadence_band,{age_s=0.0}
847.0,GRADE,0,NEUTRAL,OK,flat_deadband,"{grade_raw=0.0, grade_display=0.0}"
847.0,GEAR,WAIT,GRAY,NO_DATA,missing_gear,{}
848.0,SPEED,24.0,NEUTRAL,OK,near_reference,"{reference_kmh=24.033057851239654, age_s=0.0}"
848.0,POWER,160,NEUTRAL,OK,power_present,{age_s=0.0}
848.0,HR,130,NEUTRAL,OK,hr_present,{age_s=0.0}
848.0,CADENCE,65,GREEN,OK,preferred_low_cadence_band,{age_s=0.0}
848.0,GRADE,0,NEUTRAL,OK,flat_deadband,"{grade_raw=0.0, grade_display=0.0}"
848.0,GEAR,WAIT,GRAY,NO_DATA,missing_gear,{}
849.0,SPEED,24.0,NEUTRAL,OK,near_reference,"{reference_kmh=24.033012379642347, age_s=0.0}"
849.0,POWER,160,NEUTRAL,OK,power_present,{age_s=0.0}
849.0,HR,130,NEUTRAL,OK,hr_present,{age_s=0.0}
849.0,CADENCE,65,GREEN,OK,preferred_low_cadence_band,{age_s=0.0}
849.0,GRADE,0,NEUTRAL,OK,flat_deadband,"{grade_raw=0.0, grade_display=0.0}"
849.0,GEAR,WAIT,GRAY,NO_DATA,missing_gear,{}
850.0,SPEED,24.0,NEUTRAL,OK,near_reference,"{reference_kmh=24.032967032967022, age_s=0.0}"
850.0,POWER,160,NEUTRAL,OK,power_present,{age_s=0.0}
850.0,HR,130,NEUTRAL,OK,hr_present,{age_s=0.0}
850.0,CADENCE,65,GREEN,OK,preferred_low_cadence_band,{age_s=0.0}
850.0,GRADE,0,NEUTRAL,OK,flat_deadband,"{grade_raw=0.0, grade_display=0.0}"
850.0,GEAR,WAIT,GRAY,NO_DATA,missing_gear,{}
851.0,SPEED,24.0,NEUTRAL,OK,near_reference,"{reference_kmh=24.032921810699577, age_s=0.0}"
851.0,POWER,160,NEUTRAL,OK,power_present,{age_s=0.0}
851.0,HR,130,NEUTRAL,OK,hr_present,{age_s=0.0}
851.0,CADENCE,65,GREEN,OK,preferred_low_cadence_band,{age_s=0.0}
851.0,GRADE,0,NEUTRAL,OK,flat_deadband,"{grade_raw=0.0, grade_display=0.0}"
851.0,GEAR,WAIT,GRAY,NO_DATA,missing_gear,{}
852.0,SPEED,24.0,NEUTRAL,OK,near_reference,"{reference_kmh=24.032876712328758, age_s=0.0}"
852.0,POWER,160,NEUTRAL,OK,power_present,{age_s=0.0}
852.0,HR,130,NEUTRAL,OK,hr_present,{age_s=0.0}
852.0,CADENCE,65,GREEN,OK,preferred_low_cadence_band,{age_s=0.0}
852.0,GRADE,0,NEUTRAL,OK,flat_deadband,"{grade_raw=0.0, grade_display=0.0}"
852.0,GEAR,WAIT,GRAY,NO_DATA,missing_gear,{}
853.0,SPEED,24.0,NEUTRAL,OK,near_reference,"{reference_kmh=24.032831737346093, age_s=0.0}"
853.0,POWER,160,NEUTRAL,OK,power_present,{age_s=0.0}
853.0,HR,130,NEUTRAL,OK,hr_present,{age_s=0.0}
853.0,CADENCE,65,GREEN,OK,preferred_low_cadence_band,{age_s=0.0}
853.0,GRADE,0,NEUTRAL,OK,flat_deadband,"{grade_raw=0.0, grade_display=0.0}"
853.0,GEAR,WAIT,GRAY,NO_DATA,missing_gear,{}
854.0,SPEED,24.0,NEUTRAL,OK,near_reference,"{reference_kmh=24.032786885245894, age_s=0.0}"
854.0,POWER,160,NEUTRAL,OK,power_present,{age_s=0.0}
854.0,HR,130,NEUTRAL,OK,hr_present,{age_s=0.0}
854.0,CADENCE,65,GREEN,OK,preferred_low_cadence_band,{age_s=0.0}
854.0,GRADE,0,NEUTRAL,OK,flat_deadband,"{grade_raw=0.0, grade_display=0.0}"
854.0,GEAR,WAIT,GRAY,NO_DATA,missing_gear,{}
855.0,SPEED,24.0,NEUTRAL,OK,near_reference,"{reference_kmh=24.03274215552523, age_s=0.0}"
855.0,POWER,160,NEUTRAL,OK,power_present,{age_s=0.0}
855.0,HR,130,NEUTRAL,OK,hr_present,{age_s=0.0}
855.0,CADENCE,65,GREEN,OK,preferred_low_cadence_band,{age_s=0.0}
855.0,GRADE,0,NEUTRAL,OK,flat_deadband,"{grade_raw=0.0, grade_display=0.0}"
855.0,GEAR,WAIT,GRAY,NO_DATA,missing_gear,{}
856.0,SPEED,24.0,NEUTRAL,OK,near_reference,"{reference_kmh=24.03269754768392, age_s=0.0}"
856.0,POWER,160,NEUTRAL,OK,power_present,{age_s=0.0}
856.0,HR,130,NEUTRAL,OK,hr_present,{age_s=0.0}
856.0,CADENCE,65,GREEN,OK,preferred_low_cadence_band,{age_s=0.0}
856.0,GRADE,0,NEUTRAL,OK,flat_deadband,"{grade_raw=0.0, grade_display=0.0}"
856.0,GEAR,WAIT,GRAY,NO_DATA,missing_gear,{}
857.0,SPEED,24.0,NEUTRAL,OK,near_reference,"{reference_kmh=24.032653061224487, age_s=0.0}"
857.0,POWER,160,NEUTRAL,OK,power_present,{age_s=0.0}
857.0,HR,130,NEUTRAL,OK,hr_present,{age_s=0.0}
857.0,CADENCE,65,GREEN,OK,preferred_low_cadence_band,{age_s=0.0}
857.0,GRADE,0,NEUTRAL,OK,flat_deadband,"{grade_raw=0.0, grade_display=0.0}"
857.0,GEAR,WAIT,GRAY,NO_DATA,missing_gear,{}
858.0,SPEED,24.0,NEUTRAL,OK,near_reference,"{reference_kmh=24.032608695652172, age_s=0.0}"
858.0,POWER,160,NEUTRAL,OK,power_present,{age_s=0.0}
858.0,HR,130,NEUTRAL,OK,hr_present,{age_s=0.0}
858.0,CADENCE,65,GREEN,OK,preferred_low_cadence_band,{age_s=0.0}
858.0,GRADE,0,NEUTRAL,OK,flat_deadband,"{grade_raw=0.0, grade_display=0.0}"
858.0,GEAR,WAIT,GRAY,NO_DATA,missing_gear,{}
859.0,SPEED,24.0,NEUTRAL,OK,near_reference,"{reference_kmh=24.032564450474897, age_s=0.0}"
859.0,POWER,160,NEUTRAL,OK,power_present,{age_s=0.0}
859.0,HR,130,NEUTRAL,OK,hr_present,{age_s=0.0}
859.0,CADENCE,65,GREEN,OK,preferred_low_cadence_band,{age_s=0.0}
859.0,GRADE,0,NEUTRAL,OK,flat_deadband,"{grade_raw=0.0, grade_display=0.0}"
859.0,GEAR,WAIT,GRAY,NO_DATA,missing_gear,{}
860.0,SPEED,24.0,NEUTRAL,OK,near_reference,"{reference_kmh=24.032520325203254, age_s=0.0}"
860.0,POWER,160,NEUTRAL,OK,power_present,{age_s=0.0}
860.0,HR,130,NEUTRAL,OK,hr_present,{age_s=0.0}
860.0,CADENCE,65,GREEN,OK,preferred_low_cadence_band,{age_s=0.0}
860.0,GRADE,0,NEUTRAL,OK,flat_deadband,"{grade_raw=0.0, grade_display=0.0}"
860.0,GEAR,WAIT,GRAY,NO_DATA,missing_gear,{}
861.0,SPEED,24.0,NEUTRAL,OK,near_reference,"{reference_kmh=24.032476319350476, age_s=0.0}"
861.0,POWER,160,NEUTRAL,OK,power_present,{age_s=0.0}
861.0,HR,130,NEUTRAL,OK,hr_present,{age_s=0.0}
861.0,CADENCE,65,GREEN,OK,preferred_low_cadence_band,{age_s=0.0}
861.0,GRADE,0,NEUTRAL,OK,flat_deadband,"{grade_raw=0.0, grade_display=0.0}"
861.0,GEAR,WAIT,GRAY,NO_DATA,missing_gear,{}
862.0,SPEED,24.0,NEUTRAL,OK,near_reference,"{reference_kmh=24.03243243243244, age_s=0.0}"
862.0,POWER,160,NEUTRAL,OK,power_present,{age_s=0.0}
862.0,HR,130,NEUTRAL,OK,hr_present,{age_s=0.0}
862.0,CADENCE,65,GREEN,OK,preferred_low_cadence_band,{age_s=0.0}
862.0,GRADE,0,NEUTRAL,OK,flat_deadband,"{grade_raw=0.0, grade_display=0.0}"
862.0,GEAR,WAIT,GRAY,NO_DATA,missing_gear,{}
863.0,SPEED,24.0,NEUTRAL,OK,near_reference,"{reference_kmh=24.032388663967616, age_s=0.0}"
863.0,POWER,160,NEUTRAL,OK,power_present,{age_s=0.0}
863.0,HR,130,NEUTRAL,OK,hr_present,{age_s=0.0}
863.0,CADENCE,65,GREEN,OK,preferred_low_cadence_band,{age_s=0.0}
863.0,GRADE,0,NEUTRAL,OK,flat_deadband,"{grade_raw=0.0, grade_display=0.0}"
863.0,GEAR,WAIT,GRAY,NO_DATA,missing_gear,{}
864.0,SPEED,24.0,NEUTRAL,OK,near_reference,"{reference_kmh=24.032345013477098, age_s=0.0}"
864.0,POWER,160,NEUTRAL,OK,power_present,{age_s=0.0}
864.0,HR,130,NEUTRAL,OK,hr_present,{age_s=0.0}
864.0,CADENCE,65,GREEN,OK,preferred_low_cadence_band,{age_s=0.0}
864.0,GRADE,0,NEUTRAL,OK,flat_deadband,"{grade_raw=0.0, grade_display=0.0}"
864.0,GEAR,WAIT,GRAY,NO_DATA,missing_gear,{}
865.0,SPEED,24.0,NEUTRAL,OK,near_reference,"{reference_kmh=24.03230148048453, age_s=0.0}"
865.0,POWER,160,NEUTRAL,OK,power_present,{age_s=0.0}
865.0,HR,130,NEUTRAL,OK,hr_present,{age_s=0.0}
865.0,CADENCE,65,GREEN,OK,preferred_low_cadence_band,{age_s=0.0}
865.0,GRADE,0,NEUTRAL,OK,flat_deadband,"{grade_raw=0.0, grade_display=0.0}"
865.0,GEAR,WAIT,GRAY,NO_DATA,missing_gear,{}
866.0,SPEED,24.0,NEUTRAL,OK,near_reference,"{reference_kmh=24.03225806451614, age_s=0.0}"
866.0,POWER,160,NEUTRAL,OK,power_present,{age_s=0.0}
866.0,HR,130,NEUTRAL,OK,hr_present,{age_s=0.0}
866.0,CADENCE,65,GREEN,OK,preferred_low_cadence_band,{age_s=0.0}
866.0,GRADE,0,NEUTRAL,OK,flat_deadband,"{grade_raw=0.0, grade_display=0.0}"
866.0,GEAR,WAIT,GRAY,NO_DATA,missing_gear,{}
867.0,SPEED,24.0,NEUTRAL,OK,near_reference,"{reference_kmh=24.032214765100683, age_s=0.0}"
867.0,POWER,160,NEUTRAL,OK,power_present,{age_s=0.0}
867.0,HR,130,NEUTRAL,OK,hr_present,{age_s=0.0}
867.0,CADENCE,65,GREEN,OK,preferred_low_cadence_band,{age_s=0.0}
867.0,GRADE,0,NEUTRAL,OK,flat_deadband,"{grade_raw=0.0, grade_display=0.0}"
867.0,GEAR,WAIT,GRAY,NO_DATA,missing_gear,{}
868.0,SPEED,24.0,NEUTRAL,OK,near_reference,"{reference_kmh=24.03217158176945, age_s=0.0}"
868.0,POWER,160,NEUTRAL,OK,power_present,{age_s=0.0}
868.0,HR,130,NEUTRAL,OK,hr_present,{age_s=0.0}
868.0,CADENCE,65,GREEN,OK,preferred_low_cadence_band,{age_s=0.0}
868.0,GRADE,0,NEUTRAL,OK,flat_deadband,"{grade_raw=0.0, grade_display=0.0}"
868.0,GEAR,WAIT,GRAY,NO_DATA,missing_gear,{}
869.0,SPEED,24.0,NEUTRAL,OK,near_reference,"{reference_kmh=24.032128514056243, age_s=0.0}"
869.0,POWER,160,NEUTRAL,OK,power_present,{age_s=0.0}
869.0,HR,130,NEUTRAL,OK,hr_present,{age_s=0.0}
869.0,CADENCE,65,GREEN,OK,preferred_low_cadence_band,{age_s=0.0}
869.0,GRADE,0,NEUTRAL,OK,flat_deadband,"{grade_raw=0.0, grade_display=0.0}"
869.0,GEAR,WAIT,GRAY,NO_DATA,missing_gear,{}
870.0,SPEED,24.0,NEUTRAL,OK,near_reference,"{reference_kmh=24.032085561497343, age_s=0.0}"
870.0,POWER,160,NEUTRAL,OK,power_present,{age_s=0.0}
870.0,HR,130,NEUTRAL,OK,hr_present,{age_s=0.0}
870.0,CADENCE,65,GREEN,OK,preferred_low_cadence_band,{age_s=0.0}
870.0,GRADE,0,NEUTRAL,OK,flat_deadband,"{grade_raw=0.0, grade_display=0.0}"
870.0,GEAR,WAIT,GRAY,NO_DATA,missing_gear,{}
871.0,SPEED,24.0,NEUTRAL,OK,near_reference,"{reference_kmh=24.032042723631527, age_s=0.0}"
871.0,POWER,160,NEUTRAL,OK,power_present,{age_s=0.0}
871.0,HR,130,NEUTRAL,OK,hr_present,{age_s=0.0}
871.0,CADENCE,65,GREEN,OK,preferred_low_cadence_band,{age_s=0.0}
871.0,GRADE,0,NEUTRAL,OK,flat_deadband,"{grade_raw=0.0, grade_display=0.0}"
871.0,GEAR,WAIT,GRAY,NO_DATA,missing_gear,{}
872.0,SPEED,24.0,NEUTRAL,OK,near_reference,"{reference_kmh=24.032000000000018, age_s=0.0}"
872.0,POWER,160,NEUTRAL,OK,power_present,{age_s=0.0}
872.0,HR,130,NEUTRAL,OK,hr_present,{age_s=0.0}
872.0,CADENCE,65,GREEN,OK,preferred_low_cadence_band,{age_s=0.0}
872.0,GRADE,0,NEUTRAL,OK,flat_deadband,"{grade_raw=0.0, grade_display=0.0}"
872.0,GEAR,WAIT,GRAY,NO_DATA,missing_gear,{}
873.0,SPEED,24.0,NEUTRAL,OK,near_reference,"{reference_kmh=24.03195739014649, age_s=0.0}"
873.0,POWER,160,NEUTRAL,OK,power_present,{age_s=0.0}
873.0,HR,130,NEUTRAL,OK,hr_present,{age_s=0.0}
873.0,CADENCE,65,GREEN,OK,preferred_low_cadence_band,{age_s=0.0}
873.0,GRADE,0,NEUTRAL,OK,flat_deadband,"{grade_raw=0.0, grade_display=0.0}"
873.0,GEAR,WAIT,GRAY,NO_DATA,missing_gear,{}
874.0,SPEED,24.0,NEUTRAL,OK,near_reference,"{reference_kmh=24.031914893617042, age_s=0.0}"
874.0,POWER,160,NEUTRAL,OK,power_present,{age_s=0.0}
874.0,HR,130,NEUTRAL,OK,hr_present,{age_s=0.0}
874.0,CADENCE,65,GREEN,OK,preferred_low_cadence_band,{age_s=0.0}
874.0,GRADE,0,NEUTRAL,OK,flat_deadband,"{grade_raw=0.0, grade_display=0.0}"
874.0,GEAR,WAIT,GRAY,NO_DATA,missing_gear,{}
875.0,SPEED,24.0,NEUTRAL,OK,near_reference,"{reference_kmh=24.031872509960184, age_s=0.0}"
875.0,POWER,160,NEUTRAL,OK,power_present,{age_s=0.0}
875.0,HR,130,NEUTRAL,OK,hr_present,{age_s=0.0}
875.0,CADENCE,65,GREEN,OK,preferred_low_cadence_band,{age_s=0.0}
875.0,GRADE,0,NEUTRAL,OK,flat_deadband,"{grade_raw=0.0, grade_display=0.0}"
875.0,GEAR,WAIT,GRAY,NO_DATA,missing_gear,{}
876.0,SPEED,24.0,NEUTRAL,OK,near_reference,"{reference_kmh=24.031830238726815, age_s=0.0}"
876.0,POWER,160,NEUTRAL,OK,power_present,{age_s=0.0}
876.0,HR,130,NEUTRAL,OK,hr_present,{age_s=0.0}
876.0,CADENCE,65,GREEN,OK,preferred_low_cadence_band,{age_s=0.0}
876.0,GRADE,0,NEUTRAL,OK,flat_deadband,"{grade_raw=0.0, grade_display=0.0}"
876.0,GEAR,WAIT,GRAY,NO_DATA,missing_gear,{}
877.0,SPEED,24.0,NEUTRAL,OK,near_reference,"{reference_kmh=24.031788079470225, age_s=0.0}"
877.0,POWER,160,NEUTRAL,OK,power_present,{age_s=0.0}
877.0,HR,130,NEUTRAL,OK,hr_present,{age_s=0.0}
877.0,CADENCE,65,GREEN,OK,preferred_low_cadence_band,{age_s=0.0}
877.0,GRADE,0,NEUTRAL,OK,flat_deadband,"{grade_raw=0.0, grade_display=0.0}"
877.0,GEAR,WAIT,GRAY,NO_DATA,missing_gear,{}
878.0,SPEED,24.0,NEUTRAL,OK,near_reference,"{reference_kmh=24.03174603174606, age_s=0.0}"
878.0,POWER,160,NEUTRAL,OK,power_present,{age_s=0.0}
878.0,HR,130,NEUTRAL,OK,hr_present,{age_s=0.0}
878.0,CADENCE,65,GREEN,OK,preferred_low_cadence_band,{age_s=0.0}
878.0,GRADE,0,NEUTRAL,OK,flat_deadband,"{grade_raw=0.0, grade_display=0.0}"
878.0,GEAR,WAIT,GRAY,NO_DATA,missing_gear,{}
879.0,SPEED,24.0,NEUTRAL,OK,near_reference,"{reference_kmh=24.03170409511231, age_s=0.0}"
879.0,POWER,160,NEUTRAL,OK,power_present,{age_s=0.0}
879.0,HR,130,NEUTRAL,OK,hr_present,{age_s=0.0}
879.0,CADENCE,65,GREEN,OK,preferred_low_cadence_band,{age_s=0.0}
879.0,GRADE,0,NEUTRAL,OK,flat_deadband,"{grade_raw=0.0, grade_display=0.0}"
879.0,GEAR,WAIT,GRAY,NO_DATA,missing_gear,{}
880.0,SPEED,24.0,NEUTRAL,OK,near_reference,"{reference_kmh=24.03166226912932, age_s=0.0}"
880.0,POWER,160,NEUTRAL,OK,power_present,{age_s=0.0}
880.0,HR,130,NEUTRAL,OK,hr_present,{age_s=0.0}
880.0,CADENCE,65,GREEN,OK,preferred_low_cadence_band,{age_s=0.0}
880.0,GRADE,0,NEUTRAL,OK,flat_deadband,"{grade_raw=0.0, grade_display=0.0}"
880.0,GEAR,WAIT,GRAY,NO_DATA,missing_gear,{}
881.0,SPEED,24.0,NEUTRAL,OK,near_reference,"{reference_kmh=24.031620553359716, age_s=0.0}"
881.0,POWER,160,NEUTRAL,OK,power_present,{age_s=0.0}
881.0,HR,130,NEUTRAL,OK,hr_present,{age_s=0.0}
881.0,CADENCE,65,GREEN,OK,preferred_low_cadence_band,{age_s=0.0}
881.0,GRADE,0,NEUTRAL,OK,flat_deadband,"{grade_raw=0.0, grade_display=0.0}"
881.0,GEAR,WAIT,GRAY,NO_DATA,missing_gear,{}
882.0,SPEED,24.0,NEUTRAL,OK,near_reference,"{reference_kmh=24.031578947368455, age_s=0.0}"
882.0,POWER,160,NEUTRAL,OK,power_present,{age_s=0.0}
882.0,HR,130,NEUTRAL,OK,hr_present,{age_s=0.0}
882.0,CADENCE,65,GREEN,OK,preferred_low_cadence_band,{age_s=0.0}
882.0,GRADE,0,NEUTRAL,OK,flat_deadband,"{grade_raw=0.0, grade_display=0.0}"
882.0,GEAR,WAIT,GRAY,NO_DATA,missing_gear,{}
883.0,SPEED,24.0,NEUTRAL,OK,near_reference,"{reference_kmh=24.03153745072277, age_s=0.0}"
883.0,POWER,160,NEUTRAL,OK,power_present,{age_s=0.0}
883.0,HR,130,NEUTRAL,OK,hr_present,{age_s=0.0}
883.0,CADENCE,65,GREEN,OK,preferred_low_cadence_band,{age_s=0.0}
883.0,GRADE,0,NEUTRAL,OK,flat_deadband,"{grade_raw=0.0, grade_display=0.0}"
883.0,GEAR,WAIT,GRAY,NO_DATA,missing_gear,{}
884.0,SPEED,24.0,NEUTRAL,OK,near_reference,"{reference_kmh=24.03149606299216, age_s=0.0}"
884.0,POWER,160,NEUTRAL,OK,power_present,{age_s=0.0}
884.0,HR,130,NEUTRAL,OK,hr_present,{age_s=0.0}
884.0,CADENCE,65,GREEN,OK,preferred_low_cadence_band,{age_s=0.0}
884.0,GRADE,0,NEUTRAL,OK,flat_deadband,"{grade_raw=0.0, grade_display=0.0}"
884.0,GEAR,WAIT,GRAY,NO_DATA,missing_gear,{}
885.0,SPEED,24.0,NEUTRAL,OK,near_reference,"{reference_kmh=24.031454783748398, age_s=0.0}"
885.0,POWER,160,NEUTRAL,OK,power_present,{age_s=0.0}
885.0,HR,130,NEUTRAL,OK,hr_present,{age_s=0.0}
885.0,CADENCE,65,GREEN,OK,preferred_low_cadence_band,{age_s=0.0}
885.0,GRADE,0,NEUTRAL,OK,flat_deadband,"{grade_raw=0.0, grade_display=0.0}"
885.0,GEAR,WAIT,GRAY,NO_DATA,missing_gear,{}
886.0,SPEED,24.0,NEUTRAL,OK,near_reference,"{reference_kmh=24.031413612565483, age_s=0.0}"
886.0,POWER,160,NEUTRAL,OK,power_present,{age_s=0.0}
886.0,HR,130,NEUTRAL,OK,hr_present,{age_s=0.0}
886.0,CADENCE,65,GREEN,OK,preferred_low_cadence_band,{age_s=0.0}
886.0,GRADE,0,NEUTRAL,OK,flat_deadband,"{grade_raw=0.0, grade_display=0.0}"
886.0,GEAR,WAIT,GRAY,NO_DATA,missing_gear,{}
887.0,SPEED,24.0,NEUTRAL,OK,near_reference,"{reference_kmh=24.03137254901965, age_s=0.0}"
887.0,POWER,160,NEUTRAL,OK,power_present,{age_s=0.0}
887.0,HR,130,NEUTRAL,OK,hr_present,{age_s=0.0}
887.0,CADENCE,65,GREEN,OK,preferred_low_cadence_band,{age_s=0.0}
887.0,GRADE,0,NEUTRAL,OK,flat_deadband,"{grade_raw=0.0, grade_display=0.0}"
887.0,GEAR,WAIT,GRAY,NO_DATA,missing_gear,{}
888.0,SPEED,24.0,NEUTRAL,OK,near_reference,"{reference_kmh=24.031331592689334, age_s=0.0}"
888.0,POWER,160,NEUTRAL,OK,power_present,{age_s=0.0}
888.0,HR,130,NEUTRAL,OK,hr_present,{age_s=0.0}
888.0,CADENCE,65,GREEN,OK,preferred_low_cadence_band,{age_s=0.0}
888.0,GRADE,0,NEUTRAL,OK,flat_deadband,"{grade_raw=0.0, grade_display=0.0}"
888.0,GEAR,WAIT,GRAY,NO_DATA,missing_gear,{}
889.0,SPEED,24.0,NEUTRAL,OK,near_reference,"{reference_kmh=24.031290743155193, age_s=0.0}"
889.0,POWER,160,NEUTRAL,OK,power_present,{age_s=0.0}
889.0,HR,130,NEUTRAL,OK,hr_present,{age_s=0.0}
889.0,CADENCE,65,GREEN,OK,preferred_low_cadence_band,{age_s=0.0}
889.0,GRADE,0,NEUTRAL,OK,flat_deadband,"{grade_raw=0.0, grade_display=0.0}"
889.0,GEAR,WAIT,GRAY,NO_DATA,missing_gear,{}
890.0,SPEED,24.0,NEUTRAL,OK,near_reference,"{reference_kmh=24.031250000000043, age_s=0.0}"
890.0,POWER,160,NEUTRAL,OK,power_present,{age_s=0.0}
890.0,HR,130,NEUTRAL,OK,hr_present,{age_s=0.0}
890.0,CADENCE,65,GREEN,OK,preferred_low_cadence_band,{age_s=0.0}
890.0,GRADE,0,NEUTRAL,OK,flat_deadband,"{grade_raw=0.0, grade_display=0.0}"
890.0,GEAR,WAIT,GRAY,NO_DATA,missing_gear,{}
891.0,SPEED,24.0,NEUTRAL,OK,near_reference,"{reference_kmh=24.031209362808887, age_s=0.0}"
891.0,POWER,160,NEUTRAL,OK,power_present,{age_s=0.0}
891.0,HR,130,NEUTRAL,OK,hr_present,{age_s=0.0}
891.0,CADENCE,65,GREEN,OK,preferred_low_cadence_band,{age_s=0.0}
891.0,GRADE,0,NEUTRAL,OK,flat_deadband,"{grade_raw=0.0, grade_display=0.0}"
891.0,GEAR,WAIT,GRAY,NO_DATA,missing_gear,{}
892.0,SPEED,24.0,NEUTRAL,OK,near_reference,"{reference_kmh=24.03116883116888, age_s=0.0}"
892.0,POWER,160,NEUTRAL,OK,power_present,{age_s=0.0}
892.0,HR,130,NEUTRAL,OK,hr_present,{age_s=0.0}
892.0,CADENCE,65,GREEN,OK,preferred_low_cadence_band,{age_s=0.0}
892.0,GRADE,0,NEUTRAL,OK,flat_deadband,"{grade_raw=0.0, grade_display=0.0}"
892.0,GEAR,WAIT,GRAY,NO_DATA,missing_gear,{}
893.0,SPEED,24.0,NEUTRAL,OK,near_reference,"{reference_kmh=24.03112840466931, age_s=0.0}"
893.0,POWER,160,NEUTRAL,OK,power_present,{age_s=0.0}
893.0,HR,130,NEUTRAL,OK,hr_present,{age_s=0.0}
893.0,CADENCE,65,GREEN,OK,preferred_low_cadence_band,{age_s=0.0}
893.0,GRADE,0,NEUTRAL,OK,flat_deadband,"{grade_raw=0.0, grade_display=0.0}"
893.0,GEAR,WAIT,GRAY,NO_DATA,missing_gear,{}
894.0,SPEED,24.0,NEUTRAL,OK,near_reference,"{reference_kmh=24.031088082901604, age_s=0.0}"
894.0,POWER,160,NEUTRAL,OK,power_present,{age_s=0.0}
894.0,HR,130,NEUTRAL,OK,hr_present,{age_s=0.0}
894.0,CADENCE,65,GREEN,OK,preferred_low_cadence_band,{age_s=0.0}
894.0,GRADE,0,NEUTRAL,OK,flat_deadband,"{grade_raw=0.0, grade_display=0.0}"
894.0,GEAR,WAIT,GRAY,NO_DATA,missing_gear,{}
895.0,SPEED,24.0,NEUTRAL,OK,near_reference,"{reference_kmh=24.0310478654593, age_s=0.0}"
895.0,POWER,160,NEUTRAL,OK,power_present,{age_s=0.0}
895.0,HR,130,NEUTRAL,OK,hr_present,{age_s=0.0}
895.0,CADENCE,65,GREEN,OK,preferred_low_cadence_band,{age_s=0.0}
895.0,GRADE,0,NEUTRAL,OK,flat_deadband,"{grade_raw=0.0, grade_display=0.0}"
895.0,GEAR,WAIT,GRAY,NO_DATA,missing_gear,{}
896.0,SPEED,24.0,NEUTRAL,OK,near_reference,"{reference_kmh=24.031007751938034, age_s=0.0}"
896.0,POWER,160,NEUTRAL,OK,power_present,{age_s=0.0}
896.0,HR,130,NEUTRAL,OK,hr_present,{age_s=0.0}
896.0,CADENCE,65,GREEN,OK,preferred_low_cadence_band,{age_s=0.0}
896.0,GRADE,0,NEUTRAL,OK,flat_deadband,"{grade_raw=0.0, grade_display=0.0}"
896.0,GEAR,WAIT,GRAY,NO_DATA,missing_gear,{}
897.0,SPEED,24.0,NEUTRAL,OK,near_reference,"{reference_kmh=24.030967741935534, age_s=0.0}"
897.0,POWER,160,NEUTRAL,OK,power_present,{age_s=0.0}
897.0,HR,130,NEUTRAL,OK,hr_present,{age_s=0.0}
897.0,CADENCE,65,GREEN,OK,preferred_low_cadence_band,{age_s=0.0}
897.0,GRADE,0,NEUTRAL,OK,flat_deadband,"{grade_raw=0.0, grade_display=0.0}"
897.0,GEAR,WAIT,GRAY,NO_DATA,missing_gear,{}
898.0,SPEED,24.0,NEUTRAL,OK,near_reference,"{reference_kmh=24.030927835051603, age_s=0.0}"
898.0,POWER,160,NEUTRAL,OK,power_present,{age_s=0.0}
898.0,HR,130,NEUTRAL,OK,hr_present,{age_s=0.0}
898.0,CADENCE,65,GREEN,OK,preferred_low_cadence_band,{age_s=0.0}
898.0,GRADE,0,NEUTRAL,OK,flat_deadband,"{grade_raw=0.0, grade_display=0.0}"
898.0,GEAR,WAIT,GRAY,NO_DATA,missing_gear,{}
899.0,SPEED,24.0,NEUTRAL,OK,near_reference,"{reference_kmh=24.03088803088809, age_s=0.0}"
899.0,POWER,160,NEUTRAL,OK,power_present,{age_s=0.0}
899.0,HR,130,NEUTRAL,OK,hr_present,{age_s=0.0}
899.0,CADENCE,65,GREEN,OK,preferred_low_cadence_band,{age_s=0.0}
899.0,GRADE,0,NEUTRAL,OK,flat_deadband,"{grade_raw=0.0, grade_display=0.0}"
899.0,GEAR,WAIT,GRAY,NO_DATA,missing_gear,{}
900.0,SPEED,24.0,NEUTRAL,OK,near_reference,"{reference_kmh=24.0308483290489, age_s=0.0}"
900.0,POWER,160,NEUTRAL,OK,power_present,{age_s=0.0}
900.0,HR,130,NEUTRAL,OK,hr_present,{age_s=0.0}
900.0,CADENCE,65,GREEN,OK,preferred_low_cadence_band,{age_s=0.0}
900.0,GRADE,0,NEUTRAL,OK,flat_deadband,"{grade_raw=0.0, grade_display=0.0}"
900.0,GEAR,WAIT,GRAY,NO_DATA,missing_gear,{}
901.0,SPEED,24.0,NEUTRAL,OK,near_reference,"{reference_kmh=24.03080872913998, age_s=0.0}"
901.0,POWER,160,NEUTRAL,OK,power_present,{age_s=0.0}
901.0,HR,130,NEUTRAL,OK,hr_present,{age_s=0.0}
901.0,CADENCE,65,GREEN,OK,preferred_low_cadence_band,{age_s=0.0}
901.0,GRADE,0,NEUTRAL,OK,flat_deadband,"{grade_raw=0.0, grade_display=0.0}"
901.0,GEAR,WAIT,GRAY,NO_DATA,missing_gear,{}
902.0,SPEED,24.0,NEUTRAL,OK,near_reference,"{reference_kmh=24.030769230769288, age_s=0.0}"
902.0,POWER,160,NEUTRAL,OK,power_present,{age_s=0.0}
902.0,HR,130,NEUTRAL,OK,hr_present,{age_s=0.0}
902.0,CADENCE,65,GREEN,OK,preferred_low_cadence_band,{age_s=0.0}
902.0,GRADE,0,NEUTRAL,OK,flat_deadband,"{grade_raw=0.0, grade_display=0.0}"
902.0,GEAR,WAIT,GRAY,NO_DATA,missing_gear,{}
903.0,SPEED,24.0,NEUTRAL,OK,near_reference,"{reference_kmh=24.030729833546793, age_s=0.0}"
903.0,POWER,160,NEUTRAL,OK,power_present,{age_s=0.0}
903.0,HR,130,NEUTRAL,OK,hr_present,{age_s=0.0}
903.0,CADENCE,65,GREEN,OK,preferred_low_cadence_band,{age_s=0.0}
903.0,GRADE,0,NEUTRAL,OK,flat_deadband,"{grade_raw=0.0, grade_display=0.0}"
903.0,GEAR,WAIT,GRAY,NO_DATA,missing_gear,{}
904.0,SPEED,24.0,NEUTRAL,OK,near_reference,"{reference_kmh=24.03069053708446, age_s=0.0}"
904.0,POWER,160,NEUTRAL,OK,power_present,{age_s=0.0}
904.0,HR,130,NEUTRAL,OK,hr_present,{age_s=0.0}
904.0,CADENCE,65,GREEN,OK,preferred_low_cadence_band,{age_s=0.0}
904.0,GRADE,0,NEUTRAL,OK,flat_deadband,"{grade_raw=0.0, grade_display=0.0}"
904.0,GEAR,WAIT,GRAY,NO_DATA,missing_gear,{}
905.0,SPEED,24.0,NEUTRAL,OK,near_reference,"{reference_kmh=24.030651340996233, age_s=0.0}"
905.0,POWER,160,NEUTRAL,OK,power_present,{age_s=0.0}
905.0,HR,130,NEUTRAL,OK,hr_present,{age_s=0.0}
905.0,CADENCE,65,GREEN,OK,preferred_low_cadence_band,{age_s=0.0}
905.0,GRADE,0,NEUTRAL,OK,flat_deadband,"{grade_raw=0.0, grade_display=0.0}"
905.0,GEAR,WAIT,GRAY,NO_DATA,missing_gear,{}
906.0,SPEED,24.0,NEUTRAL,OK,near_reference,"{reference_kmh=24.030612244898027, age_s=0.0}"
906.0,POWER,160,NEUTRAL,OK,power_present,{age_s=0.0}
906.0,HR,130,NEUTRAL,OK,hr_present,{age_s=0.0}
906.0,CADENCE,65,GREEN,OK,preferred_low_cadence_band,{age_s=0.0}
906.0,GRADE,0,NEUTRAL,OK,flat_deadband,"{grade_raw=0.0, grade_display=0.0}"
906.0,GEAR,WAIT,GRAY,NO_DATA,missing_gear,{}
907.0,SPEED,24.0,NEUTRAL,OK,near_reference,"{reference_kmh=24.03057324840771, age_s=0.0}"
907.0,POWER,160,NEUTRAL,OK,power_present,{age_s=0.0}
907.0,HR,130,NEUTRAL,OK,hr_present,{age_s=0.0}
907.0,CADENCE,65,GREEN,OK,preferred_low_cadence_band,{age_s=0.0}
907.0,GRADE,0,NEUTRAL,OK,flat_deadband,"{grade_raw=0.0, grade_display=0.0}"
907.0,GEAR,WAIT,GRAY,NO_DATA,missing_gear,{}
908.0,SPEED,24.0,NEUTRAL,OK,near_reference,"{reference_kmh=24.030534351145107, age_s=0.0}"
908.0,POWER,160,NEUTRAL,OK,power_present,{age_s=0.0}
908.0,HR,130,NEUTRAL,OK,hr_present,{age_s=0.0}
908.0,CADENCE,65,GREEN,OK,preferred_low_cadence_band,{age_s=0.0}
908.0,GRADE,0,NEUTRAL,OK,flat_deadband,"{grade_raw=0.0, grade_display=0.0}"
908.0,GEAR,WAIT,GRAY,NO_DATA,missing_gear,{}
909.0,SPEED,24.0,NEUTRAL,OK,near_reference,"{reference_kmh=24.03049555273196, age_s=0.0}"
909.0,POWER,160,NEUTRAL,OK,power_present,{age_s=0.0}
909.0,HR,130,NEUTRAL,OK,hr_present,{age_s=0.0}
909.0,CADENCE,65,GREEN,OK,preferred_low_cadence_band,{age_s=0.0}
909.0,GRADE,0,NEUTRAL,OK,flat_deadband,"{grade_raw=0.0, grade_display=0.0}"
909.0,GEAR,WAIT,GRAY,NO_DATA,missing_gear,{}
910.0,SPEED,24.0,NEUTRAL,OK,near_reference,"{reference_kmh=24.03045685279195, age_s=0.0}"
910.0,POWER,160,NEUTRAL,OK,power_present,{age_s=0.0}
910.0,HR,130,NEUTRAL,OK,hr_present,{age_s=0.0}
910.0,CADENCE,65,GREEN,OK,preferred_low_cadence_band,{age_s=0.0}
910.0,GRADE,0,NEUTRAL,OK,flat_deadband,"{grade_raw=0.0, grade_display=0.0}"
910.0,GEAR,WAIT,GRAY,NO_DATA,missing_gear,{}
911.0,SPEED,24.0,NEUTRAL,OK,near_reference,"{reference_kmh=24.030418250950643, age_s=0.0}"
911.0,POWER,160,NEUTRAL,OK,power_present,{age_s=0.0}
911.0,HR,130,NEUTRAL,OK,hr_present,{age_s=0.0}
911.0,CADENCE,65,GREEN,OK,preferred_low_cadence_band,{age_s=0.0}
911.0,GRADE,0,NEUTRAL,OK,flat_deadband,"{grade_raw=0.0, grade_display=0.0}"
911.0,GEAR,WAIT,GRAY,NO_DATA,missing_gear,{}
912.0,SPEED,24.0,NEUTRAL,OK,near_reference,"{reference_kmh=24.030379746835518, age_s=0.0}"
912.0,POWER,160,NEUTRAL,OK,power_present,{age_s=0.0}
912.0,HR,130,NEUTRAL,OK,hr_present,{age_s=0.0}
912.0,CADENCE,65,GREEN,OK,preferred_low_cadence_band,{age_s=0.0}
912.0,GRADE,0,NEUTRAL,OK,flat_deadband,"{grade_raw=0.0, grade_display=0.0}"
912.0,GEAR,WAIT,GRAY,NO_DATA,missing_gear,{}
913.0,SPEED,24.0,NEUTRAL,OK,near_reference,"{reference_kmh=24.030341340075925, age_s=0.0}"
913.0,POWER,160,NEUTRAL,OK,power_present,{age_s=0.0}
913.0,HR,130,NEUTRAL,OK,hr_present,{age_s=0.0}
913.0,CADENCE,65,GREEN,OK,preferred_low_cadence_band,{age_s=0.0}
913.0,GRADE,0,NEUTRAL,OK,flat_deadband,"{grade_raw=0.0, grade_display=0.0}"
913.0,GEAR,WAIT,GRAY,NO_DATA,missing_gear,{}
914.0,SPEED,24.0,NEUTRAL,OK,near_reference,"{reference_kmh=24.030303030303106, age_s=0.0}"
914.0,POWER,160,NEUTRAL,OK,power_present,{age_s=0.0}
914.0,HR,130,NEUTRAL,OK,hr_present,{age_s=0.0}
914.0,CADENCE,65,GREEN,OK,preferred_low_cadence_band,{age_s=0.0}
914.0,GRADE,0,NEUTRAL,OK,flat_deadband,"{grade_raw=0.0, grade_display=0.0}"
914.0,GEAR,WAIT,GRAY,NO_DATA,missing_gear,{}
915.0,SPEED,24.0,NEUTRAL,OK,near_reference,"{reference_kmh=24.03026481715014, age_s=0.0}"
915.0,POWER,160,NEUTRAL,OK,power_present,{age_s=0.0}
915.0,HR,130,NEUTRAL,OK,hr_present,{age_s=0.0}
915.0,CADENCE,65,GREEN,OK,preferred_low_cadence_band,{age_s=0.0}
915.0,GRADE,0,NEUTRAL,OK,flat_deadband,"{grade_raw=0.0, grade_display=0.0}"
915.0,GEAR,WAIT,GRAY,NO_DATA,missing_gear,{}
916.0,SPEED,24.0,NEUTRAL,OK,near_reference,"{reference_kmh=24.03022670025197, age_s=0.0}"
916.0,POWER,160,NEUTRAL,OK,power_present,{age_s=0.0}
916.0,HR,130,NEUTRAL,OK,hr_present,{age_s=0.0}
916.0,CADENCE,65,GREEN,OK,preferred_low_cadence_band,{age_s=0.0}
916.0,GRADE,0,NEUTRAL,OK,flat_deadband,"{grade_raw=0.0, grade_display=0.0}"
916.0,GEAR,WAIT,GRAY,NO_DATA,missing_gear,{}
917.0,SPEED,24.0,NEUTRAL,OK,near_reference,"{reference_kmh=24.030188679245363, age_s=0.0}"
917.0,POWER,160,NEUTRAL,OK,power_present,{age_s=0.0}
917.0,HR,130,NEUTRAL,OK,hr_present,{age_s=0.0}
917.0,CADENCE,65,GREEN,OK,preferred_low_cadence_band,{age_s=0.0}
917.0,GRADE,0,NEUTRAL,OK,flat_deadband,"{grade_raw=0.0, grade_display=0.0}"
917.0,GEAR,WAIT,GRAY,NO_DATA,missing_gear,{}
918.0,SPEED,24.0,NEUTRAL,OK,near_reference,"{reference_kmh=24.030150753768925, age_s=0.0}"
918.0,POWER,160,NEUTRAL,OK,power_present,{age_s=0.0}
918.0,HR,130,NEUTRAL,OK,hr_present,{age_s=0.0}
918.0,CADENCE,65,GREEN,OK,preferred_low_cadence_band,{age_s=0.0}
918.0,GRADE,0,NEUTRAL,OK,flat_deadband,"{grade_raw=0.0, grade_display=0.0}"
918.0,GEAR,WAIT,GRAY,NO_DATA,missing_gear,{}
919.0,SPEED,24.0,NEUTRAL,OK,near_reference,"{reference_kmh=24.03011292346307, age_s=0.0}"
919.0,POWER,160,NEUTRAL,OK,power_present,{age_s=0.0}
919.0,HR,130,NEUTRAL,OK,hr_present,{age_s=0.0}
919.0,CADENCE,65,GREEN,OK,preferred_low_cadence_band,{age_s=0.0}
919.0,GRADE,0,NEUTRAL,OK,flat_deadband,"{grade_raw=0.0, grade_display=0.0}"
919.0,GEAR,WAIT,GRAY,NO_DATA,missing_gear,{}
920.0,SPEED,24.0,NEUTRAL,OK,near_reference,"{reference_kmh=24.030075187970006, age_s=0.0}"
920.0,POWER,160,NEUTRAL,OK,power_present,{age_s=0.0}
920.0,HR,130,NEUTRAL,OK,hr_present,{age_s=0.0}
920.0,CADENCE,65,GREEN,OK,preferred_low_cadence_band,{age_s=0.0}
920.0,GRADE,0,NEUTRAL,OK,flat_deadband,"{grade_raw=0.0, grade_display=0.0}"
920.0,GEAR,WAIT,GRAY,NO_DATA,missing_gear,{}
921.0,SPEED,24.0,NEUTRAL,OK,near_reference,"{reference_kmh=24.030037546933748, age_s=0.0}"
921.0,POWER,160,NEUTRAL,OK,power_present,{age_s=0.0}
921.0,HR,130,NEUTRAL,OK,hr_present,{age_s=0.0}
921.0,CADENCE,65,GREEN,OK,preferred_low_cadence_band,{age_s=0.0}
921.0,GRADE,0,NEUTRAL,OK,flat_deadband,"{grade_raw=0.0, grade_display=0.0}"
921.0,GEAR,WAIT,GRAY,NO_DATA,missing_gear,{}
922.0,SPEED,24.0,NEUTRAL,OK,near_reference,"{reference_kmh=24.03000000000009, age_s=0.0}"
922.0,POWER,160,NEUTRAL,OK,power_present,{age_s=0.0}
922.0,HR,130,NEUTRAL,OK,hr_present,{age_s=0.0}
922.0,CADENCE,65,GREEN,OK,preferred_low_cadence_band,{age_s=0.0}
922.0,GRADE,0,NEUTRAL,OK,flat_deadband,"{grade_raw=0.0, grade_display=0.0}"
922.0,GEAR,WAIT,GRAY,NO_DATA,missing_gear,{}
923.0,SPEED,24.0,NEUTRAL,OK,near_reference,"{reference_kmh=24.029962546816567, age_s=0.0}"
923.0,POWER,160,NEUTRAL,OK,power_present,{age_s=0.0}
923.0,HR,130,NEUTRAL,OK,hr_present,{age_s=0.0}
923.0,CADENCE,65,GREEN,OK,preferred_low_cadence_band,{age_s=0.0}
923.0,GRADE,0,NEUTRAL,OK,flat_deadband,"{grade_raw=0.0, grade_display=0.0}"
923.0,GEAR,WAIT,GRAY,NO_DATA,missing_gear,{}
924.0,SPEED,24.0,NEUTRAL,OK,near_reference,"{reference_kmh=24.029925187032507, age_s=0.0}"
924.0,POWER,160,NEUTRAL,OK,power_present,{age_s=0.0}
924.0,HR,130,NEUTRAL,OK,hr_present,{age_s=0.0}
924.0,CADENCE,65,GREEN,OK,preferred_low_cadence_band,{age_s=0.0}
924.0,GRADE,0,NEUTRAL,OK,flat_deadband,"{grade_raw=0.0, grade_display=0.0}"
924.0,GEAR,WAIT,GRAY,NO_DATA,missing_gear,{}
925.0,SPEED,24.0,NEUTRAL,OK,near_reference,"{reference_kmh=24.029887920298968, age_s=0.0}"
925.0,POWER,160,NEUTRAL,OK,power_present,{age_s=0.0}
925.0,HR,130,NEUTRAL,OK,hr_present,{age_s=0.0}
925.0,CADENCE,65,GREEN,OK,preferred_low_cadence_band,{age_s=0.0}
925.0,GRADE,0,NEUTRAL,OK,flat_deadband,"{grade_raw=0.0, grade_display=0.0}"
925.0,GEAR,WAIT,GRAY,NO_DATA,missing_gear,{}
926.0,SPEED,24.0,NEUTRAL,OK,near_reference,"{reference_kmh=24.029850746268746, age_s=0.0}"
926.0,POWER,160,NEUTRAL,OK,power_present,{age_s=0.0}
926.0,HR,130,NEUTRAL,OK,hr_present,{age_s=0.0}
926.0,CADENCE,65,GREEN,OK,preferred_low_cadence_band,{age_s=0.0}
926.0,GRADE,0,NEUTRAL,OK,flat_deadband,"{grade_raw=0.0, grade_display=0.0}"
926.0,GEAR,WAIT,GRAY,NO_DATA,missing_gear,{}
927.0,SPEED,24.0,NEUTRAL,OK,near_reference,"{reference_kmh=24.029813664596368, age_s=0.0}"
927.0,POWER,160,NEUTRAL,OK,power_present,{age_s=0.0}
927.0,HR,130,NEUTRAL,OK,hr_present,{age_s=0.0}
927.0,CADENCE,65,GREEN,OK,preferred_low_cadence_band,{age_s=0.0}
927.0,GRADE,0,NEUTRAL,OK,flat_deadband,"{grade_raw=0.0, grade_display=0.0}"
927.0,GEAR,WAIT,GRAY,NO_DATA,missing_gear,{}
928.0,SPEED,24.0,NEUTRAL,OK,near_reference,"{reference_kmh=24.02977667493806, age_s=0.0}"
928.0,POWER,160,NEUTRAL,OK,power_present,{age_s=0.0}
928.0,HR,130,NEUTRAL,OK,hr_present,{age_s=0.0}
928.0,CADENCE,65,GREEN,OK,preferred_low_cadence_band,{age_s=0.0}
928.0,GRADE,0,NEUTRAL,OK,flat_deadband,"{grade_raw=0.0, grade_display=0.0}"
928.0,GEAR,WAIT,GRAY,NO_DATA,missing_gear,{}
929.0,SPEED,24.0,NEUTRAL,OK,near_reference,"{reference_kmh=24.029739776951768, age_s=0.0}"
929.0,POWER,160,NEUTRAL,OK,power_present,{age_s=0.0}
929.0,HR,130,NEUTRAL,OK,hr_present,{age_s=0.0}
929.0,CADENCE,65,GREEN,OK,preferred_low_cadence_band,{age_s=0.0}
929.0,GRADE,0,NEUTRAL,OK,flat_deadband,"{grade_raw=0.0, grade_display=0.0}"
929.0,GEAR,WAIT,GRAY,NO_DATA,missing_gear,{}
930.0,SPEED,24.0,NEUTRAL,OK,near_reference,"{reference_kmh=24.029702970297127, age_s=0.0}"
930.0,POWER,160,NEUTRAL,OK,power_present,{age_s=0.0}
930.0,HR,130,NEUTRAL,OK,hr_present,{age_s=0.0}
930.0,CADENCE,65,GREEN,OK,preferred_low_cadence_band,{age_s=0.0}
930.0,GRADE,0,NEUTRAL,OK,flat_deadband,"{grade_raw=0.0, grade_display=0.0}"
930.0,GEAR,WAIT,GRAY,NO_DATA,missing_gear,{}
931.0,SPEED,24.0,NEUTRAL,OK,near_reference,"{reference_kmh=24.02966625463545, age_s=0.0}"
931.0,POWER,160,NEUTRAL,OK,power_present,{age_s=0.0}
931.0,HR,130,NEUTRAL,OK,hr_present,{age_s=0.0}
931.0,CADENCE,65,GREEN,OK,preferred_low_cadence_band,{age_s=0.0}
931.0,GRADE,0,NEUTRAL,OK,flat_deadband,"{grade_raw=0.0, grade_display=0.0}"
931.0,GEAR,WAIT,GRAY,NO_DATA,missing_gear,{}
932.0,SPEED,24.0,NEUTRAL,OK,near_reference,"{reference_kmh=24.029629629629724, age_s=0.0}"
932.0,POWER,160,NEUTRAL,OK,power_present,{age_s=0.0}
932.0,HR,130,NEUTRAL,OK,hr_present,{age_s=0.0}
932.0,CADENCE,65,GREEN,OK,preferred_low_cadence_band,{age_s=0.0}
932.0,GRADE,0,NEUTRAL,OK,flat_deadband,"{grade_raw=0.0, grade_display=0.0}"
932.0,GEAR,WAIT,GRAY,NO_DATA,missing_gear,{}
933.0,SPEED,24.0,NEUTRAL,OK,near_reference,"{reference_kmh=24.029593094944616, age_s=0.0}"
933.0,POWER,160,NEUTRAL,OK,power_present,{age_s=0.0}
933.0,HR,130,NEUTRAL,OK,hr_present,{age_s=0.0}
933.0,CADENCE,65,GREEN,OK,preferred_low_cadence_band,{age_s=0.0}
933.0,GRADE,0,NEUTRAL,OK,flat_deadband,"{grade_raw=0.0, grade_display=0.0}"
933.0,GEAR,WAIT,GRAY,NO_DATA,missing_gear,{}
934.0,SPEED,24.0,NEUTRAL,OK,near_reference,"{reference_kmh=24.029556650246406, age_s=0.0}"
934.0,POWER,160,NEUTRAL,OK,power_present,{age_s=0.0}
934.0,HR,130,NEUTRAL,OK,hr_present,{age_s=0.0}
934.0,CADENCE,65,GREEN,OK,preferred_low_cadence_band,{age_s=0.0}
934.0,GRADE,0,NEUTRAL,OK,flat_deadband,"{grade_raw=0.0, grade_display=0.0}"
934.0,GEAR,WAIT,GRAY,NO_DATA,missing_gear,{}
935.0,SPEED,24.0,NEUTRAL,OK,near_reference,"{reference_kmh=24.029520295203056, age_s=0.0}"
935.0,POWER,160,NEUTRAL,OK,power_present,{age_s=0.0}
935.0,HR,130,NEUTRAL,OK,hr_present,{age_s=0.0}
935.0,CADENCE,65,GREEN,OK,preferred_low_cadence_band,{age_s=0.0}
935.0,GRADE,0,NEUTRAL,OK,flat_deadband,"{grade_raw=0.0, grade_display=0.0}"
935.0,GEAR,WAIT,GRAY,NO_DATA,missing_gear,{}
936.0,SPEED,24.0,NEUTRAL,OK,near_reference,"{reference_kmh=24.02948402948413, age_s=0.0}"
936.0,POWER,160,NEUTRAL,OK,power_present,{age_s=0.0}
936.0,HR,130,NEUTRAL,OK,hr_present,{age_s=0.0}
936.0,CADENCE,65,GREEN,OK,preferred_low_cadence_band,{age_s=0.0}
936.0,GRADE,0,NEUTRAL,OK,flat_deadband,"{grade_raw=0.0, grade_display=0.0}"
936.0,GEAR,WAIT,GRAY,NO_DATA,missing_gear,{}
937.0,SPEED,24.0,NEUTRAL,OK,near_reference,"{reference_kmh=24.02944785276084, age_s=0.0}"
937.0,POWER,160,NEUTRAL,OK,power_present,{age_s=0.0}
937.0,HR,130,NEUTRAL,OK,hr_present,{age_s=0.0}
937.0,CADENCE,65,GREEN,OK,preferred_low_cadence_band,{age_s=0.0}
937.0,GRADE,0,NEUTRAL,OK,flat_deadband,"{grade_raw=0.0, grade_display=0.0}"
937.0,GEAR,WAIT,GRAY,NO_DATA,missing_gear,{}
938.0,SPEED,24.0,NEUTRAL,OK,near_reference,"{reference_kmh=24.029411764705987, age_s=0.0}"
938.0,POWER,160,NEUTRAL,OK,power_present,{age_s=0.0}
938.0,HR,130,NEUTRAL,OK,hr_present,{age_s=0.0}
938.0,CADENCE,65,GREEN,OK,preferred_low_cadence_band,{age_s=0.0}
938.0,GRADE,0,NEUTRAL,OK,flat_deadband,"{grade_raw=0.0, grade_display=0.0}"
938.0,GEAR,WAIT,GRAY,NO_DATA,missing_gear,{}
939.0,SPEED,24.0,NEUTRAL,OK,near_reference,"{reference_kmh=24.02937576499399, age_s=0.0}"
939.0,POWER,160,NEUTRAL,OK,power_present,{age_s=0.0}
939.0,HR,130,NEUTRAL,OK,hr_present,{age_s=0.0}
939.0,CADENCE,65,GREEN,OK,preferred_low_cadence_band,{age_s=0.0}
939.0,GRADE,0,NEUTRAL,OK,flat_deadband,"{grade_raw=0.0, grade_display=0.0}"
939.0,GEAR,WAIT,GRAY,NO_DATA,missing_gear,{}
940.0,SPEED,24.0,NEUTRAL,OK,near_reference,"{reference_kmh=24.029339853300844, age_s=0.0}"
940.0,POWER,160,NEUTRAL,OK,power_present,{age_s=0.0}
940.0,HR,130,NEUTRAL,OK,hr_present,{age_s=0.0}
940.0,CADENCE,65,GREEN,OK,preferred_low_cadence_band,{age_s=0.0}
940.0,GRADE,0,NEUTRAL,OK,flat_deadband,"{grade_raw=0.0, grade_display=0.0}"
940.0,GEAR,WAIT,GRAY,NO_DATA,missing_gear,{}
941.0,SPEED,24.0,NEUTRAL,OK,near_reference,"{reference_kmh=24.02930402930414, age_s=0.0}"
941.0,POWER,160,NEUTRAL,OK,power_present,{age_s=0.0}
941.0,HR,130,NEUTRAL,OK,hr_present,{age_s=0.0}
941.0,CADENCE,65,GREEN,OK,preferred_low_cadence_band,{age_s=0.0}
941.0,GRADE,0,NEUTRAL,OK,flat_deadband,"{grade_raw=0.0, grade_display=0.0}"
941.0,GEAR,WAIT,GRAY,NO_DATA,missing_gear,{}
942.0,SPEED,24.0,NEUTRAL,OK,near_reference,"{reference_kmh=24.02926829268304, age_s=0.0}"
942.0,POWER,160,NEUTRAL,OK,power_present,{age_s=0.0}
942.0,HR,130,NEUTRAL,OK,hr_present,{age_s=0.0}
942.0,CADENCE,65,GREEN,OK,preferred_low_cadence_band,{age_s=0.0}
942.0,GRADE,0,NEUTRAL,OK,flat_deadband,"{grade_raw=0.0, grade_display=0.0}"
942.0,GEAR,WAIT,GRAY,NO_DATA,missing_gear,{}
943.0,SPEED,24.0,NEUTRAL,OK,near_reference,"{reference_kmh=24.02923264311826, age_s=0.0}"
943.0,POWER,160,NEUTRAL,OK,power_present,{age_s=0.0}
943.0,HR,130,NEUTRAL,OK,hr_present,{age_s=0.0}
943.0,CADENCE,65,GREEN,OK,preferred_low_cadence_band,{age_s=0.0}
943.0,GRADE,0,NEUTRAL,OK,flat_deadband,"{grade_raw=0.0, grade_display=0.0}"
943.0,GEAR,WAIT,GRAY,NO_DATA,missing_gear,{}
944.0,SPEED,24.0,NEUTRAL,OK,near_reference,"{reference_kmh=24.029197080292082, age_s=0.0}"
944.0,POWER,160,NEUTRAL,OK,power_present,{age_s=0.0}
944.0,HR,130,NEUTRAL,OK,hr_present,{age_s=0.0}
944.0,CADENCE,65,GREEN,OK,preferred_low_cadence_band,{age_s=0.0}
944.0,GRADE,0,NEUTRAL,OK,flat_deadband,"{grade_raw=0.0, grade_display=0.0}"
944.0,GEAR,WAIT,GRAY,NO_DATA,missing_gear,{}
945.0,SPEED,24.0,NEUTRAL,OK,near_reference,"{reference_kmh=24.02916160388833, age_s=0.0}"
945.0,POWER,160,NEUTRAL,OK,power_present,{age_s=0.0}
945.0,HR,130,NEUTRAL,OK,hr_present,{age_s=0.0}
945.0,CADENCE,65,GREEN,OK,preferred_low_cadence_band,{age_s=0.0}
945.0,GRADE,0,NEUTRAL,OK,flat_deadband,"{grade_raw=0.0, grade_display=0.0}"
945.0,GEAR,WAIT,GRAY,NO_DATA,missing_gear,{}
946.0,SPEED,24.0,NEUTRAL,OK,near_reference,"{reference_kmh=24.02912621359235, age_s=0.0}"
946.0,POWER,160,NEUTRAL,OK,power_present,{age_s=0.0}
946.0,HR,130,NEUTRAL,OK,hr_present,{age_s=0.0}
946.0,CADENCE,65,GREEN,OK,preferred_low_cadence_band,{age_s=0.0}
946.0,GRADE,0,NEUTRAL,OK,flat_deadband,"{grade_raw=0.0, grade_display=0.0}"
946.0,GEAR,WAIT,GRAY,NO_DATA,missing_gear,{}
947.0,SPEED,24.0,NEUTRAL,OK,near_reference,"{reference_kmh=24.02909090909103, age_s=0.0}"
947.0,POWER,160,NEUTRAL,OK,power_present,{age_s=0.0}
947.0,HR,130,NEUTRAL,OK,hr_present,{age_s=0.0}
947.0,CADENCE,65,GREEN,OK,preferred_low_cadence_band,{age_s=0.0}
947.0,GRADE,0,NEUTRAL,OK,flat_deadband,"{grade_raw=0.0, grade_display=0.0}"
947.0,GEAR,WAIT,GRAY,NO_DATA,missing_gear,{}
948.0,SPEED,24.0,NEUTRAL,OK,near_reference,"{reference_kmh=24.029055690072756, age_s=0.0}"
948.0,POWER,160,NEUTRAL,OK,power_present,{age_s=0.0}
948.0,HR,130,NEUTRAL,OK,hr_present,{age_s=0.0}
948.0,CADENCE,65,GREEN,OK,preferred_low_cadence_band,{age_s=0.0}
948.0,GRADE,0,NEUTRAL,OK,flat_deadband,"{grade_raw=0.0, grade_display=0.0}"
948.0,GEAR,WAIT,GRAY,NO_DATA,missing_gear,{}
949.0,SPEED,24.0,NEUTRAL,OK,near_reference,"{reference_kmh=24.029020556227447, age_s=0.0}"
949.0,POWER,160,NEUTRAL,OK,power_present,{age_s=0.0}
949.0,HR,130,NEUTRAL,OK,hr_present,{age_s=0.0}
949.0,CADENCE,65,GREEN,OK,preferred_low_cadence_band,{age_s=0.0}
949.0,GRADE,0,NEUTRAL,OK,flat_deadband,"{grade_raw=0.0, grade_display=0.0}"
949.0,GEAR,WAIT,GRAY,NO_DATA,missing_gear,{}
950.0,SPEED,24.0,NEUTRAL,OK,near_reference,"{reference_kmh=24.028985507246496, age_s=0.0}"
950.0,POWER,160,NEUTRAL,OK,power_present,{age_s=0.0}
950.0,HR,130,NEUTRAL,OK,hr_present,{age_s=0.0}
950.0,CADENCE,65,GREEN,OK,preferred_low_cadence_band,{age_s=0.0}
950.0,GRADE,0,NEUTRAL,OK,flat_deadband,"{grade_raw=0.0, grade_display=0.0}"
950.0,GEAR,WAIT,GRAY,NO_DATA,missing_gear,{}
951.0,SPEED,24.0,NEUTRAL,OK,near_reference,"{reference_kmh=24.028950542822802, age_s=0.0}"
951.0,POWER,160,NEUTRAL,OK,power_present,{age_s=0.0}
951.0,HR,130,NEUTRAL,OK,hr_present,{age_s=0.0}
951.0,CADENCE,65,GREEN,OK,preferred_low_cadence_band,{age_s=0.0}
951.0,GRADE,0,NEUTRAL,OK,flat_deadband,"{grade_raw=0.0, grade_display=0.0}"
951.0,GEAR,WAIT,GRAY,NO_DATA,missing_gear,{}
952.0,SPEED,24.0,NEUTRAL,OK,near_reference,"{reference_kmh=24.028915662650725, age_s=0.0}"
952.0,POWER,160,NEUTRAL,OK,power_present,{age_s=0.0}
952.0,HR,130,NEUTRAL,OK,hr_present,{age_s=0.0}
952.0,CADENCE,65,GREEN,OK,preferred_low_cadence_band,{age_s=0.0}
952.0,GRADE,0,NEUTRAL,OK,flat_deadband,"{grade_raw=0.0, grade_display=0.0}"
952.0,GEAR,WAIT,GRAY,NO_DATA,missing_gear,{}
953.0,SPEED,24.0,NEUTRAL,OK,near_reference,"{reference_kmh=24.028880866426118, age_s=0.0}"
953.0,POWER,160,NEUTRAL,OK,power_present,{age_s=0.0}
953.0,HR,130,NEUTRAL,OK,hr_present,{age_s=0.0}
953.0,CADENCE,65,GREEN,OK,preferred_low_cadence_band,{age_s=0.0}
953.0,GRADE,0,NEUTRAL,OK,flat_deadband,"{grade_raw=0.0, grade_display=0.0}"
953.0,GEAR,WAIT,GRAY,NO_DATA,missing_gear,{}
954.0,SPEED,24.0,NEUTRAL,OK,near_reference,"{reference_kmh=24.028846153846278, age_s=0.0}"
954.0,POWER,160,NEUTRAL,OK,power_present,{age_s=0.0}
954.0,HR,130,NEUTRAL,OK,hr_present,{age_s=0.0}
954.0,CADENCE,65,GREEN,OK,preferred_low_cadence_band,{age_s=0.0}
954.0,GRADE,0,NEUTRAL,OK,flat_deadband,"{grade_raw=0.0, grade_display=0.0}"
954.0,GEAR,WAIT,GRAY,NO_DATA,missing_gear,{}
955.0,SPEED,24.0,NEUTRAL,OK,near_reference,"{reference_kmh=24.028811524609967, age_s=0.0}"
955.0,POWER,160,NEUTRAL,OK,power_present,{age_s=0.0}
955.0,HR,130,NEUTRAL,OK,hr_present,{age_s=0.0}
955.0,CADENCE,65,GREEN,OK,preferred_low_cadence_band,{age_s=0.0}
955.0,GRADE,0,NEUTRAL,OK,flat_deadband,"{grade_raw=0.0, grade_display=0.0}"
955.0,GEAR,WAIT,GRAY,NO_DATA,missing_gear,{}
956.0,SPEED,24.0,NEUTRAL,OK,near_reference,"{reference_kmh=24.028776978417394, age_s=0.0}"
956.0,POWER,160,NEUTRAL,OK,power_present,{age_s=0.0}
956.0,HR,130,NEUTRAL,OK,hr_present,{age_s=0.0}
956.0,CADENCE,65,GREEN,OK,preferred_low_cadence_band,{age_s=0.0}
956.0,GRADE,0,NEUTRAL,OK,flat_deadband,"{grade_raw=0.0, grade_display=0.0}"
956.0,GEAR,WAIT,GRAY,NO_DATA,missing_gear,{}
957.0,SPEED,24.0,NEUTRAL,OK,near_reference,"{reference_kmh=24.02874251497019, age_s=0.0}"
957.0,POWER,160,NEUTRAL,OK,power_present,{age_s=0.0}
957.0,HR,130,NEUTRAL,OK,hr_present,{age_s=0.0}
957.0,CADENCE,65,GREEN,OK,preferred_low_cadence_band,{age_s=0.0}
957.0,GRADE,0,NEUTRAL,OK,flat_deadband,"{grade_raw=0.0, grade_display=0.0}"
957.0,GEAR,WAIT,GRAY,NO_DATA,missing_gear,{}
958.0,SPEED,24.0,NEUTRAL,OK,near_reference,"{reference_kmh=24.028708133971424, age_s=0.0}"
958.0,POWER,160,NEUTRAL,OK,power_present,{age_s=0.0}
958.0,HR,130,NEUTRAL,OK,hr_present,{age_s=0.0}
958.0,CADENCE,65,GREEN,OK,preferred_low_cadence_band,{age_s=0.0}
958.0,GRADE,0,NEUTRAL,OK,flat_deadband,"{grade_raw=0.0, grade_display=0.0}"
958.0,GEAR,WAIT,GRAY,NO_DATA,missing_gear,{}
959.0,SPEED,24.0,NEUTRAL,OK,near_reference,"{reference_kmh=24.028673835125577, age_s=0.0}"
959.0,POWER,160,NEUTRAL,OK,power_present,{age_s=0.0}
959.0,HR,130,NEUTRAL,OK,hr_present,{age_s=0.0}
959.0,CADENCE,65,GREEN,OK,preferred_low_cadence_band,{age_s=0.0}
959.0,GRADE,0,NEUTRAL,OK,flat_deadband,"{grade_raw=0.0, grade_display=0.0}"
959.0,GEAR,WAIT,GRAY,NO_DATA,missing_gear,{}
960.0,SPEED,24.0,NEUTRAL,OK,near_reference,"{reference_kmh=24.028639618138556, age_s=0.0}"
960.0,POWER,160,NEUTRAL,OK,power_present,{age_s=0.0}
960.0,HR,130,NEUTRAL,OK,hr_present,{age_s=0.0}
960.0,CADENCE,65,GREEN,OK,preferred_low_cadence_band,{age_s=0.0}
960.0,GRADE,0,NEUTRAL,OK,flat_deadband,"{grade_raw=0.0, grade_display=0.0}"
960.0,GEAR,WAIT,GRAY,NO_DATA,missing_gear,{}
961.0,SPEED,24.0,NEUTRAL,OK,near_reference,"{reference_kmh=24.028605482717655, age_s=0.0}"
961.0,POWER,160,NEUTRAL,OK,power_present,{age_s=0.0}
961.0,HR,130,NEUTRAL,OK,hr_present,{age_s=0.0}
961.0,CADENCE,65,GREEN,OK,preferred_low_cadence_band,{age_s=0.0}
961.0,GRADE,0,NEUTRAL,OK,flat_deadband,"{grade_raw=0.0, grade_display=0.0}"
961.0,GEAR,WAIT,GRAY,NO_DATA,missing_gear,{}
962.0,SPEED,24.0,NEUTRAL,OK,near_reference,"{reference_kmh=24.02857142857156, age_s=0.0}"
962.0,POWER,160,NEUTRAL,OK,power_present,{age_s=0.0}
962.0,HR,130,NEUTRAL,OK,hr_present,{age_s=0.0}
962.0,CADENCE,65,GREEN,OK,preferred_low_cadence_band,{age_s=0.0}
962.0,GRADE,0,NEUTRAL,OK,flat_deadband,"{grade_raw=0.0, grade_display=0.0}"
962.0,GEAR,WAIT,GRAY,NO_DATA,missing_gear,{}
963.0,SPEED,24.0,NEUTRAL,OK,near_reference,"{reference_kmh=24.028537455410362, age_s=0.0}"
963.0,POWER,160,NEUTRAL,OK,power_present,{age_s=0.0}
963.0,HR,130,NEUTRAL,OK,hr_present,{age_s=0.0}
963.0,CADENCE,65,GREEN,OK,preferred_low_cadence_band,{age_s=0.0}
963.0,GRADE,0,NEUTRAL,OK,flat_deadband,"{grade_raw=0.0, grade_display=0.0}"
963.0,GEAR,WAIT,GRAY,NO_DATA,missing_gear,{}
964.0,SPEED,24.0,NEUTRAL,OK,near_reference,"{reference_kmh=24.028503562945506, age_s=0.0}"
964.0,POWER,160,NEUTRAL,OK,power_present,{age_s=0.0}
964.0,HR,130,NEUTRAL,OK,hr_present,{age_s=0.0}
964.0,CADENCE,65,GREEN,OK,preferred_low_cadence_band,{age_s=0.0}
964.0,GRADE,0,NEUTRAL,OK,flat_deadband,"{grade_raw=0.0, grade_display=0.0}"
964.0,GEAR,WAIT,GRAY,NO_DATA,missing_gear,{}
965.0,SPEED,24.0,NEUTRAL,OK,near_reference,"{reference_kmh=24.02846975088982, age_s=0.0}"
965.0,POWER,160,NEUTRAL,OK,power_present,{age_s=0.0}
965.0,HR,130,NEUTRAL,OK,hr_present,{age_s=0.0}
965.0,CADENCE,65,GREEN,OK,preferred_low_cadence_band,{age_s=0.0}
965.0,GRADE,0,NEUTRAL,OK,flat_deadband,"{grade_raw=0.0, grade_display=0.0}"
965.0,GEAR,WAIT,GRAY,NO_DATA,missing_gear,{}
966.0,SPEED,24.0,NEUTRAL,OK,near_reference,"{reference_kmh=24.028436018957482, age_s=0.0}"
966.0,POWER,160,NEUTRAL,OK,power_present,{age_s=0.0}
966.0,HR,130,NEUTRAL,OK,hr_present,{age_s=0.0}
966.0,CADENCE,65,GREEN,OK,preferred_low_cadence_band,{age_s=0.0}
966.0,GRADE,0,NEUTRAL,OK,flat_deadband,"{grade_raw=0.0, grade_display=0.0}"
966.0,GEAR,WAIT,GRAY,NO_DATA,missing_gear,{}
967.0,SPEED,24.0,NEUTRAL,OK,near_reference,"{reference_kmh=24.028402366864043, age_s=0.0}"
967.0,POWER,160,NEUTRAL,OK,power_present,{age_s=0.0}
967.0,HR,130,NEUTRAL,OK,hr_present,{age_s=0.0}
967.0,CADENCE,65,GREEN,OK,preferred_low_cadence_band,{age_s=0.0}
967.0,GRADE,0,NEUTRAL,OK,flat_deadband,"{grade_raw=0.0, grade_display=0.0}"
967.0,GEAR,WAIT,GRAY,NO_DATA,missing_gear,{}
968.0,SPEED,24.0,NEUTRAL,OK,near_reference,"{reference_kmh=24.028368794326383, age_s=0.0}"
968.0,POWER,160,NEUTRAL,OK,power_present,{age_s=0.0}
968.0,HR,130,NEUTRAL,OK,hr_present,{age_s=0.0}
968.0,CADENCE,65,GREEN,OK,preferred_low_cadence_band,{age_s=0.0}
968.0,GRADE,0,NEUTRAL,OK,flat_deadband,"{grade_raw=0.0, grade_display=0.0}"
968.0,GEAR,WAIT,GRAY,NO_DATA,missing_gear,{}
969.0,SPEED,24.0,NEUTRAL,OK,near_reference,"{reference_kmh=24.028335301062718, age_s=0.0}"
969.0,POWER,160,NEUTRAL,OK,power_present,{age_s=0.0}
969.0,HR,130,NEUTRAL,OK,hr_present,{age_s=0.0}
969.0,CADENCE,65,GREEN,OK,preferred_low_cadence_band,{age_s=0.0}
969.0,GRADE,0,NEUTRAL,OK,flat_deadband,"{grade_raw=0.0, grade_display=0.0}"
969.0,GEAR,WAIT,GRAY,NO_DATA,missing_gear,{}
970.0,SPEED,24.0,NEUTRAL,OK,near_reference,"{reference_kmh=24.028301886792597, age_s=0.0}"
970.0,POWER,160,NEUTRAL,OK,power_present,{age_s=0.0}
970.0,HR,130,NEUTRAL,OK,hr_present,{age_s=0.0}
970.0,CADENCE,65,GREEN,OK,preferred_low_cadence_band,{age_s=0.0}
970.0,GRADE,0,NEUTRAL,OK,flat_deadband,"{grade_raw=0.0, grade_display=0.0}"
970.0,GEAR,WAIT,GRAY,NO_DATA,missing_gear,{}
971.0,SPEED,24.0,NEUTRAL,OK,near_reference,"{reference_kmh=24.02826855123689, age_s=0.0}"
971.0,POWER,160,NEUTRAL,OK,power_present,{age_s=0.0}
971.0,HR,130,NEUTRAL,OK,hr_present,{age_s=0.0}
971.0,CADENCE,65,GREEN,OK,preferred_low_cadence_band,{age_s=0.0}
971.0,GRADE,0,NEUTRAL,OK,flat_deadband,"{grade_raw=0.0, grade_display=0.0}"
971.0,GEAR,WAIT,GRAY,NO_DATA,missing_gear,{}
972.0,SPEED,24.0,NEUTRAL,OK,near_reference,"{reference_kmh=24.028235294117792, age_s=0.0}"
972.0,POWER,160,NEUTRAL,OK,power_present,{age_s=0.0}
972.0,HR,130,NEUTRAL,OK,hr_present,{age_s=0.0}
972.0,CADENCE,65,GREEN,OK,preferred_low_cadence_band,{age_s=0.0}
972.0,GRADE,0,NEUTRAL,OK,flat_deadband,"{grade_raw=0.0, grade_display=0.0}"
972.0,GEAR,WAIT,GRAY,NO_DATA,missing_gear,{}
973.0,SPEED,24.0,NEUTRAL,OK,near_reference,"{reference_kmh=24.02820211515878, age_s=0.0}"
973.0,POWER,160,NEUTRAL,OK,power_present,{age_s=0.0}
973.0,HR,130,NEUTRAL,OK,hr_present,{age_s=0.0}
973.0,CADENCE,65,GREEN,OK,preferred_low_cadence_band,{age_s=0.0}
973.0,GRADE,0,NEUTRAL,OK,flat_deadband,"{grade_raw=0.0, grade_display=0.0}"
973.0,GEAR,WAIT,GRAY,NO_DATA,missing_gear,{}
974.0,SPEED,24.0,NEUTRAL,OK,near_reference,"{reference_kmh=24.028169014084654, age_s=0.0}"
974.0,POWER,160,NEUTRAL,OK,power_present,{age_s=0.0}
974.0,HR,130,NEUTRAL,OK,hr_present,{age_s=0.0}
974.0,CADENCE,65,GREEN,OK,preferred_low_cadence_band,{age_s=0.0}
974.0,GRADE,0,NEUTRAL,OK,flat_deadband,"{grade_raw=0.0, grade_display=0.0}"
974.0,GEAR,WAIT,GRAY,NO_DATA,missing_gear,{}
975.0,SPEED,24.0,NEUTRAL,OK,near_reference,"{reference_kmh=24.028135990621486, age_s=0.0}"
975.0,POWER,160,NEUTRAL,OK,power_present,{age_s=0.0}
975.0,HR,130,NEUTRAL,OK,hr_present,{age_s=0.0}
975.0,CADENCE,65,GREEN,OK,preferred_low_cadence_band,{age_s=0.0}
975.0,GRADE,0,NEUTRAL,OK,flat_deadband,"{grade_raw=0.0, grade_display=0.0}"
975.0,GEAR,WAIT,GRAY,NO_DATA,missing_gear,{}
976.0,SPEED,24.0,NEUTRAL,OK,near_reference,"{reference_kmh=24.02810304449664, age_s=0.0}"
976.0,POWER,160,NEUTRAL,OK,power_present,{age_s=0.0}
976.0,HR,130,NEUTRAL,OK,hr_present,{age_s=0.0}
976.0,CADENCE,65,GREEN,OK,preferred_low_cadence_band,{age_s=0.0}
976.0,GRADE,0,NEUTRAL,OK,flat_deadband,"{grade_raw=0.0, grade_display=0.0}"
976.0,GEAR,WAIT,GRAY,NO_DATA,missing_gear,{}
977.0,SPEED,24.0,NEUTRAL,OK,near_reference,"{reference_kmh=24.02807017543875, age_s=0.0}"
977.0,POWER,160,NEUTRAL,OK,power_present,{age_s=0.0}
977.0,HR,130,NEUTRAL,OK,hr_present,{age_s=0.0}
977.0,CADENCE,65,GREEN,OK,preferred_low_cadence_band,{age_s=0.0}
977.0,GRADE,0,NEUTRAL,OK,flat_deadband,"{grade_raw=0.0, grade_display=0.0}"
977.0,GEAR,WAIT,GRAY,NO_DATA,missing_gear,{}
978.0,SPEED,24.0,NEUTRAL,OK,near_reference,"{reference_kmh=24.028037383177722, age_s=0.0}"
978.0,POWER,160,NEUTRAL,OK,power_present,{age_s=0.0}
978.0,HR,130,NEUTRAL,OK,hr_present,{age_s=0.0}
978.0,CADENCE,65,GREEN,OK,preferred_low_cadence_band,{age_s=0.0}
978.0,GRADE,0,NEUTRAL,OK,flat_deadband,"{grade_raw=0.0, grade_display=0.0}"
978.0,GEAR,WAIT,GRAY,NO_DATA,missing_gear,{}
979.0,SPEED,24.0,NEUTRAL,OK,near_reference,"{reference_kmh=24.028004667444726, age_s=0.0}"
979.0,POWER,160,NEUTRAL,OK,power_present,{age_s=0.0}
979.0,HR,130,NEUTRAL,OK,hr_present,{age_s=0.0}
979.0,CADENCE,65,GREEN,OK,preferred_low_cadence_band,{age_s=0.0}
979.0,GRADE,0,NEUTRAL,OK,flat_deadband,"{grade_raw=0.0, grade_display=0.0}"
979.0,GEAR,WAIT,GRAY,NO_DATA,missing_gear,{}
980.0,SPEED,24.0,NEUTRAL,OK,near_reference,"{reference_kmh=24.02797202797218, age_s=0.0}"
980.0,POWER,160,NEUTRAL,OK,power_present,{age_s=0.0}
980.0,HR,130,NEUTRAL,OK,hr_present,{age_s=0.0}
980.0,CADENCE,65,GREEN,OK,preferred_low_cadence_band,{age_s=0.0}
980.0,GRADE,0,NEUTRAL,OK,flat_deadband,"{grade_raw=0.0, grade_display=0.0}"
980.0,GEAR,WAIT,GRAY,NO_DATA,missing_gear,{}
981.0,SPEED,24.0,NEUTRAL,OK,near_reference,"{reference_kmh=24.027939464493755, age_s=0.0}"
981.0,POWER,160,NEUTRAL,OK,power_present,{age_s=0.0}
981.0,HR,130,NEUTRAL,OK,hr_present,{age_s=0.0}
981.0,CADENCE,65,GREEN,OK,preferred_low_cadence_band,{age_s=0.0}
981.0,GRADE,0,NEUTRAL,OK,flat_deadband,"{grade_raw=0.0, grade_display=0.0}"
981.0,GEAR,WAIT,GRAY,NO_DATA,missing_gear,{}
982.0,SPEED,24.0,NEUTRAL,OK,near_reference,"{reference_kmh=24.02790697674434, age_s=0.0}"
982.0,POWER,160,NEUTRAL,OK,power_present,{age_s=0.0}
982.0,HR,130,NEUTRAL,OK,hr_present,{age_s=0.0}
982.0,CADENCE,65,GREEN,OK,preferred_low_cadence_band,{age_s=0.0}
982.0,GRADE,0,NEUTRAL,OK,flat_deadband,"{grade_raw=0.0, grade_display=0.0}"
982.0,GEAR,WAIT,GRAY,NO_DATA,missing_gear,{}
983.0,SPEED,24.0,NEUTRAL,OK,near_reference,"{reference_kmh=24.027874564460088, age_s=0.0}"
983.0,POWER,160,NEUTRAL,OK,power_present,{age_s=0.0}
983.0,HR,130,NEUTRAL,OK,hr_present,{age_s=0.0}
983.0,CADENCE,65,GREEN,OK,preferred_low_cadence_band,{age_s=0.0}
983.0,GRADE,0,NEUTRAL,OK,flat_deadband,"{grade_raw=0.0, grade_display=0.0}"
983.0,GEAR,WAIT,GRAY,NO_DATA,missing_gear,{}
984.0,SPEED,24.0,NEUTRAL,OK,near_reference,"{reference_kmh=24.02784222737835, age_s=0.0}"
984.0,POWER,160,NEUTRAL,OK,power_present,{age_s=0.0}
984.0,HR,130,NEUTRAL,OK,hr_present,{age_s=0.0}
984.0,CADENCE,65,GREEN,OK,preferred_low_cadence_band,{age_s=0.0}
984.0,GRADE,0,NEUTRAL,OK,flat_deadband,"{grade_raw=0.0, grade_display=0.0}"
984.0,GEAR,WAIT,GRAY,NO_DATA,missing_gear,{}
985.0,SPEED,24.0,NEUTRAL,OK,near_reference,"{reference_kmh=24.0278099652377, age_s=0.0}"
985.0,POWER,160,NEUTRAL,OK,power_present,{age_s=0.0}
985.0,HR,130,NEUTRAL,OK,hr_present,{age_s=0.0}
985.0,CADENCE,65,GREEN,OK,preferred_low_cadence_band,{age_s=0.0}
985.0,GRADE,0,NEUTRAL,OK,flat_deadband,"{grade_raw=0.0, grade_display=0.0}"
985.0,GEAR,WAIT,GRAY,NO_DATA,missing_gear,{}
986.0,SPEED,24.0,NEUTRAL,OK,near_reference,"{reference_kmh=24.02777777777794, age_s=0.0}"
986.0,POWER,160,NEUTRAL,OK,power_present,{age_s=0.0}
986.0,HR,130,NEUTRAL,OK,hr_present,{age_s=0.0}
986.0,CADENCE,65,GREEN,OK,preferred_low_cadence_band,{age_s=0.0}
986.0,GRADE,0,NEUTRAL,OK,flat_deadband,"{grade_raw=0.0, grade_display=0.0}"
986.0,GEAR,WAIT,GRAY,NO_DATA,missing_gear,{}
987.0,SPEED,24.0,NEUTRAL,OK,near_reference,"{reference_kmh=24.027745664740046, age_s=0.0}"
987.0,POWER,160,NEUTRAL,OK,power_present,{age_s=0.0}
987.0,HR,130,NEUTRAL,OK,hr_present,{age_s=0.0}
987.0,CADENCE,65,GREEN,OK,preferred_low_cadence_band,{age_s=0.0}
987.0,GRADE,0,NEUTRAL,OK,flat_deadband,"{grade_raw=0.0, grade_display=0.0}"
987.0,GEAR,WAIT,GRAY,NO_DATA,missing_gear,{}
988.0,SPEED,24.0,NEUTRAL,OK,near_reference,"{reference_kmh=24.027713625866216, age_s=0.0}"
988.0,POWER,160,NEUTRAL,OK,power_present,{age_s=0.0}
988.0,HR,130,NEUTRAL,OK,hr_present,{age_s=0.0}
988.0,CADENCE,65,GREEN,OK,preferred_low_cadence_band,{age_s=0.0}
988.0,GRADE,0,NEUTRAL,OK,flat_deadband,"{grade_raw=0.0, grade_display=0.0}"
988.0,GEAR,WAIT,GRAY,NO_DATA,missing_gear,{}
989.0,SPEED,24.0,NEUTRAL,OK,near_reference,"{reference_kmh=24.027681660899816, age_s=0.0}"
989.0,POWER,160,NEUTRAL,OK,power_present,{age_s=0.0}
989.0,HR,130,NEUTRAL,OK,hr_present,{age_s=0.0}
989.0,CADENCE,65,GREEN,OK,preferred_low_cadence_band,{age_s=0.0}
989.0,GRADE,0,NEUTRAL,OK,flat_deadband,"{grade_raw=0.0, grade_display=0.0}"
989.0,GEAR,WAIT,GRAY,NO_DATA,missing_gear,{}
990.0,SPEED,24.0,NEUTRAL,OK,near_reference,"{reference_kmh=24.02764976958542, age_s=0.0}"
990.0,POWER,160,NEUTRAL,OK,power_present,{age_s=0.0}
990.0,HR,130,NEUTRAL,OK,hr_present,{age_s=0.0}
990.0,CADENCE,65,GREEN,OK,preferred_low_cadence_band,{age_s=0.0}
990.0,GRADE,0,NEUTRAL,OK,flat_deadband,"{grade_raw=0.0, grade_display=0.0}"
990.0,GEAR,WAIT,GRAY,NO_DATA,missing_gear,{}
991.0,SPEED,24.0,NEUTRAL,OK,near_reference,"{reference_kmh=24.027617951668752, age_s=0.0}"
991.0,POWER,160,NEUTRAL,OK,power_present,{age_s=0.0}
991.0,HR,130,NEUTRAL,OK,hr_present,{age_s=0.0}
991.0,CADENCE,65,GREEN,OK,preferred_low_cadence_band,{age_s=0.0}
991.0,GRADE,0,NEUTRAL,OK,flat_deadband,"{grade_raw=0.0, grade_display=0.0}"
991.0,GEAR,WAIT,GRAY,NO_DATA,missing_gear,{}
992.0,SPEED,24.0,NEUTRAL,OK,near_reference,"{reference_kmh=24.027586206896718, age_s=0.0}"
992.0,POWER,160,NEUTRAL,OK,power_present,{age_s=0.0}
992.0,HR,130,NEUTRAL,OK,hr_present,{age_s=0.0}
992.0,CADENCE,65,GREEN,OK,preferred_low_cadence_band,{age_s=0.0}
992.0,GRADE,0,NEUTRAL,OK,flat_deadband,"{grade_raw=0.0, grade_display=0.0}"
992.0,GEAR,WAIT,GRAY,NO_DATA,missing_gear,{}
993.0,SPEED,24.0,NEUTRAL,OK,near_reference,"{reference_kmh=24.02755453501739, age_s=0.0}"
993.0,POWER,160,NEUTRAL,OK,power_present,{age_s=0.0}
993.0,HR,130,NEUTRAL,OK,hr_present,{age_s=0.0}
993.0,CADENCE,65,GREEN,OK,preferred_low_cadence_band,{age_s=0.0}
993.0,GRADE,0,NEUTRAL,OK,flat_deadband,"{grade_raw=0.0, grade_display=0.0}"
993.0,GEAR,WAIT,GRAY,NO_DATA,missing_gear,{}
994.0,SPEED,24.0,NEUTRAL,OK,near_reference,"{reference_kmh=24.027522935779984, age_s=0.0}"
994.0,POWER,160,NEUTRAL,OK,power_present,{age_s=0.0}
994.0,HR,130,NEUTRAL,OK,hr_present,{age_s=0.0}
994.0,CADENCE,65,GREEN,OK,preferred_low_cadence_band,{age_s=0.0}
994.0,GRADE,0,NEUTRAL,OK,flat_deadband,"{grade_raw=0.0, grade_display=0.0}"
994.0,GEAR,WAIT,GRAY,NO_DATA,missing_gear,{}
995.0,SPEED,24.0,NEUTRAL,OK,near_reference,"{reference_kmh=24.02749140893488, age_s=0.0}"
995.0,POWER,160,NEUTRAL,OK,power_present,{age_s=0.0}
995.0,HR,130,NEUTRAL,OK,hr_present,{age_s=0.0}
995.0,CADENCE,65,GREEN,OK,preferred_low_cadence_band,{age_s=0.0}
995.0,GRADE,0,NEUTRAL,OK,flat_deadband,"{grade_raw=0.0, grade_display=0.0}"
995.0,GEAR,WAIT,GRAY,NO_DATA,missing_gear,{}
996.0,SPEED,24.0,NEUTRAL,OK,near_reference,"{reference_kmh=24.027459954233578, age_s=0.0}"
996.0,POWER,160,NEUTRAL,OK,power_present,{age_s=0.0}
996.0,HR,130,NEUTRAL,OK,hr_present,{age_s=0.0}
996.0,CADENCE,65,GREEN,OK,preferred_low_cadence_band,{age_s=0.0}
996.0,GRADE,0,NEUTRAL,OK,flat_deadband,"{grade_raw=0.0, grade_display=0.0}"
996.0,GEAR,WAIT,GRAY,NO_DATA,missing_gear,{}
997.0,SPEED,24.0,NEUTRAL,OK,near_reference,"{reference_kmh=24.027428571428743, age_s=0.0}"
997.0,POWER,160,NEUTRAL,OK,power_present,{age_s=0.0}
997.0,HR,130,NEUTRAL,OK,hr_present,{age_s=0.0}
997.0,CADENCE,65,GREEN,OK,preferred_low_cadence_band,{age_s=0.0}
997.0,GRADE,0,NEUTRAL,OK,flat_deadband,"{grade_raw=0.0, grade_display=0.0}"
997.0,GEAR,WAIT,GRAY,NO_DATA,missing_gear,{}
998.0,SPEED,24.0,NEUTRAL,OK,near_reference,"{reference_kmh=24.027397260274142, age_s=0.0}"
998.0,POWER,160,NEUTRAL,OK,power_present,{age_s=0.0}
998.0,HR,130,NEUTRAL,OK,hr_present,{age_s=0.0}
998.0,CADENCE,65,GREEN,OK,preferred_low_cadence_band,{age_s=0.0}
998.0,GRADE,0,NEUTRAL,OK,flat_deadband,"{grade_raw=0.0, grade_display=0.0}"
998.0,GEAR,WAIT,GRAY,NO_DATA,missing_gear,{}
999.0,SPEED,24.0,NEUTRAL,OK,near_reference,"{reference_kmh=24.027366020524692, age_s=0.0}"
999.0,POWER,160,NEUTRAL,OK,power_present,{age_s=0.0}
999.0,HR,130,NEUTRAL,OK,hr_present,{age_s=0.0}
999.0,CADENCE,65,GREEN,OK,preferred_low_cadence_band,{age_s=0.0}
999.0,GRADE,0,NEUTRAL,OK,flat_deadband,"{grade_raw=0.0, grade_display=0.0}"
999.0,GEAR,WAIT,GRAY,NO_DATA,missing_gear,{}
1000.0,SPEED,24.0,NEUTRAL,OK,near_reference,"{reference_kmh=24.027334851936395, age_s=0.0}"
1000.0,POWER,160,NEUTRAL,OK,power_present,{age_s=0.0}
1000.0,HR,130,NEUTRAL,OK,hr_present,{age_s=0.0}
1000.0,CADENCE,65,GREEN,OK,preferred_low_cadence_band,{age_s=0.0}
1000.0,GRADE,0,NEUTRAL,OK,flat_deadband,"{grade_raw=0.0, grade_display=0.0}"
1000.0,GEAR,WAIT,GRAY,NO_DATA,missing_gear,{}
1001.0,SPEED,24.0,NEUTRAL,OK,near_reference,"{reference_kmh=24.027303754266388, age_s=0.0}"
1001.0,POWER,160,NEUTRAL,OK,power_present,{age_s=0.0}
1001.0,HR,130,NEUTRAL,OK,hr_present,{age_s=0.0}
1001.0,CADENCE,65,GREEN,OK,preferred_low_cadence_band,{age_s=0.0}
1001.0,GRADE,0,NEUTRAL,OK,flat_deadband,"{grade_raw=0.0, grade_display=0.0}"
1001.0,GEAR,WAIT,GRAY,NO_DATA,missing_gear,{}
1002.0,SPEED,24.0,NEUTRAL,OK,near_reference,"{reference_kmh=24.027272727272905, age_s=0.0}"
1002.0,POWER,160,NEUTRAL,OK,power_present,{age_s=0.0}
1002.0,HR,130,NEUTRAL,OK,hr_present,{age_s=0.0}
1002.0,CADENCE,65,GREEN,OK,preferred_low_cadence_band,{age_s=0.0}
1002.0,GRADE,0,NEUTRAL,OK,flat_deadband,"{grade_raw=0.0, grade_display=0.0}"
1002.0,GEAR,WAIT,GRAY,NO_DATA,missing_gear,{}
1003.0,SPEED,24.0,NEUTRAL,OK,near_reference,"{reference_kmh=24.027241770715275, age_s=0.0}"
1003.0,POWER,160,NEUTRAL,OK,power_present,{age_s=0.0}
1003.0,HR,130,NEUTRAL,OK,hr_present,{age_s=0.0}
1003.0,CADENCE,65,GREEN,OK,preferred_low_cadence_band,{age_s=0.0}
1003.0,GRADE,0,NEUTRAL,OK,flat_deadband,"{grade_raw=0.0, grade_display=0.0}"
1003.0,GEAR,WAIT,GRAY,NO_DATA,missing_gear,{}
1004.0,SPEED,24.0,NEUTRAL,OK,near_reference,"{reference_kmh=24.02721088435392, age_s=0.0}"
1004.0,POWER,160,NEUTRAL,OK,power_present,{age_s=0.0}
1004.0,HR,130,NEUTRAL,OK,hr_present,{age_s=0.0}
1004.0,CADENCE,65,GREEN,OK,preferred_low_cadence_band,{age_s=0.0}
1004.0,GRADE,0,NEUTRAL,OK,flat_deadband,"{grade_raw=0.0, grade_display=0.0}"
1004.0,GEAR,WAIT,GRAY,NO_DATA,missing_gear,{}
1005.0,SPEED,24.0,NEUTRAL,OK,near_reference,"{reference_kmh=24.02718006795035, age_s=0.0}"
1005.0,POWER,160,NEUTRAL,OK,power_present,{age_s=0.0}
1005.0,HR,130,NEUTRAL,OK,hr_present,{age_s=0.0}
1005.0,CADENCE,65,GREEN,OK,preferred_low_cadence_band,{age_s=0.0}
1005.0,GRADE,0,NEUTRAL,OK,flat_deadband,"{grade_raw=0.0, grade_display=0.0}"
1005.0,GEAR,WAIT,GRAY,NO_DATA,missing_gear,{}
1006.0,SPEED,24.0,NEUTRAL,OK,near_reference,"{reference_kmh=24.02714932126715, age_s=0.0}"
1006.0,POWER,160,NEUTRAL,OK,power_present,{age_s=0.0}
1006.0,HR,130,NEUTRAL,OK,hr_present,{age_s=0.0}
1006.0,CADENCE,65,GREEN,OK,preferred_low_cadence_band,{age_s=0.0}
1006.0,GRADE,0,NEUTRAL,OK,flat_deadband,"{grade_raw=0.0, grade_display=0.0}"
1006.0,GEAR,WAIT,GRAY,NO_DATA,missing_gear,{}
1007.0,SPEED,24.0,NEUTRAL,OK,near_reference,"{reference_kmh=24.02711864406798, age_s=0.0}"
1007.0,POWER,160,NEUTRAL,OK,power_present,{age_s=0.0}
1007.0,HR,130,NEUTRAL,OK,hr_present,{age_s=0.0}
1007.0,CADENCE,65,GREEN,OK,preferred_low_cadence_band,{age_s=0.0}
1007.0,GRADE,0,NEUTRAL,OK,flat_deadband,"{grade_raw=0.0, grade_display=0.0}"
1007.0,GEAR,WAIT,GRAY,NO_DATA,missing_gear,{}
1008.0,SPEED,24.0,NEUTRAL,OK,near_reference,"{reference_kmh=24.027088036117565, age_s=0.0}"
1008.0,POWER,160,NEUTRAL,OK,power_present,{age_s=0.0}
1008.0,HR,130,NEUTRAL,OK,hr_present,{age_s=0.0}
1008.0,CADENCE,65,GREEN,OK,preferred_low_cadence_band,{age_s=0.0}
1008.0,GRADE,0,NEUTRAL,OK,flat_deadband,"{grade_raw=0.0, grade_display=0.0}"
1008.0,GEAR,WAIT,GRAY,NO_DATA,missing_gear,{}
1009.0,SPEED,24.0,NEUTRAL,OK,near_reference,"{reference_kmh=24.027057497181694, age_s=0.0}"
1009.0,POWER,160,NEUTRAL,OK,power_present,{age_s=0.0}
1009.0,HR,130,NEUTRAL,OK,hr_present,{age_s=0.0}
1009.0,CADENCE,65,GREEN,OK,preferred_low_cadence_band,{age_s=0.0}
1009.0,GRADE,0,NEUTRAL,OK,flat_deadband,"{grade_raw=0.0, grade_display=0.0}"
1009.0,GEAR,WAIT,GRAY,NO_DATA,missing_gear,{}
1010.0,SPEED,24.0,NEUTRAL,OK,near_reference,"{reference_kmh=24.02702702702721, age_s=0.0}"
1010.0,POWER,160,NEUTRAL,OK,power_present,{age_s=0.0}
1010.0,HR,130,NEUTRAL,OK,hr_present,{age_s=0.0}
1010.0,CADENCE,65,GREEN,OK,preferred_low_cadence_band,{age_s=0.0}
1010.0,GRADE,0,NEUTRAL,OK,flat_deadband,"{grade_raw=0.0, grade_display=0.0}"
1010.0,GEAR,WAIT,GRAY,NO_DATA,missing_gear,{}
1011.0,SPEED,24.0,NEUTRAL,OK,near_reference,"{reference_kmh=24.02699662542201, age_s=0.0}"
1011.0,POWER,160,NEUTRAL,OK,power_present,{age_s=0.0}
1011.0,HR,130,NEUTRAL,OK,hr_present,{age_s=0.0}
1011.0,CADENCE,65,GREEN,OK,preferred_low_cadence_band,{age_s=0.0}
1011.0,GRADE,0,NEUTRAL,OK,flat_deadband,"{grade_raw=0.0, grade_display=0.0}"
1011.0,GEAR,WAIT,GRAY,NO_DATA,missing_gear,{}
1012.0,SPEED,24.0,NEUTRAL,OK,near_reference,"{reference_kmh=24.026966292135018, age_s=0.0}"
1012.0,POWER,160,NEUTRAL,OK,power_present,{age_s=0.0}
1012.0,HR,130,NEUTRAL,OK,hr_present,{age_s=0.0}
1012.0,CADENCE,65,GREEN,OK,preferred_low_cadence_band,{age_s=0.0}
1012.0,GRADE,0,NEUTRAL,OK,flat_deadband,"{grade_raw=0.0, grade_display=0.0}"
1012.0,GEAR,WAIT,GRAY,NO_DATA,missing_gear,{}
1013.0,SPEED,24.0,NEUTRAL,OK,near_reference,"{reference_kmh=24.026936026936216, age_s=0.0}"
1013.0,POWER,160,NEUTRAL,OK,power_present,{age_s=0.0}
1013.0,HR,130,NEUTRAL,OK,hr_present,{age_s=0.0}
1013.0,CADENCE,65,GREEN,OK,preferred_low_cadence_band,{age_s=0.0}
1013.0,GRADE,0,NEUTRAL,OK,flat_deadband,"{grade_raw=0.0, grade_display=0.0}"
1013.0,GEAR,WAIT,GRAY,NO_DATA,missing_gear,{}
1014.0,SPEED,24.0,NEUTRAL,OK,near_reference,"{reference_kmh=24.0269058295966, age_s=0.0}"
1014.0,POWER,160,NEUTRAL,OK,power_present,{age_s=0.0}
1014.0,HR,130,NEUTRAL,OK,hr_present,{age_s=0.0}
1014.0,CADENCE,65,GREEN,OK,preferred_low_cadence_band,{age_s=0.0}
1014.0,GRADE,0,NEUTRAL,OK,flat_deadband,"{grade_raw=0.0, grade_display=0.0}"
1014.0,GEAR,WAIT,GRAY,NO_DATA,missing_gear,{}
1015.0,SPEED,24.0,NEUTRAL,OK,near_reference,"{reference_kmh=24.02687569988821, age_s=0.0}"
1015.0,POWER,160,NEUTRAL,OK,power_present,{age_s=0.0}
1015.0,HR,130,NEUTRAL,OK,hr_present,{age_s=0.0}
1015.0,CADENCE,65,GREEN,OK,preferred_low_cadence_band,{age_s=0.0}
1015.0,GRADE,0,NEUTRAL,OK,flat_deadband,"{grade_raw=0.0, grade_display=0.0}"
1015.0,GEAR,WAIT,GRAY,NO_DATA,missing_gear,{}
1016.0,SPEED,24.0,NEUTRAL,OK,near_reference,"{reference_kmh=24.026845637584085, age_s=0.0}"
1016.0,POWER,160,NEUTRAL,OK,power_present,{age_s=0.0}
1016.0,HR,130,NEUTRAL,OK,hr_present,{age_s=0.0}
1016.0,CADENCE,65,GREEN,OK,preferred_low_cadence_band,{age_s=0.0}
1016.0,GRADE,0,NEUTRAL,OK,flat_deadband,"{grade_raw=0.0, grade_display=0.0}"
1016.0,GEAR,WAIT,GRAY,NO_DATA,missing_gear,{}
1017.0,SPEED,24.0,NEUTRAL,OK,near_reference,"{reference_kmh=24.026815642458295, age_s=0.0}"
1017.0,POWER,160,NEUTRAL,OK,power_present,{age_s=0.0}
1017.0,HR,130,NEUTRAL,OK,hr_present,{age_s=0.0}
1017.0,CADENCE,65,GREEN,OK,preferred_low_cadence_band,{age_s=0.0}
1017.0,GRADE,0,NEUTRAL,OK,flat_deadband,"{grade_raw=0.0, grade_display=0.0}"
1017.0,GEAR,WAIT,GRAY,NO_DATA,missing_gear,{}
1018.0,SPEED,24.0,NEUTRAL,OK,near_reference,"{reference_kmh=24.02678571428591, age_s=0.0}"
1018.0,POWER,160,NEUTRAL,OK,power_present,{age_s=0.0}
1018.0,HR,130,NEUTRAL,OK,hr_present,{age_s=0.0}
1018.0,CADENCE,65,GREEN,OK,preferred_low_cadence_band,{age_s=0.0}
1018.0,GRADE,0,NEUTRAL,OK,flat_deadband,"{grade_raw=0.0, grade_display=0.0}"
1018.0,GEAR,WAIT,GRAY,NO_DATA,missing_gear,{}
1019.0,SPEED,24.0,NEUTRAL,OK,near_reference,"{reference_kmh=24.026755852843003, age_s=0.0}"
1019.0,POWER,160,NEUTRAL,OK,power_present,{age_s=0.0}
1019.0,HR,130,NEUTRAL,OK,hr_present,{age_s=0.0}
1019.0,CADENCE,65,GREEN,OK,preferred_low_cadence_band,{age_s=0.0}
1019.0,GRADE,0,NEUTRAL,OK,flat_deadband,"{grade_raw=0.0, grade_display=0.0}"
1019.0,GEAR,WAIT,GRAY,NO_DATA,missing_gear,{}
1020.0,SPEED,24.0,NEUTRAL,OK,near_reference,"{reference_kmh=24.026726057906654, age_s=0.0}"
1020.0,POWER,160,NEUTRAL,OK,power_present,{age_s=0.0}
1020.0,HR,130,NEUTRAL,OK,hr_present,{age_s=0.0}
1020.0,CADENCE,65,GREEN,OK,preferred_low_cadence_band,{age_s=0.0}
1020.0,GRADE,0,NEUTRAL,OK,flat_deadband,"{grade_raw=0.0, grade_display=0.0}"
1020.0,GEAR,WAIT,GRAY,NO_DATA,missing_gear,{}
1021.0,SPEED,24.0,NEUTRAL,OK,near_reference,"{reference_kmh=24.02669632925492, age_s=0.0}"
1021.0,POWER,160,NEUTRAL,OK,power_present,{age_s=0.0}
1021.0,HR,130,NEUTRAL,OK,hr_present,{age_s=0.0}
1021.0,CADENCE,65,GREEN,OK,preferred_low_cadence_band,{age_s=0.0}
1021.0,GRADE,0,NEUTRAL,OK,flat_deadband,"{grade_raw=0.0, grade_display=0.0}"
1021.0,GEAR,WAIT,GRAY,NO_DATA,missing_gear,{}
1022.0,SPEED,24.0,NEUTRAL,OK,near_reference,"{reference_kmh=24.026666666666863, age_s=0.0}"
1022.0,POWER,160,NEUTRAL,OK,power_present,{age_s=0.0}
1022.0,HR,130,NEUTRAL,OK,hr_present,{age_s=0.0}
1022.0,CADENCE,65,GREEN,OK,preferred_low_cadence_band,{age_s=0.0}
1022.0,GRADE,0,NEUTRAL,OK,flat_deadband,"{grade_raw=0.0, grade_display=0.0}"
1022.0,GEAR,WAIT,GRAY,NO_DATA,missing_gear,{}
1023.0,SPEED,24.0,NEUTRAL,OK,near_reference,"{reference_kmh=24.02663706992251, age_s=0.0}"
1023.0,POWER,160,NEUTRAL,OK,power_present,{age_s=0.0}
1023.0,HR,130,NEUTRAL,OK,hr_present,{age_s=0.0}
1023.0,CADENCE,65,GREEN,OK,preferred_low_cadence_band,{age_s=0.0}
1023.0,GRADE,0,NEUTRAL,OK,flat_deadband,"{grade_raw=0.0, grade_display=0.0}"
1023.0,GEAR,WAIT,GRAY,NO_DATA,missing_gear,{}
1024.0,SPEED,24.0,NEUTRAL,OK,near_reference,"{reference_kmh=24.026607538802864, age_s=0.0}"
1024.0,POWER,160,NEUTRAL,OK,power_present,{age_s=0.0}
1024.0,HR,130,NEUTRAL,OK,hr_present,{age_s=0.0}
1024.0,CADENCE,65,GREEN,OK,preferred_low_cadence_band,{age_s=0.0}
1024.0,GRADE,0,NEUTRAL,OK,flat_deadband,"{grade_raw=0.0, grade_display=0.0}"
1024.0,GEAR,WAIT,GRAY,NO_DATA,missing_gear,{}
1025.0,SPEED,24.0,NEUTRAL,OK,near_reference,"{reference_kmh=24.0265780730899, age_s=0.0}"
1025.0,POWER,160,NEUTRAL,OK,power_present,{age_s=0.0}
1025.0,HR,130,NEUTRAL,OK,hr_present,{age_s=0.0}
1025.0,CADENCE,65,GREEN,OK,preferred_low_cadence_band,{age_s=0.0}
1025.0,GRADE,0,NEUTRAL,OK,flat_deadband,"{grade_raw=0.0, grade_display=0.0}"
1025.0,GEAR,WAIT,GRAY,NO_DATA,missing_gear,{}
1026.0,SPEED,24.0,NEUTRAL,OK,near_reference,"{reference_kmh=24.026548672566573, age_s=0.0}"
1026.0,POWER,160,NEUTRAL,OK,power_present,{age_s=0.0}
1026.0,HR,130,NEUTRAL,OK,hr_present,{age_s=0.0}
1026.0,CADENCE,65,GREEN,OK,preferred_low_cadence_band,{age_s=0.0}
1026.0,GRADE,0,NEUTRAL,OK,flat_deadband,"{grade_raw=0.0, grade_display=0.0}"
1026.0,GEAR,WAIT,GRAY,NO_DATA,missing_gear,{}
1027.0,SPEED,24.0,NEUTRAL,OK,near_reference,"{reference_kmh=24.026519337016776, age_s=0.0}"
1027.0,POWER,160,NEUTRAL,OK,power_present,{age_s=0.0}
1027.0,HR,130,NEUTRAL,OK,hr_present,{age_s=0.0}
1027.0,CADENCE,65,GREEN,OK,preferred_low_cadence_band,{age_s=0.0}
1027.0,GRADE,0,NEUTRAL,OK,flat_deadband,"{grade_raw=0.0, grade_display=0.0}"
1027.0,GEAR,WAIT,GRAY,NO_DATA,missing_gear,{}
1028.0,SPEED,24.0,NEUTRAL,OK,near_reference,"{reference_kmh=24.02649006622537, age_s=0.0}"
1028.0,POWER,160,NEUTRAL,OK,power_present,{age_s=0.0}
1028.0,HR,130,NEUTRAL,OK,hr_present,{age_s=0.0}
1028.0,CADENCE,65,GREEN,OK,preferred_low_cadence_band,{age_s=0.0}
1028.0,GRADE,0,NEUTRAL,OK,flat_deadband,"{grade_raw=0.0, grade_display=0.0}"
1028.0,GEAR,WAIT,GRAY,NO_DATA,missing_gear,{}
1029.0,SPEED,24.0,NEUTRAL,OK,near_reference,"{reference_kmh=24.02646085997815, age_s=0.0}"
1029.0,POWER,160,NEUTRAL,OK,power_present,{age_s=0.0}
1029.0,HR,130,NEUTRAL,OK,hr_present,{age_s=0.0}
1029.0,CADENCE,65,GREEN,OK,preferred_low_cadence_band,{age_s=0.0}
1029.0,GRADE,0,NEUTRAL,OK,flat_deadband,"{grade_raw=0.0, grade_display=0.0}"
1029.0,GEAR,WAIT,GRAY,NO_DATA,missing_gear,{}
1030.0,SPEED,24.0,NEUTRAL,OK,near_reference,"{reference_kmh=24.02643171806188, age_s=0.0}"
1030.0,POWER,160,NEUTRAL,OK,power_present,{age_s=0.0}
1030.0,HR,130,NEUTRAL,OK,hr_present,{age_s=0.0}
1030.0,CADENCE,65,GREEN,OK,preferred_low_cadence_band,{age_s=0.0}
1030.0,GRADE,0,NEUTRAL,OK,flat_deadband,"{grade_raw=0.0, grade_display=0.0}"
1030.0,GEAR,WAIT,GRAY,NO_DATA,missing_gear,{}
1031.0,SPEED,24.0,NEUTRAL,OK,near_reference,"{reference_kmh=24.026402640264234, age_s=0.0}"
1031.0,POWER,160,NEUTRAL,OK,power_present,{age_s=0.0}
1031.0,HR,130,NEUTRAL,OK,hr_present,{age_s=0.0}
1031.0,CADENCE,65,GREEN,OK,preferred_low_cadence_band,{age_s=0.0}
1031.0,GRADE,0,NEUTRAL,OK,flat_deadband,"{grade_raw=0.0, grade_display=0.0}"
1031.0,GEAR,WAIT,GRAY,NO_DATA,missing_gear,{}
1032.0,SPEED,24.0,NEUTRAL,OK,near_reference,"{reference_kmh=24.026373626373836, age_s=0.0}"
1032.0,POWER,160,NEUTRAL,OK,power_present,{age_s=0.0}
1032.0,HR,130,NEUTRAL,OK,hr_present,{age_s=0.0}
1032.0,CADENCE,65,GREEN,OK,preferred_low_cadence_band,{age_s=0.0}
1032.0,GRADE,0,NEUTRAL,OK,flat_deadband,"{grade_raw=0.0, grade_display=0.0}"
1032.0,GEAR,WAIT,GRAY,NO_DATA,missing_gear,{}
1033.0,SPEED,24.0,NEUTRAL,OK,near_reference,"{reference_kmh=24.02634467618023, age_s=0.0}"
1033.0,POWER,160,NEUTRAL,OK,power_present,{age_s=0.0}
1033.0,HR,130,NEUTRAL,OK,hr_present,{age_s=0.0}
1033.0,CADENCE,65,GREEN,OK,preferred_low_cadence_band,{age_s=0.0}
1033.0,GRADE,0,NEUTRAL,OK,flat_deadband,"{grade_raw=0.0, grade_display=0.0}"
1033.0,GEAR,WAIT,GRAY,NO_DATA,missing_gear,{}
1034.0,SPEED,24.0,NEUTRAL,OK,near_reference,"{reference_kmh=24.02631578947389, age_s=0.0}"
1034.0,POWER,160,NEUTRAL,OK,power_present,{age_s=0.0}
1034.0,HR,130,NEUTRAL,OK,hr_present,{age_s=0.0}
1034.0,CADENCE,65,GREEN,OK,preferred_low_cadence_band,{age_s=0.0}
1034.0,GRADE,0,NEUTRAL,OK,flat_deadband,"{grade_raw=0.0, grade_display=0.0}"
1034.0,GEAR,WAIT,GRAY,NO_DATA,missing_gear,{}
1035.0,SPEED,24.0,NEUTRAL,OK,near_reference,"{reference_kmh=24.026286966046214, age_s=0.0}"
1035.0,POWER,160,NEUTRAL,OK,power_present,{age_s=0.0}
1035.0,HR,130,NEUTRAL,OK,hr_present,{age_s=0.0}
1035.0,CADENCE,65,GREEN,OK,preferred_low_cadence_band,{age_s=0.0}
1035.0,GRADE,0,NEUTRAL,OK,flat_deadband,"{grade_raw=0.0, grade_display=0.0}"
1035.0,GEAR,WAIT,GRAY,NO_DATA,missing_gear,{}
1036.0,SPEED,24.0,NEUTRAL,OK,near_reference,"{reference_kmh=24.02625820568949, age_s=0.0}"
1036.0,POWER,160,NEUTRAL,OK,power_present,{age_s=0.0}
1036.0,HR,130,NEUTRAL,OK,hr_present,{age_s=0.0}
1036.0,CADENCE,65,GREEN,OK,preferred_low_cadence_band,{age_s=0.0}
1036.0,GRADE,0,NEUTRAL,OK,flat_deadband,"{grade_raw=0.0, grade_display=0.0}"
1036.0,GEAR,WAIT,GRAY,NO_DATA,missing_gear,{}
1037.0,SPEED,24.0,NEUTRAL,OK,near_reference,"{reference_kmh=24.026229508196934, age_s=0.0}"
1037.0,POWER,160,NEUTRAL,OK,power_present,{age_s=0.0}
1037.0,HR,130,NEUTRAL,OK,hr_present,{age_s=0.0}
1037.0,CADENCE,65,GREEN,OK,preferred_low_cadence_band,{age_s=0.0}
1037.0,GRADE,0,NEUTRAL,OK,flat_deadband,"{grade_raw=0.0, grade_display=0.0}"
1037.0,GEAR,WAIT,GRAY,NO_DATA,missing_gear,{}
1038.0,SPEED,24.0,NEUTRAL,OK,near_reference,"{reference_kmh=24.02620087336266, age_s=0.0}"
1038.0,POWER,160,NEUTRAL,OK,power_present,{age_s=0.0}
1038.0,HR,130,NEUTRAL,OK,hr_present,{age_s=0.0}
1038.0,CADENCE,65,GREEN,OK,preferred_low_cadence_band,{age_s=0.0}
1038.0,GRADE,0,NEUTRAL,OK,flat_deadband,"{grade_raw=0.0, grade_display=0.0}"
1038.0,GEAR,WAIT,GRAY,NO_DATA,missing_gear,{}
1039.0,SPEED,24.0,NEUTRAL,OK,near_reference,"{reference_kmh=24.026172300981674, age_s=0.0}"
1039.0,POWER,160,NEUTRAL,OK,power_present,{age_s=0.0}
1039.0,HR,130,NEUTRAL,OK,hr_present,{age_s=0.0}
1039.0,CADENCE,65,GREEN,OK,preferred_low_cadence_band,{age_s=0.0}
1039.0,GRADE,0,NEUTRAL,OK,flat_deadband,"{grade_raw=0.0, grade_display=0.0}"
1039.0,GEAR,WAIT,GRAY,NO_DATA,missing_gear,{}
1040.0,SPEED,24.0,NEUTRAL,OK,near_reference,"{reference_kmh=24.026143790849886, age_s=0.0}"
1040.0,POWER,160,NEUTRAL,OK,power_present,{age_s=0.0}
1040.0,HR,130,NEUTRAL,OK,hr_present,{age_s=0.0}
1040.0,CADENCE,65,GREEN,OK,preferred_low_cadence_band,{age_s=0.0}
1040.0,GRADE,0,NEUTRAL,OK,flat_deadband,"{grade_raw=0.0, grade_display=0.0}"
1040.0,GEAR,WAIT,GRAY,NO_DATA,missing_gear,{}
1041.0,SPEED,24.0,NEUTRAL,OK,near_reference,"{reference_kmh=24.026115342764093, age_s=0.0}"
1041.0,POWER,160,NEUTRAL,OK,power_present,{age_s=0.0}
1041.0,HR,130,NEUTRAL,OK,hr_present,{age_s=0.0}
1041.0,CADENCE,65,GREEN,OK,preferred_low_cadence_band,{age_s=0.0}
1041.0,GRADE,0,NEUTRAL,OK,flat_deadband,"{grade_raw=0.0, grade_display=0.0}"
1041.0,GEAR,WAIT,GRAY,NO_DATA,missing_gear,{}
1042.0,SPEED,24.0,NEUTRAL,OK,near_reference,"{reference_kmh=24.026086956521958, age_s=0.0}"
1042.0,POWER,160,NEUTRAL,OK,power_present,{age_s=0.0}
1042.0,HR,130,NEUTRAL,OK,hr_present,{age_s=0.0}
1042.0,CADENCE,65,GREEN,OK,preferred_low_cadence_band,{age_s=0.0}
1042.0,GRADE,0,NEUTRAL,OK,flat_deadband,"{grade_raw=0.0, grade_display=0.0}"
1042.0,GEAR,WAIT,GRAY,NO_DATA,missing_gear,{}
1043.0,SPEED,24.0,NEUTRAL,OK,near_reference,"{reference_kmh=24.02605863192204, age_s=0.0}"
1043.0,POWER,160,NEUTRAL,OK,power_present,{age_s=0.0}
1043.0,HR,130,NEUTRAL,OK,hr_present,{age_s=0.0}
1043.0,CADENCE,65,GREEN,OK,preferred_low_cadence_band,{age_s=0.0}
1043.0,GRADE,0,NEUTRAL,OK,flat_deadband,"{grade_raw=0.0, grade_display=0.0}"
1043.0,GEAR,WAIT,GRAY,NO_DATA,missing_gear,{}
1044.0,SPEED,24.0,NEUTRAL,OK,near_reference,"{reference_kmh=24.026030368763774, age_s=0.0}"
1044.0,POWER,160,NEUTRAL,OK,power_present,{age_s=0.0}
1044.0,HR,130,NEUTRAL,OK,hr_present,{age_s=0.0}
1044.0,CADENCE,65,GREEN,OK,preferred_low_cadence_band,{age_s=0.0}
1044.0,GRADE,0,NEUTRAL,OK,flat_deadband,"{grade_raw=0.0, grade_display=0.0}"
1044.0,GEAR,WAIT,GRAY,NO_DATA,missing_gear,{}
1045.0,SPEED,24.0,NEUTRAL,OK,near_reference,"{reference_kmh=24.026002166847455, age_s=0.0}"
1045.0,POWER,160,NEUTRAL,OK,power_present,{age_s=0.0}
1045.0,HR,130,NEUTRAL,OK,hr_present,{age_s=0.0}
1045.0,CADENCE,65,GREEN,OK,preferred_low_cadence_band,{age_s=0.0}
1045.0,GRADE,0,NEUTRAL,OK,flat_deadband,"{grade_raw=0.0, grade_display=0.0}"
1045.0,GEAR,WAIT,GRAY,NO_DATA,missing_gear,{}
1046.0,SPEED,24.0,NEUTRAL,OK,near_reference,"{reference_kmh=24.025974025974246, age_s=0.0}"
1046.0,POWER,160,NEUTRAL,OK,power_present,{age_s=0.0}
1046.0,HR,130,NEUTRAL,OK,hr_present,{age_s=0.0}
1046.0,CADENCE,65,GREEN,OK,preferred_low_cadence_band,{age_s=0.0}
1046.0,GRADE,0,NEUTRAL,OK,flat_deadband,"{grade_raw=0.0, grade_display=0.0}"
1046.0,GEAR,WAIT,GRAY,NO_DATA,missing_gear,{}
1047.0,SPEED,24.0,NEUTRAL,OK,near_reference,"{reference_kmh=24.02594594594617, age_s=0.0}"
1047.0,POWER,160,NEUTRAL,OK,power_present,{age_s=0.0}
1047.0,HR,130,NEUTRAL,OK,hr_present,{age_s=0.0}
1047.0,CADENCE,65,GREEN,OK,preferred_low_cadence_band,{age_s=0.0}
1047.0,GRADE,0,NEUTRAL,OK,flat_deadband,"{grade_raw=0.0, grade_display=0.0}"
1047.0,GEAR,WAIT,GRAY,NO_DATA,missing_gear,{}
1048.0,SPEED,24.0,NEUTRAL,OK,near_reference,"{reference_kmh=24.025917926566095, age_s=0.0}"
1048.0,POWER,160,NEUTRAL,OK,power_present,{age_s=0.0}
1048.0,HR,130,NEUTRAL,OK,hr_present,{age_s=0.0}
1048.0,CADENCE,65,GREEN,OK,preferred_low_cadence_band,{age_s=0.0}
1048.0,GRADE,0,NEUTRAL,OK,flat_deadband,"{grade_raw=0.0, grade_display=0.0}"
1048.0,GEAR,WAIT,GRAY,NO_DATA,missing_gear,{}
1049.0,SPEED,24.0,NEUTRAL,OK,near_reference,"{reference_kmh=24.025889967637763, age_s=0.0}"
1049.0,POWER,160,NEUTRAL,OK,power_present,{age_s=0.0}
1049.0,HR,130,NEUTRAL,OK,hr_present,{age_s=0.0}
1049.0,CADENCE,65,GREEN,OK,preferred_low_cadence_band,{age_s=0.0}
1049.0,GRADE,0,NEUTRAL,OK,flat_deadband,"{grade_raw=0.0, grade_display=0.0}"
1049.0,GEAR,WAIT,GRAY,NO_DATA,missing_gear,{}
1050.0,SPEED,24.0,NEUTRAL,OK,near_reference,"{reference_kmh=24.025862068965743, age_s=0.0}"
1050.0,POWER,160,NEUTRAL,OK,power_present,{age_s=0.0}
1050.0,HR,130,NEUTRAL,OK,hr_present,{age_s=0.0}
1050.0,CADENCE,65,GREEN,OK,preferred_low_cadence_band,{age_s=0.0}
1050.0,GRADE,0,NEUTRAL,OK,flat_deadband,"{grade_raw=0.0, grade_display=0.0}"
1050.0,GEAR,WAIT,GRAY,NO_DATA,missing_gear,{}
1051.0,SPEED,24.0,NEUTRAL,OK,near_reference,"{reference_kmh=24.025834230355446, age_s=0.0}"
1051.0,POWER,160,NEUTRAL,OK,power_present,{age_s=0.0}
1051.0,HR,130,NEUTRAL,OK,hr_present,{age_s=0.0}
1051.0,CADENCE,65,GREEN,OK,preferred_low_cadence_band,{age_s=0.0}
1051.0,GRADE,0,NEUTRAL,OK,flat_deadband,"{grade_raw=0.0, grade_display=0.0}"
1051.0,GEAR,WAIT,GRAY,NO_DATA,missing_gear,{}
1052.0,SPEED,24.0,NEUTRAL,OK,near_reference,"{reference_kmh=24.02580645161313, age_s=0.0}"
1052.0,POWER,160,NEUTRAL,OK,power_present,{age_s=0.0}
1052.0,HR,130,NEUTRAL,OK,hr_present,{age_s=0.0}
1052.0,CADENCE,65,GREEN,OK,preferred_low_cadence_band,{age_s=0.0}
1052.0,GRADE,0,NEUTRAL,OK,flat_deadband,"{grade_raw=0.0, grade_display=0.0}"
1052.0,GEAR,WAIT,GRAY,NO_DATA,missing_gear,{}
1053.0,SPEED,24.0,NEUTRAL,OK,near_reference,"{reference_kmh=24.025778732545877, age_s=0.0}"
1053.0,POWER,160,NEUTRAL,OK,power_present,{age_s=0.0}
1053.0,HR,130,NEUTRAL,OK,hr_present,{age_s=0.0}
1053.0,CADENCE,65,GREEN,OK,preferred_low_cadence_band,{age_s=0.0}
1053.0,GRADE,0,NEUTRAL,OK,flat_deadband,"{grade_raw=0.0, grade_display=0.0}"
1053.0,GEAR,WAIT,GRAY,NO_DATA,missing_gear,{}
1054.0,SPEED,24.0,NEUTRAL,OK,near_reference,"{reference_kmh=24.0257510729616, age_s=0.0}"
1054.0,POWER,160,NEUTRAL,OK,power_present,{age_s=0.0}
1054.0,HR,130,NEUTRAL,OK,hr_present,{age_s=0.0}
1054.0,CADENCE,65,GREEN,OK,preferred_low_cadence_band,{age_s=0.0}
1054.0,GRADE,0,NEUTRAL,OK,flat_deadband,"{grade_raw=0.0, grade_display=0.0}"
1054.0,GEAR,WAIT,GRAY,NO_DATA,missing_gear,{}
1055.0,SPEED,24.0,NEUTRAL,OK,near_reference,"{reference_kmh=24.02572347266904, age_s=0.0}"
1055.0,POWER,160,NEUTRAL,OK,power_present,{age_s=0.0}
1055.0,HR,130,NEUTRAL,OK,hr_present,{age_s=0.0}
1055.0,CADENCE,65,GREEN,OK,preferred_low_cadence_band,{age_s=0.0}
1055.0,GRADE,0,NEUTRAL,OK,flat_deadband,"{grade_raw=0.0, grade_display=0.0}"
1055.0,GEAR,WAIT,GRAY,NO_DATA,missing_gear,{}
1056.0,SPEED,24.0,NEUTRAL,OK,near_reference,"{reference_kmh=24.02569593147775, age_s=0.0}"
1056.0,POWER,160,NEUTRAL,OK,power_present,{age_s=0.0}
1056.0,HR,130,NEUTRAL,OK,hr_present,{age_s=0.0}
1056.0,CADENCE,65,GREEN,OK,preferred_low_cadence_band,{age_s=0.0}
1056.0,GRADE,0,NEUTRAL,OK,flat_deadband,"{grade_raw=0.0, grade_display=0.0}"
1056.0,GEAR,WAIT,GRAY,NO_DATA,missing_gear,{}
1057.0,SPEED,24.0,NEUTRAL,OK,near_reference,"{reference_kmh=24.02566844919809, age_s=0.0}"
1057.0,POWER,160,NEUTRAL,OK,power_present,{age_s=0.0}
1057.0,HR,130,NEUTRAL,OK,hr_present,{age_s=0.0}
1057.0,CADENCE,65,GREEN,OK,preferred_low_cadence_band,{age_s=0.0}
1057.0,GRADE,0,NEUTRAL,OK,flat_deadband,"{grade_raw=0.0, grade_display=0.0}"
1057.0,GEAR,WAIT,GRAY,NO_DATA,missing_gear,{}
1058.0,SPEED,24.0,NEUTRAL,OK,near_reference,"{reference_kmh=24.02564102564126, age_s=0.0}"
1058.0,POWER,160,NEUTRAL,OK,power_present,{age_s=0.0}
1058.0,HR,130,NEUTRAL,OK,hr_present,{age_s=0.0}
1058.0,CADENCE,65,GREEN,OK,preferred_low_cadence_band,{age_s=0.0}
1058.0,GRADE,0,NEUTRAL,OK,flat_deadband,"{grade_raw=0.0, grade_display=0.0}"
1058.0,GEAR,WAIT,GRAY,NO_DATA,missing_gear,{}
1059.0,SPEED,24.0,NEUTRAL,OK,near_reference,"{reference_kmh=24.025613660619232, age_s=0.0}"
1059.0,POWER,160,NEUTRAL,OK,power_present,{age_s=0.0}
1059.0,HR,130,NEUTRAL,OK,hr_present,{age_s=0.0}
1059.0,CADENCE,65,GREEN,OK,preferred_low_cadence_band,{age_s=0.0}
1059.0,GRADE,0,NEUTRAL,OK,flat_deadband,"{grade_raw=0.0, grade_display=0.0}"
1059.0,GEAR,WAIT,GRAY,NO_DATA,missing_gear,{}
1060.0,SPEED,24.0,NEUTRAL,OK,near_reference,"{reference_kmh=24.0255863539448, age_s=0.0}"
1060.0,POWER,160,NEUTRAL,OK,power_present,{age_s=0.0}
1060.0,HR,130,NEUTRAL,OK,hr_present,{age_s=0.0}
1060.0,CADENCE,65,GREEN,OK,preferred_low_cadence_band,{age_s=0.0}
1060.0,GRADE,0,NEUTRAL,OK,flat_deadband,"{grade_raw=0.0, grade_display=0.0}"
1060.0,GEAR,WAIT,GRAY,NO_DATA,missing_gear,{}
1061.0,SPEED,24.0,NEUTRAL,OK,near_reference,"{reference_kmh=24.025559105431547, age_s=0.0}"
1061.0,POWER,160,NEUTRAL,OK,power_present,{age_s=0.0}
1061.0,HR,130,NEUTRAL,OK,hr_present,{age_s=0.0}
1061.0,CADENCE,65,GREEN,OK,preferred_low_cadence_band,{age_s=0.0}
1061.0,GRADE,0,NEUTRAL,OK,flat_deadband,"{grade_raw=0.0, grade_display=0.0}"
1061.0,GEAR,WAIT,GRAY,NO_DATA,missing_gear,{}
1062.0,SPEED,24.0,NEUTRAL,OK,near_reference,"{reference_kmh=24.02553191489385, age_s=0.0}"
1062.0,POWER,160,NEUTRAL,OK,power_present,{age_s=0.0}
1062.0,HR,130,NEUTRAL,OK,hr_present,{age_s=0.0}
1062.0,CADENCE,65,GREEN,OK,preferred_low_cadence_band,{age_s=0.0}
1062.0,GRADE,0,NEUTRAL,OK,flat_deadband,"{grade_raw=0.0, grade_display=0.0}"
1062.0,GEAR,WAIT,GRAY,NO_DATA,missing_gear,{}
1063.0,SPEED,24.0,NEUTRAL,OK,near_reference,"{reference_kmh=24.02550478214689, age_s=0.0}"
1063.0,POWER,160,NEUTRAL,OK,power_present,{age_s=0.0}
1063.0,HR,130,NEUTRAL,OK,hr_present,{age_s=0.0}
1063.0,CADENCE,65,GREEN,OK,preferred_low_cadence_band,{age_s=0.0}
1063.0,GRADE,0,NEUTRAL,OK,flat_deadband,"{grade_raw=0.0, grade_display=0.0}"
1063.0,GEAR,WAIT,GRAY,NO_DATA,missing_gear,{}
1064.0,SPEED,24.0,NEUTRAL,OK,near_reference,"{reference_kmh=24.02547770700661, age_s=0.0}"
1064.0,POWER,160,NEUTRAL,OK,power_present,{age_s=0.0}
1064.0,HR,130,NEUTRAL,OK,hr_present,{age_s=0.0}
1064.0,CADENCE,65,GREEN,OK,preferred_low_cadence_band,{age_s=0.0}
1064.0,GRADE,0,NEUTRAL,OK,flat_deadband,"{grade_raw=0.0, grade_display=0.0}"
1064.0,GEAR,WAIT,GRAY,NO_DATA,missing_gear,{}
1065.0,SPEED,24.0,NEUTRAL,OK,near_reference,"{reference_kmh=24.025450689289745, age_s=0.0}"
1065.0,POWER,160,NEUTRAL,OK,power_present,{age_s=0.0}
1065.0,HR,130,NEUTRAL,OK,hr_present,{age_s=0.0}
1065.0,CADENCE,65,GREEN,OK,preferred_low_cadence_band,{age_s=0.0}
1065.0,GRADE,0,NEUTRAL,OK,flat_deadband,"{grade_raw=0.0, grade_display=0.0}"
1065.0,GEAR,WAIT,GRAY,NO_DATA,missing_gear,{}
1066.0,SPEED,24.0,NEUTRAL,OK,near_reference,"{reference_kmh=24.0254237288138, age_s=0.0}"
1066.0,POWER,160,NEUTRAL,OK,power_present,{age_s=0.0}
1066.0,HR,130,NEUTRAL,OK,hr_present,{age_s=0.0}
1066.0,CADENCE,65,GREEN,OK,preferred_low_cadence_band,{age_s=0.0}
1066.0,GRADE,0,NEUTRAL,OK,flat_deadband,"{grade_raw=0.0, grade_display=0.0}"
1066.0,GEAR,WAIT,GRAY,NO_DATA,missing_gear,{}
1067.0,SPEED,24.0,NEUTRAL,OK,near_reference,"{reference_kmh=24.025396825397063, age_s=0.0}"
1067.0,POWER,160,NEUTRAL,OK,power_present,{age_s=0.0}
1067.0,HR,130,NEUTRAL,OK,hr_present,{age_s=0.0}
1067.0,CADENCE,65,GREEN,OK,preferred_low_cadence_band,{age_s=0.0}
1067.0,GRADE,0,NEUTRAL,OK,flat_deadband,"{grade_raw=0.0, grade_display=0.0}"
1067.0,GEAR,WAIT,GRAY,NO_DATA,missing_gear,{}
1068.0,SPEED,24.0,NEUTRAL,OK,near_reference,"{reference_kmh=24.025369978858592, age_s=0.0}"
1068.0,POWER,160,NEUTRAL,OK,power_present,{age_s=0.0}
1068.0,HR,130,NEUTRAL,OK,hr_present,{age_s=0.0}
1068.0,CADENCE,65,GREEN,OK,preferred_low_cadence_band,{age_s=0.0}
1068.0,GRADE,0,NEUTRAL,OK,flat_deadband,"{grade_raw=0.0, grade_display=0.0}"
1068.0,GEAR,WAIT,GRAY,NO_DATA,missing_gear,{}
1069.0,SPEED,24.0,NEUTRAL,OK,near_reference,"{reference_kmh=24.025343189018194, age_s=0.0}"
1069.0,POWER,160,NEUTRAL,OK,power_present,{age_s=0.0}
1069.0,HR,130,NEUTRAL,OK,hr_present,{age_s=0.0}
1069.0,CADENCE,65,GREEN,OK,preferred_low_cadence_band,{age_s=0.0}
1069.0,GRADE,0,NEUTRAL,OK,flat_deadband,"{grade_raw=0.0, grade_display=0.0}"
1069.0,GEAR,WAIT,GRAY,NO_DATA,missing_gear,{}
1070.0,SPEED,24.0,NEUTRAL,OK,near_reference,"{reference_kmh=24.025316455696448, age_s=0.0}"
1070.0,POWER,160,NEUTRAL,OK,power_present,{age_s=0.0}
1070.0,HR,130,NEUTRAL,OK,hr_present,{age_s=0.0}
1070.0,CADENCE,65,GREEN,OK,preferred_low_cadence_band,{age_s=0.0}
1070.0,GRADE,0,NEUTRAL,OK,flat_deadband,"{grade_raw=0.0, grade_display=0.0}"
1070.0,GEAR,WAIT,GRAY,NO_DATA,missing_gear,{}
1071.0,SPEED,24.0,NEUTRAL,OK,near_reference,"{reference_kmh=24.02528977871468, age_s=0.0}"
1071.0,POWER,160,NEUTRAL,OK,power_present,{age_s=0.0}
1071.0,HR,130,NEUTRAL,OK,hr_present,{age_s=0.0}
1071.0,CADENCE,65,GREEN,OK,preferred_low_cadence_band,{age_s=0.0}
1071.0,GRADE,0,NEUTRAL,OK,flat_deadband,"{grade_raw=0.0, grade_display=0.0}"
1071.0,GEAR,WAIT,GRAY,NO_DATA,missing_gear,{}
1072.0,SPEED,24.0,NEUTRAL,OK,near_reference,"{reference_kmh=24.025263157894983, age_s=0.0}"
1072.0,POWER,160,NEUTRAL,OK,power_present,{age_s=0.0}
1072.0,HR,130,NEUTRAL,OK,hr_present,{age_s=0.0}
1072.0,CADENCE,65,GREEN,OK,preferred_low_cadence_band,{age_s=0.0}
1072.0,GRADE,0,NEUTRAL,OK,flat_deadband,"{grade_raw=0.0, grade_display=0.0}"
1072.0,GEAR,WAIT,GRAY,NO_DATA,missing_gear,{}
1073.0,SPEED,24.0,NEUTRAL,OK,near_reference,"{reference_kmh=24.025236593060182, age_s=0.0}"
1073.0,POWER,160,NEUTRAL,OK,power_present,{age_s=0.0}
1073.0,HR,130,NEUTRAL,OK,hr_present,{age_s=0.0}
1073.0,CADENCE,65,GREEN,OK,preferred_low_cadence_band,{age_s=0.0}
1073.0,GRADE,0,NEUTRAL,OK,flat_deadband,"{grade_raw=0.0, grade_display=0.0}"
1073.0,GEAR,WAIT,GRAY,NO_DATA,missing_gear,{}
1074.0,SPEED,24.0,NEUTRAL,OK,near_reference,"{reference_kmh=24.025210084033862, age_s=0.0}"
1074.0,POWER,160,NEUTRAL,OK,power_present,{age_s=0.0}
1074.0,HR,130,NEUTRAL,OK,hr_present,{age_s=0.0}
1074.0,CADENCE,65,GREEN,OK,preferred_low_cadence_band,{age_s=0.0}
1074.0,GRADE,0,NEUTRAL,OK,flat_deadband,"{grade_raw=0.0, grade_display=0.0}"
1074.0,GEAR,WAIT,GRAY,NO_DATA,missing_gear,{}
1075.0,SPEED,24.0,NEUTRAL,OK,near_reference,"{reference_kmh=24.025183630640328, age_s=0.0}"
1075.0,POWER,160,NEUTRAL,OK,power_present,{age_s=0.0}
1075.0,HR,130,NEUTRAL,OK,hr_present,{age_s=0.0}
1075.0,CADENCE,65,GREEN,OK,preferred_low_cadence_band,{age_s=0.0}
1075.0,GRADE,0,NEUTRAL,OK,flat_deadband,"{grade_raw=0.0, grade_display=0.0}"
1075.0,GEAR,WAIT,GRAY,NO_DATA,missing_gear,{}
1076.0,SPEED,24.0,NEUTRAL,OK,near_reference,"{reference_kmh=24.02515723270465, age_s=0.0}"
1076.0,POWER,160,NEUTRAL,OK,power_present,{age_s=0.0}
1076.0,HR,130,NEUTRAL,OK,hr_present,{age_s=0.0}
1076.0,CADENCE,65,GREEN,OK,preferred_low_cadence_band,{age_s=0.0}
1076.0,GRADE,0,NEUTRAL,OK,flat_deadband,"{grade_raw=0.0, grade_display=0.0}"
1076.0,GEAR,WAIT,GRAY,NO_DATA,missing_gear,{}
1077.0,SPEED,24.0,NEUTRAL,OK,near_reference,"{reference_kmh=24.025130890052605, age_s=0.0}"
1077.0,POWER,160,NEUTRAL,OK,power_present,{age_s=0.0}
1077.0,HR,130,NEUTRAL,OK,hr_present,{age_s=0.0}
1077.0,CADENCE,65,GREEN,OK,preferred_low_cadence_band,{age_s=0.0}
1077.0,GRADE,0,NEUTRAL,OK,flat_deadband,"{grade_raw=0.0, grade_display=0.0}"
1077.0,GEAR,WAIT,GRAY,NO_DATA,missing_gear,{}
1078.0,SPEED,24.0,NEUTRAL,OK,near_reference,"{reference_kmh=24.025104602510712, age_s=0.0}"
1078.0,POWER,160,NEUTRAL,OK,power_present,{age_s=0.0}
1078.0,HR,130,NEUTRAL,OK,hr_present,{age_s=0.0}
1078.0,CADENCE,65,GREEN,OK,preferred_low_cadence_band,{age_s=0.0}
1078.0,GRADE,0,NEUTRAL,OK,flat_deadband,"{grade_raw=0.0, grade_display=0.0}"
1078.0,GEAR,WAIT,GRAY,NO_DATA,missing_gear,{}
1079.0,SPEED,24.0,NEUTRAL,OK,near_reference,"{reference_kmh=24.025078369906208, age_s=0.0}"
1079.0,POWER,160,NEUTRAL,OK,power_present,{age_s=0.0}
1079.0,HR,130,NEUTRAL,OK,hr_present,{age_s=0.0}
1079.0,CADENCE,65,GREEN,OK,preferred_low_cadence_band,{age_s=0.0}
1079.0,GRADE,0,NEUTRAL,OK,flat_deadband,"{grade_raw=0.0, grade_display=0.0}"
1079.0,GEAR,WAIT,GRAY,NO_DATA,missing_gear,{}
1080.0,SPEED,24.0,NEUTRAL,OK,near_reference,"{reference_kmh=24.025052192067054, age_s=0.0}"
1080.0,POWER,160,NEUTRAL,OK,power_present,{age_s=0.0}
1080.0,HR,130,NEUTRAL,OK,hr_present,{age_s=0.0}
1080.0,CADENCE,65,GREEN,OK,preferred_low_cadence_band,{age_s=0.0}
1080.0,GRADE,0,NEUTRAL,OK,flat_deadband,"{grade_raw=0.0, grade_display=0.0}"
1080.0,GEAR,WAIT,GRAY,NO_DATA,missing_gear,{}
1081.0,SPEED,24.0,NEUTRAL,OK,near_reference,"{reference_kmh=24.02502606882194, age_s=0.0}"
1081.0,POWER,160,NEUTRAL,OK,power_present,{age_s=0.0}
1081.0,HR,130,NEUTRAL,OK,hr_present,{age_s=0.0}
1081.0,CADENCE,65,GREEN,OK,preferred_low_cadence_band,{age_s=0.0}
1081.0,GRADE,0,NEUTRAL,OK,flat_deadband,"{grade_raw=0.0, grade_display=0.0}"
1081.0,GEAR,WAIT,GRAY,NO_DATA,missing_gear,{}
1082.0,SPEED,24.0,NEUTRAL,OK,near_reference,"{reference_kmh=24.025000000000254, age_s=0.0}"
1082.0,POWER,160,NEUTRAL,OK,power_present,{age_s=0.0}
1082.0,HR,130,NEUTRAL,OK,hr_present,{age_s=0.0}
1082.0,CADENCE,65,GREEN,OK,preferred_low_cadence_band,{age_s=0.0}
1082.0,GRADE,0,NEUTRAL,OK,flat_deadband,"{grade_raw=0.0, grade_display=0.0}"
1082.0,GEAR,WAIT,GRAY,NO_DATA,missing_gear,{}
1083.0,SPEED,24.0,NEUTRAL,OK,near_reference,"{reference_kmh=24.024973985432098, age_s=0.0}"
1083.0,POWER,160,NEUTRAL,OK,power_present,{age_s=0.0}
1083.0,HR,130,NEUTRAL,OK,hr_present,{age_s=0.0}
1083.0,CADENCE,65,GREEN,OK,preferred_low_cadence_band,{age_s=0.0}
1083.0,GRADE,0,NEUTRAL,OK,flat_deadband,"{grade_raw=0.0, grade_display=0.0}"
1083.0,GEAR,WAIT,GRAY,NO_DATA,missing_gear,{}
1084.0,SPEED,24.0,NEUTRAL,OK,near_reference,"{reference_kmh=24.024948024948277, age_s=0.0}"
1084.0,POWER,160,NEUTRAL,OK,power_present,{age_s=0.0}
1084.0,HR,130,NEUTRAL,OK,hr_present,{age_s=0.0}
1084.0,CADENCE,65,GREEN,OK,preferred_low_cadence_band,{age_s=0.0}
1084.0,GRADE,0,NEUTRAL,OK,flat_deadband,"{grade_raw=0.0, grade_display=0.0}"
1084.0,GEAR,WAIT,GRAY,NO_DATA,missing_gear,{}
1085.0,SPEED,24.0,NEUTRAL,OK,near_reference,"{reference_kmh=24.024922118380317, age_s=0.0}"
1085.0,POWER,160,NEUTRAL,OK,power_present,{age_s=0.0}
1085.0,HR,130,NEUTRAL,OK,hr_present,{age_s=0.0}
1085.0,CADENCE,65,GREEN,OK,preferred_low_cadence_band,{age_s=0.0}
1085.0,GRADE,0,NEUTRAL,OK,flat_deadband,"{grade_raw=0.0, grade_display=0.0}"
1085.0,GEAR,WAIT,GRAY,NO_DATA,missing_gear,{}
1086.0,SPEED,24.0,NEUTRAL,OK,near_reference,"{reference_kmh=24.02489626556042, age_s=0.0}"
1086.0,POWER,160,NEUTRAL,OK,power_present,{age_s=0.0}
1086.0,HR,130,NEUTRAL,OK,hr_present,{age_s=0.0}
1086.0,CADENCE,65,GREEN,OK,preferred_low_cadence_band,{age_s=0.0}
1086.0,GRADE,0,NEUTRAL,OK,flat_deadband,"{grade_raw=0.0, grade_display=0.0}"
1086.0,GEAR,WAIT,GRAY,NO_DATA,missing_gear,{}
1087.0,SPEED,24.0,NEUTRAL,OK,near_reference,"{reference_kmh=24.024870466321502, age_s=0.0}"
1087.0,POWER,160,NEUTRAL,OK,power_present,{age_s=0.0}
1087.0,HR,130,NEUTRAL,OK,hr_present,{age_s=0.0}
1087.0,CADENCE,65,GREEN,OK,preferred_low_cadence_band,{age_s=0.0}
1087.0,GRADE,0,NEUTRAL,OK,flat_deadband,"{grade_raw=0.0, grade_display=0.0}"
1087.0,GEAR,WAIT,GRAY,NO_DATA,missing_gear,{}
1088.0,SPEED,24.0,NEUTRAL,OK,near_reference,"{reference_kmh=24.024844720497157, age_s=0.0}"
1088.0,POWER,160,NEUTRAL,OK,power_present,{age_s=0.0}
1088.0,HR,130,NEUTRAL,OK,hr_present,{age_s=0.0}
1088.0,CADENCE,65,GREEN,OK,preferred_low_cadence_band,{age_s=0.0}
1088.0,GRADE,0,NEUTRAL,OK,flat_deadband,"{grade_raw=0.0, grade_display=0.0}"
1088.0,GEAR,WAIT,GRAY,NO_DATA,missing_gear,{}
1089.0,SPEED,24.0,NEUTRAL,OK,near_reference,"{reference_kmh=24.024819027921666, age_s=0.0}"
1089.0,POWER,160,NEUTRAL,OK,power_present,{age_s=0.0}
1089.0,HR,130,NEUTRAL,OK,hr_present,{age_s=0.0}
1089.0,CADENCE,65,GREEN,OK,preferred_low_cadence_band,{age_s=0.0}
1089.0,GRADE,0,NEUTRAL,OK,flat_deadband,"{grade_raw=0.0, grade_display=0.0}"
1089.0,GEAR,WAIT,GRAY,NO_DATA,missing_gear,{}
1090.0,SPEED,24.0,NEUTRAL,OK,near_reference,"{reference_kmh=24.024793388430012, age_s=0.0}"
1090.0,POWER,160,NEUTRAL,OK,power_present,{age_s=0.0}
1090.0,HR,130,NEUTRAL,OK,hr_present,{age_s=0.0}
1090.0,CADENCE,65,GREEN,OK,preferred_low_cadence_band,{age_s=0.0}
1090.0,GRADE,0,NEUTRAL,OK,flat_deadband,"{grade_raw=0.0, grade_display=0.0}"
1090.0,GEAR,WAIT,GRAY,NO_DATA,missing_gear,{}
1091.0,SPEED,24.0,NEUTRAL,OK,near_reference,"{reference_kmh=24.024767801857845, age_s=0.0}"
1091.0,POWER,160,NEUTRAL,OK,power_present,{age_s=0.0}
1091.0,HR,130,NEUTRAL,OK,hr_present,{age_s=0.0}
1091.0,CADENCE,65,GREEN,OK,preferred_low_cadence_band,{age_s=0.0}
1091.0,GRADE,0,NEUTRAL,OK,flat_deadband,"{grade_raw=0.0, grade_display=0.0}"
1091.0,GEAR,WAIT,GRAY,NO_DATA,missing_gear,{}
1092.0,SPEED,24.0,NEUTRAL,OK,near_reference,"{reference_kmh=24.0247422680415, age_s=0.0}"
1092.0,POWER,160,NEUTRAL,OK,power_present,{age_s=0.0}
1092.0,HR,130,NEUTRAL,OK,hr_present,{age_s=0.0}
1092.0,CADENCE,65,GREEN,OK,preferred_low_cadence_band,{age_s=0.0}
1092.0,GRADE,0,NEUTRAL,OK,flat_deadband,"{grade_raw=0.0, grade_display=0.0}"
1092.0,GEAR,WAIT,GRAY,NO_DATA,missing_gear,{}
1093.0,SPEED,24.0,NEUTRAL,OK,near_reference,"{reference_kmh=24.02471678681798, age_s=0.0}"
1093.0,POWER,160,NEUTRAL,OK,power_present,{age_s=0.0}
1093.0,HR,130,NEUTRAL,OK,hr_present,{age_s=0.0}
1093.0,CADENCE,65,GREEN,OK,preferred_low_cadence_band,{age_s=0.0}
1093.0,GRADE,0,NEUTRAL,OK,flat_deadband,"{grade_raw=0.0, grade_display=0.0}"
1093.0,GEAR,WAIT,GRAY,NO_DATA,missing_gear,{}
1094.0,SPEED,24.0,NEUTRAL,OK,near_reference,"{reference_kmh=24.024691358024956, age_s=0.0}"
1094.0,POWER,160,NEUTRAL,OK,power_present,{age_s=0.0}
1094.0,HR,130,NEUTRAL,OK,hr_present,{age_s=0.0}
1094.0,CADENCE,65,GREEN,OK,preferred_low_cadence_band,{age_s=0.0}
1094.0,GRADE,0,NEUTRAL,OK,flat_deadband,"{grade_raw=0.0, grade_display=0.0}"
1094.0,GEAR,WAIT,GRAY,NO_DATA,missing_gear,{}
1095.0,SPEED,24.0,NEUTRAL,OK,near_reference,"{reference_kmh=24.024665981500778, age_s=0.0}"
1095.0,POWER,160,NEUTRAL,OK,power_present,{age_s=0.0}
1095.0,HR,130,NEUTRAL,OK,hr_present,{age_s=0.0}
1095.0,CADENCE,65,GREEN,OK,preferred_low_cadence_band,{age_s=0.0}
1095.0,GRADE,0,NEUTRAL,OK,flat_deadband,"{grade_raw=0.0, grade_display=0.0}"
1095.0,GEAR,WAIT,GRAY,NO_DATA,missing_gear,{}
1096.0,SPEED,24.0,NEUTRAL,OK,near_reference,"{reference_kmh=24.024640657084454, age_s=0.0}"
1096.0,POWER,160,NEUTRAL,OK,power_present,{age_s=0.0}
1096.0,HR,130,NEUTRAL,OK,hr_present,{age_s=0.0}
1096.0,CADENCE,65,GREEN,OK,preferred_low_cadence_band,{age_s=0.0}
1096.0,GRADE,0,NEUTRAL,OK,flat_deadband,"{grade_raw=0.0, grade_display=0.0}"
1096.0,GEAR,WAIT,GRAY,NO_DATA,missing_gear,{}
1097.0,SPEED,24.0,NEUTRAL,OK,near_reference,"{reference_kmh=24.024615384615654, age_s=0.0}"
1097.0,POWER,160,NEUTRAL,OK,power_present,{age_s=0.0}
1097.0,HR,130,NEUTRAL,OK,hr_present,{age_s=0.0}
1097.0,CADENCE,65,GREEN,OK,preferred_low_cadence_band,{age_s=0.0}
1097.0,GRADE,0,NEUTRAL,OK,flat_deadband,"{grade_raw=0.0, grade_display=0.0}"
1097.0,GEAR,WAIT,GRAY,NO_DATA,missing_gear,{}
1098.0,SPEED,24.0,NEUTRAL,OK,near_reference,"{reference_kmh=24.02459016393469, age_s=0.0}"
1098.0,POWER,160,NEUTRAL,OK,power_present,{age_s=0.0}
1098.0,HR,130,NEUTRAL,OK,hr_present,{age_s=0.0}
1098.0,CADENCE,65,GREEN,OK,preferred_low_cadence_band,{age_s=0.0}
1098.0,GRADE,0,NEUTRAL,OK,flat_deadband,"{grade_raw=0.0, grade_display=0.0}"
1098.0,GEAR,WAIT,GRAY,NO_DATA,missing_gear,{}
1099.0,SPEED,24.0,NEUTRAL,OK,near_reference,"{reference_kmh=24.02456499488256, age_s=0.0}"
1099.0,POWER,160,NEUTRAL,OK,power_present,{age_s=0.0}
1099.0,HR,130,NEUTRAL,OK,hr_present,{age_s=0.0}
1099.0,CADENCE,65,GREEN,OK,preferred_low_cadence_band,{age_s=0.0}
1099.0,GRADE,0,NEUTRAL,OK,flat_deadband,"{grade_raw=0.0, grade_display=0.0}"
1099.0,GEAR,WAIT,GRAY,NO_DATA,missing_gear,{}
1100.0,SPEED,24.0,NEUTRAL,OK,near_reference,"{reference_kmh=24.024539877300885, age_s=0.0}"
1100.0,POWER,160,NEUTRAL,OK,power_present,{age_s=0.0}
1100.0,HR,130,NEUTRAL,OK,hr_present,{age_s=0.0}
1100.0,CADENCE,65,GREEN,OK,preferred_low_cadence_band,{age_s=0.0}
1100.0,GRADE,0,NEUTRAL,OK,flat_deadband,"{grade_raw=0.0, grade_display=0.0}"
1100.0,GEAR,WAIT,GRAY,NO_DATA,missing_gear,{}
1101.0,SPEED,24.0,NEUTRAL,OK,near_reference,"{reference_kmh=24.024514811031935, age_s=0.0}"
1101.0,POWER,160,NEUTRAL,OK,power_present,{age_s=0.0}
1101.0,HR,130,NEUTRAL,OK,hr_present,{age_s=0.0}
1101.0,CADENCE,65,GREEN,OK,preferred_low_cadence_band,{age_s=0.0}
1101.0,GRADE,0,NEUTRAL,OK,flat_deadband,"{grade_raw=0.0, grade_display=0.0}"
1101.0,GEAR,WAIT,GRAY,NO_DATA,missing_gear,{}
1102.0,SPEED,24.0,NEUTRAL,OK,near_reference,"{reference_kmh=24.02448979591864, age_s=0.0}"
1102.0,POWER,160,NEUTRAL,OK,power_present,{age_s=0.0}
1102.0,HR,130,NEUTRAL,OK,hr_present,{age_s=0.0}
1102.0,CADENCE,65,GREEN,OK,preferred_low_cadence_band,{age_s=0.0}
1102.0,GRADE,0,NEUTRAL,OK,flat_deadband,"{grade_raw=0.0, grade_display=0.0}"
1102.0,GEAR,WAIT,GRAY,NO_DATA,missing_gear,{}
1103.0,SPEED,24.0,NEUTRAL,OK,near_reference,"{reference_kmh=24.02446483180455, age_s=0.0}"
1103.0,POWER,160,NEUTRAL,OK,power_present,{age_s=0.0}
1103.0,HR,130,NEUTRAL,OK,hr_present,{age_s=0.0}
1103.0,CADENCE,65,GREEN,OK,preferred_low_cadence_band,{age_s=0.0}
1103.0,GRADE,0,NEUTRAL,OK,flat_deadband,"{grade_raw=0.0, grade_display=0.0}"
1103.0,GEAR,WAIT,GRAY,NO_DATA,missing_gear,{}
1104.0,SPEED,24.0,NEUTRAL,OK,near_reference,"{reference_kmh=24.024439918533876, age_s=0.0}"
1104.0,POWER,160,NEUTRAL,OK,power_present,{age_s=0.0}
1104.0,HR,130,NEUTRAL,OK,hr_present,{age_s=0.0}
1104.0,CADENCE,65,GREEN,OK,preferred_low_cadence_band,{age_s=0.0}
1104.0,GRADE,0,NEUTRAL,OK,flat_deadband,"{grade_raw=0.0, grade_display=0.0}"
1104.0,GEAR,WAIT,GRAY,NO_DATA,missing_gear,{}
1105.0,SPEED,24.0,NEUTRAL,OK,near_reference,"{reference_kmh=24.024415055951444, age_s=0.0}"
1105.0,POWER,160,NEUTRAL,OK,power_present,{age_s=0.0}
1105.0,HR,130,NEUTRAL,OK,hr_present,{age_s=0.0}
1105.0,CADENCE,65,GREEN,OK,preferred_low_cadence_band,{age_s=0.0}
1105.0,GRADE,0,NEUTRAL,OK,flat_deadband,"{grade_raw=0.0, grade_display=0.0}"
1105.0,GEAR,WAIT,GRAY,NO_DATA,missing_gear,{}
1106.0,SPEED,24.0,NEUTRAL,OK,near_reference,"{reference_kmh=24.024390243902715, age_s=0.0}"
1106.0,POWER,160,NEUTRAL,OK,power_present,{age_s=0.0}
1106.0,HR,130,NEUTRAL,OK,hr_present,{age_s=0.0}
1106.0,CADENCE,65,GREEN,OK,preferred_low_cadence_band,{age_s=0.0}
1106.0,GRADE,0,NEUTRAL,OK,flat_deadband,"{grade_raw=0.0, grade_display=0.0}"
1106.0,GEAR,WAIT,GRAY,NO_DATA,missing_gear,{}
1107.0,SPEED,24.0,NEUTRAL,OK,near_reference,"{reference_kmh=24.024365482233776, age_s=0.0}"
1107.0,POWER,160,NEUTRAL,OK,power_present,{age_s=0.0}
1107.0,HR,130,NEUTRAL,OK,hr_present,{age_s=0.0}
1107.0,CADENCE,65,GREEN,OK,preferred_low_cadence_band,{age_s=0.0}
1107.0,GRADE,0,NEUTRAL,OK,flat_deadband,"{grade_raw=0.0, grade_display=0.0}"
1107.0,GEAR,WAIT,GRAY,NO_DATA,missing_gear,{}
1108.0,SPEED,24.0,NEUTRAL,OK,near_reference,"{reference_kmh=24.02434077079135, age_s=0.0}"
1108.0,POWER,160,NEUTRAL,OK,power_present,{age_s=0.0}
1108.0,HR,130,NEUTRAL,OK,hr_present,{age_s=0.0}
1108.0,CADENCE,65,GREEN,OK,preferred_low_cadence_band,{age_s=0.0}
1108.0,GRADE,0,NEUTRAL,OK,flat_deadband,"{grade_raw=0.0, grade_display=0.0}"
1108.0,GEAR,WAIT,GRAY,NO_DATA,missing_gear,{}
1109.0,SPEED,24.0,NEUTRAL,OK,near_reference,"{reference_kmh=24.024316109422767, age_s=0.0}"
1109.0,POWER,160,NEUTRAL,OK,power_present,{age_s=0.0}
1109.0,HR,130,NEUTRAL,OK,hr_present,{age_s=0.0}
1109.0,CADENCE,65,GREEN,OK,preferred_low_cadence_band,{age_s=0.0}
1109.0,GRADE,0,NEUTRAL,OK,flat_deadband,"{grade_raw=0.0, grade_display=0.0}"
1109.0,GEAR,WAIT,GRAY,NO_DATA,missing_gear,{}
1110.0,SPEED,24.0,NEUTRAL,OK,near_reference,"{reference_kmh=24.024291497975987, age_s=0.0}"
1110.0,POWER,160,NEUTRAL,OK,power_present,{age_s=0.0}
1110.0,HR,130,NEUTRAL,OK,hr_present,{age_s=0.0}
1110.0,CADENCE,65,GREEN,OK,preferred_low_cadence_band,{age_s=0.0}
1110.0,GRADE,0,NEUTRAL,OK,flat_deadband,"{grade_raw=0.0, grade_display=0.0}"
1110.0,GEAR,WAIT,GRAY,NO_DATA,missing_gear,{}
1111.0,SPEED,24.0,NEUTRAL,OK,near_reference,"{reference_kmh=24.024266936299572, age_s=0.0}"
1111.0,POWER,160,NEUTRAL,OK,power_present,{age_s=0.0}
1111.0,HR,130,NEUTRAL,OK,hr_present,{age_s=0.0}
1111.0,CADENCE,65,GREEN,OK,preferred_low_cadence_band,{age_s=0.0}
1111.0,GRADE,0,NEUTRAL,OK,flat_deadband,"{grade_raw=0.0, grade_display=0.0}"
1111.0,GEAR,WAIT,GRAY,NO_DATA,missing_gear,{}
1112.0,SPEED,24.0,NEUTRAL,OK,near_reference,"{reference_kmh=24.024242424242704, age_s=0.0}"
1112.0,POWER,160,NEUTRAL,OK,power_present,{age_s=0.0}
1112.0,HR,130,NEUTRAL,OK,hr_present,{age_s=0.0}
1112.0,CADENCE,65,GREEN,OK,preferred_low_cadence_band,{age_s=0.0}
1112.0,GRADE,0,NEUTRAL,OK,flat_deadband,"{grade_raw=0.0, grade_display=0.0}"
1112.0,GEAR,WAIT,GRAY,NO_DATA,missing_gear,{}
1113.0,SPEED,24.0,NEUTRAL,OK,near_reference,"{reference_kmh=24.024217961655175, age_s=0.0}"
1113.0,POWER,160,NEUTRAL,OK,power_present,{age_s=0.0}
1113.0,HR,130,NEUTRAL,OK,hr_present,{age_s=0.0}
1113.0,CADENCE,65,GREEN,OK,preferred_low_cadence_band,{age_s=0.0}
1113.0,GRADE,0,NEUTRAL,OK,flat_deadband,"{grade_raw=0.0, grade_display=0.0}"
1113.0,GEAR,WAIT,GRAY,NO_DATA,missing_gear,{}
1114.0,SPEED,24.0,NEUTRAL,OK,near_reference,"{reference_kmh=24.024193548387377, age_s=0.0}"
1114.0,POWER,160,NEUTRAL,OK,power_present,{age_s=0.0}
1114.0,HR,130,NEUTRAL,OK,hr_present,{age_s=0.0}
1114.0,CADENCE,65,GREEN,OK,preferred_low_cadence_band,{age_s=0.0}
1114.0,GRADE,0,NEUTRAL,OK,flat_deadband,"{grade_raw=0.0, grade_display=0.0}"
1114.0,GEAR,WAIT,GRAY,NO_DATA,missing_gear,{}
1115.0,SPEED,24.0,NEUTRAL,OK,near_reference,"{reference_kmh=24.02416918429031, age_s=0.0}"
1115.0,POWER,160,NEUTRAL,OK,power_present,{age_s=0.0}
1115.0,HR,130,NEUTRAL,OK,hr_present,{age_s=0.0}
1115.0,CADENCE,65,GREEN,OK,preferred_low_cadence_band,{age_s=0.0}
1115.0,GRADE,0,NEUTRAL,OK,flat_deadband,"{grade_raw=0.0, grade_display=0.0}"
1115.0,GEAR,WAIT,GRAY,NO_DATA,missing_gear,{}
1116.0,SPEED,24.0,NEUTRAL,OK,near_reference,"{reference_kmh=24.024144869215576, age_s=0.0}"
1116.0,POWER,160,NEUTRAL,OK,power_present,{age_s=0.0}
1116.0,HR,130,NEUTRAL,OK,hr_present,{age_s=0.0}
1116.0,CADENCE,65,GREEN,OK,preferred_low_cadence_band,{age_s=0.0}
1116.0,GRADE,0,NEUTRAL,OK,flat_deadband,"{grade_raw=0.0, grade_display=0.0}"
1116.0,GEAR,WAIT,GRAY,NO_DATA,missing_gear,{}
1117.0,SPEED,24.0,NEUTRAL,OK,near_reference,"{reference_kmh=24.024120603015355, age_s=0.0}"
1117.0,POWER,160,NEUTRAL,OK,power_present,{age_s=0.0}
1117.0,HR,130,NEUTRAL,OK,hr_present,{age_s=0.0}
1117.0,CADENCE,65,GREEN,OK,preferred_low_cadence_band,{age_s=0.0}
1117.0,GRADE,0,NEUTRAL,OK,flat_deadband,"{grade_raw=0.0, grade_display=0.0}"
1117.0,GEAR,WAIT,GRAY,NO_DATA,missing_gear,{}
1118.0,SPEED,24.0,NEUTRAL,OK,near_reference,"{reference_kmh=24.024096385542453, age_s=0.0}"
1118.0,POWER,160,NEUTRAL,OK,power_present,{age_s=0.0}
1118.0,HR,130,NEUTRAL,OK,hr_present,{age_s=0.0}
1118.0,CADENCE,65,GREEN,OK,preferred_low_cadence_band,{age_s=0.0}
1118.0,GRADE,0,NEUTRAL,OK,flat_deadband,"{grade_raw=0.0, grade_display=0.0}"
1118.0,GEAR,WAIT,GRAY,NO_DATA,missing_gear,{}
1119.0,SPEED,24.0,NEUTRAL,OK,near_reference,"{reference_kmh=24.024072216650236, age_s=0.0}"
1119.0,POWER,160,NEUTRAL,OK,power_present,{age_s=0.0}
1119.0,HR,130,NEUTRAL,OK,hr_present,{age_s=0.0}
1119.0,CADENCE,65,GREEN,OK,preferred_low_cadence_band,{age_s=0.0}
1119.0,GRADE,0,NEUTRAL,OK,flat_deadband,"{grade_raw=0.0, grade_display=0.0}"
1119.0,GEAR,WAIT,GRAY,NO_DATA,missing_gear,{}
1120.0,SPEED,24.0,NEUTRAL,OK,near_reference,"{reference_kmh=24.024048096192672, age_s=0.0}"
1120.0,POWER,160,NEUTRAL,OK,power_present,{age_s=0.0}
1120.0,HR,130,NEUTRAL,OK,hr_present,{age_s=0.0}
1120.0,CADENCE,65,GREEN,OK,preferred_low_cadence_band,{age_s=0.0}
1120.0,GRADE,0,NEUTRAL,OK,flat_deadband,"{grade_raw=0.0, grade_display=0.0}"
1120.0,GEAR,WAIT,GRAY,NO_DATA,missing_gear,{}
1121.0,SPEED,24.0,NEUTRAL,OK,near_reference,"{reference_kmh=24.024024024024307, age_s=0.0}"
1121.0,POWER,160,NEUTRAL,OK,power_present,{age_s=0.0}
1121.0,HR,130,NEUTRAL,OK,hr_present,{age_s=0.0}
1121.0,CADENCE,65,GREEN,OK,preferred_low_cadence_band,{age_s=0.0}
1121.0,GRADE,0,NEUTRAL,OK,flat_deadband,"{grade_raw=0.0, grade_display=0.0}"
1121.0,GEAR,WAIT,GRAY,NO_DATA,missing_gear,{}
1122.0,SPEED,24.0,NEUTRAL,OK,near_reference,"{reference_kmh=24.024000000000285, age_s=0.0}"
1122.0,POWER,160,NEUTRAL,OK,power_present,{age_s=0.0}
1122.0,HR,130,NEUTRAL,OK,hr_present,{age_s=0.0}
1122.0,CADENCE,65,GREEN,OK,preferred_low_cadence_band,{age_s=0.0}
1122.0,GRADE,0,NEUTRAL,OK,flat_deadband,"{grade_raw=0.0, grade_display=0.0}"
1122.0,GEAR,WAIT,GRAY,NO_DATA,missing_gear,{}
1123.0,SPEED,24.0,NEUTRAL,OK,near_reference,"{reference_kmh=24.02397602397631, age_s=0.0}"
1123.0,POWER,160,NEUTRAL,OK,power_present,{age_s=0.0}
1123.0,HR,130,NEUTRAL,OK,hr_present,{age_s=0.0}
1123.0,CADENCE,65,GREEN,OK,preferred_low_cadence_band,{age_s=0.0}
1123.0,GRADE,0,NEUTRAL,OK,flat_deadband,"{grade_raw=0.0, grade_display=0.0}"
1123.0,GEAR,WAIT,GRAY,NO_DATA,missing_gear,{}
1124.0,SPEED,24.0,NEUTRAL,OK,near_reference,"{reference_kmh=24.023952095808674, age_s=0.0}"
1124.0,POWER,160,NEUTRAL,OK,power_present,{age_s=0.0}
1124.0,HR,130,NEUTRAL,OK,hr_present,{age_s=0.0}
1124.0,CADENCE,65,GREEN,OK,preferred_low_cadence_band,{age_s=0.0}
1124.0,GRADE,0,NEUTRAL,OK,flat_deadband,"{grade_raw=0.0, grade_display=0.0}"
1124.0,GEAR,WAIT,GRAY,NO_DATA,missing_gear,{}
1125.0,SPEED,24.0,NEUTRAL,OK,near_reference,"{reference_kmh=24.023928215354232, age_s=0.0}"
1125.0,POWER,160,NEUTRAL,OK,power_present,{age_s=0.0}
1125.0,HR,130,NEUTRAL,OK,hr_present,{age_s=0.0}
1125.0,CADENCE,65,GREEN,OK,preferred_low_cadence_band,{age_s=0.0}
1125.0,GRADE,0,NEUTRAL,OK,flat_deadband,"{grade_raw=0.0, grade_display=0.0}"
1125.0,GEAR,WAIT,GRAY,NO_DATA,missing_gear,{}
1126.0,SPEED,24.0,NEUTRAL,OK,near_reference,"{reference_kmh=24.02390438247041, age_s=0.0}"
1126.0,POWER,160,NEUTRAL,OK,power_present,{age_s=0.0}
1126.0,HR,130,NEUTRAL,OK,hr_present,{age_s=0.0}
1126.0,CADENCE,65,GREEN,OK,preferred_low_cadence_band,{age_s=0.0}
1126.0,GRADE,0,NEUTRAL,OK,flat_deadband,"{grade_raw=0.0, grade_display=0.0}"
1126.0,GEAR,WAIT,GRAY,NO_DATA,missing_gear,{}
1127.0,SPEED,24.0,NEUTRAL,OK,near_reference,"{reference_kmh=24.023880597015214, age_s=0.0}"
1127.0,POWER,160,NEUTRAL,OK,power_present,{age_s=0.0}
1127.0,HR,130,NEUTRAL,OK,hr_present,{age_s=0.0}
1127.0,CADENCE,65,GREEN,OK,preferred_low_cadence_band,{age_s=0.0}
1127.0,GRADE,0,NEUTRAL,OK,flat_deadband,"{grade_raw=0.0, grade_display=0.0}"
1127.0,GEAR,WAIT,GRAY,NO_DATA,missing_gear,{}
1128.0,SPEED,24.0,NEUTRAL,OK,near_reference,"{reference_kmh=24.02385685884721, age_s=0.0}"
1128.0,POWER,160,NEUTRAL,OK,power_present,{age_s=0.0}
1128.0,HR,130,NEUTRAL,OK,hr_present,{age_s=0.0}
1128.0,CADENCE,65,GREEN,OK,preferred_low_cadence_band,{age_s=0.0}
1128.0,GRADE,0,NEUTRAL,OK,flat_deadband,"{grade_raw=0.0, grade_display=0.0}"
1128.0,GEAR,WAIT,GRAY,NO_DATA,missing_gear,{}
1129.0,SPEED,24.0,NEUTRAL,OK,near_reference,"{reference_kmh=24.023833167825515, age_s=0.0}"
1129.0,POWER,160,NEUTRAL,OK,power_present,{age_s=0.0}
1129.0,HR,130,NEUTRAL,OK,hr_present,{age_s=0.0}
1129.0,CADENCE,65,GREEN,OK,preferred_low_cadence_band,{age_s=0.0}
1129.0,GRADE,0,NEUTRAL,OK,flat_deadband,"{grade_raw=0.0, grade_display=0.0}"
1129.0,GEAR,WAIT,GRAY,NO_DATA,missing_gear,{}
1130.0,SPEED,24.0,NEUTRAL,OK,near_reference,"{reference_kmh=24.023809523809817, age_s=0.0}"
1130.0,POWER,160,NEUTRAL,OK,power_present,{age_s=0.0}
1130.0,HR,130,NEUTRAL,OK,hr_present,{age_s=0.0}
1130.0,CADENCE,65,GREEN,OK,preferred_low_cadence_band,{age_s=0.0}
1130.0,GRADE,0,NEUTRAL,OK,flat_deadband,"{grade_raw=0.0, grade_display=0.0}"
1130.0,GEAR,WAIT,GRAY,NO_DATA,missing_gear,{}
1131.0,SPEED,24.0,NEUTRAL,OK,near_reference,"{reference_kmh=24.023785926660352, age_s=0.0}"
1131.0,POWER,160,NEUTRAL,OK,power_present,{age_s=0.0}
1131.0,HR,130,NEUTRAL,OK,hr_present,{age_s=0.0}
1131.0,CADENCE,65,GREEN,OK,preferred_low_cadence_band,{age_s=0.0}
1131.0,GRADE,0,NEUTRAL,OK,flat_deadband,"{grade_raw=0.0, grade_display=0.0}"
1131.0,GEAR,WAIT,GRAY,NO_DATA,missing_gear,{}
1132.0,SPEED,24.0,NEUTRAL,OK,near_reference,"{reference_kmh=24.02376237623792, age_s=0.0}"
1132.0,POWER,160,NEUTRAL,OK,power_present,{age_s=0.0}
1132.0,HR,130,NEUTRAL,OK,hr_present,{age_s=0.0}
1132.0,CADENCE,65,GREEN,OK,preferred_low_cadence_band,{age_s=0.0}
1132.0,GRADE,0,NEUTRAL,OK,flat_deadband,"{grade_raw=0.0, grade_display=0.0}"
1132.0,GEAR,WAIT,GRAY,NO_DATA,missing_gear,{}
1133.0,SPEED,24.0,NEUTRAL,OK,near_reference,"{reference_kmh=24.023738872403857, age_s=0.0}"
1133.0,POWER,160,NEUTRAL,OK,power_present,{age_s=0.0}
1133.0,HR,130,NEUTRAL,OK,hr_present,{age_s=0.0}
1133.0,CADENCE,65,GREEN,OK,preferred_low_cadence_band,{age_s=0.0}
1133.0,GRADE,0,NEUTRAL,OK,flat_deadband,"{grade_raw=0.0, grade_display=0.0}"
1133.0,GEAR,WAIT,GRAY,NO_DATA,missing_gear,{}
1134.0,SPEED,24.0,NEUTRAL,OK,near_reference,"{reference_kmh=24.02371541502006, age_s=0.0}"
1134.0,POWER,160,NEUTRAL,OK,power_present,{age_s=0.0}
1134.0,HR,130,NEUTRAL,OK,hr_present,{age_s=0.0}
1134.0,CADENCE,65,GREEN,OK,preferred_low_cadence_band,{age_s=0.0}
1134.0,GRADE,0,NEUTRAL,OK,flat_deadband,"{grade_raw=0.0, grade_display=0.0}"
1134.0,GEAR,WAIT,GRAY,NO_DATA,missing_gear,{}
1135.0,SPEED,24.0,NEUTRAL,OK,near_reference,"{reference_kmh=24.023692003948963, age_s=0.0}"
1135.0,POWER,160,NEUTRAL,OK,power_present,{age_s=0.0}
1135.0,HR,130,NEUTRAL,OK,hr_present,{age_s=0.0}
1135.0,CADENCE,65,GREEN,OK,preferred_low_cadence_band,{age_s=0.0}
1135.0,GRADE,0,NEUTRAL,OK,flat_deadband,"{grade_raw=0.0, grade_display=0.0}"
1135.0,GEAR,WAIT,GRAY,NO_DATA,missing_gear,{}
1136.0,SPEED,24.0,NEUTRAL,OK,near_reference,"{reference_kmh=24.023668639053554, age_s=0.0}"
1136.0,POWER,160,NEUTRAL,OK,power_present,{age_s=0.0}
1136.0,HR,130,NEUTRAL,OK,hr_present,{age_s=0.0}
1136.0,CADENCE,65,GREEN,OK,preferred_low_cadence_band,{age_s=0.0}
1136.0,GRADE,0,NEUTRAL,OK,flat_deadband,"{grade_raw=0.0, grade_display=0.0}"
1136.0,GEAR,WAIT,GRAY,NO_DATA,missing_gear,{}
1137.0,SPEED,24.0,NEUTRAL,OK,near_reference,"{reference_kmh=24.023645320197343, age_s=0.0}"
1137.0,POWER,160,NEUTRAL,OK,power_present,{age_s=0.0}
1137.0,HR,130,NEUTRAL,OK,hr_present,{age_s=0.0}
1137.0,CADENCE,65,GREEN,OK,preferred_low_cadence_band,{age_s=0.0}
1137.0,GRADE,0,NEUTRAL,OK,flat_deadband,"{grade_raw=0.0, grade_display=0.0}"
1137.0,GEAR,WAIT,GRAY,NO_DATA,missing_gear,{}
1138.0,SPEED,24.0,NEUTRAL,OK,near_reference,"{reference_kmh=24.023622047244395, age_s=0.0}"
1138.0,POWER,160,NEUTRAL,OK,power_present,{age_s=0.0}
1138.0,HR,130,NEUTRAL,OK,hr_present,{age_s=0.0}
1138.0,CADENCE,65,GREEN,OK,preferred_low_cadence_band,{age_s=0.0}
1138.0,GRADE,0,NEUTRAL,OK,flat_deadband,"{grade_raw=0.0, grade_display=0.0}"
1138.0,GEAR,WAIT,GRAY,NO_DATA,missing_gear,{}
1139.0,SPEED,24.0,NEUTRAL,OK,near_reference,"{reference_kmh=24.0235988200593, age_s=0.0}"
1139.0,POWER,160,NEUTRAL,OK,power_present,{age_s=0.0}
1139.0,HR,130,NEUTRAL,OK,hr_present,{age_s=0.0}
1139.0,CADENCE,65,GREEN,OK,preferred_low_cadence_band,{age_s=0.0}
1139.0,GRADE,0,NEUTRAL,OK,flat_deadband,"{grade_raw=0.0, grade_display=0.0}"
1139.0,GEAR,WAIT,GRAY,NO_DATA,missing_gear,{}
1140.0,SPEED,24.0,NEUTRAL,OK,near_reference,"{reference_kmh=24.023575638507175, age_s=0.0}"
1140.0,POWER,160,NEUTRAL,OK,power_present,{age_s=0.0}
1140.0,HR,130,NEUTRAL,OK,hr_present,{age_s=0.0}
1140.0,CADENCE,65,GREEN,OK,preferred_low_cadence_band,{age_s=0.0}
1140.0,GRADE,0,NEUTRAL,OK,flat_deadband,"{grade_raw=0.0, grade_display=0.0}"
1140.0,GEAR,WAIT,GRAY,NO_DATA,missing_gear,{}
1141.0,SPEED,24.0,NEUTRAL,OK,near_reference,"{reference_kmh=24.023552502453686, age_s=0.0}"
1141.0,POWER,160,NEUTRAL,OK,power_present,{age_s=0.0}
1141.0,HR,130,NEUTRAL,OK,hr_present,{age_s=0.0}
1141.0,CADENCE,65,GREEN,OK,preferred_low_cadence_band,{age_s=0.0}
1141.0,GRADE,0,NEUTRAL,OK,flat_deadband,"{grade_raw=0.0, grade_display=0.0}"
1141.0,GEAR,WAIT,GRAY,NO_DATA,missing_gear,{}
1142.0,SPEED,24.0,NEUTRAL,OK,near_reference,"{reference_kmh=24.02352941176501, age_s=0.0}"
1142.0,POWER,160,NEUTRAL,OK,power_present,{age_s=0.0}
1142.0,HR,130,NEUTRAL,OK,hr_present,{age_s=0.0}
1142.0,CADENCE,65,GREEN,OK,preferred_low_cadence_band,{age_s=0.0}
1142.0,GRADE,0,NEUTRAL,OK,flat_deadband,"{grade_raw=0.0, grade_display=0.0}"
1142.0,GEAR,WAIT,GRAY,NO_DATA,missing_gear,{}
1143.0,SPEED,24.0,NEUTRAL,OK,near_reference,"{reference_kmh=24.02350636630785, age_s=0.0}"
1143.0,POWER,160,NEUTRAL,OK,power_present,{age_s=0.0}
1143.0,HR,130,NEUTRAL,OK,hr_present,{age_s=0.0}
1143.0,CADENCE,65,GREEN,OK,preferred_low_cadence_band,{age_s=0.0}
1143.0,GRADE,0,NEUTRAL,OK,flat_deadband,"{grade_raw=0.0, grade_display=0.0}"
1143.0,GEAR,WAIT,GRAY,NO_DATA,missing_gear,{}
1144.0,SPEED,24.0,NEUTRAL,OK,near_reference,"{reference_kmh=24.02348336594942, age_s=0.0}"
1144.0,POWER,160,NEUTRAL,OK,power_present,{age_s=0.0}
1144.0,HR,130,NEUTRAL,OK,hr_present,{age_s=0.0}
1144.0,CADENCE,65,GREEN,OK,preferred_low_cadence_band,{age_s=0.0}
1144.0,GRADE,0,NEUTRAL,OK,flat_deadband,"{grade_raw=0.0, grade_display=0.0}"
1144.0,GEAR,WAIT,GRAY,NO_DATA,missing_gear,{}
1145.0,SPEED,24.0,NEUTRAL,OK,near_reference,"{reference_kmh=24.023460410557487, age_s=0.0}"
1145.0,POWER,160,NEUTRAL,OK,power_present,{age_s=0.0}
1145.0,HR,130,NEUTRAL,OK,hr_present,{age_s=0.0}
1145.0,CADENCE,65,GREEN,OK,preferred_low_cadence_band,{age_s=0.0}
1145.0,GRADE,0,NEUTRAL,OK,flat_deadband,"{grade_raw=0.0, grade_display=0.0}"
1145.0,GEAR,WAIT,GRAY,NO_DATA,missing_gear,{}
1146.0,SPEED,24.0,NEUTRAL,OK,near_reference,"{reference_kmh=24.023437500000306, age_s=0.0}"
1146.0,POWER,160,NEUTRAL,OK,power_present,{age_s=0.0}
1146.0,HR,130,NEUTRAL,OK,hr_present,{age_s=0.0}
1146.0,CADENCE,65,GREEN,OK,preferred_low_cadence_band,{age_s=0.0}
1146.0,GRADE,0,NEUTRAL,OK,flat_deadband,"{grade_raw=0.0, grade_display=0.0}"
1146.0,GEAR,WAIT,GRAY,NO_DATA,missing_gear,{}
1147.0,SPEED,24.0,NEUTRAL,OK,near_reference,"{reference_kmh=24.023414634146647, age_s=0.0}"
1147.0,POWER,160,NEUTRAL,OK,power_present,{age_s=0.0}
1147.0,HR,130,NEUTRAL,OK,hr_present,{age_s=0.0}
1147.0,CADENCE,65,GREEN,OK,preferred_low_cadence_band,{age_s=0.0}
1147.0,GRADE,0,NEUTRAL,OK,flat_deadband,"{grade_raw=0.0, grade_display=0.0}"
1147.0,GEAR,WAIT,GRAY,NO_DATA,missing_gear,{}
1148.0,SPEED,24.0,NEUTRAL,OK,near_reference,"{reference_kmh=24.023391812865807, age_s=0.0}"
1148.0,POWER,160,NEUTRAL,OK,power_present,{age_s=0.0}
1148.0,HR,130,NEUTRAL,OK,hr_present,{age_s=0.0}
1148.0,CADENCE,65,GREEN,OK,preferred_low_cadence_band,{age_s=0.0}
1148.0,GRADE,0,NEUTRAL,OK,flat_deadband,"{grade_raw=0.0, grade_display=0.0}"
1148.0,GEAR,WAIT,GRAY,NO_DATA,missing_gear,{}
1149.0,SPEED,24.0,NEUTRAL,OK,near_reference,"{reference_kmh=24.02336903602757, age_s=0.0}"
1149.0,POWER,160,NEUTRAL,OK,power_present,{age_s=0.0}
1149.0,HR,130,NEUTRAL,OK,hr_present,{age_s=0.0}
1149.0,CADENCE,65,GREEN,OK,preferred_low_cadence_band,{age_s=0.0}
1149.0,GRADE,0,NEUTRAL,OK,flat_deadband,"{grade_raw=0.0, grade_display=0.0}"
1149.0,GEAR,WAIT,GRAY,NO_DATA,missing_gear,{}
1150.0,SPEED,24.0,NEUTRAL,OK,near_reference,"{reference_kmh=24.023346303502255, age_s=0.0}"
1150.0,POWER,160,NEUTRAL,OK,power_present,{age_s=0.0}
1150.0,HR,130,NEUTRAL,OK,hr_present,{age_s=0.0}
1150.0,CADENCE,65,GREEN,OK,preferred_low_cadence_band,{age_s=0.0}
1150.0,GRADE,0,NEUTRAL,OK,flat_deadband,"{grade_raw=0.0, grade_display=0.0}"
1150.0,GEAR,WAIT,GRAY,NO_DATA,missing_gear,{}
1151.0,SPEED,24.0,NEUTRAL,OK,near_reference,"{reference_kmh=24.02332361516066, age_s=0.0}"
1151.0,POWER,160,NEUTRAL,OK,power_present,{age_s=0.0}
1151.0,HR,130,NEUTRAL,OK,hr_present,{age_s=0.0}
1151.0,CADENCE,65,GREEN,OK,preferred_low_cadence_band,{age_s=0.0}
1151.0,GRADE,0,NEUTRAL,OK,flat_deadband,"{grade_raw=0.0, grade_display=0.0}"
1151.0,GEAR,WAIT,GRAY,NO_DATA,missing_gear,{}
1152.0,SPEED,24.0,NEUTRAL,OK,near_reference,"{reference_kmh=24.023300970874097, age_s=0.0}"
1152.0,POWER,160,NEUTRAL,OK,power_present,{age_s=0.0}
1152.0,HR,130,NEUTRAL,OK,hr_present,{age_s=0.0}
1152.0,CADENCE,65,GREEN,OK,preferred_low_cadence_band,{age_s=0.0}
1152.0,GRADE,0,NEUTRAL,OK,flat_deadband,"{grade_raw=0.0, grade_display=0.0}"
1152.0,GEAR,WAIT,GRAY,NO_DATA,missing_gear,{}
1153.0,SPEED,24.0,NEUTRAL,OK,near_reference,"{reference_kmh=24.023278370514372, age_s=0.0}"
1153.0,POWER,160,NEUTRAL,OK,power_present,{age_s=0.0}
1153.0,HR,130,NEUTRAL,OK,hr_present,{age_s=0.0}
1153.0,CADENCE,65,GREEN,OK,preferred_low_cadence_band,{age_s=0.0}
1153.0,GRADE,0,NEUTRAL,OK,flat_deadband,"{grade_raw=0.0, grade_display=0.0}"
1153.0,GEAR,WAIT,GRAY,NO_DATA,missing_gear,{}
1154.0,SPEED,24.0,NEUTRAL,OK,near_reference,"{reference_kmh=24.0232558139538, age_s=0.0}"
1154.0,POWER,160,NEUTRAL,OK,power_present,{age_s=0.0}
1154.0,HR,130,NEUTRAL,OK,hr_present,{age_s=0.0}
1154.0,CADENCE,65,GREEN,OK,preferred_low_cadence_band,{age_s=0.0}
1154.0,GRADE,0,NEUTRAL,OK,flat_deadband,"{grade_raw=0.0, grade_display=0.0}"
1154.0,GEAR,WAIT,GRAY,NO_DATA,missing_gear,{}
1155.0,SPEED,24.0,NEUTRAL,OK,near_reference,"{reference_kmh=24.023233301065172, age_s=0.0}"
1155.0,POWER,160,NEUTRAL,OK,power_present,{age_s=0.0}
1155.0,HR,130,NEUTRAL,OK,hr_present,{age_s=0.0}
1155.0,CADENCE,65,GREEN,OK,preferred_low_cadence_band,{age_s=0.0}
1155.0,GRADE,0,NEUTRAL,OK,flat_deadband,"{grade_raw=0.0, grade_display=0.0}"
1155.0,GEAR,WAIT,GRAY,NO_DATA,missing_gear,{}
1156.0,SPEED,24.0,NEUTRAL,OK,near_reference,"{reference_kmh=24.023210831721784, age_s=0.0}"
1156.0,POWER,160,NEUTRAL,OK,power_present,{age_s=0.0}
1156.0,HR,130,NEUTRAL,OK,hr_present,{age_s=0.0}
1156.0,CADENCE,65,GREEN,OK,preferred_low_cadence_band,{age_s=0.0}
1156.0,GRADE,0,NEUTRAL,OK,flat_deadband,"{grade_raw=0.0, grade_display=0.0}"
1156.0,GEAR,WAIT,GRAY,NO_DATA,missing_gear,{}
1157.0,SPEED,24.0,NEUTRAL,OK,near_reference,"{reference_kmh=24.023188405797416, age_s=0.0}"
1157.0,POWER,160,NEUTRAL,OK,power_present,{age_s=0.0}
1157.0,HR,130,NEUTRAL,OK,hr_present,{age_s=0.0}
1157.0,CADENCE,65,GREEN,OK,preferred_low_cadence_band,{age_s=0.0}
1157.0,GRADE,0,NEUTRAL,OK,flat_deadband,"{grade_raw=0.0, grade_display=0.0}"
1157.0,GEAR,WAIT,GRAY,NO_DATA,missing_gear,{}
1158.0,SPEED,24.0,NEUTRAL,OK,near_reference,"{reference_kmh=24.023166023166336, age_s=0.0}"
1158.0,POWER,160,NEUTRAL,OK,power_present,{age_s=0.0}
1158.0,HR,130,NEUTRAL,OK,hr_present,{age_s=0.0}
1158.0,CADENCE,65,GREEN,OK,preferred_low_cadence_band,{age_s=0.0}
1158.0,GRADE,0,NEUTRAL,OK,flat_deadband,"{grade_raw=0.0, grade_display=0.0}"
1158.0,GEAR,WAIT,GRAY,NO_DATA,missing_gear,{}
1159.0,SPEED,24.0,NEUTRAL,OK,near_reference,"{reference_kmh=24.023143683703303, age_s=0.0}"
1159.0,POWER,160,NEUTRAL,OK,power_present,{age_s=0.0}
1159.0,HR,130,NEUTRAL,OK,hr_present,{age_s=0.0}
1159.0,CADENCE,65,GREEN,OK,preferred_low_cadence_band,{age_s=0.0}
1159.0,GRADE,0,NEUTRAL,OK,flat_deadband,"{grade_raw=0.0, grade_display=0.0}"
1159.0,GEAR,WAIT,GRAY,NO_DATA,missing_gear,{}
1160.0,SPEED,24.0,NEUTRAL,OK,near_reference,"{reference_kmh=24.023121387283556, age_s=0.0}"
1160.0,POWER,160,NEUTRAL,OK,power_present,{age_s=0.0}
1160.0,HR,130,NEUTRAL,OK,hr_present,{age_s=0.0}
1160.0,CADENCE,65,GREEN,OK,preferred_low_cadence_band,{age_s=0.0}
1160.0,GRADE,0,NEUTRAL,OK,flat_deadband,"{grade_raw=0.0, grade_display=0.0}"
1160.0,GEAR,WAIT,GRAY,NO_DATA,missing_gear,{}
1161.0,SPEED,24.0,NEUTRAL,OK,near_reference,"{reference_kmh=24.023099133782804, age_s=0.0}"
1161.0,POWER,160,NEUTRAL,OK,power_present,{age_s=0.0}
1161.0,HR,130,NEUTRAL,OK,hr_present,{age_s=0.0}
1161.0,CADENCE,65,GREEN,OK,preferred_low_cadence_band,{age_s=0.0}
1161.0,GRADE,0,NEUTRAL,OK,flat_deadband,"{grade_raw=0.0, grade_display=0.0}"
1161.0,GEAR,WAIT,GRAY,NO_DATA,missing_gear,{}
1162.0,SPEED,24.0,NEUTRAL,OK,near_reference,"{reference_kmh=24.023076923077245, age_s=0.0}"
1162.0,POWER,160,NEUTRAL,OK,power_present,{age_s=0.0}
1162.0,HR,130,NEUTRAL,OK,hr_present,{age_s=0.0}
1162.0,CADENCE,65,GREEN,OK,preferred_low_cadence_band,{age_s=0.0}
1162.0,GRADE,0,NEUTRAL,OK,flat_deadband,"{grade_raw=0.0, grade_display=0.0}"
1162.0,GEAR,WAIT,GRAY,NO_DATA,missing_gear,{}
1163.0,SPEED,24.0,NEUTRAL,OK,near_reference,"{reference_kmh=24.023054755043546, age_s=0.0}"
1163.0,POWER,160,NEUTRAL,OK,power_present,{age_s=0.0}
1163.0,HR,130,NEUTRAL,OK,hr_present,{age_s=0.0}
1163.0,CADENCE,65,GREEN,OK,preferred_low_cadence_band,{age_s=0.0}
1163.0,GRADE,0,NEUTRAL,OK,flat_deadband,"{grade_raw=0.0, grade_display=0.0}"
1163.0,GEAR,WAIT,GRAY,NO_DATA,missing_gear,{}
1164.0,SPEED,24.0,NEUTRAL,OK,near_reference,"{reference_kmh=24.02303262955886, age_s=0.0}"
1164.0,POWER,160,NEUTRAL,OK,power_present,{age_s=0.0}
1164.0,HR,130,NEUTRAL,OK,hr_present,{age_s=0.0}
1164.0,CADENCE,65,GREEN,OK,preferred_low_cadence_band,{age_s=0.0}
1164.0,GRADE,0,NEUTRAL,OK,flat_deadband,"{grade_raw=0.0, grade_display=0.0}"
1164.0,GEAR,WAIT,GRAY,NO_DATA,missing_gear,{}
1165.0,SPEED,24.0,NEUTRAL,OK,near_reference,"{reference_kmh=24.0230105465008, age_s=0.0}"
1165.0,POWER,160,NEUTRAL,OK,power_present,{age_s=0.0}
1165.0,HR,130,NEUTRAL,OK,hr_present,{age_s=0.0}
1165.0,CADENCE,65,GREEN,OK,preferred_low_cadence_band,{age_s=0.0}
1165.0,GRADE,0,NEUTRAL,OK,flat_deadband,"{grade_raw=0.0, grade_display=0.0}"
1165.0,GEAR,WAIT,GRAY,NO_DATA,missing_gear,{}
1166.0,SPEED,24.0,NEUTRAL,OK,near_reference,"{reference_kmh=24.02298850574745, age_s=0.0}"
1166.0,POWER,160,NEUTRAL,OK,power_present,{age_s=0.0}
1166.0,HR,130,NEUTRAL,OK,hr_present,{age_s=0.0}
1166.0,CADENCE,65,GREEN,OK,preferred_low_cadence_band,{age_s=0.0}
1166.0,GRADE,0,NEUTRAL,OK,flat_deadband,"{grade_raw=0.0, grade_display=0.0}"
1166.0,GEAR,WAIT,GRAY,NO_DATA,missing_gear,{}
1167.0,SPEED,24.0,NEUTRAL,OK,near_reference,"{reference_kmh=24.022966507177355, age_s=0.0}"
1167.0,POWER,160,NEUTRAL,OK,power_present,{age_s=0.0}
1167.0,HR,130,NEUTRAL,OK,hr_present,{age_s=0.0}
1167.0,CADENCE,65,GREEN,OK,preferred_low_cadence_band,{age_s=0.0}
1167.0,GRADE,0,NEUTRAL,OK,flat_deadband,"{grade_raw=0.0, grade_display=0.0}"
1167.0,GEAR,WAIT,GRAY,NO_DATA,missing_gear,{}
1168.0,SPEED,24.0,NEUTRAL,OK,near_reference,"{reference_kmh=24.02294455066954, age_s=0.0}"
1168.0,POWER,160,NEUTRAL,OK,power_present,{age_s=0.0}
1168.0,HR,130,NEUTRAL,OK,hr_present,{age_s=0.0}
1168.0,CADENCE,65,GREEN,OK,preferred_low_cadence_band,{age_s=0.0}
1168.0,GRADE,0,NEUTRAL,OK,flat_deadband,"{grade_raw=0.0, grade_display=0.0}"
1168.0,GEAR,WAIT,GRAY,NO_DATA,missing_gear,{}
1169.0,SPEED,24.0,NEUTRAL,OK,near_reference,"{reference_kmh=24.022922636103473, age_s=0.0}"
1169.0,POWER,160,NEUTRAL,OK,power_present,{age_s=0.0}
1169.0,HR,130,NEUTRAL,OK,hr_present,{age_s=0.0}
1169.0,CADENCE,65,GREEN,OK,preferred_low_cadence_band,{age_s=0.0}
1169.0,GRADE,0,NEUTRAL,OK,flat_deadband,"{grade_raw=0.0, grade_display=0.0}"
1169.0,GEAR,WAIT,GRAY,NO_DATA,missing_gear,{}
1170.0,SPEED,24.0,NEUTRAL,OK,near_reference,"{reference_kmh=24.022900763359104, age_s=0.0}"
1170.0,POWER,160,NEUTRAL,OK,power_present,{age_s=0.0}
1170.0,HR,130,NEUTRAL,OK,hr_present,{age_s=0.0}
1170.0,CADENCE,65,GREEN,OK,preferred_low_cadence_band,{age_s=0.0}
1170.0,GRADE,0,NEUTRAL,OK,flat_deadband,"{grade_raw=0.0, grade_display=0.0}"
1170.0,GEAR,WAIT,GRAY,NO_DATA,missing_gear,{}
1171.0,SPEED,24.0,NEUTRAL,OK,near_reference,"{reference_kmh=24.022878932316818, age_s=0.0}"
1171.0,POWER,160,NEUTRAL,OK,power_present,{age_s=0.0}
1171.0,HR,130,NEUTRAL,OK,hr_present,{age_s=0.0}
1171.0,CADENCE,65,GREEN,OK,preferred_low_cadence_band,{age_s=0.0}
1171.0,GRADE,0,NEUTRAL,OK,flat_deadband,"{grade_raw=0.0, grade_display=0.0}"
1171.0,GEAR,WAIT,GRAY,NO_DATA,missing_gear,{}
1172.0,SPEED,24.0,NEUTRAL,OK,near_reference,"{reference_kmh=24.022857142857468, age_s=0.0}"
1172.0,POWER,160,NEUTRAL,OK,power_present,{age_s=0.0}
1172.0,HR,130,NEUTRAL,OK,hr_present,{age_s=0.0}
1172.0,CADENCE,65,GREEN,OK,preferred_low_cadence_band,{age_s=0.0}
1172.0,GRADE,0,NEUTRAL,OK,flat_deadband,"{grade_raw=0.0, grade_display=0.0}"
1172.0,GEAR,WAIT,GRAY,NO_DATA,missing_gear,{}
1173.0,SPEED,24.0,NEUTRAL,OK,near_reference,"{reference_kmh=24.022835394862362, age_s=0.0}"
1173.0,POWER,160,NEUTRAL,OK,power_present,{age_s=0.0}
1173.0,HR,130,NEUTRAL,OK,hr_present,{age_s=0.0}
1173.0,CADENCE,65,GREEN,OK,preferred_low_cadence_band,{age_s=0.0}
1173.0,GRADE,0,NEUTRAL,OK,flat_deadband,"{grade_raw=0.0, grade_display=0.0}"
1173.0,GEAR,WAIT,GRAY,NO_DATA,missing_gear,{}
1174.0,SPEED,24.0,NEUTRAL,OK,near_reference,"{reference_kmh=24.022813688213255, age_s=0.0}"
1174.0,POWER,160,NEUTRAL,OK,power_present,{age_s=0.0}
1174.0,HR,130,NEUTRAL,OK,hr_present,{age_s=0.0}
1174.0,CADENCE,65,GREEN,OK,preferred_low_cadence_band,{age_s=0.0}
1174.0,GRADE,0,NEUTRAL,OK,flat_deadband,"{grade_raw=0.0, grade_display=0.0}"
1174.0,GEAR,WAIT,GRAY,NO_DATA,missing_gear,{}
1175.0,SPEED,24.0,NEUTRAL,OK,near_reference,"{reference_kmh=24.022792022792352, age_s=0.0}"
1175.0,POWER,160,NEUTRAL,OK,power_present,{age_s=0.0}
1175.0,HR,130,NEUTRAL,OK,hr_present,{age_s=0.0}
1175.0,CADENCE,65,GREEN,OK,preferred_low_cadence_band,{age_s=0.0}
1175.0,GRADE,0,NEUTRAL,OK,flat_deadband,"{grade_raw=0.0, grade_display=0.0}"
1175.0,GEAR,WAIT,GRAY,NO_DATA,missing_gear,{}
1176.0,SPEED,24.0,NEUTRAL,OK,near_reference,"{reference_kmh=24.022770398482297, age_s=0.0}"
1176.0,POWER,160,NEUTRAL,OK,power_present,{age_s=0.0}
1176.0,HR,130,NEUTRAL,OK,hr_present,{age_s=0.0}
1176.0,CADENCE,65,GREEN,OK,preferred_low_cadence_band,{age_s=0.0}
1176.0,GRADE,0,NEUTRAL,OK,flat_deadband,"{grade_raw=0.0, grade_display=0.0}"
1176.0,GEAR,WAIT,GRAY,NO_DATA,missing_gear,{}
1177.0,SPEED,24.0,NEUTRAL,OK,near_reference,"{reference_kmh=24.022748815166207, age_s=0.0}"
1177.0,POWER,160,NEUTRAL,OK,power_present,{age_s=0.0}
1177.0,HR,130,NEUTRAL,OK,hr_present,{age_s=0.0}
1177.0,CADENCE,65,GREEN,OK,preferred_low_cadence_band,{age_s=0.0}
1177.0,GRADE,0,NEUTRAL,OK,flat_deadband,"{grade_raw=0.0, grade_display=0.0}"
1177.0,GEAR,WAIT,GRAY,NO_DATA,missing_gear,{}
1178.0,SPEED,24.0,NEUTRAL,OK,near_reference,"{reference_kmh=24.022727272727604, age_s=0.0}"
1178.0,POWER,160,NEUTRAL,OK,power_present,{age_s=0.0}
1178.0,HR,130,NEUTRAL,OK,hr_present,{age_s=0.0}
1178.0,CADENCE,65,GREEN,OK,preferred_low_cadence_band,{age_s=0.0}
1178.0,GRADE,0,NEUTRAL,OK,flat_deadband,"{grade_raw=0.0, grade_display=0.0}"
1178.0,GEAR,WAIT,GRAY,NO_DATA,missing_gear,{}
1179.0,SPEED,24.0,NEUTRAL,OK,near_reference,"{reference_kmh=24.022705771050475, age_s=0.0}"
1179.0,POWER,160,NEUTRAL,OK,power_present,{age_s=0.0}
1179.0,HR,130,NEUTRAL,OK,hr_present,{age_s=0.0}
1179.0,CADENCE,65,GREEN,OK,preferred_low_cadence_band,{age_s=0.0}
1179.0,GRADE,0,NEUTRAL,OK,flat_deadband,"{grade_raw=0.0, grade_display=0.0}"
1179.0,GEAR,WAIT,GRAY,NO_DATA,missing_gear,{}
1180.0,SPEED,24.0,NEUTRAL,OK,near_reference,"{reference_kmh=24.022684310019237, age_s=0.0}"
1180.0,POWER,160,NEUTRAL,OK,power_present,{age_s=0.0}
1180.0,HR,130,NEUTRAL,OK,hr_present,{age_s=0.0}
1180.0,CADENCE,65,GREEN,OK,preferred_low_cadence_band,{age_s=0.0}
1180.0,GRADE,0,NEUTRAL,OK,flat_deadband,"{grade_raw=0.0, grade_display=0.0}"
1180.0,GEAR,WAIT,GRAY,NO_DATA,missing_gear,{}
1181.0,SPEED,24.0,NEUTRAL,OK,near_reference,"{reference_kmh=24.02266288951874, age_s=0.0}"
1181.0,POWER,160,NEUTRAL,OK,power_present,{age_s=0.0}
1181.0,HR,130,NEUTRAL,OK,hr_present,{age_s=0.0}
1181.0,CADENCE,65,GREEN,OK,preferred_low_cadence_band,{age_s=0.0}
1181.0,GRADE,0,NEUTRAL,OK,flat_deadband,"{grade_raw=0.0, grade_display=0.0}"
1181.0,GEAR,WAIT,GRAY,NO_DATA,missing_gear,{}
1182.0,SPEED,24.0,NEUTRAL,OK,near_reference,"{reference_kmh=24.022641509434294, age_s=0.0}"
1182.0,POWER,160,NEUTRAL,OK,power_present,{age_s=0.0}
1182.0,HR,130,NEUTRAL,OK,hr_present,{age_s=0.0}
1182.0,CADENCE,65,GREEN,OK,preferred_low_cadence_band,{age_s=0.0}
1182.0,GRADE,0,NEUTRAL,OK,flat_deadband,"{grade_raw=0.0, grade_display=0.0}"
1182.0,GEAR,WAIT,GRAY,NO_DATA,missing_gear,{}
1183.0,SPEED,24.0,NEUTRAL,OK,near_reference,"{reference_kmh=24.022620169651606, age_s=0.0}"
1183.0,POWER,160,NEUTRAL,OK,power_present,{age_s=0.0}
1183.0,HR,130,NEUTRAL,OK,hr_present,{age_s=0.0}
1183.0,CADENCE,65,GREEN,OK,preferred_low_cadence_band,{age_s=0.0}
1183.0,GRADE,0,NEUTRAL,OK,flat_deadband,"{grade_raw=0.0, grade_display=0.0}"
1183.0,GEAR,WAIT,GRAY,NO_DATA,missing_gear,{}
1184.0,SPEED,24.0,NEUTRAL,OK,near_reference,"{reference_kmh=24.022598870056832, age_s=0.0}"
1184.0,POWER,160,NEUTRAL,OK,power_present,{age_s=0.0}
1184.0,HR,130,NEUTRAL,OK,hr_present,{age_s=0.0}
1184.0,CADENCE,65,GREEN,OK,preferred_low_cadence_band,{age_s=0.0}
1184.0,GRADE,0,NEUTRAL,OK,flat_deadband,"{grade_raw=0.0, grade_display=0.0}"
1184.0,GEAR,WAIT,GRAY,NO_DATA,missing_gear,{}
1185.0,SPEED,24.0,NEUTRAL,OK,near_reference,"{reference_kmh=24.022577610536555, age_s=0.0}"
1185.0,POWER,160,NEUTRAL,OK,power_present,{age_s=0.0}
1185.0,HR,130,NEUTRAL,OK,hr_present,{age_s=0.0}
1185.0,CADENCE,65,GREEN,OK,preferred_low_cadence_band,{age_s=0.0}
1185.0,GRADE,0,NEUTRAL,OK,flat_deadband,"{grade_raw=0.0, grade_display=0.0}"
1185.0,GEAR,WAIT,GRAY,NO_DATA,missing_gear,{}
1186.0,SPEED,24.0,NEUTRAL,OK,near_reference,"{reference_kmh=24.022556390977776, age_s=0.0}"
1186.0,POWER,160,NEUTRAL,OK,power_present,{age_s=0.0}
1186.0,HR,130,NEUTRAL,OK,hr_present,{age_s=0.0}
1186.0,CADENCE,65,GREEN,OK,preferred_low_cadence_band,{age_s=0.0}
1186.0,GRADE,0,NEUTRAL,OK,flat_deadband,"{grade_raw=0.0, grade_display=0.0}"
1186.0,GEAR,WAIT,GRAY,NO_DATA,missing_gear,{}
1187.0,SPEED,24.0,NEUTRAL,OK,near_reference,"{reference_kmh=24.02253521126794, age_s=0.0}"
1187.0,POWER,160,NEUTRAL,OK,power_present,{age_s=0.0}
1187.0,HR,130,NEUTRAL,OK,hr_present,{age_s=0.0}
1187.0,CADENCE,65,GREEN,OK,preferred_low_cadence_band,{age_s=0.0}
1187.0,GRADE,0,NEUTRAL,OK,flat_deadband,"{grade_raw=0.0, grade_display=0.0}"
1187.0,GEAR,WAIT,GRAY,NO_DATA,missing_gear,{}
1188.0,SPEED,24.0,NEUTRAL,OK,near_reference,"{reference_kmh=24.022514071294896, age_s=0.0}"
1188.0,POWER,160,NEUTRAL,OK,power_present,{age_s=0.0}
1188.0,HR,130,NEUTRAL,OK,hr_present,{age_s=0.0}
1188.0,CADENCE,65,GREEN,OK,preferred_low_cadence_band,{age_s=0.0}
1188.0,GRADE,0,NEUTRAL,OK,flat_deadband,"{grade_raw=0.0, grade_display=0.0}"
1188.0,GEAR,WAIT,GRAY,NO_DATA,missing_gear,{}
1189.0,SPEED,24.0,NEUTRAL,OK,near_reference,"{reference_kmh=24.02249297094692, age_s=0.0}"
1189.0,POWER,160,NEUTRAL,OK,power_present,{age_s=0.0}
1189.0,HR,130,NEUTRAL,OK,hr_present,{age_s=0.0}
1189.0,CADENCE,65,GREEN,OK,preferred_low_cadence_band,{age_s=0.0}
1189.0,GRADE,0,NEUTRAL,OK,flat_deadband,"{grade_raw=0.0, grade_display=0.0}"
1189.0,GEAR,WAIT,GRAY,NO_DATA,missing_gear,{}
1190.0,SPEED,24.0,NEUTRAL,OK,near_reference,"{reference_kmh=24.022471910112696, age_s=0.0}"
1190.0,POWER,160,NEUTRAL,OK,power_present,{age_s=0.0}
1190.0,HR,130,NEUTRAL,OK,hr_present,{age_s=0.0}
1190.0,CADENCE,65,GREEN,OK,preferred_low_cadence_band,{age_s=0.0}
1190.0,GRADE,0,NEUTRAL,OK,flat_deadband,"{grade_raw=0.0, grade_display=0.0}"
1190.0,GEAR,WAIT,GRAY,NO_DATA,missing_gear,{}
1191.0,SPEED,24.0,NEUTRAL,OK,near_reference,"{reference_kmh=24.022450888681348, age_s=0.0}"
1191.0,POWER,160,NEUTRAL,OK,power_present,{age_s=0.0}
1191.0,HR,130,NEUTRAL,OK,hr_present,{age_s=0.0}
1191.0,CADENCE,65,GREEN,OK,preferred_low_cadence_band,{age_s=0.0}
1191.0,GRADE,0,NEUTRAL,OK,flat_deadband,"{grade_raw=0.0, grade_display=0.0}"
1191.0,GEAR,WAIT,GRAY,NO_DATA,missing_gear,{}
1192.0,SPEED,24.0,NEUTRAL,OK,near_reference,"{reference_kmh=24.022429906542396, age_s=0.0}"
1192.0,POWER,160,NEUTRAL,OK,power_present,{age_s=0.0}
1192.0,HR,130,NEUTRAL,OK,hr_present,{age_s=0.0}
1192.0,CADENCE,65,GREEN,OK,preferred_low_cadence_band,{age_s=0.0}
1192.0,GRADE,0,NEUTRAL,OK,flat_deadband,"{grade_raw=0.0, grade_display=0.0}"
1192.0,GEAR,WAIT,GRAY,NO_DATA,missing_gear,{}
1193.0,SPEED,24.0,NEUTRAL,OK,near_reference,"{reference_kmh=24.022408963585775, age_s=0.0}"
1193.0,POWER,160,NEUTRAL,OK,power_present,{age_s=0.0}
1193.0,HR,130,NEUTRAL,OK,hr_present,{age_s=0.0}
1193.0,CADENCE,65,GREEN,OK,preferred_low_cadence_band,{age_s=0.0}
1193.0,GRADE,0,NEUTRAL,OK,flat_deadband,"{grade_raw=0.0, grade_display=0.0}"
1193.0,GEAR,WAIT,GRAY,NO_DATA,missing_gear,{}
1194.0,SPEED,24.0,NEUTRAL,OK,near_reference,"{reference_kmh=24.022388059701836, age_s=0.0}"
1194.0,POWER,160,NEUTRAL,OK,power_present,{age_s=0.0}
1194.0,HR,130,NEUTRAL,OK,hr_present,{age_s=0.0}
1194.0,CADENCE,65,GREEN,OK,preferred_low_cadence_band,{age_s=0.0}
1194.0,GRADE,0,NEUTRAL,OK,flat_deadband,"{grade_raw=0.0, grade_display=0.0}"
1194.0,GEAR,WAIT,GRAY,NO_DATA,missing_gear,{}
1195.0,SPEED,24.0,NEUTRAL,OK,near_reference,"{reference_kmh=24.022367194781328, age_s=0.0}"
1195.0,POWER,160,NEUTRAL,OK,power_present,{age_s=0.0}
1195.0,HR,130,NEUTRAL,OK,hr_present,{age_s=0.0}
1195.0,CADENCE,65,GREEN,OK,preferred_low_cadence_band,{age_s=0.0}
1195.0,GRADE,0,NEUTRAL,OK,flat_deadband,"{grade_raw=0.0, grade_display=0.0}"
1195.0,GEAR,WAIT,GRAY,NO_DATA,missing_gear,{}
1196.0,SPEED,24.0,NEUTRAL,OK,near_reference,"{reference_kmh=24.022346368715425, age_s=0.0}"
1196.0,POWER,160,NEUTRAL,OK,power_present,{age_s=0.0}
1196.0,HR,130,NEUTRAL,OK,hr_present,{age_s=0.0}
1196.0,CADENCE,65,GREEN,OK,preferred_low_cadence_band,{age_s=0.0}
1196.0,GRADE,0,NEUTRAL,OK,flat_deadband,"{grade_raw=0.0, grade_display=0.0}"
1196.0,GEAR,WAIT,GRAY,NO_DATA,missing_gear,{}
1197.0,SPEED,24.0,NEUTRAL,OK,near_reference,"{reference_kmh=24.022325581395695, age_s=0.0}"
1197.0,POWER,160,NEUTRAL,OK,power_present,{age_s=0.0}
1197.0,HR,130,NEUTRAL,OK,hr_present,{age_s=0.0}
1197.0,CADENCE,65,GREEN,OK,preferred_low_cadence_band,{age_s=0.0}
1197.0,GRADE,0,NEUTRAL,OK,flat_deadband,"{grade_raw=0.0, grade_display=0.0}"
1197.0,GEAR,WAIT,GRAY,NO_DATA,missing_gear,{}
1198.0,SPEED,24.0,NEUTRAL,OK,near_reference,"{reference_kmh=24.0223048327141, age_s=0.0}"
1198.0,POWER,160,NEUTRAL,OK,power_present,{age_s=0.0}
1198.0,HR,130,NEUTRAL,OK,hr_present,{age_s=0.0}
1198.0,CADENCE,65,GREEN,OK,preferred_low_cadence_band,{age_s=0.0}
1198.0,GRADE,0,NEUTRAL,OK,flat_deadband,"{grade_raw=0.0, grade_display=0.0}"
1198.0,GEAR,WAIT,GRAY,NO_DATA,missing_gear,{}
1199.0,SPEED,24.0,NEUTRAL,OK,near_reference,"{reference_kmh=24.022284122563015, age_s=0.0}"
1199.0,POWER,160,NEUTRAL,OK,power_present,{age_s=0.0}
1199.0,HR,130,NEUTRAL,OK,hr_present,{age_s=0.0}
1199.0,CADENCE,65,GREEN,OK,preferred_low_cadence_band,{age_s=0.0}
1199.0,GRADE,0,NEUTRAL,OK,flat_deadband,"{grade_raw=0.0, grade_display=0.0}"
1199.0,GEAR,WAIT,GRAY,NO_DATA,missing_gear,{}
1200.0,SPEED,24.0,NEUTRAL,OK,near_reference,"{reference_kmh=24.022263450835222, age_s=0.0}"
1200.0,POWER,160,NEUTRAL,OK,power_present,{age_s=0.0}
1200.0,HR,130,NEUTRAL,OK,hr_present,{age_s=0.0}
1200.0,CADENCE,65,GREEN,OK,preferred_low_cadence_band,{age_s=0.0}
1200.0,GRADE,0,NEUTRAL,OK,flat_deadband,"{grade_raw=0.0, grade_display=0.0}"
1200.0,GEAR,WAIT,GRAY,NO_DATA,missing_gear,{}
1201.0,SPEED,24.0,NEUTRAL,OK,near_reference,"{reference_kmh=24.022242817423887, age_s=0.0}"
1201.0,POWER,160,NEUTRAL,OK,power_present,{age_s=0.0}
1201.0,HR,130,NEUTRAL,OK,hr_present,{age_s=0.0}
1201.0,CADENCE,65,GREEN,OK,preferred_low_cadence_band,{age_s=0.0}
1201.0,GRADE,0,NEUTRAL,OK,flat_deadband,"{grade_raw=0.0, grade_display=0.0}"
1201.0,GEAR,WAIT,GRAY,NO_DATA,missing_gear,{}
1202.0,SPEED,24.0,NEUTRAL,OK,near_reference,"{reference_kmh=24.02222222222257, age_s=0.0}"
1202.0,POWER,160,NEUTRAL,OK,power_present,{age_s=0.0}
1202.0,HR,130,NEUTRAL,OK,hr_present,{age_s=0.0}
1202.0,CADENCE,65,GREEN,OK,preferred_low_cadence_band,{age_s=0.0}
1202.0,GRADE,0,NEUTRAL,OK,flat_deadband,"{grade_raw=0.0, grade_display=0.0}"
1202.0,GEAR,WAIT,GRAY,NO_DATA,missing_gear,{}
1203.0,SPEED,24.0,NEUTRAL,OK,near_reference,"{reference_kmh=24.022201665125234, age_s=0.0}"
1203.0,POWER,160,NEUTRAL,OK,power_present,{age_s=0.0}
1203.0,HR,130,NEUTRAL,OK,hr_present,{age_s=0.0}
1203.0,CADENCE,65,GREEN,OK,preferred_low_cadence_band,{age_s=0.0}
1203.0,GRADE,0,NEUTRAL,OK,flat_deadband,"{grade_raw=0.0, grade_display=0.0}"
1203.0,GEAR,WAIT,GRAY,NO_DATA,missing_gear,{}
1204.0,SPEED,24.0,NEUTRAL,OK,near_reference,"{reference_kmh=24.022181146026224, age_s=0.0}"
1204.0,POWER,160,NEUTRAL,OK,power_present,{age_s=0.0}
1204.0,HR,130,NEUTRAL,OK,hr_present,{age_s=0.0}
1204.0,CADENCE,65,GREEN,OK,preferred_low_cadence_band,{age_s=0.0}
1204.0,GRADE,0,NEUTRAL,OK,flat_deadband,"{grade_raw=0.0, grade_display=0.0}"
1204.0,GEAR,WAIT,GRAY,NO_DATA,missing_gear,{}
1205.0,SPEED,24.0,NEUTRAL,OK,near_reference,"{reference_kmh=24.02216066482029, age_s=0.0}"
1205.0,POWER,160,NEUTRAL,OK,power_present,{age_s=0.0}
1205.0,HR,130,NEUTRAL,OK,hr_present,{age_s=0.0}
1205.0,CADENCE,65,GREEN,OK,preferred_low_cadence_band,{age_s=0.0}
1205.0,GRADE,0,NEUTRAL,OK,flat_deadband,"{grade_raw=0.0, grade_display=0.0}"
1205.0,GEAR,WAIT,GRAY,NO_DATA,missing_gear,{}
1206.0,SPEED,24.0,NEUTRAL,OK,near_reference,"{reference_kmh=24.022140221402562, age_s=0.0}"
1206.0,POWER,160,NEUTRAL,OK,power_present,{age_s=0.0}
1206.0,HR,130,NEUTRAL,OK,hr_present,{age_s=0.0}
1206.0,CADENCE,65,GREEN,OK,preferred_low_cadence_band,{age_s=0.0}
1206.0,GRADE,0,NEUTRAL,OK,flat_deadband,"{grade_raw=0.0, grade_display=0.0}"
1206.0,GEAR,WAIT,GRAY,NO_DATA,missing_gear,{}
1207.0,SPEED,24.0,NEUTRAL,OK,near_reference,"{reference_kmh=24.022119815668557, age_s=0.0}"
1207.0,POWER,160,NEUTRAL,OK,power_present,{age_s=0.0}
1207.0,HR,130,NEUTRAL,OK,hr_present,{age_s=0.0}
1207.0,CADENCE,65,GREEN,OK,preferred_low_cadence_band,{age_s=0.0}
1207.0,GRADE,0,NEUTRAL,OK,flat_deadband,"{grade_raw=0.0, grade_display=0.0}"
1207.0,GEAR,WAIT,GRAY,NO_DATA,missing_gear,{}
1208.0,SPEED,24.0,NEUTRAL,OK,near_reference,"{reference_kmh=24.02209944751416, age_s=0.0}"
1208.0,POWER,160,NEUTRAL,OK,power_present,{age_s=0.0}
1208.0,HR,130,NEUTRAL,OK,hr_present,{age_s=0.0}
1208.0,CADENCE,65,GREEN,OK,preferred_low_cadence_band,{age_s=0.0}
1208.0,GRADE,0,NEUTRAL,OK,flat_deadband,"{grade_raw=0.0, grade_display=0.0}"
1208.0,GEAR,WAIT,GRAY,NO_DATA,missing_gear,{}
1209.0,SPEED,24.0,NEUTRAL,OK,near_reference,"{reference_kmh=24.022079116835677, age_s=0.0}"
1209.0,POWER,160,NEUTRAL,OK,power_present,{age_s=0.0}
1209.0,HR,130,NEUTRAL,OK,hr_present,{age_s=0.0}
1209.0,CADENCE,65,GREEN,OK,preferred_low_cadence_band,{age_s=0.0}
1209.0,GRADE,0,NEUTRAL,OK,flat_deadband,"{grade_raw=0.0, grade_display=0.0}"
1209.0,GEAR,WAIT,GRAY,NO_DATA,missing_gear,{}
1210.0,SPEED,24.0,NEUTRAL,OK,near_reference,"{reference_kmh=24.022058823529765, age_s=0.0}"
1210.0,POWER,160,NEUTRAL,OK,power_present,{age_s=0.0}
1210.0,HR,130,NEUTRAL,OK,hr_present,{age_s=0.0}
1210.0,CADENCE,65,GREEN,OK,preferred_low_cadence_band,{age_s=0.0}
1210.0,GRADE,0,NEUTRAL,OK,flat_deadband,"{grade_raw=0.0, grade_display=0.0}"
1210.0,GEAR,WAIT,GRAY,NO_DATA,missing_gear,{}
1211.0,SPEED,24.0,NEUTRAL,OK,near_reference,"{reference_kmh=24.022038567493468, age_s=0.0}"
1211.0,POWER,160,NEUTRAL,OK,power_present,{age_s=0.0}
1211.0,HR,130,NEUTRAL,OK,hr_present,{age_s=0.0}
1211.0,CADENCE,65,GREEN,OK,preferred_low_cadence_band,{age_s=0.0}
1211.0,GRADE,0,NEUTRAL,OK,flat_deadband,"{grade_raw=0.0, grade_display=0.0}"
1211.0,GEAR,WAIT,GRAY,NO_DATA,missing_gear,{}
1212.0,SPEED,24.0,NEUTRAL,OK,near_reference,"{reference_kmh=24.022018348624208, age_s=0.0}"
1212.0,POWER,160,NEUTRAL,OK,power_present,{age_s=0.0}
1212.0,HR,130,NEUTRAL,OK,hr_present,{age_s=0.0}
1212.0,CADENCE,65,GREEN,OK,preferred_low_cadence_band,{age_s=0.0}
1212.0,GRADE,0,NEUTRAL,OK,flat_deadband,"{grade_raw=0.0, grade_display=0.0}"
1212.0,GEAR,WAIT,GRAY,NO_DATA,missing_gear,{}
1213.0,SPEED,24.0,NEUTRAL,OK,near_reference,"{reference_kmh=24.021998166819785, age_s=0.0}"
1213.0,POWER,160,NEUTRAL,OK,power_present,{age_s=0.0}
1213.0,HR,130,NEUTRAL,OK,hr_present,{age_s=0.0}
1213.0,CADENCE,65,GREEN,OK,preferred_low_cadence_band,{age_s=0.0}
1213.0,GRADE,0,NEUTRAL,OK,flat_deadband,"{grade_raw=0.0, grade_display=0.0}"
1213.0,GEAR,WAIT,GRAY,NO_DATA,missing_gear,{}
1214.0,SPEED,24.0,NEUTRAL,OK,near_reference,"{reference_kmh=24.021978021978377, age_s=0.0}"
1214.0,POWER,160,NEUTRAL,OK,power_present,{age_s=0.0}
1214.0,HR,130,NEUTRAL,OK,hr_present,{age_s=0.0}
1214.0,CADENCE,65,GREEN,OK,preferred_low_cadence_band,{age_s=0.0}
1214.0,GRADE,0,NEUTRAL,OK,flat_deadband,"{grade_raw=0.0, grade_display=0.0}"
1214.0,GEAR,WAIT,GRAY,NO_DATA,missing_gear,{}
1215.0,SPEED,24.0,NEUTRAL,OK,near_reference,"{reference_kmh=24.021957913998527, age_s=0.0}"
1215.0,POWER,160,NEUTRAL,OK,power_present,{age_s=0.0}
1215.0,HR,130,NEUTRAL,OK,hr_present,{age_s=0.0}
1215.0,CADENCE,65,GREEN,OK,preferred_low_cadence_band,{age_s=0.0}
1215.0,GRADE,0,NEUTRAL,OK,flat_deadband,"{grade_raw=0.0, grade_display=0.0}"
1215.0,GEAR,WAIT,GRAY,NO_DATA,missing_gear,{}
1216.0,SPEED,24.0,NEUTRAL,OK,near_reference,"{reference_kmh=24.02193784277915, age_s=0.0}"
1216.0,POWER,160,NEUTRAL,OK,power_present,{age_s=0.0}
1216.0,HR,130,NEUTRAL,OK,hr_present,{age_s=0.0}
1216.0,CADENCE,65,GREEN,OK,preferred_low_cadence_band,{age_s=0.0}
1216.0,GRADE,0,NEUTRAL,OK,flat_deadband,"{grade_raw=0.0, grade_display=0.0}"
1216.0,GEAR,WAIT,GRAY,NO_DATA,missing_gear,{}
1217.0,SPEED,24.0,NEUTRAL,OK,near_reference,"{reference_kmh=24.021917808219538, age_s=0.0}"
1217.0,POWER,160,NEUTRAL,OK,power_present,{age_s=0.0}
1217.0,HR,130,NEUTRAL,OK,hr_present,{age_s=0.0}
1217.0,CADENCE,65,GREEN,OK,preferred_low_cadence_band,{age_s=0.0}
1217.0,GRADE,0,NEUTRAL,OK,flat_deadband,"{grade_raw=0.0, grade_display=0.0}"
1217.0,GEAR,WAIT,GRAY,NO_DATA,missing_gear,{}
1218.0,SPEED,24.0,NEUTRAL,OK,near_reference,"{reference_kmh=24.021897810219333, age_s=0.0}"
1218.0,POWER,160,NEUTRAL,OK,power_present,{age_s=0.0}
1218.0,HR,130,NEUTRAL,OK,hr_present,{age_s=0.0}
1218.0,CADENCE,65,GREEN,OK,preferred_low_cadence_band,{age_s=0.0}
1218.0,GRADE,0,NEUTRAL,OK,flat_deadband,"{grade_raw=0.0, grade_display=0.0}"
1218.0,GEAR,WAIT,GRAY,NO_DATA,missing_gear,{}
1219.0,SPEED,24.0,NEUTRAL,OK,near_reference,"{reference_kmh=24.02187784867857, age_s=0.0}"
1219.0,POWER,160,NEUTRAL,OK,power_present,{age_s=0.0}
1219.0,HR,130,NEUTRAL,OK,hr_present,{age_s=0.0}
1219.0,CADENCE,65,GREEN,OK,preferred_low_cadence_band,{age_s=0.0}
1219.0,GRADE,0,NEUTRAL,OK,flat_deadband,"{grade_raw=0.0, grade_display=0.0}"
1219.0,GEAR,WAIT,GRAY,NO_DATA,missing_gear,{}
1220.0,SPEED,24.0,NEUTRAL,OK,near_reference,"{reference_kmh=24.021857923497627, age_s=0.0}"
1220.0,POWER,160,NEUTRAL,OK,power_present,{age_s=0.0}
1220.0,HR,130,NEUTRAL,OK,hr_present,{age_s=0.0}
1220.0,CADENCE,65,GREEN,OK,preferred_low_cadence_band,{age_s=0.0}
1220.0,GRADE,0,NEUTRAL,OK,flat_deadband,"{grade_raw=0.0, grade_display=0.0}"
1220.0,GEAR,WAIT,GRAY,NO_DATA,missing_gear,{}
1221.0,SPEED,24.0,NEUTRAL,OK,near_reference,"{reference_kmh=24.02183803457725, age_s=0.0}"
1221.0,POWER,160,NEUTRAL,OK,power_present,{age_s=0.0}
1221.0,HR,130,NEUTRAL,OK,hr_present,{age_s=0.0}
1221.0,CADENCE,65,GREEN,OK,preferred_low_cadence_band,{age_s=0.0}
1221.0,GRADE,0,NEUTRAL,OK,flat_deadband,"{grade_raw=0.0, grade_display=0.0}"
1221.0,GEAR,WAIT,GRAY,NO_DATA,missing_gear,{}
1222.0,SPEED,24.0,NEUTRAL,OK,near_reference,"{reference_kmh=24.02181818181854, age_s=0.0}"
1222.0,POWER,160,NEUTRAL,OK,power_present,{age_s=0.0}
1222.0,HR,130,NEUTRAL,OK,hr_present,{age_s=0.0}
1222.0,CADENCE,65,GREEN,OK,preferred_low_cadence_band,{age_s=0.0}
1222.0,GRADE,0,NEUTRAL,OK,flat_deadband,"{grade_raw=0.0, grade_display=0.0}"
1222.0,GEAR,WAIT,GRAY,NO_DATA,missing_gear,{}
1223.0,SPEED,24.0,NEUTRAL,OK,near_reference,"{reference_kmh=24.021798365122976, age_s=0.0}"
1223.0,POWER,160,NEUTRAL,OK,power_present,{age_s=0.0}
1223.0,HR,130,NEUTRAL,OK,hr_present,{age_s=0.0}
1223.0,CADENCE,65,GREEN,OK,preferred_low_cadence_band,{age_s=0.0}
1223.0,GRADE,0,NEUTRAL,OK,flat_deadband,"{grade_raw=0.0, grade_display=0.0}"
1223.0,GEAR,WAIT,GRAY,NO_DATA,missing_gear,{}
1224.0,SPEED,24.0,NEUTRAL,OK,near_reference,"{reference_kmh=24.021778584392376, age_s=0.0}"
1224.0,POWER,160,NEUTRAL,OK,power_present,{age_s=0.0}
1224.0,HR,130,NEUTRAL,OK,hr_present,{age_s=0.0}
1224.0,CADENCE,65,GREEN,OK,preferred_low_cadence_band,{age_s=0.0}
1224.0,GRADE,0,NEUTRAL,OK,flat_deadband,"{grade_raw=0.0, grade_display=0.0}"
1224.0,GEAR,WAIT,GRAY,NO_DATA,missing_gear,{}
1225.0,SPEED,24.0,NEUTRAL,OK,near_reference,"{reference_kmh=24.02175883952892, age_s=0.0}"
1225.0,POWER,160,NEUTRAL,OK,power_present,{age_s=0.0}
1225.0,HR,130,NEUTRAL,OK,hr_present,{age_s=0.0}
1225.0,CADENCE,65,GREEN,OK,preferred_low_cadence_band,{age_s=0.0}
1225.0,GRADE,0,NEUTRAL,OK,flat_deadband,"{grade_raw=0.0, grade_display=0.0}"
1225.0,GEAR,WAIT,GRAY,NO_DATA,missing_gear,{}
1226.0,SPEED,24.0,NEUTRAL,OK,near_reference,"{reference_kmh=24.021739130435147, age_s=0.0}"
1226.0,POWER,160,NEUTRAL,OK,power_present,{age_s=0.0}
1226.0,HR,130,NEUTRAL,OK,hr_present,{age_s=0.0}
1226.0,CADENCE,65,GREEN,OK,preferred_low_cadence_band,{age_s=0.0}
1226.0,GRADE,0,NEUTRAL,OK,flat_deadband,"{grade_raw=0.0, grade_display=0.0}"
1226.0,GEAR,WAIT,GRAY,NO_DATA,missing_gear,{}
1227.0,SPEED,24.0,NEUTRAL,OK,near_reference,"{reference_kmh=24.021719457013937, age_s=0.0}"
1227.0,POWER,160,NEUTRAL,OK,power_present,{age_s=0.0}
1227.0,HR,130,NEUTRAL,OK,hr_present,{age_s=0.0}
1227.0,CADENCE,65,GREEN,OK,preferred_low_cadence_band,{age_s=0.0}
1227.0,GRADE,0,NEUTRAL,OK,flat_deadband,"{grade_raw=0.0, grade_display=0.0}"
1227.0,GEAR,WAIT,GRAY,NO_DATA,missing_gear,{}
1228.0,SPEED,24.0,NEUTRAL,OK,near_reference,"{reference_kmh=24.021699819168536, age_s=0.0}"
1228.0,POWER,160,NEUTRAL,OK,power_present,{age_s=0.0}
1228.0,HR,130,NEUTRAL,OK,hr_present,{age_s=0.0}
1228.0,CADENCE,65,GREEN,OK,preferred_low_cadence_band,{age_s=0.0}
1228.0,GRADE,0,NEUTRAL,OK,flat_deadband,"{grade_raw=0.0, grade_display=0.0}"
1228.0,GEAR,WAIT,GRAY,NO_DATA,missing_gear,{}
1229.0,SPEED,24.0,NEUTRAL,OK,near_reference,"{reference_kmh=24.021680216802533, age_s=0.0}"
1229.0,POWER,160,NEUTRAL,OK,power_present,{age_s=0.0}
1229.0,HR,130,NEUTRAL,OK,hr_present,{age_s=0.0}
1229.0,CADENCE,65,GREEN,OK,preferred_low_cadence_band,{age_s=0.0}
1229.0,GRADE,0,NEUTRAL,OK,flat_deadband,"{grade_raw=0.0, grade_display=0.0}"
1229.0,GEAR,WAIT,GRAY,NO_DATA,missing_gear,{}
1230.0,SPEED,24.0,NEUTRAL,OK,near_reference,"{reference_kmh=24.02166064981986, age_s=0.0}"
1230.0,POWER,160,NEUTRAL,OK,power_present,{age_s=0.0}
1230.0,HR,130,NEUTRAL,OK,hr_present,{age_s=0.0}
1230.0,CADENCE,65,GREEN,OK,preferred_low_cadence_band,{age_s=0.0}
1230.0,GRADE,0,NEUTRAL,OK,flat_deadband,"{grade_raw=0.0, grade_display=0.0}"
1230.0,GEAR,WAIT,GRAY,NO_DATA,missing_gear,{}
1231.0,SPEED,24.0,NEUTRAL,OK,near_reference,"{reference_kmh=24.0216411181248, age_s=0.0}"
1231.0,POWER,160,NEUTRAL,OK,power_present,{age_s=0.0}
1231.0,HR,130,NEUTRAL,OK,hr_present,{age_s=0.0}
1231.0,CADENCE,65,GREEN,OK,preferred_low_cadence_band,{age_s=0.0}
1231.0,GRADE,0,NEUTRAL,OK,flat_deadband,"{grade_raw=0.0, grade_display=0.0}"
1231.0,GEAR,WAIT,GRAY,NO_DATA,missing_gear,{}
1232.0,SPEED,24.0,NEUTRAL,OK,near_reference,"{reference_kmh=24.02162162162199, age_s=0.0}"
1232.0,POWER,160,NEUTRAL,OK,power_present,{age_s=0.0}
1232.0,HR,130,NEUTRAL,OK,hr_present,{age_s=0.0}
1232.0,CADENCE,65,GREEN,OK,preferred_low_cadence_band,{age_s=0.0}
1232.0,GRADE,0,NEUTRAL,OK,flat_deadband,"{grade_raw=0.0, grade_display=0.0}"
1232.0,GEAR,WAIT,GRAY,NO_DATA,missing_gear,{}
1233.0,SPEED,24.0,NEUTRAL,OK,near_reference,"{reference_kmh=24.02160216021639, age_s=0.0}"
1233.0,POWER,160,NEUTRAL,OK,power_present,{age_s=0.0}
1233.0,HR,130,NEUTRAL,OK,hr_present,{age_s=0.0}
1233.0,CADENCE,65,GREEN,OK,preferred_low_cadence_band,{age_s=0.0}
1233.0,GRADE,0,NEUTRAL,OK,flat_deadband,"{grade_raw=0.0, grade_display=0.0}"
1233.0,GEAR,WAIT,GRAY,NO_DATA,missing_gear,{}
1234.0,SPEED,24.0,NEUTRAL,OK,near_reference,"{reference_kmh=24.021582733813318, age_s=0.0}"
1234.0,POWER,160,NEUTRAL,OK,power_present,{age_s=0.0}
1234.0,HR,130,NEUTRAL,OK,hr_present,{age_s=0.0}
1234.0,CADENCE,65,GREEN,OK,preferred_low_cadence_band,{age_s=0.0}
1234.0,GRADE,0,NEUTRAL,OK,flat_deadband,"{grade_raw=0.0, grade_display=0.0}"
1234.0,GEAR,WAIT,GRAY,NO_DATA,missing_gear,{}
1235.0,SPEED,24.0,NEUTRAL,OK,near_reference,"{reference_kmh=24.02156334231843, age_s=0.0}"
1235.0,POWER,160,NEUTRAL,OK,power_present,{age_s=0.0}
1235.0,HR,130,NEUTRAL,OK,hr_present,{age_s=0.0}
1235.0,CADENCE,65,GREEN,OK,preferred_low_cadence_band,{age_s=0.0}
1235.0,GRADE,0,NEUTRAL,OK,flat_deadband,"{grade_raw=0.0, grade_display=0.0}"
1235.0,GEAR,WAIT,GRAY,NO_DATA,missing_gear,{}
1236.0,SPEED,24.0,NEUTRAL,OK,near_reference,"{reference_kmh=24.02154398563771, age_s=0.0}"
1236.0,POWER,160,NEUTRAL,OK,power_present,{age_s=0.0}
1236.0,HR,130,NEUTRAL,OK,hr_present,{age_s=0.0}
1236.0,CADENCE,65,GREEN,OK,preferred_low_cadence_band,{age_s=0.0}
1236.0,GRADE,0,NEUTRAL,OK,flat_deadband,"{grade_raw=0.0, grade_display=0.0}"
1236.0,GEAR,WAIT,GRAY,NO_DATA,missing_gear,{}
1237.0,SPEED,24.0,NEUTRAL,OK,near_reference,"{reference_kmh=24.0215246636775, age_s=0.0}"
1237.0,POWER,160,NEUTRAL,OK,power_present,{age_s=0.0}
1237.0,HR,130,NEUTRAL,OK,hr_present,{age_s=0.0}
1237.0,CADENCE,65,GREEN,OK,preferred_low_cadence_band,{age_s=0.0}
1237.0,GRADE,0,NEUTRAL,OK,flat_deadband,"{grade_raw=0.0, grade_display=0.0}"
1237.0,GEAR,WAIT,GRAY,NO_DATA,missing_gear,{}
1238.0,SPEED,24.0,NEUTRAL,OK,near_reference,"{reference_kmh=24.021505376344457, age_s=0.0}"
1238.0,POWER,160,NEUTRAL,OK,power_present,{age_s=0.0}
1238.0,HR,130,NEUTRAL,OK,hr_present,{age_s=0.0}
1238.0,CADENCE,65,GREEN,OK,preferred_low_cadence_band,{age_s=0.0}
1238.0,GRADE,0,NEUTRAL,OK,flat_deadband,"{grade_raw=0.0, grade_display=0.0}"
1238.0,GEAR,WAIT,GRAY,NO_DATA,missing_gear,{}
1239.0,SPEED,24.0,NEUTRAL,OK,near_reference,"{reference_kmh=24.021486123545582, age_s=0.0}"
1239.0,POWER,160,NEUTRAL,OK,power_present,{age_s=0.0}
1239.0,HR,130,NEUTRAL,OK,hr_present,{age_s=0.0}
1239.0,CADENCE,65,GREEN,OK,preferred_low_cadence_band,{age_s=0.0}
1239.0,GRADE,0,NEUTRAL,OK,flat_deadband,"{grade_raw=0.0, grade_display=0.0}"
1239.0,GEAR,WAIT,GRAY,NO_DATA,missing_gear,{}
1240.0,SPEED,24.0,NEUTRAL,OK,near_reference,"{reference_kmh=24.02146690518821, age_s=0.0}"
1240.0,POWER,160,NEUTRAL,OK,power_present,{age_s=0.0}
1240.0,HR,130,NEUTRAL,OK,hr_present,{age_s=0.0}
1240.0,CADENCE,65,GREEN,OK,preferred_low_cadence_band,{age_s=0.0}
1240.0,GRADE,0,NEUTRAL,OK,flat_deadband,"{grade_raw=0.0, grade_display=0.0}"
1240.0,GEAR,WAIT,GRAY,NO_DATA,missing_gear,{}
1241.0,SPEED,24.0,NEUTRAL,OK,near_reference,"{reference_kmh=24.021447721179996, age_s=0.0}"
1241.0,POWER,160,NEUTRAL,OK,power_present,{age_s=0.0}
1241.0,HR,130,NEUTRAL,OK,hr_present,{age_s=0.0}
1241.0,CADENCE,65,GREEN,OK,preferred_low_cadence_band,{age_s=0.0}
1241.0,GRADE,0,NEUTRAL,OK,flat_deadband,"{grade_raw=0.0, grade_display=0.0}"
1241.0,GEAR,WAIT,GRAY,NO_DATA,missing_gear,{}
1242.0,SPEED,24.0,NEUTRAL,OK,near_reference,"{reference_kmh=24.02142857142894, age_s=0.0}"
1242.0,POWER,160,NEUTRAL,OK,power_present,{age_s=0.0}
1242.0,HR,130,NEUTRAL,OK,hr_present,{age_s=0.0}
1242.0,CADENCE,65,GREEN,OK,preferred_low_cadence_band,{age_s=0.0}
1242.0,GRADE,0,NEUTRAL,OK,flat_deadband,"{grade_raw=0.0, grade_display=0.0}"
1242.0,GEAR,WAIT,GRAY,NO_DATA,missing_gear,{}
1243.0,SPEED,24.0,NEUTRAL,OK,near_reference,"{reference_kmh=24.021409455843372, age_s=0.0}"
1243.0,POWER,160,NEUTRAL,OK,power_present,{age_s=0.0}
1243.0,HR,130,NEUTRAL,OK,hr_present,{age_s=0.0}
1243.0,CADENCE,65,GREEN,OK,preferred_low_cadence_band,{age_s=0.0}
1243.0,GRADE,0,NEUTRAL,OK,flat_deadband,"{grade_raw=0.0, grade_display=0.0}"
1243.0,GEAR,WAIT,GRAY,NO_DATA,missing_gear,{}
1244.0,SPEED,24.0,NEUTRAL,OK,near_reference,"{reference_kmh=24.021390374331926, age_s=0.0}"
1244.0,POWER,160,NEUTRAL,OK,power_present,{age_s=0.0}
1244.0,HR,130,NEUTRAL,OK,hr_present,{age_s=0.0}
1244.0,CADENCE,65,GREEN,OK,preferred_low_cadence_band,{age_s=0.0}
1244.0,GRADE,0,NEUTRAL,OK,flat_deadband,"{grade_raw=0.0, grade_display=0.0}"
1244.0,GEAR,WAIT,GRAY,NO_DATA,missing_gear,{}
1245.0,SPEED,24.0,NEUTRAL,OK,near_reference,"{reference_kmh=24.02137132680358, age_s=0.0}"
1245.0,POWER,160,NEUTRAL,OK,power_present,{age_s=0.0}
1245.0,HR,130,NEUTRAL,OK,hr_present,{age_s=0.0}
1245.0,CADENCE,65,GREEN,OK,preferred_low_cadence_band,{age_s=0.0}
1245.0,GRADE,0,NEUTRAL,OK,flat_deadband,"{grade_raw=0.0, grade_display=0.0}"
1245.0,GEAR,WAIT,GRAY,NO_DATA,missing_gear,{}
1246.0,SPEED,24.0,NEUTRAL,OK,near_reference,"{reference_kmh=24.021352313167636, age_s=0.0}"
1246.0,POWER,160,NEUTRAL,OK,power_present,{age_s=0.0}
1246.0,HR,130,NEUTRAL,OK,hr_present,{age_s=0.0}
1246.0,CADENCE,65,GREEN,OK,preferred_low_cadence_band,{age_s=0.0}
1246.0,GRADE,0,NEUTRAL,OK,flat_deadband,"{grade_raw=0.0, grade_display=0.0}"
1246.0,GEAR,WAIT,GRAY,NO_DATA,missing_gear,{}
1247.0,SPEED,24.0,NEUTRAL,OK,near_reference,"{reference_kmh=24.021333333333708, age_s=0.0}"
1247.0,POWER,160,NEUTRAL,OK,power_present,{age_s=0.0}
1247.0,HR,130,NEUTRAL,OK,hr_present,{age_s=0.0}
1247.0,CADENCE,65,GREEN,OK,preferred_low_cadence_band,{age_s=0.0}
1247.0,GRADE,0,NEUTRAL,OK,flat_deadband,"{grade_raw=0.0, grade_display=0.0}"
1247.0,GEAR,WAIT,GRAY,NO_DATA,missing_gear,{}
1248.0,SPEED,24.0,NEUTRAL,OK,near_reference,"{reference_kmh=24.021314387211746, age_s=0.0}"
1248.0,POWER,160,NEUTRAL,OK,power_present,{age_s=0.0}
1248.0,HR,130,NEUTRAL,OK,hr_present,{age_s=0.0}
1248.0,CADENCE,65,GREEN,OK,preferred_low_cadence_band,{age_s=0.0}
1248.0,GRADE,0,NEUTRAL,OK,flat_deadband,"{grade_raw=0.0, grade_display=0.0}"
1248.0,GEAR,WAIT,GRAY,NO_DATA,missing_gear,{}
1249.0,SPEED,24.0,NEUTRAL,OK,near_reference,"{reference_kmh=24.021295474712005, age_s=0.0}"
1249.0,POWER,160,NEUTRAL,OK,power_present,{age_s=0.0}
1249.0,HR,130,NEUTRAL,OK,hr_present,{age_s=0.0}
1249.0,CADENCE,65,GREEN,OK,preferred_low_cadence_band,{age_s=0.0}
1249.0,GRADE,0,NEUTRAL,OK,flat_deadband,"{grade_raw=0.0, grade_display=0.0}"
1249.0,GEAR,WAIT,GRAY,NO_DATA,missing_gear,{}
1250.0,SPEED,24.0,NEUTRAL,OK,near_reference,"{reference_kmh=24.021276595745057, age_s=0.0}"
1250.0,POWER,160,NEUTRAL,OK,power_present,{age_s=0.0}
1250.0,HR,130,NEUTRAL,OK,hr_present,{age_s=0.0}
1250.0,CADENCE,65,GREEN,OK,preferred_low_cadence_band,{age_s=0.0}
1250.0,GRADE,0,NEUTRAL,OK,flat_deadband,"{grade_raw=0.0, grade_display=0.0}"
1250.0,GEAR,WAIT,GRAY,NO_DATA,missing_gear,{}
1251.0,SPEED,24.0,NEUTRAL,OK,near_reference,"{reference_kmh=24.021257750221814, age_s=0.0}"
1251.0,POWER,160,NEUTRAL,OK,power_present,{age_s=0.0}
1251.0,HR,130,NEUTRAL,OK,hr_present,{age_s=0.0}
1251.0,CADENCE,65,GREEN,OK,preferred_low_cadence_band,{age_s=0.0}
1251.0,GRADE,0,NEUTRAL,OK,flat_deadband,"{grade_raw=0.0, grade_display=0.0}"
1251.0,GEAR,WAIT,GRAY,NO_DATA,missing_gear,{}
1252.0,SPEED,24.0,NEUTRAL,OK,near_reference,"{reference_kmh=24.02123893805348, age_s=0.0}"
1252.0,POWER,160,NEUTRAL,OK,power_present,{age_s=0.0}
1252.0,HR,130,NEUTRAL,OK,hr_present,{age_s=0.0}
1252.0,CADENCE,65,GREEN,OK,preferred_low_cadence_band,{age_s=0.0}
1252.0,GRADE,0,NEUTRAL,OK,flat_deadband,"{grade_raw=0.0, grade_display=0.0}"
1252.0,GEAR,WAIT,GRAY,NO_DATA,missing_gear,{}
1253.0,SPEED,24.0,NEUTRAL,OK,near_reference,"{reference_kmh=24.021220159151575, age_s=0.0}"
1253.0,POWER,160,NEUTRAL,OK,power_present,{age_s=0.0}
1253.0,HR,130,NEUTRAL,OK,hr_present,{age_s=0.0}
1253.0,CADENCE,65,GREEN,OK,preferred_low_cadence_band,{age_s=0.0}
1253.0,GRADE,0,NEUTRAL,OK,flat_deadband,"{grade_raw=0.0, grade_display=0.0}"
1253.0,GEAR,WAIT,GRAY,NO_DATA,missing_gear,{}
1254.0,SPEED,24.0,NEUTRAL,OK,near_reference,"{reference_kmh=24.02120141342794, age_s=0.0}"
1254.0,POWER,160,NEUTRAL,OK,power_present,{age_s=0.0}
1254.0,HR,130,NEUTRAL,OK,hr_present,{age_s=0.0}
1254.0,CADENCE,65,GREEN,OK,preferred_low_cadence_band,{age_s=0.0}
1254.0,GRADE,0,NEUTRAL,OK,flat_deadband,"{grade_raw=0.0, grade_display=0.0}"
1254.0,GEAR,WAIT,GRAY,NO_DATA,missing_gear,{}
1255.0,SPEED,24.0,NEUTRAL,OK,near_reference,"{reference_kmh=24.021182700794732, age_s=0.0}"
1255.0,POWER,160,NEUTRAL,OK,power_present,{age_s=0.0}
1255.0,HR,130,NEUTRAL,OK,hr_present,{age_s=0.0}
1255.0,CADENCE,65,GREEN,OK,preferred_low_cadence_band,{age_s=0.0}
1255.0,GRADE,0,NEUTRAL,OK,flat_deadband,"{grade_raw=0.0, grade_display=0.0}"
1255.0,GEAR,WAIT,GRAY,NO_DATA,missing_gear,{}
1256.0,SPEED,24.0,NEUTRAL,OK,near_reference,"{reference_kmh=24.021164021164402, age_s=0.0}"
1256.0,POWER,160,NEUTRAL,OK,power_present,{age_s=0.0}
1256.0,HR,130,NEUTRAL,OK,hr_present,{age_s=0.0}
1256.0,CADENCE,65,GREEN,OK,preferred_low_cadence_band,{age_s=0.0}
1256.0,GRADE,0,NEUTRAL,OK,flat_deadband,"{grade_raw=0.0, grade_display=0.0}"
1256.0,GEAR,WAIT,GRAY,NO_DATA,missing_gear,{}
1257.0,SPEED,24.0,NEUTRAL,OK,near_reference,"{reference_kmh=24.021145374449723, age_s=0.0}"
1257.0,POWER,160,NEUTRAL,OK,power_present,{age_s=0.0}
1257.0,HR,130,NEUTRAL,OK,hr_present,{age_s=0.0}
1257.0,CADENCE,65,GREEN,OK,preferred_low_cadence_band,{age_s=0.0}
1257.0,GRADE,0,NEUTRAL,OK,flat_deadband,"{grade_raw=0.0, grade_display=0.0}"
1257.0,GEAR,WAIT,GRAY,NO_DATA,missing_gear,{}
1258.0,SPEED,24.0,NEUTRAL,OK,near_reference,"{reference_kmh=24.021126760563764, age_s=0.0}"
1258.0,POWER,160,NEUTRAL,OK,power_present,{age_s=0.0}
1258.0,HR,130,NEUTRAL,OK,hr_present,{age_s=0.0}
1258.0,CADENCE,65,GREEN,OK,preferred_low_cadence_band,{age_s=0.0}
1258.0,GRADE,0,NEUTRAL,OK,flat_deadband,"{grade_raw=0.0, grade_display=0.0}"
1258.0,GEAR,WAIT,GRAY,NO_DATA,missing_gear,{}
1259.0,SPEED,24.0,NEUTRAL,OK,near_reference,"{reference_kmh=24.021108179419908, age_s=0.0}"
1259.0,POWER,160,NEUTRAL,OK,power_present,{age_s=0.0}
1259.0,HR,130,NEUTRAL,OK,hr_present,{age_s=0.0}
1259.0,CADENCE,65,GREEN,OK,preferred_low_cadence_band,{age_s=0.0}
1259.0,GRADE,0,NEUTRAL,OK,flat_deadband,"{grade_raw=0.0, grade_display=0.0}"
1259.0,GEAR,WAIT,GRAY,NO_DATA,missing_gear,{}
1260.0,SPEED,24.0,NEUTRAL,OK,near_reference,"{reference_kmh=24.02108963093184, age_s=0.0}"
1260.0,POWER,160,NEUTRAL,OK,power_present,{age_s=0.0}
1260.0,HR,130,NEUTRAL,OK,hr_present,{age_s=0.0}
1260.0,CADENCE,65,GREEN,OK,preferred_low_cadence_band,{age_s=0.0}
1260.0,GRADE,0,NEUTRAL,OK,flat_deadband,"{grade_raw=0.0, grade_display=0.0}"
1260.0,GEAR,WAIT,GRAY,NO_DATA,missing_gear,{}
1261.0,SPEED,24.0,NEUTRAL,OK,near_reference,"{reference_kmh=24.021071115013555, age_s=0.0}"
1261.0,POWER,160,NEUTRAL,OK,power_present,{age_s=0.0}
1261.0,HR,130,NEUTRAL,OK,hr_present,{age_s=0.0}
1261.0,CADENCE,65,GREEN,OK,preferred_low_cadence_band,{age_s=0.0}
1261.0,GRADE,0,NEUTRAL,OK,flat_deadband,"{grade_raw=0.0, grade_display=0.0}"
1261.0,GEAR,WAIT,GRAY,NO_DATA,missing_gear,{}
1262.0,SPEED,24.0,NEUTRAL,OK,near_reference,"{reference_kmh=24.021052631579334, age_s=0.0}"
1262.0,POWER,160,NEUTRAL,OK,power_present,{age_s=0.0}
1262.0,HR,130,NEUTRAL,OK,hr_present,{age_s=0.0}
1262.0,CADENCE,65,GREEN,OK,preferred_low_cadence_band,{age_s=0.0}
1262.0,GRADE,0,NEUTRAL,OK,flat_deadband,"{grade_raw=0.0, grade_display=0.0}"
1262.0,GEAR,WAIT,GRAY,NO_DATA,missing_gear,{}
1263.0,SPEED,24.0,NEUTRAL,OK,near_reference,"{reference_kmh=24.021034180543772, age_s=0.0}"
1263.0,POWER,160,NEUTRAL,OK,power_present,{age_s=0.0}
1263.0,HR,130,NEUTRAL,OK,hr_present,{age_s=0.0}
1263.0,CADENCE,65,GREEN,OK,preferred_low_cadence_band,{age_s=0.0}
1263.0,GRADE,0,NEUTRAL,OK,flat_deadband,"{grade_raw=0.0, grade_display=0.0}"
1263.0,GEAR,WAIT,GRAY,NO_DATA,missing_gear,{}
1264.0,SPEED,24.0,NEUTRAL,OK,near_reference,"{reference_kmh=24.02101576182175, age_s=0.0}"
1264.0,POWER,160,NEUTRAL,OK,power_present,{age_s=0.0}
1264.0,HR,130,NEUTRAL,OK,hr_present,{age_s=0.0}
1264.0,CADENCE,65,GREEN,OK,preferred_low_cadence_band,{age_s=0.0}
1264.0,GRADE,0,NEUTRAL,OK,flat_deadband,"{grade_raw=0.0, grade_display=0.0}"
1264.0,GEAR,WAIT,GRAY,NO_DATA,missing_gear,{}
1265.0,SPEED,24.0,NEUTRAL,OK,near_reference,"{reference_kmh=24.02099737532847, age_s=0.0}"
1265.0,POWER,160,NEUTRAL,OK,power_present,{age_s=0.0}
1265.0,HR,130,NEUTRAL,OK,hr_present,{age_s=0.0}
1265.0,CADENCE,65,GREEN,OK,preferred_low_cadence_band,{age_s=0.0}
1265.0,GRADE,0,NEUTRAL,OK,flat_deadband,"{grade_raw=0.0, grade_display=0.0}"
1265.0,GEAR,WAIT,GRAY,NO_DATA,missing_gear,{}
1266.0,SPEED,24.0,NEUTRAL,OK,near_reference,"{reference_kmh=24.020979020979407, age_s=0.0}"
1266.0,POWER,160,NEUTRAL,OK,power_present,{age_s=0.0}
1266.0,HR,130,NEUTRAL,OK,hr_present,{age_s=0.0}
1266.0,CADENCE,65,GREEN,OK,preferred_low_cadence_band,{age_s=0.0}
1266.0,GRADE,0,NEUTRAL,OK,flat_deadband,"{grade_raw=0.0, grade_display=0.0}"
1266.0,GEAR,WAIT,GRAY,NO_DATA,missing_gear,{}
1267.0,SPEED,24.0,NEUTRAL,OK,near_reference,"{reference_kmh=24.02096069869035, age_s=0.0}"
1267.0,POWER,160,NEUTRAL,OK,power_present,{age_s=0.0}
1267.0,HR,130,NEUTRAL,OK,hr_present,{age_s=0.0}
1267.0,CADENCE,65,GREEN,OK,preferred_low_cadence_band,{age_s=0.0}
1267.0,GRADE,0,NEUTRAL,OK,flat_deadband,"{grade_raw=0.0, grade_display=0.0}"
1267.0,GEAR,WAIT,GRAY,NO_DATA,missing_gear,{}
1268.0,SPEED,24.0,NEUTRAL,OK,near_reference,"{reference_kmh=24.02094240837735, age_s=0.0}"
1268.0,POWER,160,NEUTRAL,OK,power_present,{age_s=0.0}
1268.0,HR,130,NEUTRAL,OK,hr_present,{age_s=0.0}
1268.0,CADENCE,65,GREEN,OK,preferred_low_cadence_band,{age_s=0.0}
1268.0,GRADE,0,NEUTRAL,OK,flat_deadband,"{grade_raw=0.0, grade_display=0.0}"
1268.0,GEAR,WAIT,GRAY,NO_DATA,missing_gear,{}
1269.0,SPEED,24.0,NEUTRAL,OK,near_reference,"{reference_kmh=24.020924149956798, age_s=0.0}"
1269.0,POWER,160,NEUTRAL,OK,power_present,{age_s=0.0}
1269.0,HR,130,NEUTRAL,OK,hr_present,{age_s=0.0}
1269.0,CADENCE,65,GREEN,OK,preferred_low_cadence_band,{age_s=0.0}
1269.0,GRADE,0,NEUTRAL,OK,flat_deadband,"{grade_raw=0.0, grade_display=0.0}"
1269.0,GEAR,WAIT,GRAY,NO_DATA,missing_gear,{}
1270.0,SPEED,24.0,NEUTRAL,OK,near_reference,"{reference_kmh=24.02090592334534, age_s=0.0}"
1270.0,POWER,160,NEUTRAL,OK,power_present,{age_s=0.0}
1270.0,HR,130,NEUTRAL,OK,hr_present,{age_s=0.0}
1270.0,CADENCE,65,GREEN,OK,preferred_low_cadence_band,{age_s=0.0}
1270.0,GRADE,0,NEUTRAL,OK,flat_deadband,"{grade_raw=0.0, grade_display=0.0}"
1270.0,GEAR,WAIT,GRAY,NO_DATA,missing_gear,{}
1271.0,SPEED,24.0,NEUTRAL,OK,near_reference,"{reference_kmh=24.020887728459922, age_s=0.0}"
1271.0,POWER,160,NEUTRAL,OK,power_present,{age_s=0.0}
1271.0,HR,130,NEUTRAL,OK,hr_present,{age_s=0.0}
1271.0,CADENCE,65,GREEN,OK,preferred_low_cadence_band,{age_s=0.0}
1271.0,GRADE,0,NEUTRAL,OK,flat_deadband,"{grade_raw=0.0, grade_display=0.0}"
1271.0,GEAR,WAIT,GRAY,NO_DATA,missing_gear,{}
1272.0,SPEED,24.0,NEUTRAL,OK,near_reference,"{reference_kmh=24.020869565217783, age_s=0.0}"
1272.0,POWER,160,NEUTRAL,OK,power_present,{age_s=0.0}
1272.0,HR,130,NEUTRAL,OK,hr_present,{age_s=0.0}
1272.0,CADENCE,65,GREEN,OK,preferred_low_cadence_band,{age_s=0.0}
1272.0,GRADE,0,NEUTRAL,OK,flat_deadband,"{grade_raw=0.0, grade_display=0.0}"
1272.0,GEAR,WAIT,GRAY,NO_DATA,missing_gear,{}
1273.0,SPEED,24.0,NEUTRAL,OK,near_reference,"{reference_kmh=24.020851433536446, age_s=0.0}"
1273.0,POWER,160,NEUTRAL,OK,power_present,{age_s=0.0}
1273.0,HR,130,NEUTRAL,OK,hr_present,{age_s=0.0}
1273.0,CADENCE,65,GREEN,OK,preferred_low_cadence_band,{age_s=0.0}
1273.0,GRADE,0,NEUTRAL,OK,flat_deadband,"{grade_raw=0.0, grade_display=0.0}"
1273.0,GEAR,WAIT,GRAY,NO_DATA,missing_gear,{}
1274.0,SPEED,24.0,NEUTRAL,OK,near_reference,"{reference_kmh=24.020833333333727, age_s=0.0}"
1274.0,POWER,160,NEUTRAL,OK,power_present,{age_s=0.0}
1274.0,HR,130,NEUTRAL,OK,hr_present,{age_s=0.0}
1274.0,CADENCE,65,GREEN,OK,preferred_low_cadence_band,{age_s=0.0}
1274.0,GRADE,0,NEUTRAL,OK,flat_deadband,"{grade_raw=0.0, grade_display=0.0}"
1274.0,GEAR,WAIT,GRAY,NO_DATA,missing_gear,{}
1275.0,SPEED,24.0,NEUTRAL,OK,near_reference,"{reference_kmh=24.020815264527716, age_s=0.0}"
1275.0,POWER,160,NEUTRAL,OK,power_present,{age_s=0.0}
1275.0,HR,130,NEUTRAL,OK,hr_present,{age_s=0.0}
1275.0,CADENCE,65,GREEN,OK,preferred_low_cadence_band,{age_s=0.0}
1275.0,GRADE,0,NEUTRAL,OK,flat_deadband,"{grade_raw=0.0, grade_display=0.0}"
1275.0,GEAR,WAIT,GRAY,NO_DATA,missing_gear,{}
1276.0,SPEED,24.0,NEUTRAL,OK,near_reference,"{reference_kmh=24.02079722703679, age_s=0.0}"
1276.0,POWER,160,NEUTRAL,OK,power_present,{age_s=0.0}
1276.0,HR,130,NEUTRAL,OK,hr_present,{age_s=0.0}
1276.0,CADENCE,65,GREEN,OK,preferred_low_cadence_band,{age_s=0.0}
1276.0,GRADE,0,NEUTRAL,OK,flat_deadband,"{grade_raw=0.0, grade_display=0.0}"
1276.0,GEAR,WAIT,GRAY,NO_DATA,missing_gear,{}
1277.0,SPEED,24.0,NEUTRAL,OK,near_reference,"{reference_kmh=24.020779220779612, age_s=0.0}"
1277.0,POWER,160,NEUTRAL,OK,power_present,{age_s=0.0}
1277.0,HR,130,NEUTRAL,OK,hr_present,{age_s=0.0}
1277.0,CADENCE,65,GREEN,OK,preferred_low_cadence_band,{age_s=0.0}
1277.0,GRADE,0,NEUTRAL,OK,flat_deadband,"{grade_raw=0.0, grade_display=0.0}"
1277.0,GEAR,WAIT,GRAY,NO_DATA,missing_gear,{}
1278.0,SPEED,24.0,NEUTRAL,OK,near_reference,"{reference_kmh=24.020761245675132, age_s=0.0}"
1278.0,POWER,160,NEUTRAL,OK,power_present,{age_s=0.0}
1278.0,HR,130,NEUTRAL,OK,hr_present,{age_s=0.0}
1278.0,CADENCE,65,GREEN,OK,preferred_low_cadence_band,{age_s=0.0}
1278.0,GRADE,0,NEUTRAL,OK,flat_deadband,"{grade_raw=0.0, grade_display=0.0}"
1278.0,GEAR,WAIT,GRAY,NO_DATA,missing_gear,{}
1279.0,SPEED,24.0,NEUTRAL,OK,near_reference,"{reference_kmh=24.020743301642575, age_s=0.0}"
1279.0,POWER,160,NEUTRAL,OK,power_present,{age_s=0.0}
1279.0,HR,130,NEUTRAL,OK,hr_present,{age_s=0.0}
1279.0,CADENCE,65,GREEN,OK,preferred_low_cadence_band,{age_s=0.0}
1279.0,GRADE,0,NEUTRAL,OK,flat_deadband,"{grade_raw=0.0, grade_display=0.0}"
1279.0,GEAR,WAIT,GRAY,NO_DATA,missing_gear,{}
1280.0,SPEED,24.0,NEUTRAL,OK,near_reference,"{reference_kmh=24.020725388601434, age_s=0.0}"
1280.0,POWER,160,NEUTRAL,OK,power_present,{age_s=0.0}
1280.0,HR,130,NEUTRAL,OK,hr_present,{age_s=0.0}
1280.0,CADENCE,65,GREEN,OK,preferred_low_cadence_band,{age_s=0.0}
1280.0,GRADE,0,NEUTRAL,OK,flat_deadband,"{grade_raw=0.0, grade_display=0.0}"
1280.0,GEAR,WAIT,GRAY,NO_DATA,missing_gear,{}
1281.0,SPEED,24.0,NEUTRAL,OK,near_reference,"{reference_kmh=24.020707506471496, age_s=0.0}"
1281.0,POWER,160,NEUTRAL,OK,power_present,{age_s=0.0}
1281.0,HR,130,NEUTRAL,OK,hr_present,{age_s=0.0}
1281.0,CADENCE,65,GREEN,OK,preferred_low_cadence_band,{age_s=0.0}
1281.0,GRADE,0,NEUTRAL,OK,flat_deadband,"{grade_raw=0.0, grade_display=0.0}"
1281.0,GEAR,WAIT,GRAY,NO_DATA,missing_gear,{}
1282.0,SPEED,24.0,NEUTRAL,OK,near_reference,"{reference_kmh=24.02068965517281, age_s=0.0}"
1282.0,POWER,160,NEUTRAL,OK,power_present,{age_s=0.0}
1282.0,HR,130,NEUTRAL,OK,hr_present,{age_s=0.0}
1282.0,CADENCE,65,GREEN,OK,preferred_low_cadence_band,{age_s=0.0}
1282.0,GRADE,0,NEUTRAL,OK,flat_deadband,"{grade_raw=0.0, grade_display=0.0}"
1282.0,GEAR,WAIT,GRAY,NO_DATA,missing_gear,{}
1283.0,SPEED,24.0,NEUTRAL,OK,near_reference,"{reference_kmh=24.02067183462572, age_s=0.0}"
1283.0,POWER,160,NEUTRAL,OK,power_present,{age_s=0.0}
1283.0,HR,130,NEUTRAL,OK,hr_present,{age_s=0.0}
1283.0,CADENCE,65,GREEN,OK,preferred_low_cadence_band,{age_s=0.0}
1283.0,GRADE,0,NEUTRAL,OK,flat_deadband,"{grade_raw=0.0, grade_display=0.0}"
1283.0,GEAR,WAIT,GRAY,NO_DATA,missing_gear,{}
1284.0,SPEED,24.0,NEUTRAL,OK,near_reference,"{reference_kmh=24.020654044750827, age_s=0.0}"
1284.0,POWER,160,NEUTRAL,OK,power_present,{age_s=0.0}
1284.0,HR,130,NEUTRAL,OK,hr_present,{age_s=0.0}
1284.0,CADENCE,65,GREEN,OK,preferred_low_cadence_band,{age_s=0.0}
1284.0,GRADE,0,NEUTRAL,OK,flat_deadband,"{grade_raw=0.0, grade_display=0.0}"
1284.0,GEAR,WAIT,GRAY,NO_DATA,missing_gear,{}
1285.0,SPEED,24.0,NEUTRAL,OK,near_reference,"{reference_kmh=24.020636285469017, age_s=0.0}"
1285.0,POWER,160,NEUTRAL,OK,power_present,{age_s=0.0}
1285.0,HR,130,NEUTRAL,OK,hr_present,{age_s=0.0}
1285.0,CADENCE,65,GREEN,OK,preferred_low_cadence_band,{age_s=0.0}
1285.0,GRADE,0,NEUTRAL,OK,flat_deadband,"{grade_raw=0.0, grade_display=0.0}"
1285.0,GEAR,WAIT,GRAY,NO_DATA,missing_gear,{}
1286.0,SPEED,24.0,NEUTRAL,OK,near_reference,"{reference_kmh=24.020618556701432, age_s=0.0}"
1286.0,POWER,160,NEUTRAL,OK,power_present,{age_s=0.0}
1286.0,HR,130,NEUTRAL,OK,hr_present,{age_s=0.0}
1286.0,CADENCE,65,GREEN,OK,preferred_low_cadence_band,{age_s=0.0}
1286.0,GRADE,0,NEUTRAL,OK,flat_deadband,"{grade_raw=0.0, grade_display=0.0}"
1286.0,GEAR,WAIT,GRAY,NO_DATA,missing_gear,{}
1287.0,SPEED,24.0,NEUTRAL,OK,near_reference,"{reference_kmh=24.020600858369498, age_s=0.0}"
1287.0,POWER,160,NEUTRAL,OK,power_present,{age_s=0.0}
1287.0,HR,130,NEUTRAL,OK,hr_present,{age_s=0.0}
1287.0,CADENCE,65,GREEN,OK,preferred_low_cadence_band,{age_s=0.0}
1287.0,GRADE,0,NEUTRAL,OK,flat_deadband,"{grade_raw=0.0, grade_display=0.0}"
1287.0,GEAR,WAIT,GRAY,NO_DATA,missing_gear,{}
1288.0,SPEED,24.0,NEUTRAL,OK,near_reference,"{reference_kmh=24.020583190394913, age_s=0.0}"
1288.0,POWER,160,NEUTRAL,OK,power_present,{age_s=0.0}
1288.0,HR,130,NEUTRAL,OK,hr_present,{age_s=0.0}
1288.0,CADENCE,65,GREEN,OK,preferred_low_cadence_band,{age_s=0.0}
1288.0,GRADE,0,NEUTRAL,OK,flat_deadband,"{grade_raw=0.0, grade_display=0.0}"
1288.0,GEAR,WAIT,GRAY,NO_DATA,missing_gear,{}
1289.0,SPEED,24.0,NEUTRAL,OK,near_reference,"{reference_kmh=24.02056555269963, age_s=0.0}"
1289.0,POWER,160,NEUTRAL,OK,power_present,{age_s=0.0}
1289.0,HR,130,NEUTRAL,OK,hr_present,{age_s=0.0}
1289.0,CADENCE,65,GREEN,OK,preferred_low_cadence_band,{age_s=0.0}
1289.0,GRADE,0,NEUTRAL,OK,flat_deadband,"{grade_raw=0.0, grade_display=0.0}"
1289.0,GEAR,WAIT,GRAY,NO_DATA,missing_gear,{}
1290.0,SPEED,24.0,NEUTRAL,OK,near_reference,"{reference_kmh=24.020547945205884, age_s=0.0}"
1290.0,POWER,160,NEUTRAL,OK,power_present,{age_s=0.0}
1290.0,HR,130,NEUTRAL,OK,hr_present,{age_s=0.0}
1290.0,CADENCE,65,GREEN,OK,preferred_low_cadence_band,{age_s=0.0}
1290.0,GRADE,0,NEUTRAL,OK,flat_deadband,"{grade_raw=0.0, grade_display=0.0}"
1290.0,GEAR,WAIT,GRAY,NO_DATA,missing_gear,{}
1291.0,SPEED,24.0,NEUTRAL,OK,near_reference,"{reference_kmh=24.02053036783616, age_s=0.0}"
1291.0,POWER,160,NEUTRAL,OK,power_present,{age_s=0.0}
1291.0,HR,130,NEUTRAL,OK,hr_present,{age_s=0.0}
1291.0,CADENCE,65,GREEN,OK,preferred_low_cadence_band,{age_s=0.0}
1291.0,GRADE,0,NEUTRAL,OK,flat_deadband,"{grade_raw=0.0, grade_display=0.0}"
1291.0,GEAR,WAIT,GRAY,NO_DATA,missing_gear,{}
1292.0,SPEED,24.0,NEUTRAL,OK,near_reference,"{reference_kmh=24.020512820513225, age_s=0.0}"
1292.0,POWER,160,NEUTRAL,OK,power_present,{age_s=0.0}
1292.0,HR,130,NEUTRAL,OK,hr_present,{age_s=0.0}
1292.0,CADENCE,65,GREEN,OK,preferred_low_cadence_band,{age_s=0.0}
1292.0,GRADE,0,NEUTRAL,OK,flat_deadband,"{grade_raw=0.0, grade_display=0.0}"
1292.0,GEAR,WAIT,GRAY,NO_DATA,missing_gear,{}
1293.0,SPEED,24.0,NEUTRAL,OK,near_reference,"{reference_kmh=24.020495303160097, age_s=0.0}"
1293.0,POWER,160,NEUTRAL,OK,power_present,{age_s=0.0}
1293.0,HR,130,NEUTRAL,OK,hr_present,{age_s=0.0}
1293.0,CADENCE,65,GREEN,OK,preferred_low_cadence_band,{age_s=0.0}
1293.0,GRADE,0,NEUTRAL,OK,flat_deadband,"{grade_raw=0.0, grade_display=0.0}"
1293.0,GEAR,WAIT,GRAY,NO_DATA,missing_gear,{}
1294.0,SPEED,24.0,NEUTRAL,OK,near_reference,"{reference_kmh=24.020477815700065, age_s=0.0}"
1294.0,POWER,160,NEUTRAL,OK,power_present,{age_s=0.0}
1294.0,HR,130,NEUTRAL,OK,hr_present,{age_s=0.0}
1294.0,CADENCE,65,GREEN,OK,preferred_low_cadence_band,{age_s=0.0}
1294.0,GRADE,0,NEUTRAL,OK,flat_deadband,"{grade_raw=0.0, grade_display=0.0}"
1294.0,GEAR,WAIT,GRAY,NO_DATA,missing_gear,{}
1295.0,SPEED,24.0,NEUTRAL,OK,near_reference,"{reference_kmh=24.020460358056674, age_s=0.0}"
1295.0,POWER,160,NEUTRAL,OK,power_present,{age_s=0.0}
1295.0,HR,130,NEUTRAL,OK,hr_present,{age_s=0.0}
1295.0,CADENCE,65,GREEN,OK,preferred_low_cadence_band,{age_s=0.0}
1295.0,GRADE,0,NEUTRAL,OK,flat_deadband,"{grade_raw=0.0, grade_display=0.0}"
1295.0,GEAR,WAIT,GRAY,NO_DATA,missing_gear,{}
1296.0,SPEED,24.0,NEUTRAL,OK,near_reference,"{reference_kmh=24.020442930153724, age_s=0.0}"
1296.0,POWER,160,NEUTRAL,OK,power_present,{age_s=0.0}
1296.0,HR,130,NEUTRAL,OK,hr_present,{age_s=0.0}
1296.0,CADENCE,65,GREEN,OK,preferred_low_cadence_band,{age_s=0.0}
1296.0,GRADE,0,NEUTRAL,OK,flat_deadband,"{grade_raw=0.0, grade_display=0.0}"
1296.0,GEAR,WAIT,GRAY,NO_DATA,missing_gear,{}
1297.0,SPEED,24.0,NEUTRAL,OK,near_reference,"{reference_kmh=24.0204255319153, age_s=0.0}"
1297.0,POWER,160,NEUTRAL,OK,power_present,{age_s=0.0}
1297.0,HR,130,NEUTRAL,OK,hr_present,{age_s=0.0}
1297.0,CADENCE,65,GREEN,OK,preferred_low_cadence_band,{age_s=0.0}
1297.0,GRADE,0,NEUTRAL,OK,flat_deadband,"{grade_raw=0.0, grade_display=0.0}"
1297.0,GEAR,WAIT,GRAY,NO_DATA,missing_gear,{}
1298.0,SPEED,24.0,NEUTRAL,OK,near_reference,"{reference_kmh=24.020408163265714, age_s=0.0}"
1298.0,POWER,160,NEUTRAL,OK,power_present,{age_s=0.0}
1298.0,HR,130,NEUTRAL,OK,hr_present,{age_s=0.0}
1298.0,CADENCE,65,GREEN,OK,preferred_low_cadence_band,{age_s=0.0}
1298.0,GRADE,0,NEUTRAL,OK,flat_deadband,"{grade_raw=0.0, grade_display=0.0}"
1298.0,GEAR,WAIT,GRAY,NO_DATA,missing_gear,{}
1299.0,SPEED,24.0,NEUTRAL,OK,near_reference,"{reference_kmh=24.020390824129553, age_s=0.0}"
1299.0,POWER,160,NEUTRAL,OK,power_present,{age_s=0.0}
1299.0,HR,130,NEUTRAL,OK,hr_present,{age_s=0.0}
1299.0,CADENCE,65,GREEN,OK,preferred_low_cadence_band,{age_s=0.0}
1299.0,GRADE,0,NEUTRAL,OK,flat_deadband,"{grade_raw=0.0, grade_display=0.0}"
1299.0,GEAR,WAIT,GRAY,NO_DATA,missing_gear,{}
1300.0,SPEED,24.0,NEUTRAL,OK,near_reference,"{reference_kmh=24.020373514431647, age_s=0.0}"
1300.0,POWER,160,NEUTRAL,OK,power_present,{age_s=0.0}
1300.0,HR,130,NEUTRAL,OK,hr_present,{age_s=0.0}
1300.0,CADENCE,65,GREEN,OK,preferred_low_cadence_band,{age_s=0.0}
1300.0,GRADE,0,NEUTRAL,OK,flat_deadband,"{grade_raw=0.0, grade_display=0.0}"
1300.0,GEAR,WAIT,GRAY,NO_DATA,missing_gear,{}
1301.0,SPEED,24.0,NEUTRAL,OK,near_reference,"{reference_kmh=24.0203562340971, age_s=0.0}"
1301.0,POWER,160,NEUTRAL,OK,power_present,{age_s=0.0}
1301.0,HR,130,NEUTRAL,OK,hr_present,{age_s=0.0}
1301.0,CADENCE,65,GREEN,OK,preferred_low_cadence_band,{age_s=0.0}
1301.0,GRADE,0,NEUTRAL,OK,flat_deadband,"{grade_raw=0.0, grade_display=0.0}"
1301.0,GEAR,WAIT,GRAY,NO_DATA,missing_gear,{}
1302.0,SPEED,24.0,NEUTRAL,OK,near_reference,"{reference_kmh=24.020338983051257, age_s=0.0}"
1302.0,POWER,160,NEUTRAL,OK,power_present,{age_s=0.0}
1302.0,HR,130,NEUTRAL,OK,hr_present,{age_s=0.0}
1302.0,CADENCE,65,GREEN,OK,preferred_low_cadence_band,{age_s=0.0}
1302.0,GRADE,0,NEUTRAL,OK,flat_deadband,"{grade_raw=0.0, grade_display=0.0}"
1302.0,GEAR,WAIT,GRAY,NO_DATA,missing_gear,{}
1303.0,SPEED,24.0,NEUTRAL,OK,near_reference,"{reference_kmh=24.02032176121972, age_s=0.0}"
1303.0,POWER,160,NEUTRAL,OK,power_present,{age_s=0.0}
1303.0,HR,130,NEUTRAL,OK,hr_present,{age_s=0.0}
1303.0,CADENCE,65,GREEN,OK,preferred_low_cadence_band,{age_s=0.0}
1303.0,GRADE,0,NEUTRAL,OK,flat_deadband,"{grade_raw=0.0, grade_display=0.0}"
1303.0,GEAR,WAIT,GRAY,NO_DATA,missing_gear,{}
1304.0,SPEED,24.0,NEUTRAL,OK,near_reference,"{reference_kmh=24.02030456852833, age_s=0.0}"
1304.0,POWER,160,NEUTRAL,OK,power_present,{age_s=0.0}
1304.0,HR,130,NEUTRAL,OK,hr_present,{age_s=0.0}
1304.0,CADENCE,65,GREEN,OK,preferred_low_cadence_band,{age_s=0.0}
1304.0,GRADE,0,NEUTRAL,OK,flat_deadband,"{grade_raw=0.0, grade_display=0.0}"
1304.0,GEAR,WAIT,GRAY,NO_DATA,missing_gear,{}
1305.0,SPEED,24.0,NEUTRAL,OK,near_reference,"{reference_kmh=24.0202874049032, age_s=0.0}"
1305.0,POWER,160,NEUTRAL,OK,power_present,{age_s=0.0}
1305.0,HR,130,NEUTRAL,OK,hr_present,{age_s=0.0}
1305.0,CADENCE,65,GREEN,OK,preferred_low_cadence_band,{age_s=0.0}
1305.0,GRADE,0,NEUTRAL,OK,flat_deadband,"{grade_raw=0.0, grade_display=0.0}"
1305.0,GEAR,WAIT,GRAY,NO_DATA,missing_gear,{}
1306.0,SPEED,24.0,NEUTRAL,OK,near_reference,"{reference_kmh=24.020270270270682, age_s=0.0}"
1306.0,POWER,160,NEUTRAL,OK,power_present,{age_s=0.0}
1306.0,HR,130,NEUTRAL,OK,hr_present,{age_s=0.0}
1306.0,CADENCE,65,GREEN,OK,preferred_low_cadence_band,{age_s=0.0}
1306.0,GRADE,0,NEUTRAL,OK,flat_deadband,"{grade_raw=0.0, grade_display=0.0}"
1306.0,GEAR,WAIT,GRAY,NO_DATA,missing_gear,{}
1307.0,SPEED,24.0,NEUTRAL,OK,near_reference,"{reference_kmh=24.020253164557374, age_s=0.0}"
1307.0,POWER,160,NEUTRAL,OK,power_present,{age_s=0.0}
1307.0,HR,130,NEUTRAL,OK,hr_present,{age_s=0.0}
1307.0,CADENCE,65,GREEN,OK,preferred_low_cadence_band,{age_s=0.0}
1307.0,GRADE,0,NEUTRAL,OK,flat_deadband,"{grade_raw=0.0, grade_display=0.0}"
1307.0,GEAR,WAIT,GRAY,NO_DATA,missing_gear,{}
1308.0,SPEED,24.0,NEUTRAL,OK,near_reference,"{reference_kmh=24.02023608769013, age_s=0.0}"
1308.0,POWER,160,NEUTRAL,OK,power_present,{age_s=0.0}
1308.0,HR,130,NEUTRAL,OK,hr_present,{age_s=0.0}
1308.0,CADENCE,65,GREEN,OK,preferred_low_cadence_band,{age_s=0.0}
1308.0,GRADE,0,NEUTRAL,OK,flat_deadband,"{grade_raw=0.0, grade_display=0.0}"
1308.0,GEAR,WAIT,GRAY,NO_DATA,missing_gear,{}
1309.0,SPEED,24.0,NEUTRAL,OK,near_reference,"{reference_kmh=24.020219039596032, age_s=0.0}"
1309.0,POWER,160,NEUTRAL,OK,power_present,{age_s=0.0}
1309.0,HR,130,NEUTRAL,OK,hr_present,{age_s=0.0}
1309.0,CADENCE,65,GREEN,OK,preferred_low_cadence_band,{age_s=0.0}
1309.0,GRADE,0,NEUTRAL,OK,flat_deadband,"{grade_raw=0.0, grade_display=0.0}"
1309.0,GEAR,WAIT,GRAY,NO_DATA,missing_gear,{}
1310.0,SPEED,24.0,NEUTRAL,OK,near_reference,"{reference_kmh=24.020202020202433, age_s=0.0}"
1310.0,POWER,160,NEUTRAL,OK,power_present,{age_s=0.0}
1310.0,HR,130,NEUTRAL,OK,hr_present,{age_s=0.0}
1310.0,CADENCE,65,GREEN,OK,preferred_low_cadence_band,{age_s=0.0}
1310.0,GRADE,0,NEUTRAL,OK,flat_deadband,"{grade_raw=0.0, grade_display=0.0}"
1310.0,GEAR,WAIT,GRAY,NO_DATA,missing_gear,{}
1311.0,SPEED,24.0,NEUTRAL,OK,near_reference,"{reference_kmh=24.020185029436917, age_s=0.0}"
1311.0,POWER,160,NEUTRAL,OK,power_present,{age_s=0.0}
1311.0,HR,130,NEUTRAL,OK,hr_present,{age_s=0.0}
1311.0,CADENCE,65,GREEN,OK,preferred_low_cadence_band,{age_s=0.0}
1311.0,GRADE,0,NEUTRAL,OK,flat_deadband,"{grade_raw=0.0, grade_display=0.0}"
1311.0,GEAR,WAIT,GRAY,NO_DATA,missing_gear,{}
1312.0,SPEED,24.0,NEUTRAL,OK,near_reference,"{reference_kmh=24.020168067227306, age_s=0.0}"
1312.0,POWER,160,NEUTRAL,OK,power_present,{age_s=0.0}
1312.0,HR,130,NEUTRAL,OK,hr_present,{age_s=0.0}
1312.0,CADENCE,65,GREEN,OK,preferred_low_cadence_band,{age_s=0.0}
1312.0,GRADE,0,NEUTRAL,OK,flat_deadband,"{grade_raw=0.0, grade_display=0.0}"
1312.0,GEAR,WAIT,GRAY,NO_DATA,missing_gear,{}
1313.0,SPEED,24.0,NEUTRAL,OK,near_reference,"{reference_kmh=24.020151133501678, age_s=0.0}"
1313.0,POWER,160,NEUTRAL,OK,power_present,{age_s=0.0}
1313.0,HR,130,NEUTRAL,OK,hr_present,{age_s=0.0}
1313.0,CADENCE,65,GREEN,OK,preferred_low_cadence_band,{age_s=0.0}
1313.0,GRADE,0,NEUTRAL,OK,flat_deadband,"{grade_raw=0.0, grade_display=0.0}"
1313.0,GEAR,WAIT,GRAY,NO_DATA,missing_gear,{}
1314.0,SPEED,24.0,NEUTRAL,OK,near_reference,"{reference_kmh=24.020134228188336, age_s=0.0}"
1314.0,POWER,160,NEUTRAL,OK,power_present,{age_s=0.0}
1314.0,HR,130,NEUTRAL,OK,hr_present,{age_s=0.0}
1314.0,CADENCE,65,GREEN,OK,preferred_low_cadence_band,{age_s=0.0}
1314.0,GRADE,0,NEUTRAL,OK,flat_deadband,"{grade_raw=0.0, grade_display=0.0}"
1314.0,GEAR,WAIT,GRAY,NO_DATA,missing_gear,{}
1315.0,SPEED,24.0,NEUTRAL,OK,near_reference,"{reference_kmh=24.02011735121584, age_s=0.0}"
1315.0,POWER,160,NEUTRAL,OK,power_present,{age_s=0.0}
1315.0,HR,130,NEUTRAL,OK,hr_present,{age_s=0.0}
1315.0,CADENCE,65,GREEN,OK,preferred_low_cadence_band,{age_s=0.0}
1315.0,GRADE,0,NEUTRAL,OK,flat_deadband,"{grade_raw=0.0, grade_display=0.0}"
1315.0,GEAR,WAIT,GRAY,NO_DATA,missing_gear,{}
1316.0,SPEED,24.0,NEUTRAL,OK,near_reference,"{reference_kmh=24.02010050251298, age_s=0.0}"
1316.0,POWER,160,NEUTRAL,OK,power_present,{age_s=0.0}
1316.0,HR,130,NEUTRAL,OK,hr_present,{age_s=0.0}
1316.0,CADENCE,65,GREEN,OK,preferred_low_cadence_band,{age_s=0.0}
1316.0,GRADE,0,NEUTRAL,OK,flat_deadband,"{grade_raw=0.0, grade_display=0.0}"
1316.0,GEAR,WAIT,GRAY,NO_DATA,missing_gear,{}
1317.0,SPEED,24.0,NEUTRAL,OK,near_reference,"{reference_kmh=24.02008368200879, age_s=0.0}"
1317.0,POWER,160,NEUTRAL,OK,power_present,{age_s=0.0}
1317.0,HR,130,NEUTRAL,OK,hr_present,{age_s=0.0}
1317.0,CADENCE,65,GREEN,OK,preferred_low_cadence_band,{age_s=0.0}
1317.0,GRADE,0,NEUTRAL,OK,flat_deadband,"{grade_raw=0.0, grade_display=0.0}"
1317.0,GEAR,WAIT,GRAY,NO_DATA,missing_gear,{}
1318.0,SPEED,24.0,NEUTRAL,OK,near_reference,"{reference_kmh=24.020066889632528, age_s=0.0}"
1318.0,POWER,160,NEUTRAL,OK,power_present,{age_s=0.0}
1318.0,HR,130,NEUTRAL,OK,hr_present,{age_s=0.0}
1318.0,CADENCE,65,GREEN,OK,preferred_low_cadence_band,{age_s=0.0}
1318.0,GRADE,0,NEUTRAL,OK,flat_deadband,"{grade_raw=0.0, grade_display=0.0}"
1318.0,GEAR,WAIT,GRAY,NO_DATA,missing_gear,{}
1319.0,SPEED,24.0,NEUTRAL,OK,near_reference,"{reference_kmh=24.020050125313702, age_s=0.0}"
1319.0,POWER,160,NEUTRAL,OK,power_present,{age_s=0.0}
1319.0,HR,130,NEUTRAL,OK,hr_present,{age_s=0.0}
1319.0,CADENCE,65,GREEN,OK,preferred_low_cadence_band,{age_s=0.0}
1319.0,GRADE,0,NEUTRAL,OK,flat_deadband,"{grade_raw=0.0, grade_display=0.0}"
1319.0,GEAR,WAIT,GRAY,NO_DATA,missing_gear,{}
1320.0,SPEED,24.0,NEUTRAL,OK,near_reference,"{reference_kmh=24.020033388982057, age_s=0.0}"
1320.0,POWER,160,NEUTRAL,OK,power_present,{age_s=0.0}
1320.0,HR,130,NEUTRAL,OK,hr_present,{age_s=0.0}
1320.0,CADENCE,65,GREEN,OK,preferred_low_cadence_band,{age_s=0.0}
1320.0,GRADE,0,NEUTRAL,OK,flat_deadband,"{grade_raw=0.0, grade_display=0.0}"
1320.0,GEAR,WAIT,GRAY,NO_DATA,missing_gear,{}
1321.0,SPEED,24.0,NEUTRAL,OK,near_reference,"{reference_kmh=24.02001668056756, age_s=0.0}"
1321.0,POWER,160,NEUTRAL,OK,power_present,{age_s=0.0}
1321.0,HR,130,NEUTRAL,OK,hr_present,{age_s=0.0}
1321.0,CADENCE,65,GREEN,OK,preferred_low_cadence_band,{age_s=0.0}
1321.0,GRADE,0,NEUTRAL,OK,flat_deadband,"{grade_raw=0.0, grade_display=0.0}"
1321.0,GEAR,WAIT,GRAY,NO_DATA,missing_gear,{}
1322.0,SPEED,24.0,NEUTRAL,OK,near_reference,"{reference_kmh=24.02000000000042, age_s=0.0}"
1322.0,POWER,160,NEUTRAL,OK,power_present,{age_s=0.0}
1322.0,HR,130,NEUTRAL,OK,hr_present,{age_s=0.0}
1322.0,CADENCE,65,GREEN,OK,preferred_low_cadence_band,{age_s=0.0}
1322.0,GRADE,0,NEUTRAL,OK,flat_deadband,"{grade_raw=0.0, grade_display=0.0}"
1322.0,GEAR,WAIT,GRAY,NO_DATA,missing_gear,{}
