t,field,value,color,status,reason,raw
0.0,SPEED,24.0,NEUTRAL,OK,near_reference,"{reference_kmh=24.0, age_s=0.0}"
0.0,POWER,140,NEUTRAL,OK,power_present,{age_s=0.0}
0.0,HR,120,NEUTRAL,OK,hr_present,{age_s=0.0}
0.0,CADENCE,60,GREEN,OK,preferred_low_cadence_band,{age_s=0.0}
0.0,GRADE,WAIT,GRAY,NO_DATA,missing_grade,{}
0.0,GEAR,WAIT,GRAY,NO_DATA,missing_gear,{}
1.0,SPEED,24.1,NEUTRAL,OK,near_reference,"{reference_kmh=24.0, age_s=0.0}"
1.0,POWER,141,NEUTRAL,OK,power_present,{age_s=0.0}
1.0,HR,121,NEUTRAL,OK,hr_present,{age_s=0.0}
1.0,CADENCE,61,GREEN,OK,preferred_low_cadence_band,{age_s=0.0}
1.0,GRADE,0,NEUTRAL,OK,flat_deadband,"{grade_raw=0.0, grade_display=0.0}"
1.0,GEAR,WAIT,GRAY,NO_DATA,missing_gear,{}
2.0,SPEED,24.1,NEUTRAL,OK,near_reference,"{reference_kmh=24.0, age_s=0.0}"
2.0,POWER,142,NEUTRAL,OK,power_present,{age_s=0.0}
2.0,HR,122,NEUTRAL,OK,hr_present,{age_s=0.0}
2.0,CADENCE,62,GREEN,OK,preferred_low_cadence_band,{age_s=0.0}
2.0,GRADE,0,NEUTRAL,OK,flat_deadband,"{grade_raw=0.0, grade_display=0.0}"
2.0,GEAR,WAIT,GRAY,NO_DATA,missing_gear,{}
3.0,SPEED,24.2,NEUTRAL,OK,near_reference,"{reference_kmh=24.0, age_s=0.0}"
3.0,POWER,143,NEUTRAL,OK,power_present,{age_s=0.0}
3.0,HR,123,NEUTRAL,OK,hr_present,{age_s=0.0}
3.0,CADENCE,63,GREEN,OK,preferred_low_cadence_band,{age_s=0.0}
3.0,GRADE,0,NEUTRAL,OK,flat_deadband,"{grade_raw=0.0, grade_display=0.0}"
3.0,GEAR,WAIT,GRAY,NO_DATA,missing_gear,{}
4.0,SPEED,24.2,NEUTRAL,OK,near_reference,"{reference_kmh=24.0, age_s=0.0}"
4.0,POWER,144,NEUTRAL,OK,power_present,{age_s=0.0}
4.0,HR,124,NEUTRAL,OK,hr_present,{age_s=0.0}
4.0,CADENCE,64,GREEN,OK,preferred_low_cadence_band,{age_s=0.0}
4.0,GRADE,0,NEUTRAL,OK,flat_deadband,"{grade_raw=0.0, grade_display=0.0}"
4.0,GEAR,WAIT,GRAY,NO_DATA,missing_gear,{}
5.0,SPEED,24.3,NEUTRAL,OK,near_reference,"{reference_kmh=24.0, age_s=0.0}"
5.0,POWER,145,NEUTRAL,OK,power_present,{age_s=0.0}
5.0,HR,125,NEUTRAL,OK,hr_present,{age_s=0.0}
5.0,CADENCE,65,GREEN,OK,preferred_low_cadence_band,{age_s=0.0}
5.0,GRADE,0,NEUTRAL,OK,flat_deadband,"{grade_raw=0.0, grade_display=0.0}"
5.0,GEAR,WAIT,GRAY,NO_DATA,missing_gear,{}
6.0,SPEED,24.3,NEUTRAL,OK,near_reference,"{reference_kmh=24.0, age_s=0.0}"
6.0,POWER,146,NEUTRAL,OK,power_present,{age_s=0.0}
6.0,HR,126,NEUTRAL,OK,hr_present,{age_s=0.0}
6.0,CADENCE,66,GREEN,OK,preferred_low_cadence_band,{age_s=0.0}
6.0,GRADE,0,NEUTRAL,OK,flat_deadband,"{grade_raw=0.0, grade_display=0.0}"
6.0,GEAR,WAIT,GRAY,NO_DATA,missing_gear,{}
7.0,SPEED,24.4,NEUTRAL,OK,near_reference,"{reference_kmh=24.0, age_s=0.0}"
7.0,POWER,147,NEUTRAL,OK,power_present,{age_s=0.0}
7.0,HR,127,NEUTRAL,OK,hr_present,{age_s=0.0}
7.0,CADENCE,67,GREEN,OK,preferred_low_cadence_band,{age_s=0.0}
7.0,GRADE,0,NEUTRAL,OK,flat_deadband,"{grade_raw=0.0, grade_display=0.0}"
7.0,GEAR,WAIT,GRAY,NO_DATA,missing_gear,{}
8.0,SPEED,24.4,NEUTRAL,OK,near_reference,"{reference_kmh=24.0, age_s=0.0}"
8.0,POWER,148,NEUTRAL,OK,power_present,{age_s=0.0}
8.0,HR,128,NEUTRAL,OK,hr_present,{age_s=0.0}
8.0,CADENCE,68,GREEN,OK,preferred_low_cadence_band,{age_s=0.0}
8.0,GRADE,0,NEUTRAL,OK,flat_deadband,"{grade_raw=0.0, grade_display=0.0}"
8.0,GEAR,WAIT,GRAY,NO_DATA,missing_gear,{}
9.0,SPEED,24.5,NEUTRAL,OK,near_reference,"{reference_kmh=24.0, age_s=0.0}"
9.0,POWER,149,NEUTRAL,OK,power_present,{age_s=0.0}
9.0,HR,129,NEUTRAL,OK,hr_present,{age_s=0.0}
9.0,CADENCE,69,GREEN,OK,preferred_low_cadence_band,{age_s=0.0}
9.0,GRADE,0,NEUTRAL,OK,flat_deadband,"{grade_raw=0.0, grade_display=0.0}"
9.0,GEAR,WAIT,GRAY,NO_DATA,missing_gear,{}
10.0,SPEED,24.5,NEUTRAL,OK,near_reference,"{reference_kmh=24.0, age_s=0.0}"
10.0,POWER,150,NEUTRAL,OK,power_present,{age_s=0.0}
10.0,HR,130,NEUTRAL,OK,hr_present,{age_s=0.0}
10.0,CADENCE,70,GREEN,OK,preferred_low_cadence_band,{age_s=0.0}
10.0,GRADE,0,NEUTRAL,OK,flat_deadband,"{grade_raw=0.0, grade_display=0.0}"
10.0,GEAR,WAIT,GRAY,NO_DATA,missing_gear,{}
11.0,SPEED,24.6,NEUTRAL,OK,near_reference,"{reference_kmh=24.0, age_s=0.0}"
11.0,POWER,151,NEUTRAL,OK,power_present,{age_s=0.0}
11.0,HR,131,NEUTRAL,OK,hr_present,{age_s=0.0}
11.0,CADENCE,60,GREEN,OK,preferred_low_cadence_band,{age_s=0.0}
11.0,GRADE,0,NEUTRAL,OK,flat_deadband,"{grade_raw=0.0, grade_display=0.0}"
11.0,GEAR,WAIT,GRAY,NO_DATA,missing_gear,{}
12.0,SPEED,24.6,NEUTRAL,OK,near_reference,"{reference_kmh=24.0, age_s=0.0}"
12.0,POWER,152,NEUTRAL,OK,power_present,{age_s=0.0}
12.0,HR,132,NEUTRAL,OK,hr_present,{age_s=0.0}
12.0,CADENCE,61,GREEN,OK,preferred_low_cadence_band,{age_s=0.0}
12.0,GRADE,0,NEUTRAL,OK,flat_deadband,"{grade_raw=0.0, grade_display=0.0}"
12.0,GEAR,WAIT,GRAY,NO_DATA,missing_gear,{}
13.0,SPEED,24.7,NEUTRAL,OK,near_reference,"{reference_kmh=24.0, age_s=0.0}"
13.0,POWER,153,NEUTRAL,OK,power_present,{age_s=0.0}
13.0,HR,133,NEUTRAL,OK,hr_present,{age_s=0.0}
13.0,CADENCE,62,GREEN,OK,preferred_low_cadence_band,{age_s=0.0}
13.0,GRADE,0,NEUTRAL,OK,flat_deadband,"{grade_raw=0.0, grade_display=0.0}"
13.0,GEAR,WAIT,GRAY,NO_DATA,missing_gear,{}
14.0,SPEED,24.7,NEUTRAL,OK,near_reference,"{reference_kmh=24.0, age_s=0.0}"
14.0,POWER,154,NEUTRAL,OK,power_present,{age_s=0.0}
14.0,HR,134,NEUTRAL,OK,hr_present,{age_s=0.0}
14.0,CADENCE,63,GREEN,OK,preferred_low_cadence_band,{age_s=0.0}
14.0,GRADE,0,NEUTRAL,OK,flat_deadband,"{grade_raw=0.0, grade_display=0.0}"
14.0,GEAR,WAIT,GRAY,NO_DATA,missing_gear,{}
15.0,SPEED,24.8,NEUTRAL,OK,near_reference,"{reference_kmh=24.0, age_s=0.0}"
15.0,POWER,155,NEUTRAL,OK,power_present,{age_s=0.0}
15.0,HR,135,NEUTRAL,OK,hr_present,{age_s=0.0}
15.0,CADENCE,64,GREEN,OK,preferred_low_cadence_band,{age_s=0.0}
15.0,GRADE,0,NEUTRAL,OK,flat_deadband,"{grade_raw=0.0, grade_display=0.0}"
15.0,GEAR,WAIT,GRAY,NO_DATA,missing_gear,{}
16.0,SPEED,24.8,NEUTRAL,OK,near_reference,"{reference_kmh=24.0, age_s=0.0}"
16.0,POWER,156,NEUTRAL,OK,power_present,{age_s=0.0}
16.0,HR,136,NEUTRAL,OK,hr_present,{age_s=0.0}
16.0,CADENCE,65,GREEN,OK,preferred_low_cadence_band,{age_s=0.0}
16.0,GRADE,0,NEUTRAL,OK,flat_deadband,"{grade_raw=0.0, grade_display=0.0}"
16.0,GEAR,WAIT,GRAY,NO_DATA,missing_gear,{}
17.0,SPEED,24.9,NEUTRAL,OK,near_reference,"{reference_kmh=24.0, age_s=0.0}"
17.0,POWER,157,NEUTRAL,OK,power_present,{age_s=0.0}
17.0,HR,137,NEUTRAL,OK,hr_present,{age_s=0.0}
17.0,CADENCE,66,GREEN,OK,preferred_low_cadence_band,{age_s=0.0}
17.0,GRADE,0,NEUTRAL,OK,flat_deadband,"{grade_raw=0.0, grade_display=0.0}"
17.0,GEAR,WAIT,GRAY,NO_DATA,missing_gear,{}
18.0,SPEED,24.9,NEUTRAL,OK,near_reference,"{reference_kmh=24.0, age_s=0.0}"
18.0,POWER,158,NEUTRAL,OK,power_present,{age_s=0.0}
18.0,HR,138,NEUTRAL,OK,hr_present,{age_s=0.0}
18.0,CADENCE,67,GREEN,OK,preferred_low_cadence_band,{age_s=0.0}
18.0,GRADE,0,NEUTRAL,OK,flat_deadband,"{grade_raw=0.0, grade_display=0.0}"
18.0,GEAR,WAIT,GRAY,NO_DATA,missing_gear,{}
19.0,SPEED,25.0,NEUTRAL,OK,near_reference,"{reference_kmh=24.0, age_s=0.0}"
19.0,POWER,159,NEUTRAL,OK,power_present,{age_s=0.0}
19.0,HR,139,NEUTRAL,OK,hr_present,{age_s=0.0}
19.0,CADENCE,68,GREEN,OK,preferred_low_cadence_band,{age_s=0.0}
19.0,GRADE,0,NEUTRAL,OK,flat_deadband,"{grade_raw=0.0, grade_display=0.0}"
19.0,GEAR,WAIT,GRAY,NO_DATA,missing_gear,{}
20.0,SPEED,24.0,NEUTRAL,OK,near_reference,"{reference_kmh=24.0, age_s=0.0}"
20.0,POWER,160,NEUTRAL,OK,power_present,{age_s=0.0}
20.0,HR,140,NEUTRAL,OK,hr_present,{age_s=0.0}
20.0,CADENCE,69,GREEN,OK,preferred_low_cadence_band,{age_s=0.0}
20.0,GRADE,0,NEUTRAL,OK,flat_deadband,"{grade_raw=0.0, grade_display=0.0}"
20.0,GEAR,WAIT,GRAY,NO_DATA,missing_gear,{}
21.0,SPEED,24.1,NEUTRAL,OK,near_reference,"{reference_kmh=24.0, age_s=0.0}"
21.0,POWER,161,NEUTRAL,OK,power_present,{age_s=0.0}
21.0,HR,120,NEUTRAL,OK,hr_present,{age_s=0.0}
21.0,CADENCE,70,GREEN,OK,preferred_low_cadence_band,{age_s=0.0}
21.0,GRADE,0,NEUTRAL,OK,flat_deadband,"{grade_raw=0.0, grade_display=0.0}"
21.0,GEAR,WAIT,GRAY,NO_DATA,missing_gear,{}
22.0,SPEED,24.1,NEUTRAL,OK,near_reference,"{reference_kmh=24.0, age_s=0.0}"
22.0,POWER,162,NEUTRAL,OK,power_present,{age_s=0.0}
22.0,HR,121,NEUTRAL,OK,hr_present,{age_s=0.0}
22.0,CADENCE,60,GREEN,OK,preferred_low_cadence_band,{age_s=0.0}
22.0,GRADE,0,NEUTRAL,OK,flat_deadband,"{grade_raw=0.0, grade_display=0.0}"
22.0,GEAR,WAIT,GRAY,NO_DATA,missing_gear,{}
23.0,SPEED,24.2,NEUTRAL,OK,near_reference,"{reference_kmh=24.0, age_s=0.0}"
23.0,POWER,163,NEUTRAL,OK,power_present,{age_s=0.0}
23.0,HR,122,NEUTRAL,OK,hr_present,{age_s=0.0}
23.0,CADENCE,61,GREEN,OK,preferred_low_cadence_band,{age_s=0.0}
23.0,GRADE,0,NEUTRAL,OK,flat_deadband,"{grade_raw=0.0, grade_display=0.0}"
23.0,GEAR,WAIT,GRAY,NO_DATA,missing_gear,{}
24.0,SPEED,24.2,NEUTRAL,OK,near_reference,"{reference_kmh=24.0, age_s=0.0}"
24.0,POWER,164,NEUTRAL,OK,power_present,{age_s=0.0}
24.0,HR,123,NEUTRAL,OK,hr_present,{age_s=0.0}
24.0,CADENCE,62,GREEN,OK,preferred_low_cadence_band,{age_s=0.0}
24.0,GRADE,0,NEUTRAL,OK,flat_deadband,"{grade_raw=0.0, grade_display=0.0}"
24.0,GEAR,WAIT,GRAY,NO_DATA,missing_gear,{}
25.0,SPEED,24.3,NEUTRAL,OK,near_reference,"{reference_kmh=24.0, age_s=0.0}"
25.0,POWER,165,NEUTRAL,OK,power_present,{age_s=0.0}
25.0,HR,124,NEUTRAL,OK,hr_present,{age_s=0.0}
25.0,CADENCE,63,GREEN,OK,preferred_low_cadence_band,{age_s=0.0}
25.0,GRADE,0,NEUTRAL,OK,flat_deadband,"{grade_raw=0.0, grade_display=0.0}"
25.0,GEAR,WAIT,GRAY,NO_DATA,missing_gear,{}
26.0,SPEED,24.3,NEUTRAL,OK,near_reference,"{reference_kmh=24.0, age_s=0.0}"
26.0,POWER,166,NEUTRAL,OK,power_present,{age_s=0.0}
26.0,HR,125,NEUTRAL,OK,hr_present,{age_s=0.0}
26.0,CADENCE,64,GREEN,OK,preferred_low_cadence_band,{age_s=0.0}
26.0,GRADE,0,NEUTRAL,OK,flat_deadband,"{grade_raw=0.0, grade_display=0.0}"
26.0,GEAR,WAIT,GRAY,NO_DATA,missing_gear,{}
27.0,SPEED,24.4,NEUTRAL,OK,near_reference,"{reference_kmh=24.0, age_s=0.0}"
27.0,POWER,167,NEUTRAL,OK,power_present,{age_s=0.0}
27.0,HR,126,NEUTRAL,OK,hr_present,{age_s=0.0}
27.0,CADENCE,65,GREEN,OK,preferred_low_cadence_band,{age_s=0.0}
27.0,GRADE,0,NEUTRAL,OK,flat_deadband,"{grade_raw=0.0, grade_display=0.0}"
27.0,GEAR,WAIT,GRAY,NO_DATA,missing_gear,{}
28.0,SPEED,24.4,NEUTRAL,OK,near_reference,"{reference_kmh=24.0, age_s=0.0}"
28.0,POWER,168,NEUTRAL,OK,power_present,{age_s=0.0}
28.0,HR,127,NEUTRAL,OK,hr_present,{age_s=0.0}
28.0,CADENCE,66,GREEN,OK,preferred_low_cadence_band,{age_s=0.0}
28.0,GRADE,0,NEUTRAL,OK,flat_deadband,"{grade_raw=0.0, grade_display=0.0}"
28.0,GEAR,WAIT,GRAY,NO_DATA,missing_gear,{}
29.0,SPEED,24.5,NEUTRAL,OK,near_reference,"{reference_kmh=24.0, age_s=0.0}"
29.0,POWER,169,NEUTRAL,OK,power_present,{age_s=0.0}
29.0,HR,128,NEUTRAL,OK,hr_present,{age_s=0.0}
29.0,CADENCE,67,GREEN,OK,preferred_low_cadence_band,{age_s=0.0}
29.0,GRADE,0,NEUTRAL,OK,flat_deadband,"{grade_raw=0.0, grade_display=0.0}"
29.0,GEAR,WAIT,GRAY,NO_DATA,missing_gear,{}
30.0,SPEED,24.5,NEUTRAL,OK,near_reference,"{reference_kmh=24.0, age_s=0.0}"
30.0,POWER,170,NEUTRAL,OK,power_present,{age_s=0.0}
30.0,HR,129,NEUTRAL,OK,hr_present,{age_s=0.0}
30.0,CADENCE,68,GREEN,OK,preferred_low_cadence_band,{age_s=0.0}
30.0,GRADE,0,NEUTRAL,OK,flat_deadband,"{grade_raw=0.0, grade_display=0.0}"
30.0,GEAR,WAIT,GRAY,NO_DATA,missing_gear,{}
31.0,SPEED,24.6,NEUTRAL,OK,near_reference,"{reference_kmh=24.0, age_s=0.0}"
31.0,POWER,140,NEUTRAL,OK,power_present,{age_s=0.0}
31.0,HR,130,NEUTRAL,OK,hr_present,{age_s=0.0}
31.0,CADENCE,69,GREEN,OK,preferred_low_cadence_band,{age_s=0.0}
31.0,GRADE,0,NEUTRAL,OK,flat_deadband,"{grade_raw=0.0, grade_display=0.0}"
31.0,GEAR,WAIT,GRAY,NO_DATA,missing_gear,{}
32.0,SPEED,24.6,NEUTRAL,OK,near_reference,"{reference_kmh=24.0, age_s=0.0}"
32.0,POWER,141,NEUTRAL,OK,power_present,{age_s=0.0}
32.0,HR,131,NEUTRAL,OK,hr_present,{age_s=0.0}
32.0,CADENCE,70,GREEN,OK,preferred_low_cadence_band,{age_s=0.0}
32.0,GRADE,0,NEUTRAL,OK,flat_deadband,"{grade_raw=0.0, grade_display=0.0}"
32.0,GEAR,WAIT,GRAY,NO_DATA,missing_gear,{}
33.0,SPEED,24.7,NEUTRAL,OK,near_reference,"{reference_kmh=24.0, age_s=0.0}"
33.0,POWER,142,NEUTRAL,OK,power_present,{age_s=0.0}
33.0,HR,132,NEUTRAL,OK,hr_present,{age_s=0.0}
33.0,CADENCE,60,GREEN,OK,preferred_low_cadence_band,{age_s=0.0}
33.0,GRADE,0,NEUTRAL,OK,flat_deadband,"{grade_raw=0.0, grade_display=0.0}"
33.0,GEAR,WAIT,GRAY,NO_DATA,missing_gear,{}
34.0,SPEED,24.7,NEUTRAL,OK,near_reference,"{reference_kmh=24.0, age_s=0.0}"
34.0,POWER,143,NEUTRAL,OK,power_present,{age_s=0.0}
34.0,HR,133,NEUTRAL,OK,hr_present,{age_s=0.0}
34.0,CADENCE,61,GREEN,OK,preferred_low_cadence_band,{age_s=0.0}
34.0,GRADE,0,NEUTRAL,OK,flat_deadband,"{grade_raw=0.0, grade_display=0.0}"
34.0,GEAR,WAIT,GRAY,NO_DATA,missing_gear,{}
35.0,SPEED,24.8,NEUTRAL,OK,near_reference,"{reference_kmh=24.0, age_s=0.0}"
35.0,POWER,144,NEUTRAL,OK,power_present,{age_s=0.0}
35.0,HR,134,NEUTRAL,OK,hr_present,{age_s=0.0}
35.0,CADENCE,62,GREEN,OK,preferred_low_cadence_band,{age_s=0.0}
35.0,GRADE,0,NEUTRAL,OK,flat_deadband,"{grade_raw=0.0, grade_display=0.0}"
35.0,GEAR,WAIT,GRAY,NO_DATA,missing_gear,{}
36.0,SPEED,24.8,NEUTRAL,OK,near_reference,"{reference_kmh=24.0, age_s=0.0}"
36.0,POWER,145,NEUTRAL,OK,power_present,{age_s=0.0}
36.0,HR,135,NEUTRAL,OK,hr_present,{age_s=0.0}
36.0,CADENCE,63,GREEN,OK,preferred_low_cadence_band,{age_s=0.0}
36.0,GRADE,0,NEUTRAL,OK,flat_deadband,"{grade_raw=0.0, grade_display=0.0}"
36.0,GEAR,WAIT,GRAY,NO_DATA,missing_gear,{}
37.0,SPEED,24.9,NEUTRAL,OK,near_reference,"{reference_kmh=24.0, age_s=0.0}"
37.0,POWER,146,NEUTRAL,OK,power_present,{age_s=0.0}
37.0,HR,136,NEUTRAL,OK,hr_present,{age_s=0.0}
37.0,CADENCE,64,GREEN,OK,preferred_low_cadence_band,{age_s=0.0}
37.0,GRADE,0,NEUTRAL,OK,flat_deadband,"{grade_raw=0.0, grade_display=0.0}"
37.0,GEAR,WAIT,GRAY,NO_DATA,missing_gear,{}
38.0,SPEED,24.9,NEUTRAL,OK,near_reference,"{reference_kmh=24.0, age_s=0.0}"
38.0,POWER,147,NEUTRAL,OK,power_present,{age_s=0.0}
38.0,HR,137,NEUTRAL,OK,hr_present,{age_s=0.0}
38.0,CADENCE,65,GREEN,OK,preferred_low_cadence_band,{age_s=0.0}
38.0,GRADE,0,NEUTRAL,OK,flat_deadband,"{grade_raw=0.0, grade_display=0.0}"
38.0,GEAR,WAIT,GRAY,NO_DATA,missing_gear,{}
39.0,SPEED,25.0,NEUTRAL,OK,near_reference,"{reference_kmh=24.0, age_s=0.0}"
39.0,POWER,148,NEUTRAL,OK,power_present,{age_s=0.0}
39.0,HR,138,NEUTRAL,OK,hr_present,{age_s=0.0}
39.0,CADENCE,66,GREEN,OK,preferred_low_cadence_band,{age_s=0.0}
39.0,GRADE,0,NEUTRAL,OK,flat_deadband,"{grade_raw=0.0, grade_display=0.0}"
39.0,GEAR,WAIT,GRAY,NO_DATA,missing_gear,{}
40.0,SPEED,24.0,NEUTRAL,OK,near_reference,"{reference_kmh=24.0, age_s=0.0}"
40.0,POWER,149,NEUTRAL,OK,power_present,{age_s=0.0}
40.0,HR,139,NEUTRAL,OK,hr_present,{age_s=0.0}
40.0,CADENCE,67,GREEN,OK,preferred_low_cadence_band,{age_s=0.0}
40.0,GRADE,0,NEUTRAL,OK,flat_deadband,"{grade_raw=0.0, grade_display=0.0}"
40.0,GEAR,WAIT,GRAY,NO_DATA,missing_gear,{}
41.0,SPEED,24.1,NEUTRAL,OK,near_reference,"{reference_kmh=24.0, age_s=0.0}"
41.0,POWER,150,NEUTRAL,OK,power_present,{age_s=0.0}
41.0,HR,140,NEUTRAL,OK,hr_present,{age_s=0.0}
41.0,CADENCE,68,GREEN,OK,preferred_low_cadence_band,{age_s=0.0}
41.0,GRADE,0,NEUTRAL,OK,flat_deadband,"{grade_raw=0.0, grade_display=0.0}"
41.0,GEAR,WAIT,GRAY,NO_DATA,missing_gear,{}
42.0,SPEED,24.1,NEUTRAL,OK,near_reference,"{reference_kmh=24.0, age_s=0.0}"
42.0,POWER,151,NEUTRAL,OK,power_present,{age_s=0.0}
42.0,HR,120,NEUTRAL,OK,hr_present,{age_s=0.0}
42.0,CADENCE,69,GREEN,OK,preferred_low_cadence_band,{age_s=0.0}
42.0,GRADE,0,NEUTRAL,OK,flat_deadband,"{grade_raw=0.0, grade_display=0.0}"
42.0,GEAR,WAIT,GRAY,NO_DATA,missing_gear,{}
43.0,SPEED,24.2,NEUTRAL,OK,near_reference,"{reference_kmh=24.0, age_s=0.0}"
43.0,POWER,152,NEUTRAL,OK,power_present,{age_s=0.0}
43.0,HR,121,NEUTRAL,OK,hr_present,{age_s=0.0}
43.0,CADENCE,70,GREEN,OK,preferred_low_cadence_band,{age_s=0.0}
43.0,GRADE,0,NEUTRAL,OK,flat_deadband,"{grade_raw=0.0, grade_display=0.0}"
43.0,GEAR,WAIT,GRAY,NO_DATA,missing_gear,{}
44.0,SPEED,24.2,NEUTRAL,OK,near_reference,"{reference_kmh=24.0, age_s=0.0}"
44.0,POWER,153,NEUTRAL,OK,power_present,{age_s=0.0}
44.0,HR,122,NEUTRAL,OK,hr_present,{age_s=0.0}
44.0,CADENCE,60,GREEN,OK,preferred_low_cadence_band,{age_s=0.0}
44.0,GRADE,0,NEUTRAL,OK,flat_deadband,"{grade_raw=0.0, grade_display=0.0}"
44.0,GEAR,WAIT,GRAY,NO_DATA,missing_gear,{}
45.0,SPEED,24.3,NEUTRAL,OK,near_reference,"{reference_kmh=24.0, age_s=0.0}"
45.0,POWER,154,NEUTRAL,OK,power_present,{age_s=0.0}
45.0,HR,123,NEUTRAL,OK,hr_present,{age_s=0.0}
45.0,CADENCE,61,GREEN,OK,preferred_low_cadence_band,{age_s=0.0}
45.0,GRADE,0,NEUTRAL,OK,flat_deadband,"{grade_raw=0.0, grade_display=0.0}"
45.0,GEAR,WAIT,GRAY,NO_DATA,missing_gear,{}
46.0,SPEED,24.3,NEUTRAL,OK,near_reference,"{reference_kmh=24.0, age_s=0.0}"
46.0,POWER,155,NEUTRAL,OK,power_present,{age_s=0.0}
46.0,HR,124,NEUTRAL,OK,hr_present,{age_s=0.0}
46.0,CADENCE,62,GREEN,OK,preferred_low_cadence_band,{age_s=0.0}
46.0,GRADE,0,NEUTRAL,OK,flat_deadband,"{grade_raw=0.0, grade_display=0.0}"
46.0,GEAR,WAIT,GRAY,NO_DATA,missing_gear,{}
47.0,SPEED,24.4,NEUTRAL,OK,near_reference,"{reference_kmh=24.0, age_s=0.0}"
47.0,POWER,156,NEUTRAL,OK,power_present,{age_s=0.0}
47.0,HR,125,NEUTRAL,OK,hr_present,{age_s=0.0}
47.0,CADENCE,63,GREEN,OK,preferred_low_cadence_band,{age_s=0.0}
47.0,GRADE,0,NEUTRAL,OK,flat_deadband,"{grade_raw=0.0, grade_display=0.0}"
47.0,GEAR,WAIT,GRAY,NO_DATA,missing_gear,{}
48.0,SPEED,24.4,NEUTRAL,OK,near_reference,"{reference_kmh=24.0, age_s=0.0}"
48.0,POWER,157,NEUTRAL,OK,power_present,{age_s=0.0}
48.0,HR,126,NEUTRAL,OK,hr_present,{age_s=0.0}
48.0,CADENCE,64,GREEN,OK,preferred_low_cadence_band,{age_s=0.0}
48.0,GRADE,0,NEUTRAL,OK,flat_deadband,"{grade_raw=0.0, grade_display=0.0}"
48.0,GEAR,WAIT,GRAY,NO_DATA,missing_gear,{}
49.0,SPEED,24.5,NEUTRAL,OK,near_reference,"{reference_kmh=24.0, age_s=0.0}"
49.0,POWER,158,NEUTRAL,OK,power_present,{age_s=0.0}
49.0,HR,127,NEUTRAL,OK,hr_present,{age_s=0.0}
49.0,CADENCE,65,GREEN,OK,preferred_low_cadence_band,{age_s=0.0}
49.0,GRADE,0,NEUTRAL,OK,flat_deadband,"{grade_raw=0.0, grade_display=0.0}"
49.0,GEAR,WAIT,GRAY,NO_DATA,missing_gear,{}
50.0,SPEED,24.5,NEUTRAL,OK,near_reference,"{reference_kmh=24.0, age_s=0.0}"
50.0,POWER,159,NEUTRAL,OK,power_present,{age_s=0.0}
50.0,HR,128,NEUTRAL,OK,hr_present,{age_s=0.0}
50.0,CADENCE,66,GREEN,OK,preferred_low_cadence_band,{age_s=0.0}
50.0,GRADE,0,NEUTRAL,OK,flat_deadband,"{grade_raw=0.0, grade_display=0.0}"
50.0,GEAR,WAIT,GRAY,NO_DATA,missing_gear,{}
51.0,SPEED,24.6,NEUTRAL,OK,near_reference,"{reference_kmh=24.0, age_s=0.0}"
51.0,POWER,160,NEUTRAL,OK,power_present,{age_s=0.0}
51.0,HR,129,NEUTRAL,OK,hr_present,{age_s=0.0}
51.0,CADENCE,67,GREEN,OK,preferred_low_cadence_band,{age_s=0.0}
51.0,GRADE,0,NEUTRAL,OK,flat_deadband,"{grade_raw=0.0, grade_display=0.0}"
51.0,GEAR,WAIT,GRAY,NO_DATA,missing_gear,{}
52.0,SPEED,24.6,NEUTRAL,OK,near_reference,"{reference_kmh=24.0, age_s=0.0}"
52.0,POWER,161,NEUTRAL,OK,power_present,{age_s=0.0}
52.0,HR,130,NEUTRAL,OK,hr_present,{age_s=0.0}
52.0,CADENCE,68,GREEN,OK,preferred_low_cadence_band,{age_s=0.0}
52.0,GRADE,0,NEUTRAL,OK,flat_deadband,"{grade_raw=0.0, grade_display=0.0}"
52.0,GEAR,WAIT,GRAY,NO_DATA,missing_gear,{}
53.0,SPEED,24.7,NEUTRAL,OK,near_reference,"{reference_kmh=24.0, age_s=0.0}"
53.0,POWER,162,NEUTRAL,OK,power_present,{age_s=0.0}
53.0,HR,131,NEUTRAL,OK,hr_present,{age_s=0.0}
53.0,CADENCE,69,GREEN,OK,preferred_low_cadence_band,{age_s=0.0}
53.0,GRADE,0,NEUTRAL,OK,flat_deadband,"{grade_raw=0.0, grade_display=0.0}"
53.0,GEAR,WAIT,GRAY,NO_DATA,missing_gear,{}
54.0,SPEED,24.7,NEUTRAL,OK,near_reference,"{reference_kmh=24.0, age_s=0.0}"
54.0,POWER,163,NEUTRAL,OK,power_present,{age_s=0.0}
54.0,HR,132,NEUTRAL,OK,hr_present,{age_s=0.0}
54.0,CADENCE,70,GREEN,OK,preferred_low_cadence_band,{age_s=0.0}
54.0,GRADE,0,NEUTRAL,OK,flat_deadband,"{grade_raw=0.0, grade_display=0.0}"
54.0,GEAR,WAIT,GRAY,NO_DATA,missing_gear,{}
55.0,SPEED,24.8,NEUTRAL,OK,near_reference,"{reference_kmh=24.0, age_s=0.0}"
55.0,POWER,164,NEUTRAL,OK,power_present,{age_s=0.0}
55.0,HR,133,NEUTRAL,OK,hr_present,{age_s=0.0}
55.0,CADENCE,60,GREEN,OK,preferred_low_cadence_band,{age_s=0.0}
55.0,GRADE,0,NEUTRAL,OK,flat_deadband,"{grade_raw=0.0, grade_display=0.0}"
55.0,GEAR,WAIT,GRAY,NO_DATA,missing_gear,{}
56.0,SPEED,24.8,NEUTRAL,OK,near_reference,"{reference_kmh=24.0, age_s=0.0}"
56.0,POWER,165,NEUTRAL,OK,power_present,{age_s=0.0}
56.0,HR,134,NEUTRAL,OK,hr_present,{age_s=0.0}
56.0,CADENCE,61,GREEN,OK,preferred_low_cadence_band,{age_s=0.0}
56.0,GRADE,0,NEUTRAL,OK,flat_deadband,"{grade_raw=0.0, grade_display=0.0}"
56.0,GEAR,WAIT,GRAY,NO_DATA,missing_gear,{}
57.0,SPEED,24.9,NEUTRAL,OK,near_reference,"{reference_kmh=24.0, age_s=0.0}"
57.0,POWER,166,NEUTRAL,OK,power_present,{age_s=0.0}
57.0,HR,135,NEUTRAL,OK,hr_present,{age_s=0.0}
57.0,CADENCE,62,GREEN,OK,preferred_low_cadence_band,{age_s=0.0}
57.0,GRADE,0,NEUTRAL,OK,flat_deadband,"{grade_raw=0.0, grade_display=0.0}"
57.0,GEAR,WAIT,GRAY,NO_DATA,missing_gear,{}
58.0,SPEED,24.9,NEUTRAL,OK,near_reference,"{reference_kmh=24.0, age_s=0.0}"
58.0,POWER,167,NEUTRAL,OK,power_present,{age_s=0.0}
58.0,HR,136,NEUTRAL,OK,hr_present,{age_s=0.0}
58.0,CADENCE,63,GREEN,OK,preferred_low_cadence_band,{age_s=0.0}
58.0,GRADE,0,NEUTRAL,OK,flat_deadband,"{grade_raw=0.0, grade_display=0.0}"
58.0,GEAR,WAIT,GRAY,NO_DATA,missing_gear,{}
59.0,SPEED,25.0,NEUTRAL,OK,near_reference,"{reference_kmh=24.0, age_s=0.0}"
59.0,POWER,168,NEUTRAL,OK,power_present,{age_s=0.0}
59.0,HR,137,NEUTRAL,OK,hr_present,{age_s=0.0}
59.0,CADENCE,64,GREEN,OK,preferred_low_cadence_band,{age_s=0.0}
59.0,GRADE,0,NEUTRAL,OK,flat_deadband,"{grade_raw=0.0, grade_display=0.0}"
59.0,GEAR,WAIT,GRAY,NO_DATA,missing_gear,{}
60.0,SPEED,24.0,NEUTRAL,OK,near_reference,"{reference_kmh=24.875, age_s=0.0}"
60.0,POWER,169,NEUTRAL,OK,power_present,{age_s=0.0}
60.0,HR,138,NEUTRAL,OK,hr_present,{age_s=0.0}
60.0,CADENCE,65,GREEN,OK,preferred_low_cadence_band,{age_s=0.0}
60.0,GRADE,0,NEUTRAL,OK,flat_deadband,"{grade_raw=0.0, grade_display=0.0}"
60.0,GEAR,WAIT,GRAY,NO_DATA,missing_gear,{}
61.0,SPEED,24.1,NEUTRAL,OK,near_reference,"{reference_kmh=24.861475409836064, age_s=0.0}"
61.0,POWER,170,NEUTRAL,OK,power_present,{age_s=0.0}
61.0,HR,139,NEUTRAL,OK,hr_present,{age_s=0.0}
61.0,CADENCE,66,GREEN,OK,preferred_low_cadence_band,{age_s=0.0}
61.0,GRADE,0,NEUTRAL,OK,flat_deadband,"{grade_raw=0.0, grade_display=0.0}"
61.0,GEAR,WAIT,GRAY,NO_DATA,missing_gear,{}
62.0,SPEED,24.1,NEUTRAL,OK,near_reference,"{reference_kmh=24.849193548387095, age_s=0.0}"
62.0,POWER,140,NEUTRAL,OK,power_present,{age_s=0.0}
62.0,HR,140,NEUTRAL,OK,hr_present,{age_s=0.0}
62.0,CADENCE,67,GREEN,OK,preferred_low_cadence_band,{age_s=0.0}
62.0,GRADE,0,NEUTRAL,OK,flat_deadband,"{grade_raw=0.0, grade_display=0.0}"
62.0,GEAR,WAIT,GRAY,NO_DATA,missing_gear,{}
63.0,SPEED,24.2,NEUTRAL,OK,near_reference,"{reference_kmh=24.838095238095235, age_s=0.0}"
63.0,POWER,141,NEUTRAL,OK,power_present,{age_s=0.0}
63.0,HR,120,NEUTRAL,OK,hr_present,{age_s=0.0}
63.0,CADENCE,68,GREEN,OK,preferred_low_cadence_band,{age_s=0.0}
63.0,GRADE,0,NEUTRAL,OK,flat_deadband,"{grade_raw=0.0, grade_display=0.0}"
63.0,GEAR,WAIT,GRAY,NO_DATA,missing_gear,{}
64.0,SPEED,24.2,NEUTRAL,OK,near_reference,"{reference_kmh=24.828124999999996, age_s=0.0}"
64.0,POWER,142,NEUTRAL,OK,power_present,{age_s=0.0}
64.0,HR,121,NEUTRAL,OK,hr_present,{age_s=0.0}
64.0,CADENCE,69,GREEN,OK,preferred_low_cadence_band,{age_s=0.0}
64.0,GRADE,0,NEUTRAL,OK,flat_deadband,"{grade_raw=0.0, grade_display=0.0}"
64.0,GEAR,WAIT,GRAY,NO_DATA,missing_gear,{}
65.0,SPEED,24.3,NEUTRAL,OK,near_reference,"{reference_kmh=24.819230769230767, age_s=0.0}"
65.0,POWER,143,NEUTRAL,OK,power_present,{age_s=0.0}
65.0,HR,122,NEUTRAL,OK,hr_present,{age_s=0.0}
65.0,CADENCE,70,GREEN,OK,preferred_low_cadence_band,{age_s=0.0}
65.0,GRADE,0,NEUTRAL,OK,flat_deadband,"{grade_raw=0.0, grade_display=0.0}"
65.0,GEAR,WAIT,GRAY,NO_DATA,missing_gear,{}
66.0,SPEED,24.3,NEUTRAL,OK,near_reference,"{reference_kmh=24.81136363636363, age_s=0.0}"
66.0,POWER,144,NEUTRAL,OK,power_present,{age_s=0.0}
66.0,HR,123,NEUTRAL,OK,hr_present,{age_s=0.0}
66.0,CADENCE,60,GREEN,OK,preferred_low_cadence_band,{age_s=0.0}
66.0,GRADE,0,NEUTRAL,OK,flat_deadband,"{grade_raw=0.0, grade_display=0.0}"
66.0,GEAR,WAIT,GRAY,NO_DATA,missing_gear,{}
67.0,SPEED,24.4,NEUTRAL,OK,near_reference,"{reference_kmh=24.8044776119403, age_s=0.0}"
67.0,POWER,145,NEUTRAL,OK,power_present,{age_s=0.0}
67.0,HR,124,NEUTRAL,OK,hr_present,{age_s=0.0}
67.0,CADENCE,61,GREEN,OK,preferred_low_cadence_band,{age_s=0.0}
67.0,GRADE,0,NEUTRAL,OK,flat_deadband,"{grade_raw=0.0, grade_display=0.0}"
67.0,GEAR,WAIT,GRAY,NO_DATA,missing_gear,{}
68.0,SPEED,24.4,NEUTRAL,OK,near_reference,"{reference_kmh=24.798529411764704, age_s=0.0}"
68.0,POWER,146,NEUTRAL,OK,power_present,{age_s=0.0}
68.0,HR,125,NEUTRAL,OK,hr_present,{age_s=0.0}
68.0,CADENCE,62,GREEN,OK,preferred_low_cadence_band,{age_s=0.0}
68.0,GRADE,0,NEUTRAL,OK,flat_deadband,"{grade_raw=0.0, grade_display=0.0}"
68.0,GEAR,WAIT,GRAY,NO_DATA,missing_gear,{}
69.0,SPEED,24.5,NEUTRAL,OK,near_reference,"{reference_kmh=24.793478260869566, age_s=0.0}"
69.0,POWER,147,NEUTRAL,OK,power_present,{age_s=0.0}
69.0,HR,126,NEUTRAL,OK,hr_present,{age_s=0.0}
69.0,CADENCE,63,GREEN,OK,preferred_low_cadence_band,{age_s=0.0}
69.0,GRADE,0,NEUTRAL,OK,flat_deadband,"{grade_raw=0.0, grade_display=0.0}"
69.0,GEAR,WAIT,GRAY,NO_DATA,missing_gear,{}
70.0,SPEED,24.5,NEUTRAL,OK,near_reference,"{reference_kmh=24.78928571428571, age_s=0.0}"
70.0,POWER,148,NEUTRAL,OK,power_present,{age_s=0.0}
70.0,HR,127,NEUTRAL,OK,hr_present,{age_s=0.0}
70.0,CADENCE,64,GREEN,OK,preferred_low_cadence_band,{age_s=0.0}
70.0,GRADE,0,NEUTRAL,OK,flat_deadband,"{grade_raw=0.0, grade_display=0.0}"
70.0,GEAR,WAIT,GRAY,NO_DATA,missing_gear,{}
71.0,SPEED,24.6,NEUTRAL,OK,near_reference,"{reference_kmh=24.78591549295775, age_s=0.0}"
71.0,POWER,149,NEUTRAL,OK,power_present,{age_s=0.0}
71.0,HR,128,NEUTRAL,OK,hr_present,{age_s=0.0}
71.0,CADENCE,65,GREEN,OK,preferred_low_cadence_band,{age_s=0.0}
71.0,GRADE,0,NEUTRAL,OK,flat_deadband,"{grade_raw=0.0, grade_display=0.0}"
71.0,GEAR,WAIT,GRAY,NO_DATA,missing_gear,{}
72.0,SPEED,24.6,NEUTRAL,OK,near_reference,"{reference_kmh=24.78333333333333, age_s=0.0}"
72.0,POWER,150,NEUTRAL,OK,power_present,{age_s=0.0}
72.0,HR,129,NEUTRAL,OK,hr_present,{age_s=0.0}
72.0,CADENCE,66,GREEN,OK,preferred_low_cadence_band,{age_s=0.0}
72.0,GRADE,0,NEUTRAL,OK,flat_deadband,"{grade_raw=0.0, grade_display=0.0}"
72.0,GEAR,WAIT,GRAY,NO_DATA,missing_gear,{}
73.0,SPEED,24.7,NEUTRAL,OK,near_reference,"{reference_kmh=24.781506849315065, age_s=0.0}"
73.0,POWER,151,NEUTRAL,OK,power_present,{age_s=0.0}
73.0,HR,130,NEUTRAL,OK,hr_present,{age_s=0.0}
73.0,CADENCE,67,GREEN,OK,preferred_low_cadence_band,{age_s=0.0}
73.0,GRADE,0,NEUTRAL,OK,flat_deadband,"{grade_raw=0.0, grade_display=0.0}"
73.0,GEAR,WAIT,GRAY,NO_DATA,missing_gear,{}
74.0,SPEED,24.7,NEUTRAL,OK,near_reference,"{reference_kmh=24.7804054054054, age_s=0.0}"
74.0,POWER,152,NEUTRAL,OK,power_present,{age_s=0.0}
74.0,HR,131,NEUTRAL,OK,hr_present,{age_s=0.0}
74.0,CADENCE,68,GREEN,OK,preferred_low_cadence_band,{age_s=0.0}
74.0,GRADE,0,NEUTRAL,OK,flat_deadband,"{grade_raw=0.0, grade_display=0.0}"
74.0,GEAR,WAIT,GRAY,NO_DATA,missing_gear,{}
75.0,SPEED,24.8,NEUTRAL,OK,near_reference,"{reference_kmh=24.78, age_s=0.0}"
75.0,POWER,153,NEUTRAL,OK,power_present,{age_s=0.0}
75.0,HR,132,NEUTRAL,OK,hr_present,{age_s=0.0}
75.0,CADENCE,69,GREEN,OK,preferred_low_cadence_band,{age_s=0.0}
75.0,GRADE,0,NEUTRAL,OK,flat_deadband,"{grade_raw=0.0, grade_display=0.0}"
75.0,GEAR,WAIT,GRAY,NO_DATA,missing_gear,{}
76.0,SPEED,24.8,NEUTRAL,OK,near_reference,"{reference_kmh=24.780263157894737, age_s=0.0}"
76.0,POWER,154,NEUTRAL,OK,power_present,{age_s=0.0}
76.0,HR,133,NEUTRAL,OK,hr_present,{age_s=0.0}
76.0,CADENCE,70,GREEN,OK,preferred_low_cadence_band,{age_s=0.0}
76.0,GRADE,0,NEUTRAL,OK,flat_deadband,"{grade_raw=0.0, grade_display=0.0}"
76.0,GEAR,WAIT,GRAY,NO_DATA,missing_gear,{}
77.0,SPEED,24.9,NEUTRAL,OK,near_reference,"{reference_kmh=24.781168831168834, age_s=0.0}"
77.0,POWER,155,NEUTRAL,OK,power_present,{age_s=0.0}
77.0,HR,134,NEUTRAL,OK,hr_present,{age_s=0.0}
77.0,CADENCE,60,GREEN,OK,preferred_low_cadence_band,{age_s=0.0}
77.0,GRADE,0,NEUTRAL,OK,flat_deadband,"{grade_raw=0.0, grade_display=0.0}"
77.0,GEAR,WAIT,GRAY,NO_DATA,missing_gear,{}
78.0,SPEED,24.9,NEUTRAL,OK,near_reference,"{reference_kmh=24.78269230769231, age_s=0.0}"
78.0,POWER,156,NEUTRAL,OK,power_present,{age_s=0.0}
78.0,HR,135,NEUTRAL,OK,hr_present,{age_s=0.0}
78.0,CADENCE,61,GREEN,OK,preferred_low_cadence_band,{age_s=0.0}
78.0,GRADE,0,NEUTRAL,OK,flat_deadband,"{grade_raw=0.0, grade_display=0.0}"
78.0,GEAR,WAIT,GRAY,NO_DATA,missing_gear,{}
79.0,SPEED,25.0,NEUTRAL,OK,near_reference,"{reference_kmh=24.78481012658228, age_s=0.0}"
79.0,POWER,157,NEUTRAL,OK,power_present,{age_s=0.0}
79.0,HR,136,NEUTRAL,OK,hr_present,{age_s=0.0}
79.0,CADENCE,62,GREEN,OK,preferred_low_cadence_band,{age_s=0.0}
79.0,GRADE,0,NEUTRAL,OK,flat_deadband,"{grade_raw=0.0, grade_display=0.0}"
79.0,GEAR,WAIT,GRAY,NO_DATA,missing_gear,{}
80.0,SPEED,24.0,NEUTRAL,OK,near_reference,"{reference_kmh=24.775, age_s=0.0}"
80.0,POWER,158,NEUTRAL,OK,power_present,{age_s=0.0}
80.0,HR,137,NEUTRAL,OK,hr_present,{age_s=0.0}
80.0,CADENCE,63,GREEN,OK,preferred_low_cadence_band,{age_s=0.0}
80.0,GRADE,0,NEUTRAL,OK,flat_deadband,"{grade_raw=0.0, grade_display=0.0}"
80.0,GEAR,WAIT,GRAY,NO_DATA,missing_gear,{}
81.0,SPEED,24.1,NEUTRAL,OK,near_reference,"{reference_kmh=24.766049382716048, age_s=0.0}"
81.0,POWER,159,NEUTRAL,OK,power_present,{age_s=0.0}
81.0,HR,138,NEUTRAL,OK,hr_present,{age_s=0.0}
81.0,CADENCE,64,GREEN,OK,preferred_low_cadence_band,{age_s=0.0}
81.0,GRADE,0,NEUTRAL,OK,flat_deadband,"{grade_raw=0.0, grade_display=0.0}"
81.0,GEAR,WAIT,GRAY,NO_DATA,missing_gear,{}
82.0,SPEED,24.1,NEUTRAL,OK,near_reference,"{reference_kmh=24.75792682926829, age_s=0.0}"
82.0,POWER,160,NEUTRAL,OK,power_present,{age_s=0.0}
82.0,HR,139,NEUTRAL,OK,hr_present,{age_s=0.0}
82.0,CADENCE,65,GREEN,OK,preferred_low_cadence_band,{age_s=0.0}
82.0,GRADE,0,NEUTRAL,OK,flat_deadband,"{grade_raw=0.0, grade_display=0.0}"
82.0,GEAR,WAIT,GRAY,NO_DATA,missing_gear,{}
83.0,SPEED,24.2,NEUTRAL,OK,near_reference,"{reference_kmh=24.750602409638557, age_s=0.0}"
83.0,POWER,161,NEUTRAL,OK,power_present,{age_s=0.0}
83.0,HR,140,NEUTRAL,OK,hr_present,{age_s=0.0}
83.0,CADENCE,66,GREEN,OK,preferred_low_cadence_band,{age_s=0.0}
83.0,GRADE,0,NEUTRAL,OK,flat_deadband,"{grade_raw=0.0, grade_display=0.0}"
83.0,GEAR,WAIT,GRAY,NO_DATA,missing_gear,{}
84.0,SPEED,24.2,NEUTRAL,OK,near_reference,"{reference_kmh=24.744047619047617, age_s=0.0}"
84.0,POWER,162,NEUTRAL,OK,power_present,{age_s=0.0}
84.0,HR,120,NEUTRAL,OK,hr_present,{age_s=0.0}
84.0,CADENCE,67,GREEN,OK,preferred_low_cadence_band,{age_s=0.0}
84.0,GRADE,0,NEUTRAL,OK,flat_deadband,"{grade_raw=0.0, grade_display=0.0}"
84.0,GEAR,WAIT,GRAY,NO_DATA,missing_gear,{}
85.0,SPEED,24.3,NEUTRAL,OK,near_reference,"{reference_kmh=24.738235294117644, age_s=0.0}"
85.0,POWER,163,NEUTRAL,OK,power_present,{age_s=0.0}
85.0,HR,121,NEUTRAL,OK,hr_present,{age_s=0.0}
85.0,CADENCE,68,GREEN,OK,preferred_low_cadence_band,{age_s=0.0}
85.0,GRADE,0,NEUTRAL,OK,flat_deadband,"{grade_raw=0.0, grade_display=0.0}"
85.0,GEAR,WAIT,GRAY,NO_DATA,missing_gear,{}
86.0,SPEED,24.3,NEUTRAL,OK,near_reference,"{reference_kmh=24.73313953488372, age_s=0.0}"
86.0,POWER,164,NEUTRAL,OK,power_present,{age_s=0.0}
86.0,HR,122,NEUTRAL,OK,hr_present,{age_s=0.0}
86.0,CADENCE,69,GREEN,OK,preferred_low_cadence_band,{age_s=0.0}
86.0,GRADE,0,NEUTRAL,OK,flat_deadband,"{grade_raw=0.0, grade_display=0.0}"
86.0,GEAR,WAIT,GRAY,NO_DATA,missing_gear,{}
87.0,SPEED,24.4,NEUTRAL,OK,near_reference,"{reference_kmh=24.72873563218391, age_s=0.0}"
87.0,POWER,165,NEUTRAL,OK,power_present,{age_s=0.0}
87.0,HR,123,NEUTRAL,OK,hr_present,{age_s=0.0}
87.0,CADENCE,70,GREEN,OK,preferred_low_cadence_band,{age_s=0.0}
87.0,GRADE,0,NEUTRAL,OK,flat_deadband,"{grade_raw=0.0, grade_display=0.0}"
87.0,GEAR,WAIT,GRAY,NO_DATA,missing_gear,{}
88.0,SPEED,24.4,NEUTRAL,OK,near_reference,"{reference_kmh=24.724999999999998, age_s=0.0}"
88.0,POWER,166,NEUTRAL,OK,power_present,{age_s=0.0}
88.0,HR,124,NEUTRAL,OK,hr_present,{age_s=0.0}
88.0,CADENCE,60,GREEN,OK,preferred_low_cadence_band,{age_s=0.0}
88.0,GRADE,0,NEUTRAL,OK,flat_deadband,"{grade_raw=0.0, grade_display=0.0}"
88.0,GEAR,WAIT,GRAY,NO_DATA,missing_gear,{}
89.0,SPEED,24.5,NEUTRAL,OK,near_reference,"{reference_kmh=24.72191011235955, age_s=0.0}"
89.0,POWER,167,NEUTRAL,OK,power_present,{age_s=0.0}
89.0,HR,125,NEUTRAL,OK,hr_present,{age_s=0.0}
89.0,CADENCE,61,GREEN,OK,preferred_low_cadence_band,{age_s=0.0}
89.0,GRADE,0,NEUTRAL,OK,flat_deadband,"{grade_raw=0.0, grade_display=0.0}"
89.0,GEAR,WAIT,GRAY,NO_DATA,missing_gear,{}
90.0,SPEED,24.5,NEUTRAL,OK,near_reference,"{reference_kmh=24.719444444444445, age_s=0.0}"
90.0,POWER,168,NEUTRAL,OK,power_present,{age_s=0.0}
90.0,HR,126,NEUTRAL,OK,hr_present,{age_s=0.0}
90.0,CADENCE,62,GREEN,OK,preferred_low_cadence_band,{age_s=0.0}
90.0,GRADE,0,NEUTRAL,OK,flat_deadband,"{grade_raw=0.0, grade_display=0.0}"
90.0,GEAR,WAIT,GRAY,NO_DATA,missing_gear,{}
91.0,SPEED,24.6,NEUTRAL,OK,near_reference,"{reference_kmh=24.717582417582417, age_s=0.0}"
91.0,POWER,169,NEUTRAL,OK,power_present,{age_s=0.0}
91.0,HR,127,NEUTRAL,OK,hr_present,{age_s=0.0}
91.0,CADENCE,63,GREEN,OK,preferred_low_cadence_band,{age_s=0.0}
91.0,GRADE,0,NEUTRAL,OK,flat_deadband,"{grade_raw=0.0, grade_display=0.0}"
91.0,GEAR,WAIT,GRAY,NO_DATA,missing_gear,{}
92.0,SPEED,24.6,NEUTRAL,OK,near_reference,"{reference_kmh=24.716304347826085, age_s=0.0}"
92.0,POWER,170,NEUTRAL,OK,power_present,{age_s=0.0}
92.0,HR,128,NEUTRAL,OK,hr_present,{age_s=0.0}
92.0,CADENCE,64,GREEN,OK,preferred_low_cadence_band,{age_s=0.0}
92.0,GRADE,0,NEUTRAL,OK,flat_deadband,"{grade_raw=0.0, grade_display=0.0}"
92.0,GEAR,WAIT,GRAY,NO_DATA,missing_gear,{}
93.0,SPEED,24.7,NEUTRAL,OK,near_reference,"{reference_kmh=24.71559139784946, age_s=0.0}"
93.0,POWER,140,NEUTRAL,OK,power_present,{age_s=0.0}
93.0,HR,129,NEUTRAL,OK,hr_present,{age_s=0.0}
93.0,CADENCE,65,GREEN,OK,preferred_low_cadence_band,{age_s=0.0}
93.0,GRADE,0,NEUTRAL,OK,flat_deadband,"{grade_raw=0.0, grade_display=0.0}"
93.0,GEAR,WAIT,GRAY,NO_DATA,missing_gear,{}
94.0,SPEED,24.7,NEUTRAL,OK,near_reference,"{reference_kmh=24.715425531914892, age_s=0.0}"
94.0,POWER,141,NEUTRAL,OK,power_present,{age_s=0.0}
94.0,HR,130,NEUTRAL,OK,hr_present,{age_s=0.0}
94.0,CADENCE,66,GREEN,OK,preferred_low_cadence_band,{age_s=0.0}
94.0,GRADE,0,NEUTRAL,OK,flat_deadband,"{grade_raw=0.0, grade_display=0.0}"
94.0,GEAR,WAIT,GRAY,NO_DATA,missing_gear,{}
95.0,SPEED,24.8,NEUTRAL,OK,near_reference,"{reference_kmh=24.715789473684207, age_s=0.0}"
95.0,POWER,142,NEUTRAL,OK,power_present,{age_s=0.0}
95.0,HR,131,NEUTRAL,OK,hr_present,{age_s=0.0}
95.0,CADENCE,67,GREEN,OK,preferred_low_cadence_band,{age_s=0.0}
95.0,GRADE,0,NEUTRAL,OK,flat_deadband,"{grade_raw=0.0, grade_display=0.0}"
95.0,GEAR,WAIT,GRAY,NO_DATA,missing_gear,{}
96.0,SPEED,24.8,NEUTRAL,OK,near_reference,"{reference_kmh=24.716666666666665, age_s=0.0}"
96.0,POWER,143,NEUTRAL,OK,power_present,{age_s=0.0}
96.0,HR,132,NEUTRAL,OK,hr_present,{age_s=0.0}
96.0,CADENCE,68,GREEN,OK,preferred_low_cadence_band,{age_s=0.0}
96.0,GRADE,0,NEUTRAL,OK,flat_deadband,"{grade_raw=0.0, grade_display=0.0}"
96.0,GEAR,WAIT,GRAY,NO_DATA,missing_gear,{}
97.0,SPEED,24.9,NEUTRAL,OK,near_reference,"{reference_kmh=24.718041237113404, age_s=0.0}"
97.0,POWER,144,NEUTRAL,OK,power_present,{age_s=0.0}
97.0,HR,133,NEUTRAL,OK,hr_present,{age_s=0.0}
97.0,CADENCE,69,GREEN,OK,preferred_low_cadence_band,{age_s=0.0}
97.0,GRADE,0,NEUTRAL,OK,flat_deadband,"{grade_raw=0.0, grade_display=0.0}"
97.0,GEAR,WAIT,GRAY,NO_DATA,missing_gear,{}
98.0,SPEED,24.9,NEUTRAL,OK,near_reference,"{reference_kmh=24.719897959183676, age_s=0.0}"
98.0,POWER,145,NEUTRAL,OK,power_present,{age_s=0.0}
98.0,HR,134,NEUTRAL,OK,hr_present,{age_s=0.0}
98.0,CADENCE,70,GREEN,OK,preferred_low_cadence_band,{age_s=0.0}
98.0,GRADE,0,NEUTRAL,OK,flat_deadband,"{grade_raw=0.0, grade_display=0.0}"
98.0,GEAR,WAIT,GRAY,NO_DATA,missing_gear,{}
99.0,SPEED,25.0,NEUTRAL,OK,near_reference,"{reference_kmh=24.72222222222222, age_s=0.0}"
99.0,POWER,146,NEUTRAL,OK,power_present,{age_s=0.0}
99.0,HR,135,NEUTRAL,OK,hr_present,{age_s=0.0}
99.0,CADENCE,60,GREEN,OK,preferred_low_cadence_band,{age_s=0.0}
99.0,GRADE,0,NEUTRAL,OK,flat_deadband,"{grade_raw=0.0, grade_display=0.0}"
99.0,GEAR,WAIT,GRAY,NO_DATA,missing_gear,{}
100.0,SPEED,24.0,NEUTRAL,OK,near_reference,"{reference_kmh=24.715, age_s=0.0}"
100.0,POWER,147,NEUTRAL,OK,power_present,{age_s=0.0}
100.0,HR,136,NEUTRAL,OK,hr_present,{age_s=0.0}
100.0,CADENCE,61,GREEN,OK,preferred_low_cadence_band,{age_s=0.0}
100.0,GRADE,0,NEUTRAL,OK,flat_deadband,"{grade_raw=0.0, grade_display=0.0}"
100.0,GEAR,WAIT,GRAY,NO_DATA,missing_gear,{}
101.0,SPEED,24.1,NEUTRAL,OK,near_reference,"{reference_kmh=24.708415841584152, age_s=0.0}"
101.0,POWER,148,NEUTRAL,OK,power_present,{age_s=0.0}
101.0,HR,137,NEUTRAL,OK,hr_present,{age_s=0.0}
101.0,CADENCE,62,GREEN,OK,preferred_low_cadence_band,{age_s=0.0}
101.0,GRADE,0,NEUTRAL,OK,flat_deadband,"{grade_raw=0.0, grade_display=0.0}"
101.0,GEAR,WAIT,GRAY,NO_DATA,missing_gear,{}
102.0,SPEED,24.1,NEUTRAL,OK,near_reference,"{reference_kmh=24.702450980392157, age_s=0.0}"
102.0,POWER,149,NEUTRAL,OK,power_present,{age_s=0.0}
102.0,HR,138,NEUTRAL,OK,hr_present,{age_s=0.0}
102.0,CADENCE,63,GREEN,OK,preferred_low_cadence_band,{age_s=0.0}
102.0,GRADE,0,NEUTRAL,OK,flat_deadband,"{grade_raw=0.0, grade_display=0.0}"
102.0,GEAR,WAIT,GRAY,NO_DATA,missing_gear,{}
103.0,SPEED,24.2,NEUTRAL,OK,near_reference,"{reference_kmh=24.697087378640774, age_s=0.0}"
103.0,POWER,150,NEUTRAL,OK,power_present,{age_s=0.0}
103.0,HR,139,NEUTRAL,OK,hr_present,{age_s=0.0}
103.0,CADENCE,64,GREEN,OK,preferred_low_cadence_band,{age_s=0.0}
103.0,GRADE,0,NEUTRAL,OK,flat_deadband,"{grade_raw=0.0, grade_display=0.0}"
103.0,GEAR,WAIT,GRAY,NO_DATA,missing_gear,{}
104.0,SPEED,24.2,NEUTRAL,OK,near_reference,"{reference_kmh=24.69230769230769, age_s=0.0}"
104.0,POWER,151,NEUTRAL,OK,power_present,{age_s=0.0}
104.0,HR,140,NEUTRAL,OK,hr_present,{age_s=0.0}
104.0,CADENCE,65,GREEN,OK,preferred_low_cadence_band,{age_s=0.0}
104.0,GRADE,0,NEUTRAL,OK,flat_deadband,"{grade_raw=0.0, grade_display=0.0}"
104.0,GEAR,WAIT,GRAY,NO_DATA,missing_gear,{}
105.0,SPEED,24.3,NEUTRAL,OK,near_reference,"{reference_kmh=24.688095238095233, age_s=0.0}"
105.0,POWER,152,NEUTRAL,OK,power_present,{age_s=0.0}
105.0,HR,120,NEUTRAL,OK,hr_present,{age_s=0.0}
105.0,CADENCE,66,GREEN,OK,preferred_low_cadence_band,{age_s=0.0}
105.0,GRADE,0,NEUTRAL,OK,flat_deadband,"{grade_raw=0.0, grade_display=0.0}"
105.0,GEAR,WAIT,GRAY,NO_DATA,missing_gear,{}
106.0,SPEED,24.3,NEUTRAL,OK,near_reference,"{reference_kmh=24.684433962264148, age_s=0.0}"
106.0,POWER,153,NEUTRAL,OK,power_present,{age_s=0.0}
106.0,HR,121,NEUTRAL,OK,hr_present,{age_s=0.0}
106.0,CADENCE,67,GREEN,OK,preferred_low_cadence_band,{age_s=0.0}
106.0,GRADE,0,NEUTRAL,OK,flat_deadband,"{grade_raw=0.0, grade_display=0.0}"
106.0,GEAR,WAIT,GRAY,NO_DATA,missing_gear,{}
107.0,SPEED,24.4,NEUTRAL,OK,near_reference,"{reference_kmh=24.68130841121495, age_s=0.0}"
107.0,POWER,154,NEUTRAL,OK,power_present,{age_s=0.0}
107.0,HR,122,NEUTRAL,OK,hr_present,{age_s=0.0}
107.0,CADENCE,68,GREEN,OK,preferred_low_cadence_band,{age_s=0.0}
107.0,GRADE,0,NEUTRAL,OK,flat_deadband,"{grade_raw=0.0, grade_display=0.0}"
107.0,GEAR,WAIT,GRAY,NO_DATA,missing_gear,{}
108.0,SPEED,24.4,NEUTRAL,OK,near_reference,"{reference_kmh=24.678703703703704, age_s=0.0}"
108.0,POWER,155,NEUTRAL,OK,power_present,{age_s=0.0}
108.0,HR,123,NEUTRAL,OK,hr_present,{age_s=0.0}
108.0,CADENCE,69,GREEN,OK,preferred_low_cadence_band,{age_s=0.0}
108.0,GRADE,0,NEUTRAL,OK,flat_deadband,"{grade_raw=0.0, grade_display=0.0}"
108.0,GEAR,WAIT,GRAY,NO_DATA,missing_gear,{}
109.0,SPEED,24.5,NEUTRAL,OK,near_reference,"{reference_kmh=24.67660550458715, age_s=0.0}"
109.0,POWER,156,NEUTRAL,OK,power_present,{age_s=0.0}
109.0,HR,124,NEUTRAL,OK,hr_present,{age_s=0.0}
109.0,CADENCE,70,GREEN,OK,preferred_low_cadence_band,{age_s=0.0}
109.0,GRADE,0,NEUTRAL,OK,flat_deadband,"{grade_raw=0.0, grade_display=0.0}"
109.0,GEAR,WAIT,GRAY,NO_DATA,missing_gear,{}
110.0,SPEED,24.5,NEUTRAL,OK,near_reference,"{reference_kmh=24.675, age_s=0.0}"
110.0,POWER,157,NEUTRAL,OK,power_present,{age_s=0.0}
110.0,HR,125,NEUTRAL,OK,hr_present,{age_s=0.0}
110.0,CADENCE,60,GREEN,OK,preferred_low_cadence_band,{age_s=0.0}
110.0,GRADE,0,NEUTRAL,OK,flat_deadband,"{grade_raw=0.0, grade_display=0.0}"
110.0,GEAR,WAIT,GRAY,NO_DATA,missing_gear,{}
111.0,SPEED,24.6,NEUTRAL,OK,near_reference,"{reference_kmh=24.67387387387387, age_s=0.0}"
111.0,POWER,158,NEUTRAL,OK,power_present,{age_s=0.0}
111.0,HR,126,NEUTRAL,OK,hr_present,{age_s=0.0}
111.0,CADENCE,61,GREEN,OK,preferred_low_cadence_band,{age_s=0.0}
111.0,GRADE,0,NEUTRAL,OK,flat_deadband,"{grade_raw=0.0, grade_display=0.0}"
111.0,GEAR,WAIT,GRAY,NO_DATA,missing_gear,{}
112.0,SPEED,24.6,NEUTRAL,OK,near_reference,"{reference_kmh=24.673214285714288, age_s=0.0}"
112.0,POWER,159,NEUTRAL,OK,power_present,{age_s=0.0}
112.0,HR,127,NEUTRAL,OK,hr_present,{age_s=0.0}
112.0,CADENCE,62,GREEN,OK,preferred_low_cadence_band,{age_s=0.0}
112.0,GRADE,0,NEUTRAL,OK,flat_deadband,"{grade_raw=0.0, grade_display=0.0}"
112.0,GEAR,WAIT,GRAY,NO_DATA,missing_gear,{}
113.0,SPEED,24.7,NEUTRAL,OK,near_reference,"{reference_kmh=24.67300884955752, age_s=0.0}"
113.0,POWER,160,NEUTRAL,OK,power_present,{age_s=0.0}
113.0,HR,128,NEUTRAL,OK,hr_present,{age_s=0.0}
113.0,CADENCE,63,GREEN,OK,preferred_low_cadence_band,{age_s=0.0}
113.0,GRADE,0,NEUTRAL,OK,flat_deadband,"{grade_raw=0.0, grade_display=0.0}"
113.0,GEAR,WAIT,GRAY,NO_DATA,missing_gear,{}
114.0,SPEED,24.7,NEUTRAL,OK,near_reference,"{reference_kmh=24.673245614035082, age_s=0.0}"
114.0,POWER,161,NEUTRAL,OK,power_present,{age_s=0.0}
114.0,HR,129,NEUTRAL,OK,hr_present,{age_s=0.0}
114.0,CADENCE,64,GREEN,OK,preferred_low_cadence_band,{age_s=0.0}
114.0,GRADE,0,NEUTRAL,OK,flat_deadband,"{grade_raw=0.0, grade_display=0.0}"
114.0,GEAR,WAIT,GRAY,NO_DATA,missing_gear,{}
115.0,SPEED,24.8,NEUTRAL,OK,near_reference,"{reference_kmh=24.673913043478258, age_s=0.0}"
115.0,POWER,162,NEUTRAL,OK,power_present,{age_s=0.0}
115.0,HR,130,NEUTRAL,OK,hr_present,{age_s=0.0}
115.0,CADENCE,65,GREEN,OK,preferred_low_cadence_band,{age_s=0.0}
115.0,GRADE,0,NEUTRAL,OK,flat_deadband,"{grade_raw=0.0, grade_display=0.0}"
115.0,GEAR,WAIT,GRAY,NO_DATA,missing_gear,{}
116.0,SPEED,24.8,NEUTRAL,OK,near_reference,"{reference_kmh=24.674999999999997, age_s=0.0}"
116.0,POWER,163,NEUTRAL,OK,power_present,{age_s=0.0}
116.0,HR,131,NEUTRAL,OK,hr_present,{age_s=0.0}
116.0,CADENCE,66,GREEN,OK,preferred_low_cadence_band,{age_s=0.0}
116.0,GRADE,0,NEUTRAL,OK,flat_deadband,"{grade_raw=0.0, grade_display=0.0}"
116.0,GEAR,WAIT,GRAY,NO_DATA,missing_gear,{}
117.0,SPEED,24.9,NEUTRAL,OK,near_reference,"{reference_kmh=24.676495726495723, age_s=0.0}"
117.0,POWER,164,NEUTRAL,OK,power_present,{age_s=0.0}
117.0,HR,132,NEUTRAL,OK,hr_present,{age_s=0.0}
117.0,CADENCE,67,GREEN,OK,preferred_low_cadence_band,{age_s=0.0}
117.0,GRADE,0,NEUTRAL,OK,flat_deadband,"{grade_raw=0.0, grade_display=0.0}"
117.0,GEAR,WAIT,GRAY,NO_DATA,missing_gear,{}
118.0,SPEED,24.9,NEUTRAL,OK,near_reference,"{reference_kmh=24.678389830508472, age_s=0.0}"
118.0,POWER,165,NEUTRAL,OK,power_present,{age_s=0.0}
118.0,HR,133,NEUTRAL,OK,hr_present,{age_s=0.0}
118.0,CADENCE,68,GREEN,OK,preferred_low_cadence_band,{age_s=0.0}
118.0,GRADE,0,NEUTRAL,OK,flat_deadband,"{grade_raw=0.0, grade_display=0.0}"
118.0,GEAR,WAIT,GRAY,NO_DATA,missing_gear,{}
119.0,SPEED,25.0,NEUTRAL,OK,near_reference,"{reference_kmh=24.680672268907564, age_s=0.0}"
119.0,POWER,166,NEUTRAL,OK,power_present,{age_s=0.0}
119.0,HR,134,NEUTRAL,OK,hr_present,{age_s=0.0}
119.0,CADENCE,69,GREEN,OK,preferred_low_cadence_band,{age_s=0.0}
119.0,GRADE,0,NEUTRAL,OK,flat_deadband,"{grade_raw=0.0, grade_display=0.0}"
119.0,GEAR,WAIT,GRAY,NO_DATA,missing_gear,{}
120.0,SPEED,24.0,NEUTRAL,OK,near_reference,"{reference_kmh=24.674999999999997, age_s=0.0}"
120.0,POWER,167,NEUTRAL,OK,power_present,{age_s=0.0}
120.0,HR,135,NEUTRAL,OK,hr_present,{age_s=0.0}
120.0,CADENCE,70,GREEN,OK,preferred_low_cadence_band,{age_s=0.0}
120.0,GRADE,0,NEUTRAL,OK,flat_deadband,"{grade_raw=0.0, grade_display=0.0}"
120.0,GEAR,WAIT,GRAY,NO_DATA,missing_gear,{}
121.0,SPEED,24.1,NEUTRAL,OK,near_reference,"{reference_kmh=24.6698347107438, age_s=0.0}"
121.0,POWER,168,NEUTRAL,OK,power_present,{age_s=0.0}
121.0,HR,136,NEUTRAL,OK,hr_present,{age_s=0.0}
121.0,CADENCE,60,GREEN,OK,preferred_low_cadence_band,{age_s=0.0}
121.0,GRADE,0,NEUTRAL,OK,flat_deadband,"{grade_raw=0.0, grade_display=0.0}"
121.0,GEAR,WAIT,GRAY,NO_DATA,missing_gear,{}
122.0,SPEED,24.1,NEUTRAL,OK,near_reference,"{reference_kmh=24.665163934426225, age_s=0.0}"
122.0,POWER,169,NEUTRAL,OK,power_present,{age_s=0.0}
122.0,HR,137,NEUTRAL,OK,hr_present,{age_s=0.0}
122.0,CADENCE,61,GREEN,OK,preferred_low_cadence_band,{age_s=0.0}
122.0,GRADE,0,NEUTRAL,OK,flat_deadband,"{grade_raw=0.0, grade_display=0.0}"
122.0,GEAR,WAIT,GRAY,NO_DATA,missing_gear,{}
123.0,SPEED,24.2,NEUTRAL,OK,near_reference,"{reference_kmh=24.660975609756097, age_s=0.0}"
123.0,POWER,170,NEUTRAL,OK,power_present,{age_s=0.0}
123.0,HR,138,NEUTRAL,OK,hr_present,{age_s=0.0}
123.0,CADENCE,62,GREEN,OK,preferred_low_cadence_band,{age_s=0.0}
123.0,GRADE,0,NEUTRAL,OK,flat_deadband,"{grade_raw=0.0, grade_display=0.0}"
123.0,GEAR,WAIT,GRAY,NO_DATA,missing_gear,{}
124.0,SPEED,24.2,NEUTRAL,OK,near_reference,"{reference_kmh=24.657258064516125, age_s=0.0}"
124.0,POWER,140,NEUTRAL,OK,power_present,{age_s=0.0}
124.0,HR,139,NEUTRAL,OK,hr_present,{age_s=0.0}
124.0,CADENCE,63,GREEN,OK,preferred_low_cadence_band,{age_s=0.0}
124.0,GRADE,0,NEUTRAL,OK,flat_deadband,"{grade_raw=0.0, grade_display=0.0}"
124.0,GEAR,WAIT,GRAY,NO_DATA,missing_gear,{}
125.0,SPEED,24.3,NEUTRAL,OK,near_reference,"{reference_kmh=24.653999999999993, age_s=0.0}"
125.0,POWER,141,NEUTRAL,OK,power_present,{age_s=0.0}
125.0,HR,140,NEUTRAL,OK,hr_present,{age_s=0.0}
125.0,CADENCE,64,GREEN,OK,preferred_low_cadence_band,{age_s=0.0}
125.0,GRADE,0,NEUTRAL,OK,flat_deadband,"{grade_raw=0.0, grade_display=0.0}"
125.0,GEAR,WAIT,GRAY,NO_DATA,missing_gear,{}
126.0,SPEED,24.3,NEUTRAL,OK,near_reference,"{reference_kmh=24.651190476190468, age_s=0.0}"
126.0,POWER,142,NEUTRAL,OK,power_present,{age_s=0.0}
126.0,HR,120,NEUTRAL,OK,hr_present,{age_s=0.0}
126.0,CADENCE,65,GREEN,OK,preferred_low_cadence_band,{age_s=0.0}
126.0,GRADE,0,NEUTRAL,OK,flat_deadband,"{grade_raw=0.0, grade_display=0.0}"
126.0,GEAR,WAIT,GRAY,NO_DATA,missing_gear,{}
127.0,SPEED,24.4,NEUTRAL,OK,near_reference,"{reference_kmh=24.648818897637792, age_s=0.0}"
127.0,POWER,143,NEUTRAL,OK,power_present,{age_s=0.0}
127.0,HR,121,NEUTRAL,OK,hr_present,{age_s=0.0}
127.0,CADENCE,66,GREEN,OK,preferred_low_cadence_band,{age_s=0.0}
127.0,GRADE,0,NEUTRAL,OK,flat_deadband,"{grade_raw=0.0, grade_display=0.0}"
127.0,GEAR,WAIT,GRAY,NO_DATA,missing_gear,{}
128.0,SPEED,24.4,NEUTRAL,OK,near_reference,"{reference_kmh=24.646874999999998, age_s=0.0}"
128.0,POWER,144,NEUTRAL,OK,power_present,{age_s=0.0}
128.0,HR,122,NEUTRAL,OK,hr_present,{age_s=0.0}
128.0,CADENCE,67,GREEN,OK,preferred_low_cadence_band,{age_s=0.0}
128.0,GRADE,0,NEUTRAL,OK,flat_deadband,"{grade_raw=0.0, grade_display=0.0}"
128.0,GEAR,WAIT,GRAY,NO_DATA,missing_gear,{}
129.0,SPEED,24.5,NEUTRAL,OK,near_reference,"{reference_kmh=24.645348837209298, age_s=0.0}"
129.0,POWER,145,NEUTRAL,OK,power_present,{age_s=0.0}
129.0,HR,123,NEUTRAL,OK,hr_present,{age_s=0.0}
129.0,CADENCE,68,GREEN,OK,preferred_low_cadence_band,{age_s=0.0}
129.0,GRADE,0,NEUTRAL,OK,flat_deadband,"{grade_raw=0.0, grade_display=0.0}"
129.0,GEAR,WAIT,GRAY,NO_DATA,missing_gear,{}
130.0,SPEED,24.5,NEUTRAL,OK,near_reference,"{reference_kmh=24.64423076923077, age_s=0.0}"
130.0,POWER,146,NEUTRAL,OK,power_present,{age_s=0.0}
130.0,HR,124,NEUTRAL,OK,hr_present,{age_s=0.0}
130.0,CADENCE,69,GREEN,OK,preferred_low_cadence_band,{age_s=0.0}
130.0,GRADE,0,NEUTRAL,OK,flat_deadband,"{grade_raw=0.0, grade_display=0.0}"
130.0,GEAR,WAIT,GRAY,NO_DATA,missing_gear,{}
131.0,SPEED,24.6,NEUTRAL,OK,near_reference,"{reference_kmh=24.643511450381677, age_s=0.0}"
131.0,POWER,147,NEUTRAL,OK,power_present,{age_s=0.0}
131.0,HR,125,NEUTRAL,OK,hr_present,{age_s=0.0}
131.0,CADENCE,70,GREEN,OK,preferred_low_cadence_band,{age_s=0.0}
131.0,GRADE,0,NEUTRAL,OK,flat_deadband,"{grade_raw=0.0, grade_display=0.0}"
131.0,GEAR,WAIT,GRAY,NO_DATA,missing_gear,{}
132.0,SPEED,24.6,NEUTRAL,OK,near_reference,"{reference_kmh=24.643181818181816, age_s=0.0}"
132.0,POWER,148,NEUTRAL,OK,power_present,{age_s=0.0}
132.0,HR,126,NEUTRAL,OK,hr_present,{age_s=0.0}
132.0,CADENCE,60,GREEN,OK,preferred_low_cadence_band,{age_s=0.0}
132.0,GRADE,0,NEUTRAL,OK,flat_deadband,"{grade_raw=0.0, grade_display=0.0}"
132.0,GEAR,WAIT,GRAY,NO_DATA,missing_gear,{}
133.0,SPEED,24.7,NEUTRAL,OK,near_reference,"{reference_kmh=24.64323308270676, age_s=0.0}"
133.0,POWER,149,NEUTRAL,OK,power_present,{age_s=0.0}
133.0,HR,127,NEUTRAL,OK,hr_present,{age_s=0.0}
133.0,CADENCE,61,GREEN,OK,preferred_low_cadence_band,{age_s=0.0}
133.0,GRADE,0,NEUTRAL,OK,flat_deadband,"{grade_raw=0.0, grade_display=0.0}"
133.0,GEAR,WAIT,GRAY,NO_DATA,missing_gear,{}
134.0,SPEED,24.7,NEUTRAL,OK,near_reference,"{reference_kmh=24.643656716417908, age_s=0.0}"
134.0,POWER,150,NEUTRAL,OK,power_present,{age_s=0.0}
134.0,HR,128,NEUTRAL,OK,hr_present,{age_s=0.0}
134.0,CADENCE,62,GREEN,OK,preferred_low_cadence_band,{age_s=0.0}
134.0,GRADE,0,NEUTRAL,OK,flat_deadband,"{grade_raw=0.0, grade_display=0.0}"
134.0,GEAR,WAIT,GRAY,NO_DATA,missing_gear,{}
135.0,SPEED,24.8,NEUTRAL,OK,near_reference,"{reference_kmh=24.64444444444444, age_s=0.0}"
135.0,POWER,151,NEUTRAL,OK,power_present,{age_s=0.0}
135.0,HR,129,NEUTRAL,OK,hr_present,{age_s=0.0}
135.0,CADENCE,63,GREEN,OK,preferred_low_cadence_band,{age_s=0.0}
135.0,GRADE,0,NEUTRAL,OK,flat_deadband,"{grade_raw=0.0, grade_display=0.0}"
135.0,GEAR,WAIT,GRAY,NO_DATA,missing_gear,{}
136.0,SPEED,24.8,NEUTRAL,OK,near_reference,"{reference_kmh=24.645588235294113, age_s=0.0}"
136.0,POWER,152,NEUTRAL,OK,power_present,{age_s=0.0}
136.0,HR,130,NEUTRAL,OK,hr_present,{age_s=0.0}
136.0,CADENCE,64,GREEN,OK,preferred_low_cadence_band,{age_s=0.0}
136.0,GRADE,0,NEUTRAL,OK,flat_deadband,"{grade_raw=0.0, grade_display=0.0}"
136.0,GEAR,WAIT,GRAY,NO_DATA,missing_gear,{}
137.0,SPEED,24.9,NEUTRAL,OK,near_reference,"{reference_kmh=24.6470802919708, age_s=0.0}"
137.0,POWER,153,NEUTRAL,OK,power_present,{age_s=0.0}
137.0,HR,131,NEUTRAL,OK,hr_present,{age_s=0.0}
137.0,CADENCE,65,GREEN,OK,preferred_low_cadence_band,{age_s=0.0}
137.0,GRADE,0,NEUTRAL,OK,flat_deadband,"{grade_raw=0.0, grade_display=0.0}"
137.0,GEAR,WAIT,GRAY,NO_DATA,missing_gear,{}
138.0,SPEED,24.9,NEUTRAL,OK,near_reference,"{reference_kmh=24.64891304347826, age_s=0.0}"
138.0,POWER,154,NEUTRAL,OK,power_present,{age_s=0.0}
138.0,HR,132,NEUTRAL,OK,hr_present,{age_s=0.0}
138.0,CADENCE,66,GREEN,OK,preferred_low_cadence_band,{age_s=0.0}
138.0,GRADE,0,NEUTRAL,OK,flat_deadband,"{grade_raw=0.0, grade_display=0.0}"
138.0,GEAR,WAIT,GRAY,NO_DATA,missing_gear,{}
139.0,SPEED,25.0,NEUTRAL,OK,near_reference,"{reference_kmh=24.651079136690647, age_s=0.0}"
139.0,POWER,155,NEUTRAL,OK,power_present,{age_s=0.0}
139.0,HR,133,NEUTRAL,OK,hr_present,{age_s=0.0}
139.0,CADENCE,67,GREEN,OK,preferred_low_cadence_band,{age_s=0.0}
139.0,GRADE,0,NEUTRAL,OK,flat_deadband,"{grade_raw=0.0, grade_display=0.0}"
139.0,GEAR,WAIT,GRAY,NO_DATA,missing_gear,{}
140.0,SPEED,24.0,NEUTRAL,OK,near_reference,"{reference_kmh=24.646428571428565, age_s=0.0}"
140.0,POWER,156,NEUTRAL,OK,power_present,{age_s=0.0}
140.0,HR,134,NEUTRAL,OK,hr_present,{age_s=0.0}
140.0,CADENCE,68,GREEN,OK,preferred_low_cadence_band,{age_s=0.0}
140.0,GRADE,0,NEUTRAL,OK,flat_deadband,"{grade_raw=0.0, grade_display=0.0}"
140.0,GEAR,WAIT,GRAY,NO_DATA,missing_gear,{}
141.0,SPEED,24.1,NEUTRAL,OK,near_reference,"{reference_kmh=24.64219858156028, age_s=0.0}"
141.0,POWER,157,NEUTRAL,OK,power_present,{age_s=0.0}
141.0,HR,135,NEUTRAL,OK,hr_present,{age_s=0.0}
141.0,CADENCE,69,GREEN,OK,preferred_low_cadence_band,{age_s=0.0}
141.0,GRADE,0,NEUTRAL,OK,flat_deadband,"{grade_raw=0.0, grade_display=0.0}"
141.0,GEAR,WAIT,GRAY,NO_DATA,missing_gear,{}
142.0,SPEED,24.1,NEUTRAL,OK,near_reference,"{reference_kmh=24.63838028169014, age_s=0.0}"
142.0,POWER,158,NEUTRAL,OK,power_present,{age_s=0.0}
142.0,HR,136,NEUTRAL,OK,hr_present,{age_s=0.0}
142.0,CADENCE,70,GREEN,OK,preferred_low_cadence_band,{age_s=0.0}
142.0,GRADE,0,NEUTRAL,OK,flat_deadband,"{grade_raw=0.0, grade_display=0.0}"
142.0,GEAR,WAIT,GRAY,NO_DATA,missing_gear,{}
143.0,SPEED,24.2,NEUTRAL,OK,near_reference,"{reference_kmh=24.63496503496503, age_s=0.0}"
143.0,POWER,159,NEUTRAL,OK,power_present,{age_s=0.0}
143.0,HR,137,NEUTRAL,OK,hr_present,{age_s=0.0}
143.0,CADENCE,60,GREEN,OK,preferred_low_cadence_band,{age_s=0.0}
143.0,GRADE,0,NEUTRAL,OK,flat_deadband,"{grade_raw=0.0, grade_display=0.0}"
143.0,GEAR,WAIT,GRAY,NO_DATA,missing_gear,{}
144.0,SPEED,24.2,NEUTRAL,OK,near_reference,"{reference_kmh=24.63194444444444, age_s=0.0}"
144.0,POWER,160,NEUTRAL,OK,power_present,{age_s=0.0}
144.0,HR,138,NEUTRAL,OK,hr_present,{age_s=0.0}
144.0,CADENCE,61,GREEN,OK,preferred_low_cadence_band,{age_s=0.0}
144.0,GRADE,0,NEUTRAL,OK,flat_deadband,"{grade_raw=0.0, grade_display=0.0}"
144.0,GEAR,WAIT,GRAY,NO_DATA,missing_gear,{}
145.0,SPEED,24.3,NEUTRAL,OK,near_reference,"{reference_kmh=24.62931034482758, age_s=0.0}"
145.0,POWER,161,NEUTRAL,OK,power_present,{age_s=0.0}
145.0,HR,139,NEUTRAL,OK,hr_present,{age_s=0.0}
145.0,CADENCE,62,GREEN,OK,preferred_low_cadence_band,{age_s=0.0}
145.0,GRADE,0,NEUTRAL,OK,flat_deadband,"{grade_raw=0.0, grade_display=0.0}"
145.0,GEAR,WAIT,GRAY,NO_DATA,missing_gear,{}
146.0,SPEED,24.3,NEUTRAL,OK,near_reference,"{reference_kmh=24.627054794520543, age_s=0.0}"
146.0,POWER,162,NEUTRAL,OK,power_present,{age_s=0.0}
146.0,HR,140,NEUTRAL,OK,hr_present,{age_s=0.0}
146.0,CADENCE,63,GREEN,OK,preferred_low_cadence_band,{age_s=0.0}
146.0,GRADE,0,NEUTRAL,OK,flat_deadband,"{grade_raw=0.0, grade_display=0.0}"
146.0,GEAR,WAIT,GRAY,NO_DATA,missing_gear,{}
147.0,SPEED,24.4,NEUTRAL,OK,near_reference,"{reference_kmh=24.625170068027206, age_s=0.0}"
147.0,POWER,163,NEUTRAL,OK,power_present,{age_s=0.0}
147.0,HR,120,NEUTRAL,OK,hr_present,{age_s=0.0}
147.0,CADENCE,64,GREEN,OK,preferred_low_cadence_band,{age_s=0.0}
147.0,GRADE,0,NEUTRAL,OK,flat_deadband,"{grade_raw=0.0, grade_display=0.0}"
147.0,GEAR,WAIT,GRAY,NO_DATA,missing_gear,{}
148.0,SPEED,24.4,NEUTRAL,OK,near_reference,"{reference_kmh=24.623648648648643, age_s=0.0}"
148.0,POWER,164,NEUTRAL,OK,power_present,{age_s=0.0}
148.0,HR,121,NEUTRAL,OK,hr_present,{age_s=0.0}
148.0,CADENCE,65,GREEN,OK,preferred_low_cadence_band,{age_s=0.0}
148.0,GRADE,0,NEUTRAL,OK,flat_deadband,"{grade_raw=0.0, grade_display=0.0}"
148.0,GEAR,WAIT,GRAY,NO_DATA,missing_gear,{}
149.0,SPEED,24.5,NEUTRAL,OK,near_reference,"{reference_kmh=24.622483221476504, age_s=0.0}"
149.0,POWER,165,NEUTRAL,OK,power_present,{age_s=0.0}
149.0,HR,122,NEUTRAL,OK,hr_present,{age_s=0.0}
149.0,CADENCE,66,GREEN,OK,preferred_low_cadence_band,{age_s=0.0}
149.0,GRADE,0,NEUTRAL,OK,flat_deadband,"{grade_raw=0.0, grade_display=0.0}"
149.0,GEAR,WAIT,GRAY,NO_DATA,missing_gear,{}
150.0,SPEED,24.5,NEUTRAL,OK,near_reference,"{reference_kmh=24.621666666666663, age_s=0.0}"
150.0,POWER,166,NEUTRAL,OK,power_present,{age_s=0.0}
150.0,HR,123,NEUTRAL,OK,hr_present,{age_s=0.0}
150.0,CADENCE,67,GREEN,OK,preferred_low_cadence_band,{age_s=0.0}
150.0,GRADE,0,NEUTRAL,OK,flat_deadband,"{grade_raw=0.0, grade_display=0.0}"
150.0,GEAR,WAIT,GRAY,NO_DATA,missing_gear,{}
151.0,SPEED,24.6,NEUTRAL,OK,near_reference,"{reference_kmh=24.621192052980124, age_s=0.0}"
151.0,POWER,167,NEUTRAL,OK,power_present,{age_s=0.0}
151.0,HR,124,NEUTRAL,OK,hr_present,{age_s=0.0}
151.0,CADENCE,68,GREEN,OK,preferred_low_cadence_band,{age_s=0.0}
151.0,GRADE,0,NEUTRAL,OK,flat_deadband,"{grade_raw=0.0, grade_display=0.0}"
151.0,GEAR,WAIT,GRAY,NO_DATA,missing_gear,{}
152.0,SPEED,24.6,NEUTRAL,OK,near_reference,"{reference_kmh=24.621052631578937, age_s=0.0}"
152.0,POWER,168,NEUTRAL,OK,power_present,{age_s=0.0}
152.0,HR,125,NEUTRAL,OK,hr_present,{age_s=0.0}
152.0,CADENCE,69,GREEN,OK,preferred_low_cadence_band,{age_s=0.0}
152.0,GRADE,0,NEUTRAL,OK,flat_deadband,"{grade_raw=0.0, grade_display=0.0}"
152.0,GEAR,WAIT,GRAY,NO_DATA,missing_gear,{}
153.0,SPEED,24.7,NEUTRAL,OK,near_reference,"{reference_kmh=24.621241830065348, age_s=0.0}"
153.0,POWER,169,NEUTRAL,OK,power_present,{age_s=0.0}
153.0,HR,126,NEUTRAL,OK,hr_present,{age_s=0.0}
153.0,CADENCE,70,GREEN,OK,preferred_low_cadence_band,{age_s=0.0}
153.0,GRADE,0,NEUTRAL,OK,flat_deadband,"{grade_raw=0.0, grade_display=0.0}"
153.0,GEAR,WAIT,GRAY,NO_DATA,missing_gear,{}
154.0,SPEED,24.7,NEUTRAL,OK,near_reference,"{reference_kmh=24.62175324675324, age_s=0.0}"
154.0,POWER,170,NEUTRAL,OK,power_present,{age_s=0.0}
154.0,HR,127,NEUTRAL,OK,hr_present,{age_s=0.0}
154.0,CADENCE,60,GREEN,OK,preferred_low_cadence_band,{age_s=0.0}
154.0,GRADE,0,NEUTRAL,OK,flat_deadband,"{grade_raw=0.0, grade_display=0.0}"
154.0,GEAR,WAIT,GRAY,NO_DATA,missing_gear,{}
155.0,SPEED,24.8,NEUTRAL,OK,near_reference,"{reference_kmh=24.622580645161282, age_s=0.0}"
155.0,POWER,140,NEUTRAL,OK,power_present,{age_s=0.0}
155.0,HR,128,NEUTRAL,OK,hr_present,{age_s=0.0}
155.0,CADENCE,61,GREEN,OK,preferred_low_cadence_band,{age_s=0.0}
155.0,GRADE,0,NEUTRAL,OK,flat_deadband,"{grade_raw=0.0, grade_display=0.0}"
155.0,GEAR,WAIT,GRAY,NO_DATA,missing_gear,{}
156.0,SPEED,24.8,NEUTRAL,OK,near_reference,"{reference_kmh=24.62371794871794, age_s=0.0}"
156.0,POWER,141,NEUTRAL,OK,power_present,{age_s=0.0}
156.0,HR,129,NEUTRAL,OK,hr_present,{age_s=0.0}
156.0,CADENCE,62,GREEN,OK,preferred_low_cadence_band,{age_s=0.0}
156.0,GRADE,0,NEUTRAL,OK,flat_deadband,"{grade_raw=0.0, grade_display=0.0}"
156.0,GEAR,WAIT,GRAY,NO_DATA,missing_gear,{}
157.0,SPEED,24.9,NEUTRAL,OK,near_reference,"{reference_kmh=24.62515923566878, age_s=0.0}"
157.0,POWER,142,NEUTRAL,OK,power_present,{age_s=0.0}
157.0,HR,130,NEUTRAL,OK,hr_present,{age_s=0.0}
157.0,CADENCE,63,GREEN,OK,preferred_low_cadence_band,{age_s=0.0}
157.0,GRADE,0,NEUTRAL,OK,flat_deadband,"{grade_raw=0.0, grade_display=0.0}"
157.0,GEAR,WAIT,GRAY,NO_DATA,missing_gear,{}
158.0,SPEED,24.9,NEUTRAL,OK,near_reference,"{reference_kmh=24.626898734177207, age_s=0.0}"
158.0,POWER,143,NEUTRAL,OK,power_present,{age_s=0.0}
158.0,HR,131,NEUTRAL,OK,hr_present,{age_s=0.0}
158.0,CADENCE,64,GREEN,OK,preferred_low_cadence_band,{age_s=0.0}
158.0,GRADE,0,NEUTRAL,OK,flat_deadband,"{grade_raw=0.0, grade_display=0.0}"
158.0,GEAR,WAIT,GRAY,NO_DATA,missing_gear,{}
159.0,SPEED,25.0,NEUTRAL,OK,near_reference,"{reference_kmh=24.62893081761006, age_s=0.0}"
159.0,POWER,144,NEUTRAL,OK,power_present,{age_s=0.0}
159.0,HR,132,NEUTRAL,OK,hr_present,{age_s=0.0}
159.0,CADENCE,65,GREEN,OK,preferred_low_cadence_band,{age_s=0.0}
159.0,GRADE,0,NEUTRAL,OK,flat_deadband,"{grade_raw=0.0, grade_display=0.0}"
159.0,GEAR,WAIT,GRAY,NO_DATA,missing_gear,{}
160.0,SPEED,24.0,NEUTRAL,OK,near_reference,"{reference_kmh=24.624999999999996, age_s=0.0}"
160.0,POWER,145,NEUTRAL,OK,power_present,{age_s=0.0}
160.0,HR,133,NEUTRAL,OK,hr_present,{age_s=0.0}
160.0,CADENCE,66,GREEN,OK,preferred_low_cadence_band,{age_s=0.0}
160.0,GRADE,0,NEUTRAL,OK,flat_deadband,"{grade_raw=0.0, grade_display=0.0}"
160.0,GEAR,WAIT,GRAY,NO_DATA,missing_gear,{}
161.0,SPEED,24.1,NEUTRAL,OK,near_reference,"{reference_kmh=24.62142857142857, age_s=0.0}"
161.0,POWER,146,NEUTRAL,OK,power_present,{age_s=0.0}
161.0,HR,134,NEUTRAL,OK,hr_present,{age_s=0.0}
161.0,CADENCE,67,GREEN,OK,preferred_low_cadence_band,{age_s=0.0}
161.0,GRADE,0,NEUTRAL,OK,flat_deadband,"{grade_raw=0.0, grade_display=0.0}"
161.0,GEAR,WAIT,GRAY,NO_DATA,missing_gear,{}
162.0,SPEED,24.1,NEUTRAL,OK,near_reference,"{reference_kmh=24.618209876543208, age_s=0.0}"
162.0,POWER,147,NEUTRAL,OK,power_present,{age_s=0.0}
162.0,HR,135,NEUTRAL,OK,hr_present,{age_s=0.0}
162.0,CADENCE,68,GREEN,OK,preferred_low_cadence_band,{age_s=0.0}
162.0,GRADE,0,NEUTRAL,OK,flat_deadband,"{grade_raw=0.0, grade_display=0.0}"
162.0,GEAR,WAIT,GRAY,NO_DATA,missing_gear,{}
163.0,SPEED,24.2,NEUTRAL,OK,near_reference,"{reference_kmh=24.61533742331288, age_s=0.0}"
163.0,POWER,148,NEUTRAL,OK,power_present,{age_s=0.0}
163.0,HR,136,NEUTRAL,OK,hr_present,{age_s=0.0}
163.0,CADENCE,69,GREEN,OK,preferred_low_cadence_band,{age_s=0.0}
163.0,GRADE,0,NEUTRAL,OK,flat_deadband,"{grade_raw=0.0, grade_display=0.0}"
163.0,GEAR,WAIT,GRAY,NO_DATA,missing_gear,{}
164.0,SPEED,24.2,NEUTRAL,OK,near_reference,"{reference_kmh=24.612804878048777, age_s=0.0}"
164.0,POWER,149,NEUTRAL,OK,power_present,{age_s=0.0}
164.0,HR,137,NEUTRAL,OK,hr_present,{age_s=0.0}
164.0,CADENCE,70,GREEN,OK,preferred_low_cadence_band,{age_s=0.0}
164.0,GRADE,0,NEUTRAL,OK,flat_deadband,"{grade_raw=0.0, grade_display=0.0}"
164.0,GEAR,WAIT,GRAY,NO_DATA,missing_gear,{}
165.0,SPEED,24.3,NEUTRAL,OK,near_reference,"{reference_kmh=24.61060606060606, age_s=0.0}"
165.0,POWER,150,NEUTRAL,OK,power_present,{age_s=0.0}
165.0,HR,138,NEUTRAL,OK,hr_present,{age_s=0.0}
165.0,CADENCE,60,GREEN,OK,preferred_low_cadence_band,{age_s=0.0}
165.0,GRADE,0,NEUTRAL,OK,flat_deadband,"{grade_raw=0.0, grade_display=0.0}"
165.0,GEAR,WAIT,GRAY,NO_DATA,missing_gear,{}
166.0,SPEED,24.3,NEUTRAL,OK,near_reference,"{reference_kmh=24.60873493975903, age_s=0.0}"
166.0,POWER,151,NEUTRAL,OK,power_present,{age_s=0.0}
166.0,HR,139,NEUTRAL,OK,hr_present,{age_s=0.0}
166.0,CADENCE,61,GREEN,OK,preferred_low_cadence_band,{age_s=0.0}
166.0,GRADE,0,NEUTRAL,OK,flat_deadband,"{grade_raw=0.0, grade_display=0.0}"
166.0,GEAR,WAIT,GRAY,NO_DATA,missing_gear,{}
167.0,SPEED,24.4,NEUTRAL,OK,near_reference,"{reference_kmh=24.60718562874251, age_s=0.0}"
167.0,POWER,152,NEUTRAL,OK,power_present,{age_s=0.0}
167.0,HR,140,NEUTRAL,OK,hr_present,{age_s=0.0}
167.0,CADENCE,62,GREEN,OK,preferred_low_cadence_band,{age_s=0.0}
167.0,GRADE,0,NEUTRAL,OK,flat_deadband,"{grade_raw=0.0, grade_display=0.0}"
167.0,GEAR,WAIT,GRAY,NO_DATA,missing_gear,{}
168.0,SPEED,24.4,NEUTRAL,OK,near_reference,"{reference_kmh=24.605952380952374, age_s=0.0}"
168.0,POWER,153,NEUTRAL,OK,power_present,{age_s=0.0}
168.0,HR,120,NEUTRAL,OK,hr_present,{age_s=0.0}
168.0,CADENCE,63,GREEN,OK,preferred_low_cadence_band,{age_s=0.0}
168.0,GRADE,0,NEUTRAL,OK,flat_deadband,"{grade_raw=0.0, grade_display=0.0}"
168.0,GEAR,WAIT,GRAY,NO_DATA,missing_gear,{}
169.0,SPEED,24.5,NEUTRAL,OK,near_reference,"{reference_kmh=24.605029585798814, age_s=0.0}"
169.0,POWER,154,NEUTRAL,OK,power_present,{age_s=0.0}
169.0,HR,121,NEUTRAL,OK,hr_present,{age_s=0.0}
169.0,CADENCE,64,GREEN,OK,preferred_low_cadence_band,{age_s=0.0}
169.0,GRADE,0,NEUTRAL,OK,flat_deadband,"{grade_raw=0.0, grade_display=0.0}"
169.0,GEAR,WAIT,GRAY,NO_DATA,missing_gear,{}
170.0,SPEED,24.5,NEUTRAL,OK,near_reference,"{reference_kmh=24.604411764705883, age_s=0.0}"
170.0,POWER,155,NEUTRAL,OK,power_present,{age_s=0.0}
170.0,HR,122,NEUTRAL,OK,hr_present,{age_s=0.0}
170.0,CADENCE,65,GREEN,OK,preferred_low_cadence_band,{age_s=0.0}
170.0,GRADE,0,NEUTRAL,OK,flat_deadband,"{grade_raw=0.0, grade_display=0.0}"
170.0,GEAR,WAIT,GRAY,NO_DATA,missing_gear,{}
171.0,SPEED,24.6,NEUTRAL,OK,near_reference,"{reference_kmh=24.604093567251457, age_s=0.0}"
171.0,POWER,156,NEUTRAL,OK,power_present,{age_s=0.0}
171.0,HR,123,NEUTRAL,OK,hr_present,{age_s=0.0}
171.0,CADENCE,66,GREEN,OK,preferred_low_cadence_band,{age_s=0.0}
171.0,GRADE,0,NEUTRAL,OK,flat_deadband,"{grade_raw=0.0, grade_display=0.0}"
171.0,GEAR,WAIT,GRAY,NO_DATA,missing_gear,{}
172.0,SPEED,24.6,NEUTRAL,OK,near_reference,"{reference_kmh=24.604069767441853, age_s=0.0}"
172.0,POWER,157,NEUTRAL,OK,power_present,{age_s=0.0}
172.0,HR,124,NEUTRAL,OK,hr_present,{age_s=0.0}
172.0,CADENCE,67,GREEN,OK,preferred_low_cadence_band,{age_s=0.0}
172.0,GRADE,0,NEUTRAL,OK,flat_deadband,"{grade_raw=0.0, grade_display=0.0}"
172.0,GEAR,WAIT,GRAY,NO_DATA,missing_gear,{}
173.0,SPEED,24.7,NEUTRAL,OK,near_reference,"{reference_kmh=24.604335260115604, age_s=0.0}"
173.0,POWER,158,NEUTRAL,OK,power_present,{age_s=0.0}
173.0,HR,125,NEUTRAL,OK,hr_present,{age_s=0.0}
173.0,CADENCE,68,GREEN,OK,preferred_low_cadence_band,{age_s=0.0}
173.0,GRADE,0,NEUTRAL,OK,flat_deadband,"{grade_raw=0.0, grade_display=0.0}"
173.0,GEAR,WAIT,GRAY,NO_DATA,missing_gear,{}
174.0,SPEED,24.7,NEUTRAL,OK,near_reference,"{reference_kmh=24.60488505747126, age_s=0.0}"
174.0,POWER,159,NEUTRAL,OK,power_present,{age_s=0.0}
174.0,HR,126,NEUTRAL,OK,hr_present,{age_s=0.0}
174.0,CADENCE,69,GREEN,OK,preferred_low_cadence_band,{age_s=0.0}
174.0,GRADE,0,NEUTRAL,OK,flat_deadband,"{grade_raw=0.0, grade_display=0.0}"
174.0,GEAR,WAIT,GRAY,NO_DATA,missing_gear,{}
175.0,SPEED,24.8,NEUTRAL,OK,near_reference,"{reference_kmh=24.60571428571428, age_s=0.0}"
175.0,POWER,160,NEUTRAL,OK,power_present,{age_s=0.0}
175.0,HR,127,NEUTRAL,OK,hr_present,{age_s=0.0}
175.0,CADENCE,70,GREEN,OK,preferred_low_cadence_band,{age_s=0.0}
175.0,GRADE,0,NEUTRAL,OK,flat_deadband,"{grade_raw=0.0, grade_display=0.0}"
175.0,GEAR,WAIT,GRAY,NO_DATA,missing_gear,{}
176.0,SPEED,24.8,NEUTRAL,OK,near_reference,"{reference_kmh=24.606818181818177, age_s=0.0}"
176.0,POWER,161,NEUTRAL,OK,power_present,{age_s=0.0}
176.0,HR,128,NEUTRAL,OK,hr_present,{age_s=0.0}
176.0,CADENCE,60,GREEN,OK,preferred_low_cadence_band,{age_s=0.0}
176.0,GRADE,0,NEUTRAL,OK,flat_deadband,"{grade_raw=0.0, grade_display=0.0}"
176.0,GEAR,WAIT,GRAY,NO_DATA,missing_gear,{}
177.0,SPEED,24.9,NEUTRAL,OK,near_reference,"{reference_kmh=24.608192090395477, age_s=0.0}"
177.0,POWER,162,NEUTRAL,OK,power_present,{age_s=0.0}
177.0,HR,129,NEUTRAL,OK,hr_present,{age_s=0.0}
177.0,CADENCE,61,GREEN,OK,preferred_low_cadence_band,{age_s=0.0}
177.0,GRADE,0,NEUTRAL,OK,flat_deadband,"{grade_raw=0.0, grade_display=0.0}"
177.0,GEAR,WAIT,GRAY,NO_DATA,missing_gear,{}
178.0,SPEED,24.9,NEUTRAL,OK,near_reference,"{reference_kmh=24.609831460674158, age_s=0.0}"
178.0,POWER,163,NEUTRAL,OK,power_present,{age_s=0.0}
178.0,HR,130,NEUTRAL,OK,hr_present,{age_s=0.0}
178.0,CADENCE,62,GREEN,OK,preferred_low_cadence_band,{age_s=0.0}
178.0,GRADE,0,NEUTRAL,OK,flat_deadband,"{grade_raw=0.0, grade_display=0.0}"
178.0,GEAR,WAIT,GRAY,NO_DATA,missing_gear,{}
179.0,SPEED,25.0,NEUTRAL,OK,near_reference,"{reference_kmh=24.611731843575416, age_s=0.0}"
179.0,POWER,164,NEUTRAL,OK,power_present,{age_s=0.0}
179.0,HR,131,NEUTRAL,OK,hr_present,{age_s=0.0}
179.0,CADENCE,63,GREEN,OK,preferred_low_cadence_band,{age_s=0.0}
179.0,GRADE,0,NEUTRAL,OK,flat_deadband,"{grade_raw=0.0, grade_display=0.0}"
179.0,GEAR,WAIT,GRAY,NO_DATA,missing_gear,{}
180.0,SPEED,24.0,NEUTRAL,OK,near_reference,"{reference_kmh=24.608333333333334, age_s=0.0}"
180.0,POWER,165,NEUTRAL,OK,power_present,{age_s=0.0}
180.0,HR,132,NEUTRAL,OK,hr_present,{age_s=0.0}
180.0,CADENCE,64,GREEN,OK,preferred_low_cadence_band,{age_s=0.0}
180.0,GRADE,0,NEUTRAL,OK,flat_deadband,"{grade_raw=0.0, grade_display=0.0}"
180.0,GEAR,WAIT,GRAY,NO_DATA,missing_gear,{}
181.0,SPEED,24.1,NEUTRAL,OK,near_reference,"{reference_kmh=24.605248618784533, age_s=0.0}"
181.0,POWER,166,NEUTRAL,OK,power_present,{age_s=0.0}
181.0,HR,133,NEUTRAL,OK,hr_present,{age_s=0.0}
181.0,CADENCE,65,GREEN,OK,preferred_low_cadence_band,{age_s=0.0}
181.0,GRADE,0,NEUTRAL,OK,flat_deadband,"{grade_raw=0.0, grade_display=0.0}"
181.0,GEAR,WAIT,GRAY,NO_DATA,missing_gear,{}
182.0,SPEED,24.1,NEUTRAL,OK,near_reference,"{reference_kmh=24.602472527472532, age_s=0.0}"
182.0,POWER,167,NEUTRAL,OK,power_present,{age_s=0.0}
182.0,HR,134,NEUTRAL,OK,hr_present,{age_s=0.0}
182.0,CADENCE,66,GREEN,OK,preferred_low_cadence_band,{age_s=0.0}
182.0,GRADE,0,NEUTRAL,OK,flat_deadband,"{grade_raw=0.0, grade_display=0.0}"
182.0,GEAR,WAIT,GRAY,NO_DATA,missing_gear,{}
183.0,SPEED,24.2,NEUTRAL,OK,near_reference,"{reference_kmh=24.599999999999998, age_s=0.0}"
183.0,POWER,168,NEUTRAL,OK,power_present,{age_s=0.0}
183.0,HR,135,NEUTRAL,OK,hr_present,{age_s=0.0}
183.0,CADENCE,67,GREEN,OK,preferred_low_cadence_band,{age_s=0.0}
183.0,GRADE,0,NEUTRAL,OK,flat_deadband,"{grade_raw=0.0, grade_display=0.0}"
183.0,GEAR,WAIT,GRAY,NO_DATA,missing_gear,{}
184.0,SPEED,24.2,NEUTRAL,OK,near_reference,"{reference_kmh=24.59782608695652, age_s=0.0}"
184.0,POWER,169,NEUTRAL,OK,power_present,{age_s=0.0}
184.0,HR,136,NEUTRAL,OK,hr_present,{age_s=0.0}
184.0,CADENCE,68,GREEN,OK,preferred_low_cadence_band,{age_s=0.0}
184.0,GRADE,0,NEUTRAL,OK,flat_deadband,"{grade_raw=0.0, grade_display=0.0}"
184.0,GEAR,WAIT,GRAY,NO_DATA,missing_gear,{}
185.0,SPEED,24.3,NEUTRAL,OK,near_reference,"{reference_kmh=24.595945945945946, age_s=0.0}"
185.0,POWER,170,NEUTRAL,OK,power_present,{age_s=0.0}
185.0,HR,137,NEUTRAL,OK,hr_present,{age_s=0.0}
185.0,CADENCE,69,GREEN,OK,preferred_low_cadence_band,{age_s=0.0}
185.0,GRADE,0,NEUTRAL,OK,flat_deadband,"{grade_raw=0.0, grade_display=0.0}"
185.0,GEAR,WAIT,GRAY,NO_DATA,missing_gear,{}
186.0,SPEED,24.3,NEUTRAL,OK,near_reference,"{reference_kmh=24.594354838709677, age_s=0.0}"
186.0,POWER,140,NEUTRAL,OK,power_present,{age_s=0.0}
186.0,HR,138,NEUTRAL,OK,hr_present,{age_s=0.0}
186.0,CADENCE,70,GREEN,OK,preferred_low_cadence_band,{age_s=0.0}
186.0,GRADE,0,NEUTRAL,OK,flat_deadband,"{grade_raw=0.0, grade_display=0.0}"
186.0,GEAR,WAIT,GRAY,NO_DATA,missing_gear,{}
187.0,SPEED,24.4,NEUTRAL,OK,near_reference,"{reference_kmh=24.593048128342243, age_s=0.0}"
187.0,POWER,141,NEUTRAL,OK,power_present,{age_s=0.0}
187.0,HR,139,NEUTRAL,OK,hr_present,{age_s=0.0}
187.0,CADENCE,60,GREEN,OK,preferred_low_cadence_band,{age_s=0.0}
187.0,GRADE,0,NEUTRAL,OK,flat_deadband,"{grade_raw=0.0, grade_display=0.0}"
187.0,GEAR,WAIT,GRAY,NO_DATA,missing_gear,{}
188.0,SPEED,24.4,NEUTRAL,OK,near_reference,"{reference_kmh=24.59202127659574, age_s=0.0}"
188.0,POWER,142,NEUTRAL,OK,power_present,{age_s=0.0}
188.0,HR,140,NEUTRAL,OK,hr_present,{age_s=0.0}
188.0,CADENCE,61,GREEN,OK,preferred_low_cadence_band,{age_s=0.0}
188.0,GRADE,0,NEUTRAL,OK,flat_deadband,"{grade_raw=0.0, grade_display=0.0}"
188.0,GEAR,WAIT,GRAY,NO_DATA,missing_gear,{}
189.0,SPEED,24.5,NEUTRAL,OK,near_reference,"{reference_kmh=24.591269841269842, age_s=0.0}"
189.0,POWER,143,NEUTRAL,OK,power_present,{age_s=0.0}
189.0,HR,120,NEUTRAL,OK,hr_present,{age_s=0.0}
189.0,CADENCE,62,GREEN,OK,preferred_low_cadence_band,{age_s=0.0}
189.0,GRADE,0,NEUTRAL,OK,flat_deadband,"{grade_raw=0.0, grade_display=0.0}"
189.0,GEAR,WAIT,GRAY,NO_DATA,missing_gear,{}
190.0,SPEED,24.5,NEUTRAL,OK,near_reference,"{reference_kmh=24.590789473684215, age_s=0.0}"
190.0,POWER,144,NEUTRAL,OK,power_present,{age_s=0.0}
190.0,HR,121,NEUTRAL,OK,hr_present,{age_s=0.0}
190.0,CADENCE,63,GREEN,OK,preferred_low_cadence_band,{age_s=0.0}
190.0,GRADE,0,NEUTRAL,OK,flat_deadband,"{grade_raw=0.0, grade_display=0.0}"
190.0,GEAR,WAIT,GRAY,NO_DATA,missing_gear,{}
191.0,SPEED,24.6,NEUTRAL,OK,near_reference,"{reference_kmh=24.590575916230364, age_s=0.0}"
191.0,POWER,145,NEUTRAL,OK,power_present,{age_s=0.0}
191.0,HR,122,NEUTRAL,OK,hr_present,{age_s=0.0}
191.0,CADENCE,64,GREEN,OK,preferred_low_cadence_band,{age_s=0.0}
191.0,GRADE,0,NEUTRAL,OK,flat_deadband,"{grade_raw=0.0, grade_display=0.0}"
191.0,GEAR,WAIT,GRAY,NO_DATA,missing_gear,{}
192.0,SPEED,24.6,NEUTRAL,OK,near_reference,"{reference_kmh=24.590625, age_s=0.0}"
192.0,POWER,146,NEUTRAL,OK,power_present,{age_s=0.0}
192.0,HR,123,NEUTRAL,OK,hr_present,{age_s=0.0}
192.0,CADENCE,65,GREEN,OK,preferred_low_cadence_band,{age_s=0.0}
192.0,GRADE,0,NEUTRAL,OK,flat_deadband,"{grade_raw=0.0, grade_display=0.0}"
192.0,GEAR,WAIT,GRAY,NO_DATA,missing_gear,{}
193.0,SPEED,24.7,NEUTRAL,OK,near_reference,"{reference_kmh=24.590932642487047, age_s=0.0}"
193.0,POWER,147,NEUTRAL,OK,power_present,{age_s=0.0}
193.0,HR,124,NEUTRAL,OK,hr_present,{age_s=0.0}
193.0,CADENCE,66,GREEN,OK,preferred_low_cadence_band,{age_s=0.0}
193.0,GRADE,0,NEUTRAL,OK,flat_deadband,"{grade_raw=0.0, grade_display=0.0}"
193.0,GEAR,WAIT,GRAY,NO_DATA,missing_gear,{}
194.0,SPEED,24.7,NEUTRAL,OK,near_reference,"{reference_kmh=24.591494845360824, age_s=0.0}"
194.0,POWER,148,NEUTRAL,OK,power_present,{age_s=0.0}
194.0,HR,125,NEUTRAL,OK,hr_present,{age_s=0.0}
194.0,CADENCE,67,GREEN,OK,preferred_low_cadence_band,{age_s=0.0}
194.0,GRADE,0,NEUTRAL,OK,flat_deadband,"{grade_raw=0.0, grade_display=0.0}"
194.0,GEAR,WAIT,GRAY,NO_DATA,missing_gear,{}
195.0,SPEED,24.8,NEUTRAL,OK,near_reference,"{reference_kmh=24.592307692307692, age_s=0.0}"
195.0,POWER,149,NEUTRAL,OK,power_present,{age_s=0.0}
195.0,HR,126,NEUTRAL,OK,hr_present,{age_s=0.0}
195.0,CADENCE,68,GREEN,OK,preferred_low_cadence_band,{age_s=0.0}
195.0,GRADE,0,NEUTRAL,OK,flat_deadband,"{grade_raw=0.0, grade_display=0.0}"
195.0,GEAR,WAIT,GRAY,NO_DATA,missing_gear,{}
196.0,SPEED,24.8,NEUTRAL,OK,near_reference,"{reference_kmh=24.593367346938777, age_s=0.0}"
196.0,POWER,150,NEUTRAL,OK,power_present,{age_s=0.0}
196.0,HR,127,NEUTRAL,OK,hr_present,{age_s=0.0}
196.0,CADENCE,69,GREEN,OK,preferred_low_cadence_band,{age_s=0.0}
196.0,GRADE,0,NEUTRAL,OK,flat_deadband,"{grade_raw=0.0, grade_display=0.0}"
196.0,GEAR,WAIT,GRAY,NO_DATA,missing_gear,{}
197.0,SPEED,24.9,NEUTRAL,OK,near_reference,"{reference_kmh=24.594670050761422, age_s=0.0}"
197.0,POWER,151,NEUTRAL,OK,power_present,{age_s=0.0}
197.0,HR,128,NEUTRAL,OK,hr_present,{age_s=0.0}
197.0,CADENCE,70,GREEN,OK,preferred_low_cadence_band,{age_s=0.0}
197.0,GRADE,0,NEUTRAL,OK,flat_deadband,"{grade_raw=0.0, grade_display=0.0}"
197.0,GEAR,WAIT,GRAY,NO_DATA,missing_gear,{}
198.0,SPEED,24.9,NEUTRAL,OK,near_reference,"{reference_kmh=24.596212121212123, age_s=0.0}"
198.0,POWER,152,NEUTRAL,OK,power_present,{age_s=0.0}
198.0,HR,129,NEUTRAL,OK,hr_present,{age_s=0.0}
198.0,CADENCE,60,GREEN,OK,preferred_low_cadence_band,{age_s=0.0}
198.0,GRADE,0,NEUTRAL,OK,flat_deadband,"{grade_raw=0.0, grade_display=0.0}"
198.0,GEAR,WAIT,GRAY,NO_DATA,missing_gear,{}
199.0,SPEED,25.0,NEUTRAL,OK,near_reference,"{reference_kmh=24.597989949748747, age_s=0.0}"
199.0,POWER,153,NEUTRAL,OK,power_present,{age_s=0.0}
199.0,HR,130,NEUTRAL,OK,hr_present,{age_s=0.0}
199.0,CADENCE,61,GREEN,OK,preferred_low_cadence_band,{age_s=0.0}
199.0,GRADE,0,NEUTRAL,OK,flat_deadband,"{grade_raw=0.0, grade_display=0.0}"
199.0,GEAR,WAIT,GRAY,NO_DATA,missing_gear,{}
200.0,SPEED,24.0,NEUTRAL,OK,near_reference,"{reference_kmh=24.595000000000006, age_s=0.0}"
200.0,POWER,154,NEUTRAL,OK,power_present,{age_s=0.0}
200.0,HR,131,NEUTRAL,OK,hr_present,{age_s=0.0}
200.0,CADENCE,62,GREEN,OK,preferred_low_cadence_band,{age_s=0.0}
200.0,GRADE,0,NEUTRAL,OK,flat_deadband,"{grade_raw=0.0, grade_display=0.0}"
200.0,GEAR,WAIT,GRAY,NO_DATA,missing_gear,{}
201.0,SPEED,24.1,NEUTRAL,OK,near_reference,"{reference_kmh=24.59228855721394, age_s=0.0}"
201.0,POWER,155,NEUTRAL,OK,power_present,{age_s=0.0}
201.0,HR,132,NEUTRAL,OK,hr_present,{age_s=0.0}
201.0,CADENCE,63,GREEN,OK,preferred_low_cadence_band,{age_s=0.0}
201.0,GRADE,0,NEUTRAL,OK,flat_deadband,"{grade_raw=0.0, grade_display=0.0}"
201.0,GEAR,WAIT,GRAY,NO_DATA,missing_gear,{}
202.0,SPEED,24.1,NEUTRAL,OK,near_reference,"{reference_kmh=24.58985148514852, age_s=0.0}"
202.0,POWER,156,NEUTRAL,OK,power_present,{age_s=0.0}
202.0,HR,133,NEUTRAL,OK,hr_present,{age_s=0.0}
202.0,CADENCE,64,GREEN,OK,preferred_low_cadence_band,{age_s=0.0}
202.0,GRADE,0,NEUTRAL,OK,flat_deadband,"{grade_raw=0.0, grade_display=0.0}"
202.0,GEAR,WAIT,GRAY,NO_DATA,missing_gear,{}
203.0,SPEED,24.2,NEUTRAL,OK,near_reference,"{reference_kmh=24.58768472906404, age_s=0.0}"
203.0,POWER,157,NEUTRAL,OK,power_present,{age_s=0.0}
203.0,HR,134,NEUTRAL,OK,hr_present,{age_s=0.0}
203.0,CADENCE,65,GREEN,OK,preferred_low_cadence_band,{age_s=0.0}
203.0,GRADE,0,NEUTRAL,OK,flat_deadband,"{grade_raw=0.0, grade_display=0.0}"
203.0,GEAR,WAIT,GRAY,NO_DATA,missing_gear,{}
204.0,SPEED,24.2,NEUTRAL,OK,near_reference,"{reference_kmh=24.585784313725494, age_s=0.0}"
204.0,POWER,158,NEUTRAL,OK,power_present,{age_s=0.0}
204.0,HR,135,NEUTRAL,OK,hr_present,{age_s=0.0}
204.0,CADENCE,66,GREEN,OK,preferred_low_cadence_band,{age_s=0.0}
204.0,GRADE,0,NEUTRAL,OK,flat_deadband,"{grade_raw=0.0, grade_display=0.0}"
204.0,GEAR,WAIT,GRAY,NO_DATA,missing_gear,{}
205.0,SPEED,24.3,NEUTRAL,OK,near_reference,"{reference_kmh=24.584146341463416, age_s=0.0}"
205.0,POWER,159,NEUTRAL,OK,power_present,{age_s=0.0}
205.0,HR,136,NEUTRAL,OK,hr_present,{age_s=0.0}
205.0,CADENCE,67,GREEN,OK,preferred_low_cadence_band,{age_s=0.0}
205.0,GRADE,0,NEUTRAL,OK,flat_deadband,"{grade_raw=0.0, grade_display=0.0}"
205.0,GEAR,WAIT,GRAY,NO_DATA,missing_gear,{}
206.0,SPEED,24.3,NEUTRAL,OK,near_reference,"{reference_kmh=24.582766990291265, age_s=0.0}"
206.0,POWER,160,NEUTRAL,OK,power_present,{age_s=0.0}
206.0,HR,137,NEUTRAL,OK,hr_present,{age_s=0.0}
206.0,CADENCE,68,GREEN,OK,preferred_low_cadence_band,{age_s=0.0}
206.0,GRADE,0,NEUTRAL,OK,flat_deadband,"{grade_raw=0.0, grade_display=0.0}"
206.0,GEAR,WAIT,GRAY,NO_DATA,missing_gear,{}
207.0,SPEED,24.4,NEUTRAL,OK,near_reference,"{reference_kmh=24.581642512077295, age_s=0.0}"
207.0,POWER,161,NEUTRAL,OK,power_present,{age_s=0.0}
207.0,HR,138,NEUTRAL,OK,hr_present,{age_s=0.0}
207.0,CADENCE,69,GREEN,OK,preferred_low_cadence_band,{age_s=0.0}
207.0,GRADE,0,NEUTRAL,OK,flat_deadband,"{grade_raw=0.0, grade_display=0.0}"
207.0,GEAR,WAIT,GRAY,NO_DATA,missing_gear,{}
208.0,SPEED,24.4,NEUTRAL,OK,near_reference,"{reference_kmh=24.580769230769235, age_s=0.0}"
208.0,POWER,162,NEUTRAL,OK,power_present,{age_s=0.0}
208.0,HR,139,NEUTRAL,OK,hr_present,{age_s=0.0}
208.0,CADENCE,70,GREEN,OK,preferred_low_cadence_band,{age_s=0.0}
208.0,GRADE,0,NEUTRAL,OK,flat_deadband,"{grade_raw=0.0, grade_display=0.0}"
208.0,GEAR,WAIT,GRAY,NO_DATA,missing_gear,{}
209.0,SPEED,24.5,NEUTRAL,OK,near_reference,"{reference_kmh=24.580143540669862, age_s=0.0}"
209.0,POWER,163,NEUTRAL,OK,power_present,{age_s=0.0}
209.0,HR,140,NEUTRAL,OK,hr_present,{age_s=0.0}
209.0,CADENCE,60,GREEN,OK,preferred_low_cadence_band,{age_s=0.0}
209.0,GRADE,0,NEUTRAL,OK,flat_deadband,"{grade_raw=0.0, grade_display=0.0}"
209.0,GEAR,WAIT,GRAY,NO_DATA,missing_gear,{}
210.0,SPEED,24.5,NEUTRAL,OK,near_reference,"{reference_kmh=24.57976190476191, age_s=0.0}"
210.0,POWER,164,NEUTRAL,OK,power_present,{age_s=0.0}
210.0,HR,120,NEUTRAL,OK,hr_present,{age_s=0.0}
210.0,CADENCE,61,GREEN,OK,preferred_low_cadence_band,{age_s=0.0}
210.0,GRADE,0,NEUTRAL,OK,flat_deadband,"{grade_raw=0.0, grade_display=0.0}"
210.0,GEAR,WAIT,GRAY,NO_DATA,missing_gear,{}
211.0,SPEED,24.6,NEUTRAL,OK,near_reference,"{reference_kmh=24.579620853080574, age_s=0.0}"
211.0,POWER,165,NEUTRAL,OK,power_present,{age_s=0.0}
211.0,HR,121,NEUTRAL,OK,hr_present,{age_s=0.0}
211.0,CADENCE,62,GREEN,OK,preferred_low_cadence_band,{age_s=0.0}
211.0,GRADE,0,NEUTRAL,OK,flat_deadband,"{grade_raw=0.0, grade_display=0.0}"
211.0,GEAR,WAIT,GRAY,NO_DATA,missing_gear,{}
212.0,SPEED,24.6,NEUTRAL,OK,near_reference,"{reference_kmh=24.57971698113208, age_s=0.0}"
212.0,POWER,166,NEUTRAL,OK,power_present,{age_s=0.0}
212.0,HR,122,NEUTRAL,OK,hr_present,{age_s=0.0}
212.0,CADENCE,63,GREEN,OK,preferred_low_cadence_band,{age_s=0.0}
212.0,GRADE,0,NEUTRAL,OK,flat_deadband,"{grade_raw=0.0, grade_display=0.0}"
212.0,GEAR,WAIT,GRAY,NO_DATA,missing_gear,{}
213.0,SPEED,24.7,NEUTRAL,OK,near_reference,"{reference_kmh=24.58004694835681, age_s=0.0}"
213.0,POWER,167,NEUTRAL,OK,power_present,{age_s=0.0}
213.0,HR,123,NEUTRAL,OK,hr_present,{age_s=0.0}
213.0,CADENCE,64,GREEN,OK,preferred_low_cadence_band,{age_s=0.0}
213.0,GRADE,0,NEUTRAL,OK,flat_deadband,"{grade_raw=0.0, grade_display=0.0}"
213.0,GEAR,WAIT,GRAY,NO_DATA,missing_gear,{}
214.0,SPEED,24.7,NEUTRAL,OK,near_reference,"{reference_kmh=24.580607476635517, age_s=0.0}"
214.0,POWER,168,NEUTRAL,OK,power_present,{age_s=0.0}
214.0,HR,124,NEUTRAL,OK,hr_present,{age_s=0.0}
214.0,CADENCE,65,GREEN,OK,preferred_low_cadence_band,{age_s=0.0}
214.0,GRADE,0,NEUTRAL,OK,flat_deadband,"{grade_raw=0.0, grade_display=0.0}"
214.0,GEAR,WAIT,GRAY,NO_DATA,missing_gear,{}
215.0,SPEED,24.8,NEUTRAL,OK,near_reference,"{reference_kmh=24.58139534883721, age_s=0.0}"
215.0,POWER,169,NEUTRAL,OK,power_present,{age_s=0.0}
215.0,HR,125,NEUTRAL,OK,hr_present,{age_s=0.0}
215.0,CADENCE,66,GREEN,OK,preferred_low_cadence_band,{age_s=0.0}
215.0,GRADE,0,NEUTRAL,OK,flat_deadband,"{grade_raw=0.0, grade_display=0.0}"
215.0,GEAR,WAIT,GRAY,NO_DATA,missing_gear,{}
216.0,SPEED,24.8,NEUTRAL,OK,near_reference,"{reference_kmh=24.582407407407413, age_s=0.0}"
216.0,POWER,170,NEUTRAL,OK,power_present,{age_s=0.0}
216.0,HR,126,NEUTRAL,OK,hr_present,{age_s=0.0}
216.0,CADENCE,67,GREEN,OK,preferred_low_cadence_band,{age_s=0.0}
216.0,GRADE,0,NEUTRAL,OK,flat_deadband,"{grade_raw=0.0, grade_display=0.0}"
216.0,GEAR,WAIT,GRAY,NO_DATA,missing_gear,{}
217.0,SPEED,24.9,NEUTRAL,OK,near_reference,"{reference_kmh=24.583640552995394, age_s=0.0}"
217.0,POWER,140,NEUTRAL,OK,power_present,{age_s=0.0}
217.0,HR,127,NEUTRAL,OK,hr_present,{age_s=0.0}
217.0,CADENCE,68,GREEN,OK,preferred_low_cadence_band,{age_s=0.0}
217.0,GRADE,0,NEUTRAL,OK,flat_deadband,"{grade_raw=0.0, grade_display=0.0}"
217.0,GEAR,WAIT,GRAY,NO_DATA,missing_gear,{}
218.0,SPEED,24.9,NEUTRAL,OK,near_reference,"{reference_kmh=24.58509174311927, age_s=0.0}"
218.0,POWER,141,NEUTRAL,OK,power_present,{age_s=0.0}
218.0,HR,128,NEUTRAL,OK,hr_present,{age_s=0.0}
218.0,CADENCE,69,GREEN,OK,preferred_low_cadence_band,{age_s=0.0}
218.0,GRADE,0,NEUTRAL,OK,flat_deadband,"{grade_raw=0.0, grade_display=0.0}"
218.0,GEAR,WAIT,GRAY,NO_DATA,missing_gear,{}
219.0,SPEED,25.0,NEUTRAL,OK,near_reference,"{reference_kmh=24.586757990867586, age_s=0.0}"
219.0,POWER,142,NEUTRAL,OK,power_present,{age_s=0.0}
219.0,HR,129,NEUTRAL,OK,hr_present,{age_s=0.0}
219.0,CADENCE,70,GREEN,OK,preferred_low_cadence_band,{age_s=0.0}
219.0,GRADE,0,NEUTRAL,OK,flat_deadband,"{grade_raw=0.0, grade_display=0.0}"
219.0,GEAR,WAIT,GRAY,NO_DATA,missing_gear,{}
220.0,SPEED,24.0,NEUTRAL,OK,near_reference,"{reference_kmh=24.584090909090914, age_s=0.0}"
220.0,POWER,143,NEUTRAL,OK,power_present,{age_s=0.0}
220.0,HR,130,NEUTRAL,OK,hr_present,{age_s=0.0}
220.0,CADENCE,60,GREEN,OK,preferred_low_cadence_band,{age_s=0.0}
220.0,GRADE,0,NEUTRAL,OK,flat_deadband,"{grade_raw=0.0, grade_display=0.0}"
220.0,GEAR,WAIT,GRAY,NO_DATA,missing_gear,{}
221.0,SPEED,24.1,NEUTRAL,OK,near_reference,"{reference_kmh=24.581674208144808, age_s=0.0}"
221.0,POWER,144,NEUTRAL,OK,power_present,{age_s=0.0}
221.0,HR,131,NEUTRAL,OK,hr_present,{age_s=0.0}
221.0,CADENCE,61,GREEN,OK,preferred_low_cadence_band,{age_s=0.0}
221.0,GRADE,0,NEUTRAL,OK,flat_deadband,"{grade_raw=0.0, grade_display=0.0}"
221.0,GEAR,WAIT,GRAY,NO_DATA,missing_gear,{}
222.0,SPEED,24.1,NEUTRAL,OK,near_reference,"{reference_kmh=24.579504504504513, age_s=0.0}"
222.0,POWER,145,NEUTRAL,OK,power_present,{age_s=0.0}
222.0,HR,132,NEUTRAL,OK,hr_present,{age_s=0.0}
222.0,CADENCE,62,GREEN,OK,preferred_low_cadence_band,{age_s=0.0}
222.0,GRADE,0,NEUTRAL,OK,flat_deadband,"{grade_raw=0.0, grade_display=0.0}"
222.0,GEAR,WAIT,GRAY,NO_DATA,missing_gear,{}
223.0,SPEED,24.2,NEUTRAL,OK,near_reference,"{reference_kmh=24.577578475336328, age_s=0.0}"
223.0,POWER,146,NEUTRAL,OK,power_present,{age_s=0.0}
223.0,HR,133,NEUTRAL,OK,hr_present,{age_s=0.0}
223.0,CADENCE,63,GREEN,OK,preferred_low_cadence_band,{age_s=0.0}
223.0,GRADE,0,NEUTRAL,OK,flat_deadband,"{grade_raw=0.0, grade_display=0.0}"
223.0,GEAR,WAIT,GRAY,NO_DATA,missing_gear,{}
224.0,SPEED,24.2,NEUTRAL,OK,near_reference,"{reference_kmh=24.575892857142865, age_s=0.0}"
224.0,POWER,147,NEUTRAL,OK,power_present,{age_s=0.0}
224.0,HR,134,NEUTRAL,OK,hr_present,{age_s=0.0}
224.0,CADENCE,64,GREEN,OK,preferred_low_cadence_band,{age_s=0.0}
224.0,GRADE,0,NEUTRAL,OK,flat_deadband,"{grade_raw=0.0, grade_display=0.0}"
224.0,GEAR,WAIT,GRAY,NO_DATA,missing_gear,{}
225.0,SPEED,24.3,NEUTRAL,OK,near_reference,"{reference_kmh=24.57444444444445, age_s=0.0}"
225.0,POWER,148,NEUTRAL,OK,power_present,{age_s=0.0}
225.0,HR,135,NEUTRAL,OK,hr_present,{age_s=0.0}
225.0,CADENCE,65,GREEN,OK,preferred_low_cadence_band,{age_s=0.0}
225.0,GRADE,0,NEUTRAL,OK,flat_deadband,"{grade_raw=0.0, grade_display=0.0}"
225.0,GEAR,WAIT,GRAY,NO_DATA,missing_gear,{}
226.0,SPEED,24.3,NEUTRAL,OK,near_reference,"{reference_kmh=24.57323008849558, age_s=0.0}"
226.0,POWER,149,NEUTRAL,OK,power_present,{age_s=0.0}
226.0,HR,136,NEUTRAL,OK,hr_present,{age_s=0.0}
226.0,CADENCE,66,GREEN,OK,preferred_low_cadence_band,{age_s=0.0}
226.0,GRADE,0,NEUTRAL,OK,flat_deadband,"{grade_raw=0.0, grade_display=0.0}"
226.0,GEAR,WAIT,GRAY,NO_DATA,missing_gear,{}
227.0,SPEED,24.4,NEUTRAL,OK,near_reference,"{reference_kmh=24.572246696035243, age_s=0.0}"
227.0,POWER,150,NEUTRAL,OK,power_present,{age_s=0.0}
227.0,HR,137,NEUTRAL,OK,hr_present,{age_s=0.0}
227.0,CADENCE,67,GREEN,OK,preferred_low_cadence_band,{age_s=0.0}
227.0,GRADE,0,NEUTRAL,OK,flat_deadband,"{grade_raw=0.0, grade_display=0.0}"
227.0,GEAR,WAIT,GRAY,NO_DATA,missing_gear,{}
228.0,SPEED,24.4,NEUTRAL,OK,near_reference,"{reference_kmh=24.57149122807018, age_s=0.0}"
228.0,POWER,151,NEUTRAL,OK,power_present,{age_s=0.0}
228.0,HR,138,NEUTRAL,OK,hr_present,{age_s=0.0}
228.0,CADENCE,68,GREEN,OK,preferred_low_cadence_band,{age_s=0.0}
228.0,GRADE,0,NEUTRAL,OK,flat_deadband,"{grade_raw=0.0, grade_display=0.0}"
228.0,GEAR,WAIT,GRAY,NO_DATA,missing_gear,{}
229.0,SPEED,24.5,NEUTRAL,OK,near_reference,"{reference_kmh=24.570960698689966, age_s=0.0}"
229.0,POWER,152,NEUTRAL,OK,power_present,{age_s=0.0}
229.0,HR,139,NEUTRAL,OK,hr_present,{age_s=0.0}
229.0,CADENCE,69,GREEN,OK,preferred_low_cadence_band,{age_s=0.0}
229.0,GRADE,0,NEUTRAL,OK,flat_deadband,"{grade_raw=0.0, grade_display=0.0}"
229.0,GEAR,WAIT,GRAY,NO_DATA,missing_gear,{}
230.0,SPEED,24.5,NEUTRAL,OK,near_reference,"{reference_kmh=24.570652173913054, age_s=0.0}"
230.0,POWER,153,NEUTRAL,OK,power_present,{age_s=0.0}
230.0,HR,140,NEUTRAL,OK,hr_present,{age_s=0.0}
230.0,CADENCE,70,GREEN,OK,preferred_low_cadence_band,{age_s=0.0}
230.0,GRADE,0,NEUTRAL,OK,flat_deadband,"{grade_raw=0.0, grade_display=0.0}"
230.0,GEAR,WAIT,GRAY,NO_DATA,missing_gear,{}
231.0,SPEED,24.6,NEUTRAL,OK,near_reference,"{reference_kmh=24.57056277056278, age_s=0.0}"
231.0,POWER,154,NEUTRAL,OK,power_present,{age_s=0.0}
231.0,HR,120,NEUTRAL,OK,hr_present,{age_s=0.0}
231.0,CADENCE,60,GREEN,OK,preferred_low_cadence_band,{age_s=0.0}
231.0,GRADE,0,NEUTRAL,OK,flat_deadband,"{grade_raw=0.0, grade_display=0.0}"
231.0,GEAR,WAIT,GRAY,NO_DATA,missing_gear,{}
232.0,SPEED,24.6,NEUTRAL,OK,near_reference,"{reference_kmh=24.570689655172423, age_s=0.0}"
232.0,POWER,155,NEUTRAL,OK,power_present,{age_s=0.0}
232.0,HR,121,NEUTRAL,OK,hr_present,{age_s=0.0}
232.0,CADENCE,61,GREEN,OK,preferred_low_cadence_band,{age_s=0.0}
232.0,GRADE,0,NEUTRAL,OK,flat_deadband,"{grade_raw=0.0, grade_display=0.0}"
232.0,GEAR,WAIT,GRAY,NO_DATA,missing_gear,{}
233.0,SPEED,24.7,NEUTRAL,OK,near_reference,"{reference_kmh=24.57103004291846, age_s=0.0}"
233.0,POWER,156,NEUTRAL,OK,power_present,{age_s=0.0}
233.0,HR,122,NEUTRAL,OK,hr_present,{age_s=0.0}
233.0,CADENCE,62,GREEN,OK,preferred_low_cadence_band,{age_s=0.0}
233.0,GRADE,0,NEUTRAL,OK,flat_deadband,"{grade_raw=0.0, grade_display=0.0}"
233.0,GEAR,WAIT,GRAY,NO_DATA,missing_gear,{}
234.0,SPEED,24.7,NEUTRAL,OK,near_reference,"{reference_kmh=24.5715811965812, age_s=0.0}"
234.0,POWER,157,NEUTRAL,OK,power_present,{age_s=0.0}
234.0,HR,123,NEUTRAL,OK,hr_present,{age_s=0.0}
234.0,CADENCE,63,GREEN,OK,preferred_low_cadence_band,{age_s=0.0}
234.0,GRADE,0,NEUTRAL,OK,flat_deadband,"{grade_raw=0.0, grade_display=0.0}"
234.0,GEAR,WAIT,GRAY,NO_DATA,missing_gear,{}
235.0,SPEED,24.8,NEUTRAL,OK,near_reference,"{reference_kmh=24.572340425531916, age_s=0.0}"
235.0,POWER,158,NEUTRAL,OK,power_present,{age_s=0.0}
235.0,HR,124,NEUTRAL,OK,hr_present,{age_s=0.0}
235.0,CADENCE,64,GREEN,OK,preferred_low_cadence_band,{age_s=0.0}
235.0,GRADE,0,NEUTRAL,OK,flat_deadband,"{grade_raw=0.0, grade_display=0.0}"
235.0,GEAR,WAIT,GRAY,NO_DATA,missing_gear,{}
236.0,SPEED,24.8,NEUTRAL,OK,near_reference,"{reference_kmh=24.573305084745765, age_s=0.0}"
236.0,POWER,159,NEUTRAL,OK,power_present,{age_s=0.0}
236.0,HR,125,NEUTRAL,OK,hr_present,{age_s=0.0}
236.0,CADENCE,65,GREEN,OK,preferred_low_cadence_band,{age_s=0.0}
236.0,GRADE,0,NEUTRAL,OK,flat_deadband,"{grade_raw=0.0, grade_display=0.0}"
236.0,GEAR,WAIT,GRAY,NO_DATA,missing_gear,{}
237.0,SPEED,24.9,NEUTRAL,OK,near_reference,"{reference_kmh=24.574472573839667, age_s=0.0}"
237.0,POWER,160,NEUTRAL,OK,power_present,{age_s=0.0}
237.0,HR,126,NEUTRAL,OK,hr_present,{age_s=0.0}
237.0,CADENCE,66,GREEN,OK,preferred_low_cadence_band,{age_s=0.0}
237.0,GRADE,0,NEUTRAL,OK,flat_deadband,"{grade_raw=0.0, grade_display=0.0}"
237.0,GEAR,WAIT,GRAY,NO_DATA,missing_gear,{}
238.0,SPEED,24.9,NEUTRAL,OK,near_reference,"{reference_kmh=24.575840336134462, age_s=0.0}"
238.0,POWER,161,NEUTRAL,OK,power_present,{age_s=0.0}
238.0,HR,127,NEUTRAL,OK,hr_present,{age_s=0.0}
238.0,CADENCE,67,GREEN,OK,preferred_low_cadence_band,{age_s=0.0}
238.0,GRADE,0,NEUTRAL,OK,flat_deadband,"{grade_raw=0.0, grade_display=0.0}"
238.0,GEAR,WAIT,GRAY,NO_DATA,missing_gear,{}
239.0,SPEED,25.0,NEUTRAL,OK,near_reference,"{reference_kmh=24.577405857740597, age_s=0.0}"
239.0,POWER,162,NEUTRAL,OK,power_present,{age_s=0.0}
239.0,HR,128,NEUTRAL,OK,hr_present,{age_s=0.0}
239.0,CADENCE,68,GREEN,OK,preferred_low_cadence_band,{age_s=0.0}
239.0,GRADE,0,NEUTRAL,OK,flat_deadband,"{grade_raw=0.0, grade_display=0.0}"
239.0,GEAR,WAIT,GRAY,NO_DATA,missing_gear,{}
240.0,SPEED,24.0,NEUTRAL,OK,near_reference,"{reference_kmh=24.57500000000001, age_s=0.0}"
240.0,POWER,163,NEUTRAL,OK,power_present,{age_s=0.0}
240.0,HR,129,NEUTRAL,OK,hr_present,{age_s=0.0}
240.0,CADENCE,69,GREEN,OK,preferred_low_cadence_band,{age_s=0.0}
240.0,GRADE,0,NEUTRAL,OK,flat_deadband,"{grade_raw=0.0, grade_display=0.0}"
240.0,GEAR,WAIT,GRAY,NO_DATA,missing_gear,{}
241.0,SPEED,24.1,NEUTRAL,OK,near_reference,"{reference_kmh=24.572821576763495, age_s=0.0}"
241.0,POWER,164,NEUTRAL,OK,power_present,{age_s=0.0}
241.0,HR,130,NEUTRAL,OK,hr_present,{age_s=0.0}
241.0,CADENCE,70,GREEN,OK,preferred_low_cadence_band,{age_s=0.0}
241.0,GRADE,0,NEUTRAL,OK,flat_deadband,"{grade_raw=0.0, grade_display=0.0}"
241.0,GEAR,WAIT,GRAY,NO_DATA,missing_gear,{}
242.0,SPEED,24.1,NEUTRAL,OK,near_reference,"{reference_kmh=24.57086776859505, age_s=0.0}"
242.0,POWER,165,NEUTRAL,OK,power_present,{age_s=0.0}
242.0,HR,131,NEUTRAL,OK,hr_present,{age_s=0.0}
242.0,CADENCE,60,GREEN,OK,preferred_low_cadence_band,{age_s=0.0}
242.0,GRADE,0,NEUTRAL,OK,flat_deadband,"{grade_raw=0.0, grade_display=0.0}"
242.0,GEAR,WAIT,GRAY,NO_DATA,missing_gear,{}
243.0,SPEED,24.2,NEUTRAL,OK,near_reference,"{reference_kmh=24.56913580246914, age_s=0.0}"
243.0,POWER,166,NEUTRAL,OK,power_present,{age_s=0.0}
243.0,HR,132,NEUTRAL,OK,hr_present,{age_s=0.0}
243.0,CADENCE,61,GREEN,OK,preferred_low_cadence_band,{age_s=0.0}
243.0,GRADE,0,NEUTRAL,OK,flat_deadband,"{grade_raw=0.0, grade_display=0.0}"
243.0,GEAR,WAIT,GRAY,NO_DATA,missing_gear,{}
244.0,SPEED,24.2,NEUTRAL,OK,near_reference,"{reference_kmh=24.567622950819676, age_s=0.0}"
244.0,POWER,167,NEUTRAL,OK,power_present,{age_s=0.0}
244.0,HR,133,NEUTRAL,OK,hr_present,{age_s=0.0}
244.0,CADENCE,62,GREEN,OK,preferred_low_cadence_band,{age_s=0.0}
244.0,GRADE,0,NEUTRAL,OK,flat_deadband,"{grade_raw=0.0, grade_display=0.0}"
244.0,GEAR,WAIT,GRAY,NO_DATA,missing_gear,{}
245.0,SPEED,24.3,NEUTRAL,OK,near_reference,"{reference_kmh=24.566326530612255, age_s=0.0}"
245.0,POWER,168,NEUTRAL,OK,power_present,{age_s=0.0}
245.0,HR,134,NEUTRAL,OK,hr_present,{age_s=0.0}
245.0,CADENCE,63,GREEN,OK,preferred_low_cadence_band,{age_s=0.0}
245.0,GRADE,0,NEUTRAL,OK,flat_deadband,"{grade_raw=0.0, grade_display=0.0}"
245.0,GEAR,WAIT,GRAY,NO_DATA,missing_gear,{}
246.0,SPEED,24.3,NEUTRAL,OK,near_reference,"{reference_kmh=24.565243902439033, age_s=0.0}"
246.0,POWER,169,NEUTRAL,OK,power_present,{age_s=0.0}
246.0,HR,135,NEUTRAL,OK,hr_present,{age_s=0.0}
246.0,CADENCE,64,GREEN,OK,preferred_low_cadence_band,{age_s=0.0}
246.0,GRADE,0,NEUTRAL,OK,flat_deadband,"{grade_raw=0.0, grade_display=0.0}"
246.0,GEAR,WAIT,GRAY,NO_DATA,missing_gear,{}
247.0,SPEED,24.4,NEUTRAL,OK,near_reference,"{reference_kmh=24.564372469635632, age_s=0.0}"
247.0,POWER,170,NEUTRAL,OK,power_present,{age_s=0.0}
247.0,HR,136,NEUTRAL,OK,hr_present,{age_s=0.0}
247.0,CADENCE,65,GREEN,OK,preferred_low_cadence_band,{age_s=0.0}
247.0,GRADE,0,NEUTRAL,OK,flat_deadband,"{grade_raw=0.0, grade_display=0.0}"
247.0,GEAR,WAIT,GRAY,NO_DATA,missing_gear,{}
248.0,SPEED,24.4,NEUTRAL,OK,near_reference,"{reference_kmh=24.563709677419364, age_s=0.0}"
248.0,POWER,140,NEUTRAL,OK,power_present,{age_s=0.0}
248.0,HR,137,NEUTRAL,OK,hr_present,{age_s=0.0}
248.0,CADENCE,66,GREEN,OK,preferred_low_cadence_band,{age_s=0.0}
248.0,GRADE,0,NEUTRAL,OK,flat_deadband,"{grade_raw=0.0, grade_display=0.0}"
248.0,GEAR,WAIT,GRAY,NO_DATA,missing_gear,{}
249.0,SPEED,24.5,NEUTRAL,OK,near_reference,"{reference_kmh=24.563253012048204, age_s=0.0}"
249.0,POWER,141,NEUTRAL,OK,power_present,{age_s=0.0}
249.0,HR,138,NEUTRAL,OK,hr_present,{age_s=0.0}
249.0,CADENCE,67,GREEN,OK,preferred_low_cadence_band,{age_s=0.0}
249.0,GRADE,0,NEUTRAL,OK,flat_deadband,"{grade_raw=0.0, grade_display=0.0}"
249.0,GEAR,WAIT,GRAY,NO_DATA,missing_gear,{}
250.0,SPEED,24.5,NEUTRAL,OK,near_reference,"{reference_kmh=24.56300000000001, age_s=0.0}"
250.0,POWER,142,NEUTRAL,OK,power_present,{age_s=0.0}
250.0,HR,139,NEUTRAL,OK,hr_present,{age_s=0.0}
250.0,CADENCE,68,GREEN,OK,preferred_low_cadence_band,{age_s=0.0}
250.0,GRADE,0,NEUTRAL,OK,flat_deadband,"{grade_raw=0.0, grade_display=0.0}"
250.0,GEAR,WAIT,GRAY,NO_DATA,missing_gear,{}
251.0,SPEED,24.6,NEUTRAL,OK,near_reference,"{reference_kmh=24.562948207171324, age_s=0.0}"
251.0,POWER,143,NEUTRAL,OK,power_present,{age_s=0.0}
251.0,HR,140,NEUTRAL,OK,hr_present,{age_s=0.0}
251.0,CADENCE,69,GREEN,OK,preferred_low_cadence_band,{age_s=0.0}
251.0,GRADE,0,NEUTRAL,OK,flat_deadband,"{grade_raw=0.0, grade_display=0.0}"
251.0,GEAR,WAIT,GRAY,NO_DATA,missing_gear,{}
252.0,SPEED,24.6,NEUTRAL,OK,near_reference,"{reference_kmh=24.563095238095244, age_s=0.0}"
252.0,POWER,144,NEUTRAL,OK,power_present,{age_s=0.0}
252.0,HR,120,NEUTRAL,OK,hr_present,{age_s=0.0}
252.0,CADENCE,70,GREEN,OK,preferred_low_cadence_band,{age_s=0.0}
252.0,GRADE,0,NEUTRAL,OK,flat_deadband,"{grade_raw=0.0, grade_display=0.0}"
252.0,GEAR,WAIT,GRAY,NO_DATA,missing_gear,{}
253.0,SPEED,24.7,NEUTRAL,OK,near_reference,"{reference_kmh=24.563438735177872, age_s=0.0}"
253.0,POWER,145,NEUTRAL,OK,power_present,{age_s=0.0}
253.0,HR,121,NEUTRAL,OK,hr_present,{age_s=0.0}
253.0,CADENCE,60,GREEN,OK,preferred_low_cadence_band,{age_s=0.0}
253.0,GRADE,0,NEUTRAL,OK,flat_deadband,"{grade_raw=0.0, grade_display=0.0}"
253.0,GEAR,WAIT,GRAY,NO_DATA,missing_gear,{}
254.0,SPEED,24.7,NEUTRAL,OK,near_reference,"{reference_kmh=24.563976377952763, age_s=0.0}"
254.0,POWER,146,NEUTRAL,OK,power_present,{age_s=0.0}
254.0,HR,122,NEUTRAL,OK,hr_present,{age_s=0.0}
254.0,CADENCE,61,GREEN,OK,preferred_low_cadence_band,{age_s=0.0}
254.0,GRADE,0,NEUTRAL,OK,flat_deadband,"{grade_raw=0.0, grade_display=0.0}"
254.0,GEAR,WAIT,GRAY,NO_DATA,missing_gear,{}
255.0,SPEED,24.8,NEUTRAL,OK,near_reference,"{reference_kmh=24.564705882352946, age_s=0.0}"
255.0,POWER,147,NEUTRAL,OK,power_present,{age_s=0.0}
255.0,HR,123,NEUTRAL,OK,hr_present,{age_s=0.0}
255.0,CADENCE,62,GREEN,OK,preferred_low_cadence_band,{age_s=0.0}
255.0,GRADE,0,NEUTRAL,OK,flat_deadband,"{grade_raw=0.0, grade_display=0.0}"
255.0,GEAR,WAIT,GRAY,NO_DATA,missing_gear,{}
256.0,SPEED,24.8,NEUTRAL,OK,near_reference,"{reference_kmh=24.565625000000008, age_s=0.0}"
256.0,POWER,148,NEUTRAL,OK,power_present,{age_s=0.0}
256.0,HR,124,NEUTRAL,OK,hr_present,{age_s=0.0}
256.0,CADENCE,63,GREEN,OK,preferred_low_cadence_band,{age_s=0.0}
256.0,GRADE,0,NEUTRAL,OK,flat_deadband,"{grade_raw=0.0, grade_display=0.0}"
256.0,GEAR,WAIT,GRAY,NO_DATA,missing_gear,{}
257.0,SPEED,24.9,NEUTRAL,OK,near_reference,"{reference_kmh=24.566731517509737, age_s=0.0}"
257.0,POWER,149,NEUTRAL,OK,power_present,{age_s=0.0}
257.0,HR,125,NEUTRAL,OK,hr_present,{age_s=0.0}
257.0,CADENCE,64,GREEN,OK,preferred_low_cadence_band,{age_s=0.0}
257.0,GRADE,0,NEUTRAL,OK,flat_deadband,"{grade_raw=0.0, grade_display=0.0}"
257.0,GEAR,WAIT,GRAY,NO_DATA,missing_gear,{}
258.0,SPEED,24.9,NEUTRAL,OK,near_reference,"{reference_kmh=24.568023255813962, age_s=0.0}"
258.0,POWER,150,NEUTRAL,OK,power_present,{age_s=0.0}
258.0,HR,126,NEUTRAL,OK,hr_present,{age_s=0.0}
258.0,CADENCE,65,GREEN,OK,preferred_low_cadence_band,{age_s=0.0}
258.0,GRADE,0,NEUTRAL,OK,flat_deadband,"{grade_raw=0.0, grade_display=0.0}"
258.0,GEAR,WAIT,GRAY,NO_DATA,missing_gear,{}
259.0,SPEED,25.0,NEUTRAL,OK,near_reference,"{reference_kmh=24.569498069498078, age_s=0.0}"
259.0,POWER,151,NEUTRAL,OK,power_present,{age_s=0.0}
259.0,HR,127,NEUTRAL,OK,hr_present,{age_s=0.0}
259.0,CADENCE,66,GREEN,OK,preferred_low_cadence_band,{age_s=0.0}
259.0,GRADE,0,NEUTRAL,OK,flat_deadband,"{grade_raw=0.0, grade_display=0.0}"
259.0,GEAR,WAIT,GRAY,NO_DATA,missing_gear,{}
260.0,SPEED,24.0,NEUTRAL,OK,near_reference,"{reference_kmh=24.567307692307704, age_s=0.0}"
260.0,POWER,152,NEUTRAL,OK,power_present,{age_s=0.0}
260.0,HR,128,NEUTRAL,OK,hr_present,{age_s=0.0}
260.0,CADENCE,67,GREEN,OK,preferred_low_cadence_band,{age_s=0.0}
260.0,GRADE,0,NEUTRAL,OK,flat_deadband,"{grade_raw=0.0, grade_display=0.0}"
260.0,GEAR,WAIT,GRAY,NO_DATA,missing_gear,{}
261.0,SPEED,24.1,NEUTRAL,OK,near_reference,"{reference_kmh=24.565325670498098, age_s=0.0}"
261.0,POWER,153,NEUTRAL,OK,power_present,{age_s=0.0}
261.0,HR,129,NEUTRAL,OK,hr_present,{age_s=0.0}
261.0,CADENCE,68,GREEN,OK,preferred_low_cadence_band,{age_s=0.0}
261.0,GRADE,0,NEUTRAL,OK,flat_deadband,"{grade_raw=0.0, grade_display=0.0}"
261.0,GEAR,WAIT,GRAY,NO_DATA,missing_gear,{}
262.0,SPEED,24.1,NEUTRAL,OK,near_reference,"{reference_kmh=24.56354961832062, age_s=0.0}"
262.0,POWER,154,NEUTRAL,OK,power_present,{age_s=0.0}
262.0,HR,130,NEUTRAL,OK,hr_present,{age_s=0.0}
262.0,CADENCE,69,GREEN,OK,preferred_low_cadence_band,{age_s=0.0}
262.0,GRADE,0,NEUTRAL,OK,flat_deadband,"{grade_raw=0.0, grade_display=0.0}"
262.0,GEAR,WAIT,GRAY,NO_DATA,missing_gear,{}
263.0,SPEED,24.2,NEUTRAL,OK,near_reference,"{reference_kmh=24.5619771863118, age_s=0.0}"
263.0,POWER,155,NEUTRAL,OK,power_present,{age_s=0.0}
263.0,HR,131,NEUTRAL,OK,hr_present,{age_s=0.0}
263.0,CADENCE,70,GREEN,OK,preferred_low_cadence_band,{age_s=0.0}
263.0,GRADE,0,NEUTRAL,OK,flat_deadband,"{grade_raw=0.0, grade_display=0.0}"
263.0,GEAR,WAIT,GRAY,NO_DATA,missing_gear,{}
264.0,SPEED,24.2,NEUTRAL,OK,near_reference,"{reference_kmh=24.56060606060607, age_s=0.0}"
264.0,POWER,156,NEUTRAL,OK,power_present,{age_s=0.0}
264.0,HR,132,NEUTRAL,OK,hr_present,{age_s=0.0}
264.0,CADENCE,60,GREEN,OK,preferred_low_cadence_band,{age_s=0.0}
264.0,GRADE,0,NEUTRAL,OK,flat_deadband,"{grade_raw=0.0, grade_display=0.0}"
264.0,GEAR,WAIT,GRAY,NO_DATA,missing_gear,{}
265.0,SPEED,24.3,NEUTRAL,OK,near_reference,"{reference_kmh=24.55943396226416, age_s=0.0}"
265.0,POWER,157,NEUTRAL,OK,power_present,{age_s=0.0}
265.0,HR,133,NEUTRAL,OK,hr_present,{age_s=0.0}
265.0,CADENCE,61,GREEN,OK,preferred_low_cadence_band,{age_s=0.0}
265.0,GRADE,0,NEUTRAL,OK,flat_deadband,"{grade_raw=0.0, grade_display=0.0}"
265.0,GEAR,WAIT,GRAY,NO_DATA,missing_gear,{}
266.0,SPEED,24.3,NEUTRAL,OK,near_reference,"{reference_kmh=24.55845864661655, age_s=0.0}"
266.0,POWER,158,NEUTRAL,OK,power_present,{age_s=0.0}
266.0,HR,134,NEUTRAL,OK,hr_present,{age_s=0.0}
266.0,CADENCE,62,GREEN,OK,preferred_low_cadence_band,{age_s=0.0}
266.0,GRADE,0,NEUTRAL,OK,flat_deadband,"{grade_raw=0.0, grade_display=0.0}"
266.0,GEAR,WAIT,GRAY,NO_DATA,missing_gear,{}
267.0,SPEED,24.4,NEUTRAL,OK,near_reference,"{reference_kmh=24.55767790262173, age_s=0.0}"
267.0,POWER,159,NEUTRAL,OK,power_present,{age_s=0.0}
267.0,HR,135,NEUTRAL,OK,hr_present,{age_s=0.0}
267.0,CADENCE,63,GREEN,OK,preferred_low_cadence_band,{age_s=0.0}
267.0,GRADE,0,NEUTRAL,OK,flat_deadband,"{grade_raw=0.0, grade_display=0.0}"
267.0,GEAR,WAIT,GRAY,NO_DATA,missing_gear,{}
268.0,SPEED,24.4,NEUTRAL,OK,near_reference,"{reference_kmh=24.557089552238818, age_s=0.0}"
268.0,POWER,160,NEUTRAL,OK,power_present,{age_s=0.0}
268.0,HR,136,NEUTRAL,OK,hr_present,{age_s=0.0}
268.0,CADENCE,64,GREEN,OK,preferred_low_cadence_band,{age_s=0.0}
268.0,GRADE,0,NEUTRAL,OK,flat_deadband,"{grade_raw=0.0, grade_display=0.0}"
268.0,GEAR,WAIT,GRAY,NO_DATA,missing_gear,{}
269.0,SPEED,24.5,NEUTRAL,OK,near_reference,"{reference_kmh=24.55669144981414, age_s=0.0}"
269.0,POWER,161,NEUTRAL,OK,power_present,{age_s=0.0}
269.0,HR,137,NEUTRAL,OK,hr_present,{age_s=0.0}
269.0,CADENCE,65,GREEN,OK,preferred_low_cadence_band,{age_s=0.0}
269.0,GRADE,0,NEUTRAL,OK,flat_deadband,"{grade_raw=0.0, grade_display=0.0}"
269.0,GEAR,WAIT,GRAY,NO_DATA,missing_gear,{}
270.0,SPEED,24.5,NEUTRAL,OK,near_reference,"{reference_kmh=24.556481481481494, age_s=0.0}"
270.0,POWER,162,NEUTRAL,OK,power_present,{age_s=0.0}
270.0,HR,138,NEUTRAL,OK,hr_present,{age_s=0.0}
270.0,CADENCE,66,GREEN,OK,preferred_low_cadence_band,{age_s=0.0}
270.0,GRADE,0,NEUTRAL,OK,flat_deadband,"{grade_raw=0.0, grade_display=0.0}"
270.0,GEAR,WAIT,GRAY,NO_DATA,missing_gear,{}
271.0,SPEED,24.6,NEUTRAL,OK,near_reference,"{reference_kmh=24.556457564575656, age_s=0.0}"
271.0,POWER,163,NEUTRAL,OK,power_present,{age_s=0.0}
271.0,HR,139,NEUTRAL,OK,hr_present,{age_s=0.0}
271.0,CADENCE,67,GREEN,OK,preferred_low_cadence_band,{age_s=0.0}
271.0,GRADE,0,NEUTRAL,OK,flat_deadband,"{grade_raw=0.0, grade_display=0.0}"
271.0,GEAR,WAIT,GRAY,NO_DATA,missing_gear,{}
272.0,SPEED,24.6,NEUTRAL,OK,near_reference,"{reference_kmh=24.556617647058832, age_s=0.0}"
272.0,POWER,164,NEUTRAL,OK,power_present,{age_s=0.0}
272.0,HR,140,NEUTRAL,OK,hr_present,{age_s=0.0}
272.0,CADENCE,68,GREEN,OK,preferred_low_cadence_band,{age_s=0.0}
272.0,GRADE,0,NEUTRAL,OK,flat_deadband,"{grade_raw=0.0, grade_display=0.0}"
272.0,GEAR,WAIT,GRAY,NO_DATA,missing_gear,{}
273.0,SPEED,24.7,NEUTRAL,OK,near_reference,"{reference_kmh=24.556959706959717, age_s=0.0}"
273.0,POWER,165,NEUTRAL,OK,power_present,{age_s=0.0}
273.0,HR,120,NEUTRAL,OK,hr_present,{age_s=0.0}
273.0,CADENCE,69,GREEN,OK,preferred_low_cadence_band,{age_s=0.0}
273.0,GRADE,0,NEUTRAL,OK,flat_deadband,"{grade_raw=0.0, grade_display=0.0}"
273.0,GEAR,WAIT,GRAY,NO_DATA,missing_gear,{}
274.0,SPEED,24.7,NEUTRAL,OK,near_reference,"{reference_kmh=24.557481751824824, age_s=0.0}"
274.0,POWER,166,NEUTRAL,OK,power_present,{age_s=0.0}
274.0,HR,121,NEUTRAL,OK,hr_present,{age_s=0.0}
274.0,CADENCE,70,GREEN,OK,preferred_low_cadence_band,{age_s=0.0}
274.0,GRADE,0,NEUTRAL,OK,flat_deadband,"{grade_raw=0.0, grade_display=0.0}"
274.0,GEAR,WAIT,GRAY,NO_DATA,missing_gear,{}
275.0,SPEED,24.8,NEUTRAL,OK,near_reference,"{reference_kmh=24.558181818181826, age_s=0.0}"
275.0,POWER,167,NEUTRAL,OK,power_present,{age_s=0.0}
275.0,HR,122,NEUTRAL,OK,hr_present,{age_s=0.0}
275.0,CADENCE,60,GREEN,OK,preferred_low_cadence_band,{age_s=0.0}
275.0,GRADE,0,NEUTRAL,OK,flat_deadband,"{grade_raw=0.0, grade_display=0.0}"
275.0,GEAR,WAIT,GRAY,NO_DATA,missing_gear,{}
276.0,SPEED,24.8,NEUTRAL,OK,near_reference,"{reference_kmh=24.559057971014504, age_s=0.0}"
276.0,POWER,168,NEUTRAL,OK,power_present,{age_s=0.0}
276.0,HR,123,NEUTRAL,OK,hr_present,{age_s=0.0}
276.0,CADENCE,61,GREEN,OK,preferred_low_cadence_band,{age_s=0.0}
276.0,GRADE,0,NEUTRAL,OK,flat_deadband,"{grade_raw=0.0, grade_display=0.0}"
276.0,GEAR,WAIT,GRAY,NO_DATA,missing_gear,{}
277.0,SPEED,24.9,NEUTRAL,OK,near_reference,"{reference_kmh=24.56010830324911, age_s=0.0}"
277.0,POWER,169,NEUTRAL,OK,power_present,{age_s=0.0}
277.0,HR,124,NEUTRAL,OK,hr_present,{age_s=0.0}
277.0,CADENCE,62,GREEN,OK,preferred_low_cadence_band,{age_s=0.0}
277.0,GRADE,0,NEUTRAL,OK,flat_deadband,"{grade_raw=0.0, grade_display=0.0}"
277.0,GEAR,WAIT,GRAY,NO_DATA,missing_gear,{}
278.0,SPEED,24.9,NEUTRAL,OK,near_reference,"{reference_kmh=24.56133093525181, age_s=0.0}"
278.0,POWER,170,NEUTRAL,OK,power_present,{age_s=0.0}
278.0,HR,125,NEUTRAL,OK,hr_present,{age_s=0.0}
278.0,CADENCE,63,GREEN,OK,preferred_low_cadence_band,{age_s=0.0}
278.0,GRADE,0,NEUTRAL,OK,flat_deadband,"{grade_raw=0.0, grade_display=0.0}"
278.0,GEAR,WAIT,GRAY,NO_DATA,missing_gear,{}
279.0,SPEED,25.0,NEUTRAL,OK,near_reference,"{reference_kmh=24.56272401433693, age_s=0.0}"
279.0,POWER,140,NEUTRAL,OK,power_present,{age_s=0.0}
279.0,HR,126,NEUTRAL,OK,hr_present,{age_s=0.0}
279.0,CADENCE,64,GREEN,OK,preferred_low_cadence_band,{age_s=0.0}
279.0,GRADE,0,NEUTRAL,OK,flat_deadband,"{grade_raw=0.0, grade_display=0.0}"
279.0,GEAR,WAIT,GRAY,NO_DATA,missing_gear,{}
280.0,SPEED,24.0,NEUTRAL,OK,near_reference,"{reference_kmh=24.560714285714297, age_s=0.0}"
280.0,POWER,141,NEUTRAL,OK,power_present,{age_s=0.0}
280.0,HR,127,NEUTRAL,OK,hr_present,{age_s=0.0}
280.0,CADENCE,65,GREEN,OK,preferred_low_cadence_band,{age_s=0.0}
280.0,GRADE,0,NEUTRAL,OK,flat_deadband,"{grade_raw=0.0, grade_display=0.0}"
280.0,GEAR,WAIT,GRAY,NO_DATA,missing_gear,{}
281.0,SPEED,24.1,NEUTRAL,OK,near_reference,"{reference_kmh=24.55889679715304, age_s=0.0}"
281.0,POWER,142,NEUTRAL,OK,power_present,{age_s=0.0}
281.0,HR,128,NEUTRAL,OK,hr_present,{age_s=0.0}
281.0,CADENCE,66,GREEN,OK,preferred_low_cadence_band,{age_s=0.0}
281.0,GRADE,0,NEUTRAL,OK,flat_deadband,"{grade_raw=0.0, grade_display=0.0}"
281.0,GEAR,WAIT,GRAY,NO_DATA,missing_gear,{}
282.0,SPEED,24.1,NEUTRAL,OK,near_reference,"{reference_kmh=24.55726950354611, age_s=0.0}"
282.0,POWER,143,NEUTRAL,OK,power_present,{age_s=0.0}
282.0,HR,129,NEUTRAL,OK,hr_present,{age_s=0.0}
282.0,CADENCE,67,GREEN,OK,preferred_low_cadence_band,{age_s=0.0}
282.0,GRADE,0,NEUTRAL,OK,flat_deadband,"{grade_raw=0.0, grade_display=0.0}"
282.0,GEAR,WAIT,GRAY,NO_DATA,missing_gear,{}
283.0,SPEED,24.2,NEUTRAL,OK,near_reference,"{reference_kmh=24.55583038869259, age_s=0.0}"
283.0,POWER,144,NEUTRAL,OK,power_present,{age_s=0.0}
283.0,HR,130,NEUTRAL,OK,hr_present,{age_s=0.0}
283.0,CADENCE,68,GREEN,OK,preferred_low_cadence_band,{age_s=0.0}
283.0,GRADE,0,NEUTRAL,OK,flat_deadband,"{grade_raw=0.0, grade_display=0.0}"
283.0,GEAR,WAIT,GRAY,NO_DATA,missing_gear,{}
284.0,SPEED,24.2,NEUTRAL,OK,near_reference,"{reference_kmh=24.554577464788746, age_s=0.0}"
284.0,POWER,145,NEUTRAL,OK,power_present,{age_s=0.0}
284.0,HR,131,NEUTRAL,OK,hr_present,{age_s=0.0}
284.0,CADENCE,69,GREEN,OK,preferred_low_cadence_band,{age_s=0.0}
284.0,GRADE,0,NEUTRAL,OK,flat_deadband,"{grade_raw=0.0, grade_display=0.0}"
284.0,GEAR,WAIT,GRAY,NO_DATA,missing_gear,{}
285.0,SPEED,24.3,NEUTRAL,OK,near_reference,"{reference_kmh=24.553508771929835, age_s=0.0}"
285.0,POWER,146,NEUTRAL,OK,power_present,{age_s=0.0}
285.0,HR,132,NEUTRAL,OK,hr_present,{age_s=0.0}
285.0,CADENCE,70,GREEN,OK,preferred_low_cadence_band,{age_s=0.0}
285.0,GRADE,0,NEUTRAL,OK,flat_deadband,"{grade_raw=0.0, grade_display=0.0}"
285.0,GEAR,WAIT,GRAY,NO_DATA,missing_gear,{}
286.0,SPEED,24.3,NEUTRAL,OK,near_reference,"{reference_kmh=24.552622377622388, age_s=0.0}"
286.0,POWER,147,NEUTRAL,OK,power_present,{age_s=0.0}
286.0,HR,133,NEUTRAL,OK,hr_present,{age_s=0.0}
286.0,CADENCE,60,GREEN,OK,preferred_low_cadence_band,{age_s=0.0}
286.0,GRADE,0,NEUTRAL,OK,flat_deadband,"{grade_raw=0.0, grade_display=0.0}"
286.0,GEAR,WAIT,GRAY,NO_DATA,missing_gear,{}
287.0,SPEED,24.4,NEUTRAL,OK,near_reference,"{reference_kmh=24.551916376306632, age_s=0.0}"
287.0,POWER,148,NEUTRAL,OK,power_present,{age_s=0.0}
287.0,HR,134,NEUTRAL,OK,hr_present,{age_s=0.0}
287.0,CADENCE,61,GREEN,OK,preferred_low_cadence_band,{age_s=0.0}
287.0,GRADE,0,NEUTRAL,OK,flat_deadband,"{grade_raw=0.0, grade_display=0.0}"
287.0,GEAR,WAIT,GRAY,NO_DATA,missing_gear,{}
288.0,SPEED,24.4,NEUTRAL,OK,near_reference,"{reference_kmh=24.5513888888889, age_s=0.0}"
288.0,POWER,149,NEUTRAL,OK,power_present,{age_s=0.0}
288.0,HR,135,NEUTRAL,OK,hr_present,{age_s=0.0}
288.0,CADENCE,62,GREEN,OK,preferred_low_cadence_band,{age_s=0.0}
288.0,GRADE,0,NEUTRAL,OK,flat_deadband,"{grade_raw=0.0, grade_display=0.0}"
288.0,GEAR,WAIT,GRAY,NO_DATA,missing_gear,{}
289.0,SPEED,24.5,NEUTRAL,OK,near_reference,"{reference_kmh=24.551038062283748, age_s=0.0}"
289.0,POWER,150,NEUTRAL,OK,power_present,{age_s=0.0}
289.0,HR,136,NEUTRAL,OK,hr_present,{age_s=0.0}
289.0,CADENCE,63,GREEN,OK,preferred_low_cadence_band,{age_s=0.0}
289.0,GRADE,0,NEUTRAL,OK,flat_deadband,"{grade_raw=0.0, grade_display=0.0}"
289.0,GEAR,WAIT,GRAY,NO_DATA,missing_gear,{}
290.0,SPEED,24.5,NEUTRAL,OK,near_reference,"{reference_kmh=24.55086206896553, age_s=0.0}"
290.0,POWER,151,NEUTRAL,OK,power_present,{age_s=0.0}
290.0,HR,137,NEUTRAL,OK,hr_present,{age_s=0.0}
290.0,CADENCE,64,GREEN,OK,preferred_low_cadence_band,{age_s=0.0}
290.0,GRADE,0,NEUTRAL,OK,flat_deadband,"{grade_raw=0.0, grade_display=0.0}"
290.0,GEAR,WAIT,GRAY,NO_DATA,missing_gear,{}
291.0,SPEED,24.6,NEUTRAL,OK,near_reference,"{reference_kmh=24.550859106529224, age_s=0.0}"
291.0,POWER,152,NEUTRAL,OK,power_present,{age_s=0.0}
291.0,HR,138,NEUTRAL,OK,hr_present,{age_s=0.0}
291.0,CADENCE,65,GREEN,OK,preferred_low_cadence_band,{age_s=0.0}
291.0,GRADE,0,NEUTRAL,OK,flat_deadband,"{grade_raw=0.0, grade_display=0.0}"
291.0,GEAR,WAIT,GRAY,NO_DATA,missing_gear,{}
292.0,SPEED,24.6,NEUTRAL,OK,near_reference,"{reference_kmh=24.551027397260288, age_s=0.0}"
292.0,POWER,153,NEUTRAL,OK,power_present,{age_s=0.0}
292.0,HR,139,NEUTRAL,OK,hr_present,{age_s=0.0}
292.0,CADENCE,66,GREEN,OK,preferred_low_cadence_band,{age_s=0.0}
292.0,GRADE,0,NEUTRAL,OK,flat_deadband,"{grade_raw=0.0, grade_display=0.0}"
292.0,GEAR,WAIT,GRAY,NO_DATA,missing_gear,{}
293.0,SPEED,24.7,NEUTRAL,OK,near_reference,"{reference_kmh=24.551365187713323, age_s=0.0}"
293.0,POWER,154,NEUTRAL,OK,power_present,{age_s=0.0}
293.0,HR,140,NEUTRAL,OK,hr_present,{age_s=0.0}
293.0,CADENCE,67,GREEN,OK,preferred_low_cadence_band,{age_s=0.0}
293.0,GRADE,0,NEUTRAL,OK,flat_deadband,"{grade_raw=0.0, grade_display=0.0}"
293.0,GEAR,WAIT,GRAY,NO_DATA,missing_gear,{}
294.0,SPEED,24.7,NEUTRAL,OK,near_reference,"{reference_kmh=24.551870748299333, age_s=0.0}"
294.0,POWER,155,NEUTRAL,OK,power_present,{age_s=0.0}
294.0,HR,120,NEUTRAL,OK,hr_present,{age_s=0.0}
294.0,CADENCE,68,GREEN,OK,preferred_low_cadence_band,{age_s=0.0}
294.0,GRADE,0,NEUTRAL,OK,flat_deadband,"{grade_raw=0.0, grade_display=0.0}"
294.0,GEAR,WAIT,GRAY,NO_DATA,missing_gear,{}
295.0,SPEED,24.8,NEUTRAL,OK,near_reference,"{reference_kmh=24.55254237288137, age_s=0.0}"
295.0,POWER,156,NEUTRAL,OK,power_present,{age_s=0.0}
295.0,HR,121,NEUTRAL,OK,hr_present,{age_s=0.0}
295.0,CADENCE,69,GREEN,OK,preferred_low_cadence_band,{age_s=0.0}
295.0,GRADE,0,NEUTRAL,OK,flat_deadband,"{grade_raw=0.0, grade_display=0.0}"
295.0,GEAR,WAIT,GRAY,NO_DATA,missing_gear,{}
296.0,SPEED,24.8,NEUTRAL,OK,near_reference,"{reference_kmh=24.553378378378387, age_s=0.0}"
296.0,POWER,157,NEUTRAL,OK,power_present,{age_s=0.0}
296.0,HR,122,NEUTRAL,OK,hr_present,{age_s=0.0}
296.0,CADENCE,70,GREEN,OK,preferred_low_cadence_band,{age_s=0.0}
296.0,GRADE,0,NEUTRAL,OK,flat_deadband,"{grade_raw=0.0, grade_display=0.0}"
296.0,GEAR,WAIT,GRAY,NO_DATA,missing_gear,{}
297.0,SPEED,24.9,NEUTRAL,OK,near_reference,"{reference_kmh=24.554377104377114, age_s=0.0}"
297.0,POWER,158,NEUTRAL,OK,power_present,{age_s=0.0}
297.0,HR,123,NEUTRAL,OK,hr_present,{age_s=0.0}
297.0,CADENCE,60,GREEN,OK,preferred_low_cadence_band,{age_s=0.0}
297.0,GRADE,0,NEUTRAL,OK,flat_deadband,"{grade_raw=0.0, grade_display=0.0}"
297.0,GEAR,WAIT,GRAY,NO_DATA,missing_gear,{}
298.0,SPEED,24.9,NEUTRAL,OK,near_reference,"{reference_kmh=24.555536912751688, age_s=0.0}"
298.0,POWER,159,NEUTRAL,OK,power_present,{age_s=0.0}
298.0,HR,124,NEUTRAL,OK,hr_present,{age_s=0.0}
298.0,CADENCE,61,GREEN,OK,preferred_low_cadence_band,{age_s=0.0}
298.0,GRADE,0,NEUTRAL,OK,flat_deadband,"{grade_raw=0.0, grade_display=0.0}"
298.0,GEAR,WAIT,GRAY,NO_DATA,missing_gear,{}
299.0,SPEED,25.0,NEUTRAL,OK,near_reference,"{reference_kmh=24.556856187290983, age_s=0.0}"
299.0,POWER,160,NEUTRAL,OK,power_present,{age_s=0.0}
299.0,HR,125,NEUTRAL,OK,hr_present,{age_s=0.0}
299.0,CADENCE,62,GREEN,OK,preferred_low_cadence_band,{age_s=0.0}
299.0,GRADE,0,NEUTRAL,OK,flat_deadband,"{grade_raw=0.0, grade_display=0.0}"
299.0,GEAR,WAIT,GRAY,NO_DATA,missing_gear,{}
300.0,SPEED,24.0,NEUTRAL,OK,near_reference,"{reference_kmh=24.555000000000014, age_s=0.0}"
300.0,POWER,161,NEUTRAL,OK,power_present,{age_s=0.0}
300.0,HR,126,NEUTRAL,OK,hr_present,{age_s=0.0}
300.0,CADENCE,63,GREEN,OK,preferred_low_cadence_band,{age_s=0.0}
300.0,GRADE,0,NEUTRAL,OK,flat_deadband,"{grade_raw=0.0, grade_display=0.0}"
300.0,GEAR,WAIT,GRAY,NO_DATA,missing_gear,{}
301.0,SPEED,24.1,NEUTRAL,OK,near_reference,"{reference_kmh=24.553322259136227, age_s=0.0}"
301.0,POWER,162,NEUTRAL,OK,power_present,{age_s=0.0}
301.0,HR,127,NEUTRAL,OK,hr_present,{age_s=0.0}
301.0,CADENCE,64,GREEN,OK,preferred_low_cadence_band,{age_s=0.0}
301.0,GRADE,0,NEUTRAL,OK,flat_deadband,"{grade_raw=0.0, grade_display=0.0}"
301.0,GEAR,WAIT,GRAY,NO_DATA,missing_gear,{}
302.0,SPEED,24.1,NEUTRAL,OK,near_reference,"{reference_kmh=24.55182119205299, age_s=0.0}"
302.0,POWER,163,NEUTRAL,OK,power_present,{age_s=0.0}
302.0,HR,128,NEUTRAL,OK,hr_present,{age_s=0.0}
302.0,CADENCE,65,GREEN,OK,preferred_low_cadence_band,{age_s=0.0}
302.0,GRADE,0,NEUTRAL,OK,flat_deadband,"{grade_raw=0.0, grade_display=0.0}"
302.0,GEAR,WAIT,GRAY,NO_DATA,missing_gear,{}
303.0,SPEED,24.2,NEUTRAL,OK,near_reference,"{reference_kmh=24.550495049504963, age_s=0.0}"
303.0,POWER,164,NEUTRAL,OK,power_present,{age_s=0.0}
303.0,HR,129,NEUTRAL,OK,hr_present,{age_s=0.0}
303.0,CADENCE,66,GREEN,OK,preferred_low_cadence_band,{age_s=0.0}
303.0,GRADE,0,NEUTRAL,OK,flat_deadband,"{grade_raw=0.0, grade_display=0.0}"
303.0,GEAR,WAIT,GRAY,NO_DATA,missing_gear,{}
304.0,SPEED,24.2,NEUTRAL,OK,near_reference,"{reference_kmh=24.54934210526317, age_s=0.0}"
304.0,POWER,165,NEUTRAL,OK,power_present,{age_s=0.0}
304.0,HR,130,NEUTRAL,OK,hr_present,{age_s=0.0}
304.0,CADENCE,67,GREEN,OK,preferred_low_cadence_band,{age_s=0.0}
304.0,GRADE,0,NEUTRAL,OK,flat_deadband,"{grade_raw=0.0, grade_display=0.0}"
304.0,GEAR,WAIT,GRAY,NO_DATA,missing_gear,{}
305.0,SPEED,24.3,NEUTRAL,OK,near_reference,"{reference_kmh=24.548360655737717, age_s=0.0}"
305.0,POWER,166,NEUTRAL,OK,power_present,{age_s=0.0}
305.0,HR,131,NEUTRAL,OK,hr_present,{age_s=0.0}
305.0,CADENCE,68,GREEN,OK,preferred_low_cadence_band,{age_s=0.0}
305.0,GRADE,0,NEUTRAL,OK,flat_deadband,"{grade_raw=0.0, grade_display=0.0}"
305.0,GEAR,WAIT,GRAY,NO_DATA,missing_gear,{}
306.0,SPEED,24.3,NEUTRAL,OK,near_reference,"{reference_kmh=24.547549019607857, age_s=0.0}"
306.0,POWER,167,NEUTRAL,OK,power_present,{age_s=0.0}
306.0,HR,132,NEUTRAL,OK,hr_present,{age_s=0.0}
306.0,CADENCE,69,GREEN,OK,preferred_low_cadence_band,{age_s=0.0}
306.0,GRADE,0,NEUTRAL,OK,flat_deadband,"{grade_raw=0.0, grade_display=0.0}"
306.0,GEAR,WAIT,GRAY,NO_DATA,missing_gear,{}
307.0,SPEED,24.4,NEUTRAL,OK,near_reference,"{reference_kmh=24.5469055374593, age_s=0.0}"
307.0,POWER,168,NEUTRAL,OK,power_present,{age_s=0.0}
307.0,HR,133,NEUTRAL,OK,hr_present,{age_s=0.0}
307.0,CADENCE,70,GREEN,OK,preferred_low_cadence_band,{age_s=0.0}
307.0,GRADE,0,NEUTRAL,OK,flat_deadband,"{grade_raw=0.0, grade_display=0.0}"
307.0,GEAR,WAIT,GRAY,NO_DATA,missing_gear,{}
308.0,SPEED,24.4,NEUTRAL,OK,near_reference,"{reference_kmh=24.546428571428585, age_s=0.0}"
308.0,POWER,169,NEUTRAL,OK,power_present,{age_s=0.0}
308.0,HR,134,NEUTRAL,OK,hr_present,{age_s=0.0}
308.0,CADENCE,60,GREEN,OK,preferred_low_cadence_band,{age_s=0.0}
308.0,GRADE,0,NEUTRAL,OK,flat_deadband,"{grade_raw=0.0, grade_display=0.0}"
308.0,GEAR,WAIT,GRAY,NO_DATA,missing_gear,{}
309.0,SPEED,24.5,NEUTRAL,OK,near_reference,"{reference_kmh=24.546116504854382, age_s=0.0}"
309.0,POWER,170,NEUTRAL,OK,power_present,{age_s=0.0}
309.0,HR,135,NEUTRAL,OK,hr_present,{age_s=0.0}
309.0,CADENCE,61,GREEN,OK,preferred_low_cadence_band,{age_s=0.0}
309.0,GRADE,0,NEUTRAL,OK,flat_deadband,"{grade_raw=0.0, grade_display=0.0}"
309.0,GEAR,WAIT,GRAY,NO_DATA,missing_gear,{}
310.0,SPEED,24.5,NEUTRAL,OK,near_reference,"{reference_kmh=24.545967741935495, age_s=0.0}"
310.0,POWER,140,NEUTRAL,OK,power_present,{age_s=0.0}
310.0,HR,136,NEUTRAL,OK,hr_present,{age_s=0.0}
310.0,CADENCE,62,GREEN,OK,preferred_low_cadence_band,{age_s=0.0}
310.0,GRADE,0,NEUTRAL,OK,flat_deadband,"{grade_raw=0.0, grade_display=0.0}"
310.0,GEAR,WAIT,GRAY,NO_DATA,missing_gear,{}
311.0,SPEED,24.6,NEUTRAL,OK,near_reference,"{reference_kmh=24.545980707395508, age_s=0.0}"
311.0,POWER,141,NEUTRAL,OK,power_present,{age_s=0.0}
311.0,HR,137,NEUTRAL,OK,hr_present,{age_s=0.0}
311.0,CADENCE,63,GREEN,OK,preferred_low_cadence_band,{age_s=0.0}
311.0,GRADE,0,NEUTRAL,OK,flat_deadband,"{grade_raw=0.0, grade_display=0.0}"
311.0,GEAR,WAIT,GRAY,NO_DATA,missing_gear,{}
312.0,SPEED,24.6,NEUTRAL,OK,near_reference,"{reference_kmh=24.546153846153857, age_s=0.0}"
312.0,POWER,142,NEUTRAL,OK,power_present,{age_s=0.0}
312.0,HR,138,NEUTRAL,OK,hr_present,{age_s=0.0}
312.0,CADENCE,64,GREEN,OK,preferred_low_cadence_band,{age_s=0.0}
312.0,GRADE,0,NEUTRAL,OK,flat_deadband,"{grade_raw=0.0, grade_display=0.0}"
312.0,GEAR,WAIT,GRAY,NO_DATA,missing_gear,{}
313.0,SPEED,24.7,NEUTRAL,OK,near_reference,"{reference_kmh=24.546485623003203, age_s=0.0}"
313.0,POWER,143,NEUTRAL,OK,power_present,{age_s=0.0}
313.0,HR,139,NEUTRAL,OK,hr_present,{age_s=0.0}
313.0,CADENCE,65,GREEN,OK,preferred_low_cadence_band,{age_s=0.0}
313.0,GRADE,0,NEUTRAL,OK,flat_deadband,"{grade_raw=0.0, grade_display=0.0}"
313.0,GEAR,WAIT,GRAY,NO_DATA,missing_gear,{}
314.0,SPEED,24.7,NEUTRAL,OK,near_reference,"{reference_kmh=24.54697452229301, age_s=0.0}"
314.0,POWER,144,NEUTRAL,OK,power_present,{age_s=0.0}
314.0,HR,140,NEUTRAL,OK,hr_present,{age_s=0.0}
314.0,CADENCE,66,GREEN,OK,preferred_low_cadence_band,{age_s=0.0}
314.0,GRADE,0,NEUTRAL,OK,flat_deadband,"{grade_raw=0.0, grade_display=0.0}"
314.0,GEAR,WAIT,GRAY,NO_DATA,missing_gear,{}
315.0,SPEED,24.8,NEUTRAL,OK,near_reference,"{reference_kmh=24.547619047619065, age_s=0.0}"
315.0,POWER,145,NEUTRAL,OK,power_present,{age_s=0.0}
315.0,HR,120,NEUTRAL,OK,hr_present,{age_s=0.0}
315.0,CADENCE,67,GREEN,OK,preferred_low_cadence_band,{age_s=0.0}
315.0,GRADE,0,NEUTRAL,OK,flat_deadband,"{grade_raw=0.0, grade_display=0.0}"
315.0,GEAR,WAIT,GRAY,NO_DATA,missing_gear,{}
316.0,SPEED,24.8,NEUTRAL,OK,near_reference,"{reference_kmh=24.548417721519, age_s=0.0}"
316.0,POWER,146,NEUTRAL,OK,power_present,{age_s=0.0}
316.0,HR,121,NEUTRAL,OK,hr_present,{age_s=0.0}
316.0,CADENCE,68,GREEN,OK,preferred_low_cadence_band,{age_s=0.0}
316.0,GRADE,0,NEUTRAL,OK,flat_deadband,"{grade_raw=0.0, grade_display=0.0}"
316.0,GEAR,WAIT,GRAY,NO_DATA,missing_gear,{}
317.0,SPEED,24.9,NEUTRAL,OK,near_reference,"{reference_kmh=24.549369085173513, age_s=0.0}"
317.0,POWER,147,NEUTRAL,OK,power_present,{age_s=0.0}
317.0,HR,122,NEUTRAL,OK,hr_present,{age_s=0.0}
317.0,CADENCE,69,GREEN,OK,preferred_low_cadence_band,{age_s=0.0}
317.0,GRADE,0,NEUTRAL,OK,flat_deadband,"{grade_raw=0.0, grade_display=0.0}"
317.0,GEAR,WAIT,GRAY,NO_DATA,missing_gear,{}
318.0,SPEED,24.9,NEUTRAL,OK,near_reference,"{reference_kmh=24.550471698113217, age_s=0.0}"
318.0,POWER,148,NEUTRAL,OK,power_present,{age_s=0.0}
318.0,HR,123,NEUTRAL,OK,hr_present,{age_s=0.0}
318.0,CADENCE,70,GREEN,OK,preferred_low_cadence_band,{age_s=0.0}
318.0,GRADE,0,NEUTRAL,OK,flat_deadband,"{grade_raw=0.0, grade_display=0.0}"
318.0,GEAR,WAIT,GRAY,NO_DATA,missing_gear,{}
319.0,SPEED,25.0,NEUTRAL,OK,near_reference,"{reference_kmh=24.551724137931043, age_s=0.0}"
319.0,POWER,149,NEUTRAL,OK,power_present,{age_s=0.0}
319.0,HR,124,NEUTRAL,OK,hr_present,{age_s=0.0}
319.0,CADENCE,60,GREEN,OK,preferred_low_cadence_band,{age_s=0.0}
319.0,GRADE,0,NEUTRAL,OK,flat_deadband,"{grade_raw=0.0, grade_display=0.0}"
319.0,GEAR,WAIT,GRAY,NO_DATA,missing_gear,{}
320.0,SPEED,24.0,NEUTRAL,OK,near_reference,"{reference_kmh=24.55000000000001, age_s=0.0}"
320.0,POWER,150,NEUTRAL,OK,power_present,{age_s=0.0}
320.0,HR,125,NEUTRAL,OK,hr_present,{age_s=0.0}
320.0,CADENCE,61,GREEN,OK,preferred_low_cadence_band,{age_s=0.0}
320.0,GRADE,0,NEUTRAL,OK,flat_deadband,"{grade_raw=0.0, grade_display=0.0}"
320.0,GEAR,WAIT,GRAY,NO_DATA,missing_gear,{}
321.0,SPEED,24.1,NEUTRAL,OK,near_reference,"{reference_kmh=24.548442367601254, age_s=0.0}"
321.0,POWER,151,NEUTRAL,OK,power_present,{age_s=0.0}
321.0,HR,126,NEUTRAL,OK,hr_present,{age_s=0.0}
321.0,CADENCE,62,GREEN,OK,preferred_low_cadence_band,{age_s=0.0}
321.0,GRADE,0,NEUTRAL,OK,flat_deadband,"{grade_raw=0.0, grade_display=0.0}"
321.0,GEAR,WAIT,GRAY,NO_DATA,missing_gear,{}
322.0,SPEED,24.1,NEUTRAL,OK,near_reference,"{reference_kmh=24.547049689441007, age_s=0.0}"
322.0,POWER,152,NEUTRAL,OK,power_present,{age_s=0.0}
322.0,HR,127,NEUTRAL,OK,hr_present,{age_s=0.0}
322.0,CADENCE,63,GREEN,OK,preferred_low_cadence_band,{age_s=0.0}
322.0,GRADE,0,NEUTRAL,OK,flat_deadband,"{grade_raw=0.0, grade_display=0.0}"
322.0,GEAR,WAIT,GRAY,NO_DATA,missing_gear,{}
323.0,SPEED,24.2,NEUTRAL,OK,near_reference,"{reference_kmh=24.545820433436546, age_s=0.0}"
323.0,POWER,153,NEUTRAL,OK,power_present,{age_s=0.0}
323.0,HR,128,NEUTRAL,OK,hr_present,{age_s=0.0}
323.0,CADENCE,64,GREEN,OK,preferred_low_cadence_band,{age_s=0.0}
323.0,GRADE,0,NEUTRAL,OK,flat_deadband,"{grade_raw=0.0, grade_display=0.0}"
323.0,GEAR,WAIT,GRAY,NO_DATA,missing_gear,{}
324.0,SPEED,24.2,NEUTRAL,OK,near_reference,"{reference_kmh=24.544753086419767, age_s=0.0}"
324.0,POWER,154,NEUTRAL,OK,power_present,{age_s=0.0}
324.0,HR,129,NEUTRAL,OK,hr_present,{age_s=0.0}
324.0,CADENCE,65,GREEN,OK,preferred_low_cadence_band,{age_s=0.0}
324.0,GRADE,0,NEUTRAL,OK,flat_deadband,"{grade_raw=0.0, grade_display=0.0}"
324.0,GEAR,WAIT,GRAY,NO_DATA,missing_gear,{}
325.0,SPEED,24.3,NEUTRAL,OK,near_reference,"{reference_kmh=24.543846153846168, age_s=0.0}"
325.0,POWER,155,NEUTRAL,OK,power_present,{age_s=0.0}
325.0,HR,130,NEUTRAL,OK,hr_present,{age_s=0.0}
325.0,CADENCE,66,GREEN,OK,preferred_low_cadence_band,{age_s=0.0}
325.0,GRADE,0,NEUTRAL,OK,flat_deadband,"{grade_raw=0.0, grade_display=0.0}"
325.0,GEAR,WAIT,GRAY,NO_DATA,missing_gear,{}
326.0,SPEED,24.3,NEUTRAL,OK,near_reference,"{reference_kmh=24.543098159509217, age_s=0.0}"
326.0,POWER,156,NEUTRAL,OK,power_present,{age_s=0.0}
326.0,HR,131,NEUTRAL,OK,hr_present,{age_s=0.0}
326.0,CADENCE,67,GREEN,OK,preferred_low_cadence_band,{age_s=0.0}
326.0,GRADE,0,NEUTRAL,OK,flat_deadband,"{grade_raw=0.0, grade_display=0.0}"
326.0,GEAR,WAIT,GRAY,NO_DATA,missing_gear,{}
327.0,SPEED,24.4,NEUTRAL,OK,near_reference,"{reference_kmh=24.54250764525995, age_s=0.0}"
327.0,POWER,157,NEUTRAL,OK,power_present,{age_s=0.0}
327.0,HR,132,NEUTRAL,OK,hr_present,{age_s=0.0}
327.0,CADENCE,68,GREEN,OK,preferred_low_cadence_band,{age_s=0.0}
327.0,GRADE,0,NEUTRAL,OK,flat_deadband,"{grade_raw=0.0, grade_display=0.0}"
327.0,GEAR,WAIT,GRAY,NO_DATA,missing_gear,{}
328.0,SPEED,24.4,NEUTRAL,OK,near_reference,"{reference_kmh=24.54207317073172, age_s=0.0}"
328.0,POWER,158,NEUTRAL,OK,power_present,{age_s=0.0}
328.0,HR,133,NEUTRAL,OK,hr_present,{age_s=0.0}
328.0,CADENCE,69,GREEN,OK,preferred_low_cadence_band,{age_s=0.0}
328.0,GRADE,0,NEUTRAL,OK,flat_deadband,"{grade_raw=0.0, grade_display=0.0}"
328.0,GEAR,WAIT,GRAY,NO_DATA,missing_gear,{}
329.0,SPEED,24.5,NEUTRAL,OK,near_reference,"{reference_kmh=24.541793313069917, age_s=0.0}"
329.0,POWER,159,NEUTRAL,OK,power_present,{age_s=0.0}
329.0,HR,134,NEUTRAL,OK,hr_present,{age_s=0.0}
329.0,CADENCE,70,GREEN,OK,preferred_low_cadence_band,{age_s=0.0}
329.0,GRADE,0,NEUTRAL,OK,flat_deadband,"{grade_raw=0.0, grade_display=0.0}"
329.0,GEAR,WAIT,GRAY,NO_DATA,missing_gear,{}
330.0,SPEED,24.5,NEUTRAL,OK,near_reference,"{reference_kmh=24.54166666666668, age_s=0.0}"
330.0,POWER,160,NEUTRAL,OK,power_present,{age_s=0.0}
330.0,HR,135,NEUTRAL,OK,hr_present,{age_s=0.0}
330.0,CADENCE,60,GREEN,OK,preferred_low_cadence_band,{age_s=0.0}
330.0,GRADE,0,NEUTRAL,OK,flat_deadband,"{grade_raw=0.0, grade_display=0.0}"
330.0,GEAR,WAIT,GRAY,NO_DATA,missing_gear,{}
331.0,SPEED,24.6,NEUTRAL,OK,near_reference,"{reference_kmh=24.54169184290031, age_s=0.0}"
331.0,POWER,161,NEUTRAL,OK,power_present,{age_s=0.0}
331.0,HR,136,NEUTRAL,OK,hr_present,{age_s=0.0}
331.0,CADENCE,61,GREEN,OK,preferred_low_cadence_band,{age_s=0.0}
331.0,GRADE,0,NEUTRAL,OK,flat_deadband,"{grade_raw=0.0, grade_display=0.0}"
331.0,GEAR,WAIT,GRAY,NO_DATA,missing_gear,{}
332.0,SPEED,24.6,NEUTRAL,OK,near_reference,"{reference_kmh=24.54186746987953, age_s=0.0}"
332.0,POWER,162,NEUTRAL,OK,power_present,{age_s=0.0}
332.0,HR,137,NEUTRAL,OK,hr_present,{age_s=0.0}
332.0,CADENCE,62,GREEN,OK,preferred_low_cadence_band,{age_s=0.0}
332.0,GRADE,0,NEUTRAL,OK,flat_deadband,"{grade_raw=0.0, grade_display=0.0}"
332.0,GEAR,WAIT,GRAY,NO_DATA,missing_gear,{}
333.0,SPEED,24.7,NEUTRAL,OK,near_reference,"{reference_kmh=24.5421921921922, age_s=0.0}"
333.0,POWER,163,NEUTRAL,OK,power_present,{age_s=0.0}
333.0,HR,138,NEUTRAL,OK,hr_present,{age_s=0.0}
333.0,CADENCE,63,GREEN,OK,preferred_low_cadence_band,{age_s=0.0}
333.0,GRADE,0,NEUTRAL,OK,flat_deadband,"{grade_raw=0.0, grade_display=0.0}"
333.0,GEAR,WAIT,GRAY,NO_DATA,missing_gear,{}
334.0,SPEED,24.7,NEUTRAL,OK,near_reference,"{reference_kmh=24.5426646706587, age_s=0.0}"
334.0,POWER,164,NEUTRAL,OK,power_present,{age_s=0.0}
334.0,HR,139,NEUTRAL,OK,hr_present,{age_s=0.0}
334.0,CADENCE,64,GREEN,OK,preferred_low_cadence_band,{age_s=0.0}
334.0,GRADE,0,NEUTRAL,OK,flat_deadband,"{grade_raw=0.0, grade_display=0.0}"
334.0,GEAR,WAIT,GRAY,NO_DATA,missing_gear,{}
335.0,SPEED,24.8,NEUTRAL,OK,near_reference,"{reference_kmh=24.543283582089565, age_s=0.0}"
335.0,POWER,165,NEUTRAL,OK,power_present,{age_s=0.0}
335.0,HR,140,NEUTRAL,OK,hr_present,{age_s=0.0}
335.0,CADENCE,65,GREEN,OK,preferred_low_cadence_band,{age_s=0.0}
335.0,GRADE,0,NEUTRAL,OK,flat_deadband,"{grade_raw=0.0, grade_display=0.0}"
335.0,GEAR,WAIT,GRAY,NO_DATA,missing_gear,{}
336.0,SPEED,24.8,NEUTRAL,OK,near_reference,"{reference_kmh=24.54404761904763, age_s=0.0}"
336.0,POWER,166,NEUTRAL,OK,power_present,{age_s=0.0}
336.0,HR,120,NEUTRAL,OK,hr_present,{age_s=0.0}
336.0,CADENCE,66,GREEN,OK,preferred_low_cadence_band,{age_s=0.0}
336.0,GRADE,0,NEUTRAL,OK,flat_deadband,"{grade_raw=0.0, grade_display=0.0}"
336.0,GEAR,WAIT,GRAY,NO_DATA,missing_gear,{}
337.0,SPEED,24.9,NEUTRAL,OK,near_reference,"{reference_kmh=24.54495548961425, age_s=0.0}"
337.0,POWER,167,NEUTRAL,OK,power_present,{age_s=0.0}
337.0,HR,121,NEUTRAL,OK,hr_present,{age_s=0.0}
337.0,CADENCE,67,GREEN,OK,preferred_low_cadence_band,{age_s=0.0}
337.0,GRADE,0,NEUTRAL,OK,flat_deadband,"{grade_raw=0.0, grade_display=0.0}"
337.0,GEAR,WAIT,GRAY,NO_DATA,missing_gear,{}
338.0,SPEED,24.9,NEUTRAL,OK,near_reference,"{reference_kmh=24.546005917159775, age_s=0.0}"
338.0,POWER,168,NEUTRAL,OK,power_present,{age_s=0.0}
338.0,HR,122,NEUTRAL,OK,hr_present,{age_s=0.0}
338.0,CADENCE,68,GREEN,OK,preferred_low_cadence_band,{age_s=0.0}
338.0,GRADE,0,NEUTRAL,OK,flat_deadband,"{grade_raw=0.0, grade_display=0.0}"
338.0,GEAR,WAIT,GRAY,NO_DATA,missing_gear,{}
339.0,SPEED,25.0,NEUTRAL,OK,near_reference,"{reference_kmh=24.547197640118007, age_s=0.0}"
339.0,POWER,169,NEUTRAL,OK,power_present,{age_s=0.0}
339.0,HR,123,NEUTRAL,OK,hr_present,{age_s=0.0}
339.0,CADENCE,69,GREEN,OK,preferred_low_cadence_band,{age_s=0.0}
339.0,GRADE,0,NEUTRAL,OK,flat_deadband,"{grade_raw=0.0, grade_display=0.0}"
339.0,GEAR,WAIT,GRAY,NO_DATA,missing_gear,{}
340.0,SPEED,24.0,NEUTRAL,OK,near_reference,"{reference_kmh=24.54558823529413, age_s=0.0}"
340.0,POWER,170,NEUTRAL,OK,power_present,{age_s=0.0}
340.0,HR,124,NEUTRAL,OK,hr_present,{age_s=0.0}
340.0,CADENCE,70,GREEN,OK,preferred_low_cadence_band,{age_s=0.0}
340.0,GRADE,0,NEUTRAL,OK,flat_deadband,"{grade_raw=0.0, grade_display=0.0}"
340.0,GEAR,WAIT,GRAY,NO_DATA,missing_gear,{}
341.0,SPEED,24.1,NEUTRAL,OK,near_reference,"{reference_kmh=24.544134897360713, age_s=0.0}"
341.0,POWER,140,NEUTRAL,OK,power_present,{age_s=0.0}
341.0,HR,125,NEUTRAL,OK,hr_present,{age_s=0.0}
341.0,CADENCE,60,GREEN,OK,preferred_low_cadence_band,{age_s=0.0}
341.0,GRADE,0,NEUTRAL,OK,flat_deadband,"{grade_raw=0.0, grade_display=0.0}"
341.0,GEAR,WAIT,GRAY,NO_DATA,missing_gear,{}
342.0,SPEED,24.1,NEUTRAL,OK,near_reference,"{reference_kmh=24.54283625730995, age_s=0.0}"
342.0,POWER,141,NEUTRAL,OK,power_present,{age_s=0.0}
342.0,HR,126,NEUTRAL,OK,hr_present,{age_s=0.0}
342.0,CADENCE,61,GREEN,OK,preferred_low_cadence_band,{age_s=0.0}
342.0,GRADE,0,NEUTRAL,OK,flat_deadband,"{grade_raw=0.0, grade_display=0.0}"
342.0,GEAR,WAIT,GRAY,NO_DATA,missing_gear,{}
343.0,SPEED,24.2,NEUTRAL,OK,near_reference,"{reference_kmh=24.541690962099135, age_s=0.0}"
343.0,POWER,142,NEUTRAL,OK,power_present,{age_s=0.0}
343.0,HR,127,NEUTRAL,OK,hr_present,{age_s=0.0}
343.0,CADENCE,62,GREEN,OK,preferred_low_cadence_band,{age_s=0.0}
343.0,GRADE,0,NEUTRAL,OK,flat_deadband,"{grade_raw=0.0, grade_display=0.0}"
343.0,GEAR,WAIT,GRAY,NO_DATA,missing_gear,{}
344.0,SPEED,24.2,NEUTRAL,OK,near_reference,"{reference_kmh=24.540697674418613, age_s=0.0}"
344.0,POWER,143,NEUTRAL,OK,power_present,{age_s=0.0}
344.0,HR,128,NEUTRAL,OK,hr_present,{age_s=0.0}
344.0,CADENCE,63,GREEN,OK,preferred_low_cadence_band,{age_s=0.0}
344.0,GRADE,0,NEUTRAL,OK,flat_deadband,"{grade_raw=0.0, grade_display=0.0}"
344.0,GEAR,WAIT,GRAY,NO_DATA,missing_gear,{}
345.0,SPEED,24.3,NEUTRAL,OK,near_reference,"{reference_kmh=24.539855072463777, age_s=0.0}"
345.0,POWER,144,NEUTRAL,OK,power_present,{age_s=0.0}
345.0,HR,129,NEUTRAL,OK,hr_present,{age_s=0.0}
345.0,CADENCE,64,GREEN,OK,preferred_low_cadence_band,{age_s=0.0}
345.0,GRADE,0,NEUTRAL,OK,flat_deadband,"{grade_raw=0.0, grade_display=0.0}"
345.0,GEAR,WAIT,GRAY,NO_DATA,missing_gear,{}
346.0,SPEED,24.3,NEUTRAL,OK,near_reference,"{reference_kmh=24.539161849710997, age_s=0.0}"
346.0,POWER,145,NEUTRAL,OK,power_present,{age_s=0.0}
346.0,HR,130,NEUTRAL,OK,hr_present,{age_s=0.0}
346.0,CADENCE,65,GREEN,OK,preferred_low_cadence_band,{age_s=0.0}
346.0,GRADE,0,NEUTRAL,OK,flat_deadband,"{grade_raw=0.0, grade_display=0.0}"
346.0,GEAR,WAIT,GRAY,NO_DATA,missing_gear,{}
347.0,SPEED,24.4,NEUTRAL,OK,near_reference,"{reference_kmh=24.53861671469742, age_s=0.0}"
347.0,POWER,146,NEUTRAL,OK,power_present,{age_s=0.0}
347.0,HR,131,NEUTRAL,OK,hr_present,{age_s=0.0}
347.0,CADENCE,66,GREEN,OK,preferred_low_cadence_band,{age_s=0.0}
347.0,GRADE,0,NEUTRAL,OK,flat_deadband,"{grade_raw=0.0, grade_display=0.0}"
347.0,GEAR,WAIT,GRAY,NO_DATA,missing_gear,{}
348.0,SPEED,24.4,NEUTRAL,OK,near_reference,"{reference_kmh=24.53821839080461, age_s=0.0}"
348.0,POWER,147,NEUTRAL,OK,power_present,{age_s=0.0}
348.0,HR,132,NEUTRAL,OK,hr_present,{age_s=0.0}
348.0,CADENCE,67,GREEN,OK,preferred_low_cadence_band,{age_s=0.0}
348.0,GRADE,0,NEUTRAL,OK,flat_deadband,"{grade_raw=0.0, grade_display=0.0}"
348.0,GEAR,WAIT,GRAY,NO_DATA,missing_gear,{}
349.0,SPEED,24.5,NEUTRAL,OK,near_reference,"{reference_kmh=24.537965616045852, age_s=0.0}"
349.0,POWER,148,NEUTRAL,OK,power_present,{age_s=0.0}
349.0,HR,133,NEUTRAL,OK,hr_present,{age_s=0.0}
349.0,CADENCE,68,GREEN,OK,preferred_low_cadence_band,{age_s=0.0}
349.0,GRADE,0,NEUTRAL,OK,flat_deadband,"{grade_raw=0.0, grade_display=0.0}"
349.0,GEAR,WAIT,GRAY,NO_DATA,missing_gear,{}
350.0,SPEED,24.5,NEUTRAL,OK,near_reference,"{reference_kmh=24.537857142857153, age_s=0.0}"
350.0,POWER,149,NEUTRAL,OK,power_present,{age_s=0.0}
350.0,HR,134,NEUTRAL,OK,hr_present,{age_s=0.0}
350.0,CADENCE,69,GREEN,OK,preferred_low_cadence_band,{age_s=0.0}
350.0,GRADE,0,NEUTRAL,OK,flat_deadband,"{grade_raw=0.0, grade_display=0.0}"
350.0,GEAR,WAIT,GRAY,NO_DATA,missing_gear,{}
351.0,SPEED,24.6,NEUTRAL,OK,near_reference,"{reference_kmh=24.537891737891744, age_s=0.0}"
351.0,POWER,150,NEUTRAL,OK,power_present,{age_s=0.0}
351.0,HR,135,NEUTRAL,OK,hr_present,{age_s=0.0}
351.0,CADENCE,70,GREEN,OK,preferred_low_cadence_band,{age_s=0.0}
351.0,GRADE,0,NEUTRAL,OK,flat_deadband,"{grade_raw=0.0, grade_display=0.0}"
351.0,GEAR,WAIT,GRAY,NO_DATA,missing_gear,{}
352.0,SPEED,24.6,NEUTRAL,OK,near_reference,"{reference_kmh=24.53806818181819, age_s=0.0}"
352.0,POWER,151,NEUTRAL,OK,power_present,{age_s=0.0}
352.0,HR,136,NEUTRAL,OK,hr_present,{age_s=0.0}
352.0,CADENCE,60,GREEN,OK,preferred_low_cadence_band,{age_s=0.0}
352.0,GRADE,0,NEUTRAL,OK,flat_deadband,"{grade_raw=0.0, grade_display=0.0}"
352.0,GEAR,WAIT,GRAY,NO_DATA,missing_gear,{}
353.0,SPEED,24.7,NEUTRAL,OK,near_reference,"{reference_kmh=24.538385269121818, age_s=0.0}"
353.0,POWER,152,NEUTRAL,OK,power_present,{age_s=0.0}
353.0,HR,137,NEUTRAL,OK,hr_present,{age_s=0.0}
353.0,CADENCE,61,GREEN,OK,preferred_low_cadence_band,{age_s=0.0}
353.0,GRADE,0,NEUTRAL,OK,flat_deadband,"{grade_raw=0.0, grade_display=0.0}"
353.0,GEAR,WAIT,GRAY,NO_DATA,missing_gear,{}
354.0,SPEED,24.7,NEUTRAL,OK,near_reference,"{reference_kmh=24.53884180790962, age_s=0.0}"
354.0,POWER,153,NEUTRAL,OK,power_present,{age_s=0.0}
354.0,HR,138,NEUTRAL,OK,hr_present,{age_s=0.0}
354.0,CADENCE,62,GREEN,OK,preferred_low_cadence_band,{age_s=0.0}
354.0,GRADE,0,NEUTRAL,OK,flat_deadband,"{grade_raw=0.0, grade_display=0.0}"
354.0,GEAR,WAIT,GRAY,NO_DATA,missing_gear,{}
355.0,SPEED,24.8,NEUTRAL,OK,near_reference,"{reference_kmh=24.539436619718323, age_s=0.0}"
355.0,POWER,154,NEUTRAL,OK,power_present,{age_s=0.0}
355.0,HR,139,NEUTRAL,OK,hr_present,{age_s=0.0}
355.0,CADENCE,63,GREEN,OK,preferred_low_cadence_band,{age_s=0.0}
355.0,GRADE,0,NEUTRAL,OK,flat_deadband,"{grade_raw=0.0, grade_display=0.0}"
355.0,GEAR,WAIT,GRAY,NO_DATA,missing_gear,{}
356.0,SPEED,24.8,NEUTRAL,OK,near_reference,"{reference_kmh=24.540168539325855, age_s=0.0}"
356.0,POWER,155,NEUTRAL,OK,power_present,{age_s=0.0}
356.0,HR,140,NEUTRAL,OK,hr_present,{age_s=0.0}
356.0,CADENCE,64,GREEN,OK,preferred_low_cadence_band,{age_s=0.0}
356.0,GRADE,0,NEUTRAL,OK,flat_deadband,"{grade_raw=0.0, grade_display=0.0}"
356.0,GEAR,WAIT,GRAY,NO_DATA,missing_gear,{}
357.0,SPEED,24.9,NEUTRAL,OK,near_reference,"{reference_kmh=24.541036414565834, age_s=0.0}"
357.0,POWER,156,NEUTRAL,OK,power_present,{age_s=0.0}
357.0,HR,120,NEUTRAL,OK,hr_present,{age_s=0.0}
357.0,CADENCE,65,GREEN,OK,preferred_low_cadence_band,{age_s=0.0}
357.0,GRADE,0,NEUTRAL,OK,flat_deadband,"{grade_raw=0.0, grade_display=0.0}"
357.0,GEAR,WAIT,GRAY,NO_DATA,missing_gear,{}
358.0,SPEED,24.9,NEUTRAL,OK,near_reference,"{reference_kmh=24.54203910614526, age_s=0.0}"
358.0,POWER,157,NEUTRAL,OK,power_present,{age_s=0.0}
358.0,HR,121,NEUTRAL,OK,hr_present,{age_s=0.0}
358.0,CADENCE,66,GREEN,OK,preferred_low_cadence_band,{age_s=0.0}
358.0,GRADE,0,NEUTRAL,OK,flat_deadband,"{grade_raw=0.0, grade_display=0.0}"
358.0,GEAR,WAIT,GRAY,NO_DATA,missing_gear,{}
359.0,SPEED,25.0,NEUTRAL,OK,near_reference,"{reference_kmh=24.54317548746519, age_s=0.0}"
359.0,POWER,158,NEUTRAL,OK,power_present,{age_s=0.0}
359.0,HR,122,NEUTRAL,OK,hr_present,{age_s=0.0}
359.0,CADENCE,67,GREEN,OK,preferred_low_cadence_band,{age_s=0.0}
359.0,GRADE,0,NEUTRAL,OK,flat_deadband,"{grade_raw=0.0, grade_display=0.0}"
359.0,GEAR,WAIT,GRAY,NO_DATA,missing_gear,{}
360.0,SPEED,24.0,NEUTRAL,OK,near_reference,"{reference_kmh=24.541666666666675, age_s=0.0}"
360.0,POWER,159,NEUTRAL,OK,power_present,{age_s=0.0}
360.0,HR,123,NEUTRAL,OK,hr_present,{age_s=0.0}
360.0,CADENCE,68,GREEN,OK,preferred_low_cadence_band,{age_s=0.0}
360.0,GRADE,0,NEUTRAL,OK,flat_deadband,"{grade_raw=0.0, grade_display=0.0}"
360.0,GEAR,WAIT,GRAY,NO_DATA,missing_gear,{}
361.0,SPEED,24.1,NEUTRAL,OK,near_reference,"{reference_kmh=24.540304709141285, age_s=0.0}"
361.0,POWER,160,NEUTRAL,OK,power_present,{age_s=0.0}
361.0,HR,124,NEUTRAL,OK,hr_present,{age_s=0.0}
361.0,CADENCE,69,GREEN,OK,preferred_low_cadence_band,{age_s=0.0}
361.0,GRADE,0,NEUTRAL,OK,flat_deadband,"{grade_raw=0.0, grade_display=0.0}"
361.0,GEAR,WAIT,GRAY,NO_DATA,missing_gear,{}
362.0,SPEED,24.1,NEUTRAL,OK,near_reference,"{reference_kmh=24.539088397790064, age_s=0.0}"
362.0,POWER,161,NEUTRAL,OK,power_present,{age_s=0.0}
362.0,HR,125,NEUTRAL,OK,hr_present,{age_s=0.0}
362.0,CADENCE,70,GREEN,OK,preferred_low_cadence_band,{age_s=0.0}
362.0,GRADE,0,NEUTRAL,OK,flat_deadband,"{grade_raw=0.0, grade_display=0.0}"
362.0,GEAR,WAIT,GRAY,NO_DATA,missing_gear,{}
363.0,SPEED,24.2,NEUTRAL,OK,near_reference,"{reference_kmh=24.53801652892563, age_s=0.0}"
363.0,POWER,162,NEUTRAL,OK,power_present,{age_s=0.0}
363.0,HR,126,NEUTRAL,OK,hr_present,{age_s=0.0}
363.0,CADENCE,60,GREEN,OK,preferred_low_cadence_band,{age_s=0.0}
363.0,GRADE,0,NEUTRAL,OK,flat_deadband,"{grade_raw=0.0, grade_display=0.0}"
363.0,GEAR,WAIT,GRAY,NO_DATA,missing_gear,{}
364.0,SPEED,24.2,NEUTRAL,OK,near_reference,"{reference_kmh=24.537087912087923, age_s=0.0}"
364.0,POWER,163,NEUTRAL,OK,power_present,{age_s=0.0}
364.0,HR,127,NEUTRAL,OK,hr_present,{age_s=0.0}
364.0,CADENCE,61,GREEN,OK,preferred_low_cadence_band,{age_s=0.0}
364.0,GRADE,0,NEUTRAL,OK,flat_deadband,"{grade_raw=0.0, grade_display=0.0}"
364.0,GEAR,WAIT,GRAY,NO_DATA,missing_gear,{}
365.0,SPEED,24.3,NEUTRAL,OK,near_reference,"{reference_kmh=24.536301369863022, age_s=0.0}"
365.0,POWER,164,NEUTRAL,OK,power_present,{age_s=0.0}
365.0,HR,128,NEUTRAL,OK,hr_present,{age_s=0.0}
365.0,CADENCE,62,GREEN,OK,preferred_low_cadence_band,{age_s=0.0}
365.0,GRADE,0,NEUTRAL,OK,flat_deadband,"{grade_raw=0.0, grade_display=0.0}"
365.0,GEAR,WAIT,GRAY,NO_DATA,missing_gear,{}
366.0,SPEED,24.3,NEUTRAL,OK,near_reference,"{reference_kmh=24.53565573770493, age_s=0.0}"
366.0,POWER,165,NEUTRAL,OK,power_present,{age_s=0.0}
366.0,HR,129,NEUTRAL,OK,hr_present,{age_s=0.0}
366.0,CADENCE,63,GREEN,OK,preferred_low_cadence_band,{age_s=0.0}
366.0,GRADE,0,NEUTRAL,OK,flat_deadband,"{grade_raw=0.0, grade_display=0.0}"
366.0,GEAR,WAIT,GRAY,NO_DATA,missing_gear,{}
367.0,SPEED,24.4,NEUTRAL,OK,near_reference,"{reference_kmh=24.535149863760225, age_s=0.0}"
367.0,POWER,166,NEUTRAL,OK,power_present,{age_s=0.0}
367.0,HR,130,NEUTRAL,OK,hr_present,{age_s=0.0}
367.0,CADENCE,64,GREEN,OK,preferred_low_cadence_band,{age_s=0.0}
367.0,GRADE,0,NEUTRAL,OK,flat_deadband,"{grade_raw=0.0, grade_display=0.0}"
367.0,GEAR,WAIT,GRAY,NO_DATA,missing_gear,{}
368.0,SPEED,24.4,NEUTRAL,OK,near_reference,"{reference_kmh=24.53478260869566, age_s=0.0}"
368.0,POWER,167,NEUTRAL,OK,power_present,{age_s=0.0}
368.0,HR,131,NEUTRAL,OK,hr_present,{age_s=0.0}
368.0,CADENCE,65,GREEN,OK,preferred_low_cadence_band,{age_s=0.0}
368.0,GRADE,0,NEUTRAL,OK,flat_deadband,"{grade_raw=0.0, grade_display=0.0}"
368.0,GEAR,WAIT,GRAY,NO_DATA,missing_gear,{}
369.0,SPEED,24.5,NEUTRAL,OK,near_reference,"{reference_kmh=24.534552845528463, age_s=0.0}"
369.0,POWER,168,NEUTRAL,OK,power_present,{age_s=0.0}
369.0,HR,132,NEUTRAL,OK,hr_present,{age_s=0.0}
369.0,CADENCE,66,GREEN,OK,preferred_low_cadence_band,{age_s=0.0}
369.0,GRADE,0,NEUTRAL,OK,flat_deadband,"{grade_raw=0.0, grade_display=0.0}"
369.0,GEAR,WAIT,GRAY,NO_DATA,missing_gear,{}
370.0,SPEED,24.5,NEUTRAL,OK,near_reference,"{reference_kmh=24.53445945945947, age_s=0.0}"
370.0,POWER,169,NEUTRAL,OK,power_present,{age_s=0.0}
370.0,HR,133,NEUTRAL,OK,hr_present,{age_s=0.0}
370.0,CADENCE,67,GREEN,OK,preferred_low_cadence_band,{age_s=0.0}
370.0,GRADE,0,NEUTRAL,OK,flat_deadband,"{grade_raw=0.0, grade_display=0.0}"
370.0,GEAR,WAIT,GRAY,NO_DATA,missing_gear,{}
371.0,SPEED,24.6,NEUTRAL,OK,near_reference,"{reference_kmh=24.534501347708904, age_s=0.0}"
371.0,POWER,170,NEUTRAL,OK,power_present,{age_s=0.0}
371.0,HR,134,NEUTRAL,OK,hr_present,{age_s=0.0}
371.0,CADENCE,68,GREEN,OK,preferred_low_cadence_band,{age_s=0.0}
371.0,GRADE,0,NEUTRAL,OK,flat_deadband,"{grade_raw=0.0, grade_display=0.0}"
371.0,GEAR,WAIT,GRAY,NO_DATA,missing_gear,{}
372.0,SPEED,24.6,NEUTRAL,OK,near_reference,"{reference_kmh=24.534677419354846, age_s=0.0}"
372.0,POWER,140,NEUTRAL,OK,power_present,{age_s=0.0}
372.0,HR,135,NEUTRAL,OK,hr_present,{age_s=0.0}
372.0,CADENCE,69,GREEN,OK,preferred_low_cadence_band,{age_s=0.0}
372.0,GRADE,0,NEUTRAL,OK,flat_deadband,"{grade_raw=0.0, grade_display=0.0}"
372.0,GEAR,WAIT,GRAY,NO_DATA,missing_gear,{}
373.0,SPEED,24.7,NEUTRAL,OK,near_reference,"{reference_kmh=24.53498659517427, age_s=0.0}"
373.0,POWER,141,NEUTRAL,OK,power_present,{age_s=0.0}
373.0,HR,136,NEUTRAL,OK,hr_present,{age_s=0.0}
373.0,CADENCE,70,GREEN,OK,preferred_low_cadence_band,{age_s=0.0}
373.0,GRADE,0,NEUTRAL,OK,flat_deadband,"{grade_raw=0.0, grade_display=0.0}"
373.0,GEAR,WAIT,GRAY,NO_DATA,missing_gear,{}
374.0,SPEED,24.7,NEUTRAL,OK,near_reference,"{reference_kmh=24.53542780748664, age_s=0.0}"
374.0,POWER,142,NEUTRAL,OK,power_present,{age_s=0.0}
374.0,HR,137,NEUTRAL,OK,hr_present,{age_s=0.0}
374.0,CADENCE,60,GREEN,OK,preferred_low_cadence_band,{age_s=0.0}
374.0,GRADE,0,NEUTRAL,OK,flat_deadband,"{grade_raw=0.0, grade_display=0.0}"
374.0,GEAR,WAIT,GRAY,NO_DATA,missing_gear,{}
375.0,SPEED,24.8,NEUTRAL,OK,near_reference,"{reference_kmh=24.53600000000001, age_s=0.0}"
375.0,POWER,143,NEUTRAL,OK,power_present,{age_s=0.0}
375.0,HR,138,NEUTRAL,OK,hr_present,{age_s=0.0}
375.0,CADENCE,61,GREEN,OK,preferred_low_cadence_band,{age_s=0.0}
375.0,GRADE,0,NEUTRAL,OK,flat_deadband,"{grade_raw=0.0, grade_display=0.0}"
375.0,GEAR,WAIT,GRAY,NO_DATA,missing_gear,{}
376.0,SPEED,24.8,NEUTRAL,OK,near_reference,"{reference_kmh=24.536702127659584, age_s=0.0}"
376.0,POWER,144,NEUTRAL,OK,power_present,{age_s=0.0}
376.0,HR,139,NEUTRAL,OK,hr_present,{age_s=0.0}
376.0,CADENCE,62,GREEN,OK,preferred_low_cadence_band,{age_s=0.0}
376.0,GRADE,0,NEUTRAL,OK,flat_deadband,"{grade_raw=0.0, grade_display=0.0}"
376.0,GEAR,WAIT,GRAY,NO_DATA,missing_gear,{}
377.0,SPEED,24.9,NEUTRAL,OK,near_reference,"{reference_kmh=24.537533156498682, age_s=0.0}"
377.0,POWER,145,NEUTRAL,OK,power_present,{age_s=0.0}
377.0,HR,140,NEUTRAL,OK,hr_present,{age_s=0.0}
377.0,CADENCE,63,GREEN,OK,preferred_low_cadence_band,{age_s=0.0}
377.0,GRADE,0,NEUTRAL,OK,flat_deadband,"{grade_raw=0.0, grade_display=0.0}"
377.0,GEAR,WAIT,GRAY,NO_DATA,missing_gear,{}
378.0,SPEED,24.9,NEUTRAL,OK,near_reference,"{reference_kmh=24.538492063492072, age_s=0.0}"
378.0,POWER,146,NEUTRAL,OK,power_present,{age_s=0.0}
378.0,HR,120,NEUTRAL,OK,hr_present,{age_s=0.0}
378.0,CADENCE,64,GREEN,OK,preferred_low_cadence_band,{age_s=0.0}
378.0,GRADE,0,NEUTRAL,OK,flat_deadband,"{grade_raw=0.0, grade_display=0.0}"
378.0,GEAR,WAIT,GRAY,NO_DATA,missing_gear,{}
379.0,SPEED,25.0,NEUTRAL,OK,near_reference,"{reference_kmh=24.53957783641162, age_s=0.0}"
379.0,POWER,147,NEUTRAL,OK,power_present,{age_s=0.0}
379.0,HR,121,NEUTRAL,OK,hr_present,{age_s=0.0}
379.0,CADENCE,65,GREEN,OK,preferred_low_cadence_band,{age_s=0.0}
379.0,GRADE,0,NEUTRAL,OK,flat_deadband,"{grade_raw=0.0, grade_display=0.0}"
379.0,GEAR,WAIT,GRAY,NO_DATA,missing_gear,{}
380.0,SPEED,24.0,NEUTRAL,OK,near_reference,"{reference_kmh=24.538157894736848, age_s=0.0}"
380.0,POWER,148,NEUTRAL,OK,power_present,{age_s=0.0}
380.0,HR,122,NEUTRAL,OK,hr_present,{age_s=0.0}
380.0,CADENCE,66,GREEN,OK,preferred_low_cadence_band,{age_s=0.0}
380.0,GRADE,0,NEUTRAL,OK,flat_deadband,"{grade_raw=0.0, grade_display=0.0}"
380.0,GEAR,WAIT,GRAY,NO_DATA,missing_gear,{}
381.0,SPEED,24.1,NEUTRAL,OK,near_reference,"{reference_kmh=24.536876640419955, age_s=0.0}"
381.0,POWER,149,NEUTRAL,OK,power_present,{age_s=0.0}
381.0,HR,123,NEUTRAL,OK,hr_present,{age_s=0.0}
381.0,CADENCE,67,GREEN,OK,preferred_low_cadence_band,{age_s=0.0}
381.0,GRADE,0,NEUTRAL,OK,flat_deadband,"{grade_raw=0.0, grade_display=0.0}"
381.0,GEAR,WAIT,GRAY,NO_DATA,missing_gear,{}
382.0,SPEED,24.1,NEUTRAL,OK,near_reference,"{reference_kmh=24.5357329842932, age_s=0.0}"
382.0,POWER,150,NEUTRAL,OK,power_present,{age_s=0.0}
382.0,HR,124,NEUTRAL,OK,hr_present,{age_s=0.0}
382.0,CADENCE,68,GREEN,OK,preferred_low_cadence_band,{age_s=0.0}
382.0,GRADE,0,NEUTRAL,OK,flat_deadband,"{grade_raw=0.0, grade_display=0.0}"
382.0,GEAR,WAIT,GRAY,NO_DATA,missing_gear,{}
383.0,SPEED,24.2,NEUTRAL,OK,near_reference,"{reference_kmh=24.534725848563976, age_s=0.0}"
383.0,POWER,151,NEUTRAL,OK,power_present,{age_s=0.0}
383.0,HR,125,NEUTRAL,OK,hr_present,{age_s=0.0}
383.0,CADENCE,69,GREEN,OK,preferred_low_cadence_band,{age_s=0.0}
383.0,GRADE,0,NEUTRAL,OK,flat_deadband,"{grade_raw=0.0, grade_display=0.0}"
383.0,GEAR,WAIT,GRAY,NO_DATA,missing_gear,{}
384.0,SPEED,24.2,NEUTRAL,OK,near_reference,"{reference_kmh=24.533854166666675, age_s=0.0}"
384.0,POWER,152,NEUTRAL,OK,power_present,{age_s=0.0}
384.0,HR,126,NEUTRAL,OK,hr_present,{age_s=0.0}
384.0,CADENCE,70,GREEN,OK,preferred_low_cadence_band,{age_s=0.0}
384.0,GRADE,0,NEUTRAL,OK,flat_deadband,"{grade_raw=0.0, grade_display=0.0}"
384.0,GEAR,WAIT,GRAY,NO_DATA,missing_gear,{}
385.0,SPEED,24.3,NEUTRAL,OK,near_reference,"{reference_kmh=24.533116883116893, age_s=0.0}"
385.0,POWER,153,NEUTRAL,OK,power_present,{age_s=0.0}
385.0,HR,127,NEUTRAL,OK,hr_present,{age_s=0.0}
385.0,CADENCE,60,GREEN,OK,preferred_low_cadence_band,{age_s=0.0}
385.0,GRADE,0,NEUTRAL,OK,flat_deadband,"{grade_raw=0.0, grade_display=0.0}"
385.0,GEAR,WAIT,GRAY,NO_DATA,missing_gear,{}
386.0,SPEED,24.3,NEUTRAL,OK,near_reference,"{reference_kmh=24.53251295336789, age_s=0.0}"
386.0,POWER,154,NEUTRAL,OK,power_present,{age_s=0.0}
386.0,HR,128,NEUTRAL,OK,hr_present,{age_s=0.0}
386.0,CADENCE,61,GREEN,OK,preferred_low_cadence_band,{age_s=0.0}
386.0,GRADE,0,NEUTRAL,OK,flat_deadband,"{grade_raw=0.0, grade_display=0.0}"
386.0,GEAR,WAIT,GRAY,NO_DATA,missing_gear,{}
387.0,SPEED,24.4,NEUTRAL,OK,near_reference,"{reference_kmh=24.53204134366926, age_s=0.0}"
387.0,POWER,155,NEUTRAL,OK,power_present,{age_s=0.0}
387.0,HR,129,NEUTRAL,OK,hr_present,{age_s=0.0}
387.0,CADENCE,62,GREEN,OK,preferred_low_cadence_band,{age_s=0.0}
387.0,GRADE,0,NEUTRAL,OK,flat_deadband,"{grade_raw=0.0, grade_display=0.0}"
387.0,GEAR,WAIT,GRAY,NO_DATA,missing_gear,{}
388.0,SPEED,24.4,NEUTRAL,OK,near_reference,"{reference_kmh=24.53170103092784, age_s=0.0}"
388.0,POWER,156,NEUTRAL,OK,power_present,{age_s=0.0}
388.0,HR,130,NEUTRAL,OK,hr_present,{age_s=0.0}
388.0,CADENCE,63,GREEN,OK,preferred_low_cadence_band,{age_s=0.0}
388.0,GRADE,0,NEUTRAL,OK,flat_deadband,"{grade_raw=0.0, grade_display=0.0}"
388.0,GEAR,WAIT,GRAY,NO_DATA,missing_gear,{}
389.0,SPEED,24.5,NEUTRAL,OK,near_reference,"{reference_kmh=24.5314910025707, age_s=0.0}"
389.0,POWER,157,NEUTRAL,OK,power_present,{age_s=0.0}
389.0,HR,131,NEUTRAL,OK,hr_present,{age_s=0.0}
389.0,CADENCE,64,GREEN,OK,preferred_low_cadence_band,{age_s=0.0}
389.0,GRADE,0,NEUTRAL,OK,flat_deadband,"{grade_raw=0.0, grade_display=0.0}"
389.0,GEAR,WAIT,GRAY,NO_DATA,missing_gear,{}
390.0,SPEED,24.5,NEUTRAL,OK,near_reference,"{reference_kmh=24.531410256410265, age_s=0.0}"
390.0,POWER,158,NEUTRAL,OK,power_present,{age_s=0.0}
390.0,HR,132,NEUTRAL,OK,hr_present,{age_s=0.0}
390.0,CADENCE,65,GREEN,OK,preferred_low_cadence_band,{age_s=0.0}
390.0,GRADE,0,NEUTRAL,OK,flat_deadband,"{grade_raw=0.0, grade_display=0.0}"
390.0,GEAR,WAIT,GRAY,NO_DATA,missing_gear,{}
391.0,SPEED,24.6,NEUTRAL,OK,near_reference,"{reference_kmh=24.531457800511514, age_s=0.0}"
391.0,POWER,159,NEUTRAL,OK,power_present,{age_s=0.0}
391.0,HR,133,NEUTRAL,OK,hr_present,{age_s=0.0}
391.0,CADENCE,66,GREEN,OK,preferred_low_cadence_band,{age_s=0.0}
391.0,GRADE,0,NEUTRAL,OK,flat_deadband,"{grade_raw=0.0, grade_display=0.0}"
391.0,GEAR,WAIT,GRAY,NO_DATA,missing_gear,{}
392.0,SPEED,24.6,NEUTRAL,OK,near_reference,"{reference_kmh=24.531632653061234, age_s=0.0}"
392.0,POWER,160,NEUTRAL,OK,power_present,{age_s=0.0}
392.0,HR,134,NEUTRAL,OK,hr_present,{age_s=0.0}
392.0,CADENCE,67,GREEN,OK,preferred_low_cadence_band,{age_s=0.0}
392.0,GRADE,0,NEUTRAL,OK,flat_deadband,"{grade_raw=0.0, grade_display=0.0}"
392.0,GEAR,WAIT,GRAY,NO_DATA,missing_gear,{}
393.0,SPEED,24.7,NEUTRAL,OK,near_reference,"{reference_kmh=24.53193384223919, age_s=0.0}"
393.0,POWER,161,NEUTRAL,OK,power_present,{age_s=0.0}
393.0,HR,135,NEUTRAL,OK,hr_present,{age_s=0.0}
393.0,CADENCE,68,GREEN,OK,preferred_low_cadence_band,{age_s=0.0}
393.0,GRADE,0,NEUTRAL,OK,flat_deadband,"{grade_raw=0.0, grade_display=0.0}"
393.0,GEAR,WAIT,GRAY,NO_DATA,missing_gear,{}
394.0,SPEED,24.7,NEUTRAL,OK,near_reference,"{reference_kmh=24.53236040609138, age_s=0.0}"
394.0,POWER,162,NEUTRAL,OK,power_present,{age_s=0.0}
394.0,HR,136,NEUTRAL,OK,hr_present,{age_s=0.0}
394.0,CADENCE,69,GREEN,OK,preferred_low_cadence_band,{age_s=0.0}
394.0,GRADE,0,NEUTRAL,OK,flat_deadband,"{grade_raw=0.0, grade_display=0.0}"
394.0,GEAR,WAIT,GRAY,NO_DATA,missing_gear,{}
395.0,SPEED,24.8,NEUTRAL,OK,near_reference,"{reference_kmh=24.532911392405072, age_s=0.0}"
395.0,POWER,163,NEUTRAL,OK,power_present,{age_s=0.0}
395.0,HR,137,NEUTRAL,OK,hr_present,{age_s=0.0}
395.0,CADENCE,70,GREEN,OK,preferred_low_cadence_band,{age_s=0.0}
395.0,GRADE,0,NEUTRAL,OK,flat_deadband,"{grade_raw=0.0, grade_display=0.0}"
395.0,GEAR,WAIT,GRAY,NO_DATA,missing_gear,{}
396.0,SPEED,24.8,NEUTRAL,OK,near_reference,"{reference_kmh=24.533585858585866, age_s=0.0}"
396.0,POWER,164,NEUTRAL,OK,power_present,{age_s=0.0}
396.0,HR,138,NEUTRAL,OK,hr_present,{age_s=0.0}
396.0,CADENCE,60,GREEN,OK,preferred_low_cadence_band,{age_s=0.0}
396.0,GRADE,0,NEUTRAL,OK,flat_deadband,"{grade_raw=0.0, grade_display=0.0}"
396.0,GEAR,WAIT,GRAY,NO_DATA,missing_gear,{}
397.0,SPEED,24.9,NEUTRAL,OK,near_reference,"{reference_kmh=24.53438287153653, age_s=0.0}"
397.0,POWER,165,NEUTRAL,OK,power_present,{age_s=0.0}
397.0,HR,139,NEUTRAL,OK,hr_present,{age_s=0.0}
397.0,CADENCE,61,GREEN,OK,preferred_low_cadence_band,{age_s=0.0}
397.0,GRADE,0,NEUTRAL,OK,flat_deadband,"{grade_raw=0.0, grade_display=0.0}"
397.0,GEAR,WAIT,GRAY,NO_DATA,missing_gear,{}
398.0,SPEED,24.9,NEUTRAL,OK,near_reference,"{reference_kmh=24.535301507537692, age_s=0.0}"
398.0,POWER,166,NEUTRAL,OK,power_present,{age_s=0.0}
398.0,HR,140,NEUTRAL,OK,hr_present,{age_s=0.0}
398.0,CADENCE,62,GREEN,OK,preferred_low_cadence_band,{age_s=0.0}
398.0,GRADE,0,NEUTRAL,OK,flat_deadband,"{grade_raw=0.0, grade_display=0.0}"
398.0,GEAR,WAIT,GRAY,NO_DATA,missing_gear,{}
399.0,SPEED,25.0,NEUTRAL,OK,near_reference,"{reference_kmh=24.536340852130333, age_s=0.0}"
399.0,POWER,167,NEUTRAL,OK,power_present,{age_s=0.0}
399.0,HR,120,NEUTRAL,OK,hr_present,{age_s=0.0}
399.0,CADENCE,63,GREEN,OK,preferred_low_cadence_band,{age_s=0.0}
399.0,GRADE,0,NEUTRAL,OK,flat_deadband,"{grade_raw=0.0, grade_display=0.0}"
399.0,GEAR,WAIT,GRAY,NO_DATA,missing_gear,{}
400.0,SPEED,24.0,NEUTRAL,OK,near_reference,"{reference_kmh=24.535000000000007, age_s=0.0}"
400.0,POWER,168,NEUTRAL,OK,power_present,{age_s=0.0}
400.0,HR,121,NEUTRAL,OK,hr_present,{age_s=0.0}
400.0,CADENCE,64,GREEN,OK,preferred_low_cadence_band,{age_s=0.0}
400.0,GRADE,0,NEUTRAL,OK,flat_deadband,"{grade_raw=0.0, grade_display=0.0}"
400.0,GEAR,WAIT,GRAY,NO_DATA,missing_gear,{}
401.0,SPEED,24.1,NEUTRAL,OK,near_reference,"{reference_kmh=24.53379052369078, age_s=0.0}"
401.0,POWER,169,NEUTRAL,OK,power_present,{age_s=0.0}
401.0,HR,122,NEUTRAL,OK,hr_present,{age_s=0.0}
401.0,CADENCE,65,GREEN,OK,preferred_low_cadence_band,{age_s=0.0}
401.0,GRADE,0,NEUTRAL,OK,flat_deadband,"{grade_raw=0.0, grade_display=0.0}"
401.0,GEAR,WAIT,GRAY,NO_DATA,missing_gear,{}
402.0,SPEED,24.1,NEUTRAL,OK,near_reference,"{reference_kmh=24.532711442786077, age_s=0.0}"
402.0,POWER,170,NEUTRAL,OK,power_present,{age_s=0.0}
402.0,HR,123,NEUTRAL,OK,hr_present,{age_s=0.0}
402.0,CADENCE,66,GREEN,OK,preferred_low_cadence_band,{age_s=0.0}
402.0,GRADE,0,NEUTRAL,OK,flat_deadband,"{grade_raw=0.0, grade_display=0.0}"
402.0,GEAR,WAIT,GRAY,NO_DATA,missing_gear,{}
403.0,SPEED,24.2,NEUTRAL,OK,near_reference,"{reference_kmh=24.531761786600505, age_s=0.0}"
403.0,POWER,140,NEUTRAL,OK,power_present,{age_s=0.0}
403.0,HR,124,NEUTRAL,OK,hr_present,{age_s=0.0}
403.0,CADENCE,67,GREEN,OK,preferred_low_cadence_band,{age_s=0.0}
403.0,GRADE,0,NEUTRAL,OK,flat_deadband,"{grade_raw=0.0, grade_display=0.0}"
403.0,GEAR,WAIT,GRAY,NO_DATA,missing_gear,{}
404.0,SPEED,24.2,NEUTRAL,OK,near_reference,"{reference_kmh=24.530940594059413, age_s=0.0}"
404.0,POWER,141,NEUTRAL,OK,power_present,{age_s=0.0}
404.0,HR,125,NEUTRAL,OK,hr_present,{age_s=0.0}
404.0,CADENCE,68,GREEN,OK,preferred_low_cadence_band,{age_s=0.0}
404.0,GRADE,0,NEUTRAL,OK,flat_deadband,"{grade_raw=0.0, grade_display=0.0}"
404.0,GEAR,WAIT,GRAY,NO_DATA,missing_gear,{}
405.0,SPEED,24.3,NEUTRAL,OK,near_reference,"{reference_kmh=24.530246913580253, age_s=0.0}"
405.0,POWER,142,NEUTRAL,OK,power_present,{age_s=0.0}
405.0,HR,126,NEUTRAL,OK,hr_present,{age_s=0.0}
405.0,CADENCE,69,GREEN,OK,preferred_low_cadence_band,{age_s=0.0}
405.0,GRADE,0,NEUTRAL,OK,flat_deadband,"{grade_raw=0.0, grade_display=0.0}"
405.0,GEAR,WAIT,GRAY,NO_DATA,missing_gear,{}
406.0,SPEED,24.3,NEUTRAL,OK,near_reference,"{reference_kmh=24.529679802955673, age_s=0.0}"
406.0,POWER,143,NEUTRAL,OK,power_present,{age_s=0.0}
406.0,HR,127,NEUTRAL,OK,hr_present,{age_s=0.0}
406.0,CADENCE,70,GREEN,OK,preferred_low_cadence_band,{age_s=0.0}
406.0,GRADE,0,NEUTRAL,OK,flat_deadband,"{grade_raw=0.0, grade_display=0.0}"
406.0,GEAR,WAIT,GRAY,NO_DATA,missing_gear,{}
407.0,SPEED,24.4,NEUTRAL,OK,near_reference,"{reference_kmh=24.529238329238336, age_s=0.0}"
407.0,POWER,144,NEUTRAL,OK,power_present,{age_s=0.0}
407.0,HR,128,NEUTRAL,OK,hr_present,{age_s=0.0}
407.0,CADENCE,60,GREEN,OK,preferred_low_cadence_band,{age_s=0.0}
407.0,GRADE,0,NEUTRAL,OK,flat_deadband,"{grade_raw=0.0, grade_display=0.0}"
407.0,GEAR,WAIT,GRAY,NO_DATA,missing_gear,{}
408.0,SPEED,24.4,NEUTRAL,OK,near_reference,"{reference_kmh=24.52892156862746, age_s=0.0}"
408.0,POWER,145,NEUTRAL,OK,power_present,{age_s=0.0}
408.0,HR,129,NEUTRAL,OK,hr_present,{age_s=0.0}
408.0,CADENCE,61,GREEN,OK,preferred_low_cadence_band,{age_s=0.0}
408.0,GRADE,0,NEUTRAL,OK,flat_deadband,"{grade_raw=0.0, grade_display=0.0}"
408.0,GEAR,WAIT,GRAY,NO_DATA,missing_gear,{}
409.0,SPEED,24.5,NEUTRAL,OK,near_reference,"{reference_kmh=24.528728606356974, age_s=0.0}"
409.0,POWER,146,NEUTRAL,OK,power_present,{age_s=0.0}
409.0,HR,130,NEUTRAL,OK,hr_present,{age_s=0.0}
409.0,CADENCE,62,GREEN,OK,preferred_low_cadence_band,{age_s=0.0}
409.0,GRADE,0,NEUTRAL,OK,flat_deadband,"{grade_raw=0.0, grade_display=0.0}"
409.0,GEAR,WAIT,GRAY,NO_DATA,missing_gear,{}
410.0,SPEED,24.5,NEUTRAL,OK,near_reference,"{reference_kmh=24.52865853658537, age_s=0.0}"
410.0,POWER,147,NEUTRAL,OK,power_present,{age_s=0.0}
410.0,HR,131,NEUTRAL,OK,hr_present,{age_s=0.0}
410.0,CADENCE,63,GREEN,OK,preferred_low_cadence_band,{age_s=0.0}
410.0,GRADE,0,NEUTRAL,OK,flat_deadband,"{grade_raw=0.0, grade_display=0.0}"
410.0,GEAR,WAIT,GRAY,NO_DATA,missing_gear,{}
411.0,SPEED,24.6,NEUTRAL,OK,near_reference,"{reference_kmh=24.528710462287112, age_s=0.0}"
411.0,POWER,148,NEUTRAL,OK,power_present,{age_s=0.0}
411.0,HR,132,NEUTRAL,OK,hr_present,{age_s=0.0}
411.0,CADENCE,64,GREEN,OK,preferred_low_cadence_band,{age_s=0.0}
411.0,GRADE,0,NEUTRAL,OK,flat_deadband,"{grade_raw=0.0, grade_display=0.0}"
411.0,GEAR,WAIT,GRAY,NO_DATA,missing_gear,{}
412.0,SPEED,24.6,NEUTRAL,OK,near_reference,"{reference_kmh=24.52888349514564, age_s=0.0}"
412.0,POWER,149,NEUTRAL,OK,power_present,{age_s=0.0}
412.0,HR,133,NEUTRAL,OK,hr_present,{age_s=0.0}
412.0,CADENCE,65,GREEN,OK,preferred_low_cadence_band,{age_s=0.0}
412.0,GRADE,0,NEUTRAL,OK,flat_deadband,"{grade_raw=0.0, grade_display=0.0}"
412.0,GEAR,WAIT,GRAY,NO_DATA,missing_gear,{}
413.0,SPEED,24.7,NEUTRAL,OK,near_reference,"{reference_kmh=24.529176755447946, age_s=0.0}"
413.0,POWER,150,NEUTRAL,OK,power_present,{age_s=0.0}
413.0,HR,134,NEUTRAL,OK,hr_present,{age_s=0.0}
413.0,CADENCE,66,GREEN,OK,preferred_low_cadence_band,{age_s=0.0}
413.0,GRADE,0,NEUTRAL,OK,flat_deadband,"{grade_raw=0.0, grade_display=0.0}"
413.0,GEAR,WAIT,GRAY,NO_DATA,missing_gear,{}
414.0,SPEED,24.7,NEUTRAL,OK,near_reference,"{reference_kmh=24.529589371980684, age_s=0.0}"
414.0,POWER,151,NEUTRAL,OK,power_present,{age_s=0.0}
414.0,HR,135,NEUTRAL,OK,hr_present,{age_s=0.0}
414.0,CADENCE,67,GREEN,OK,preferred_low_cadence_band,{age_s=0.0}
414.0,GRADE,0,NEUTRAL,OK,flat_deadband,"{grade_raw=0.0, grade_display=0.0}"
414.0,GEAR,WAIT,GRAY,NO_DATA,missing_gear,{}
415.0,SPEED,24.8,NEUTRAL,OK,near_reference,"{reference_kmh=24.530120481927717, age_s=0.0}"
415.0,POWER,152,NEUTRAL,OK,power_present,{age_s=0.0}
415.0,HR,136,NEUTRAL,OK,hr_present,{age_s=0.0}
415.0,CADENCE,68,GREEN,OK,preferred_low_cadence_band,{age_s=0.0}
415.0,GRADE,0,NEUTRAL,OK,flat_deadband,"{grade_raw=0.0, grade_display=0.0}"
415.0,GEAR,WAIT,GRAY,NO_DATA,missing_gear,{}
416.0,SPEED,24.8,NEUTRAL,OK,near_reference,"{reference_kmh=24.53076923076924, age_s=0.0}"
416.0,POWER,153,NEUTRAL,OK,power_present,{age_s=0.0}
416.0,HR,137,NEUTRAL,OK,hr_present,{age_s=0.0}
416.0,CADENCE,69,GREEN,OK,preferred_low_cadence_band,{age_s=0.0}
416.0,GRADE,0,NEUTRAL,OK,flat_deadband,"{grade_raw=0.0, grade_display=0.0}"
416.0,GEAR,WAIT,GRAY,NO_DATA,missing_gear,{}
417.0,SPEED,24.9,NEUTRAL,OK,near_reference,"{reference_kmh=24.53153477218226, age_s=0.0}"
417.0,POWER,154,NEUTRAL,OK,power_present,{age_s=0.0}
417.0,HR,138,NEUTRAL,OK,hr_present,{age_s=0.0}
417.0,CADENCE,70,GREEN,OK,preferred_low_cadence_band,{age_s=0.0}
417.0,GRADE,0,NEUTRAL,OK,flat_deadband,"{grade_raw=0.0, grade_display=0.0}"
417.0,GEAR,WAIT,GRAY,NO_DATA,missing_gear,{}
418.0,SPEED,24.9,NEUTRAL,OK,near_reference,"{reference_kmh=24.53241626794259, age_s=0.0}"
418.0,POWER,155,NEUTRAL,OK,power_present,{age_s=0.0}
418.0,HR,139,NEUTRAL,OK,hr_present,{age_s=0.0}
418.0,CADENCE,60,GREEN,OK,preferred_low_cadence_band,{age_s=0.0}
418.0,GRADE,0,NEUTRAL,OK,flat_deadband,"{grade_raw=0.0, grade_display=0.0}"
418.0,GEAR,WAIT,GRAY,NO_DATA,missing_gear,{}
419.0,SPEED,25.0,NEUTRAL,OK,near_reference,"{reference_kmh=24.53341288782817, age_s=0.0}"
419.0,POWER,156,NEUTRAL,OK,power_present,{age_s=0.0}
419.0,HR,140,NEUTRAL,OK,hr_present,{age_s=0.0}
419.0,CADENCE,61,GREEN,OK,preferred_low_cadence_band,{age_s=0.0}
419.0,GRADE,0,NEUTRAL,OK,flat_deadband,"{grade_raw=0.0, grade_display=0.0}"
419.0,GEAR,WAIT,GRAY,NO_DATA,missing_gear,{}
420.0,SPEED,24.0,NEUTRAL,OK,near_reference,"{reference_kmh=24.532142857142862, age_s=0.0}"
420.0,POWER,157,NEUTRAL,OK,power_present,{age_s=0.0}
420.0,HR,120,NEUTRAL,OK,hr_present,{age_s=0.0}
420.0,CADENCE,62,GREEN,OK,preferred_low_cadence_band,{age_s=0.0}
420.0,GRADE,0,NEUTRAL,OK,flat_deadband,"{grade_raw=0.0, grade_display=0.0}"
420.0,GEAR,WAIT,GRAY,NO_DATA,missing_gear,{}
421.0,SPEED,24.1,NEUTRAL,OK,near_reference,"{reference_kmh=24.530997624703094, age_s=0.0}"
421.0,POWER,158,NEUTRAL,OK,power_present,{age_s=0.0}
421.0,HR,121,NEUTRAL,OK,hr_present,{age_s=0.0}
421.0,CADENCE,63,GREEN,OK,preferred_low_cadence_band,{age_s=0.0}
421.0,GRADE,0,NEUTRAL,OK,flat_deadband,"{grade_raw=0.0, grade_display=0.0}"
421.0,GEAR,WAIT,GRAY,NO_DATA,missing_gear,{}
422.0,SPEED,24.1,NEUTRAL,OK,near_reference,"{reference_kmh=24.52997630331754, age_s=0.0}"
422.0,POWER,159,NEUTRAL,OK,power_present,{age_s=0.0}
422.0,HR,122,NEUTRAL,OK,hr_present,{age_s=0.0}
422.0,CADENCE,64,GREEN,OK,preferred_low_cadence_band,{age_s=0.0}
422.0,GRADE,0,NEUTRAL,OK,flat_deadband,"{grade_raw=0.0, grade_display=0.0}"
422.0,GEAR,WAIT,GRAY,NO_DATA,missing_gear,{}
423.0,SPEED,24.2,NEUTRAL,OK,near_reference,"{reference_kmh=24.529078014184407, age_s=0.0}"
423.0,POWER,160,NEUTRAL,OK,power_present,{age_s=0.0}
423.0,HR,123,NEUTRAL,OK,hr_present,{age_s=0.0}
423.0,CADENCE,65,GREEN,OK,preferred_low_cadence_band,{age_s=0.0}
423.0,GRADE,0,NEUTRAL,OK,flat_deadband,"{grade_raw=0.0, grade_display=0.0}"
423.0,GEAR,WAIT,GRAY,NO_DATA,missing_gear,{}
424.0,SPEED,24.2,NEUTRAL,OK,near_reference,"{reference_kmh=24.528301886792462, age_s=0.0}"
424.0,POWER,161,NEUTRAL,OK,power_present,{age_s=0.0}
424.0,HR,124,NEUTRAL,OK,hr_present,{age_s=0.0}
424.0,CADENCE,66,GREEN,OK,preferred_low_cadence_band,{age_s=0.0}
424.0,GRADE,0,NEUTRAL,OK,flat_deadband,"{grade_raw=0.0, grade_display=0.0}"
424.0,GEAR,WAIT,GRAY,NO_DATA,missing_gear,{}
425.0,SPEED,24.3,NEUTRAL,OK,near_reference,"{reference_kmh=24.527647058823536, age_s=0.0}"
425.0,POWER,162,NEUTRAL,OK,power_present,{age_s=0.0}
425.0,HR,125,NEUTRAL,OK,hr_present,{age_s=0.0}
425.0,CADENCE,67,GREEN,OK,preferred_low_cadence_band,{age_s=0.0}
425.0,GRADE,0,NEUTRAL,OK,flat_deadband,"{grade_raw=0.0, grade_display=0.0}"
425.0,GEAR,WAIT,GRAY,NO_DATA,missing_gear,{}
426.0,SPEED,24.3,NEUTRAL,OK,near_reference,"{reference_kmh=24.527112676056348, age_s=0.0}"
426.0,POWER,163,NEUTRAL,OK,power_present,{age_s=0.0}
426.0,HR,126,NEUTRAL,OK,hr_present,{age_s=0.0}
426.0,CADENCE,68,GREEN,OK,preferred_low_cadence_band,{age_s=0.0}
426.0,GRADE,0,NEUTRAL,OK,flat_deadband,"{grade_raw=0.0, grade_display=0.0}"
426.0,GEAR,WAIT,GRAY,NO_DATA,missing_gear,{}
427.0,SPEED,24.4,NEUTRAL,OK,near_reference,"{reference_kmh=24.52669789227167, age_s=0.0}"
427.0,POWER,164,NEUTRAL,OK,power_present,{age_s=0.0}
427.0,HR,127,NEUTRAL,OK,hr_present,{age_s=0.0}
427.0,CADENCE,69,GREEN,OK,preferred_low_cadence_band,{age_s=0.0}
427.0,GRADE,0,NEUTRAL,OK,flat_deadband,"{grade_raw=0.0, grade_display=0.0}"
427.0,GEAR,WAIT,GRAY,NO_DATA,missing_gear,{}
428.0,SPEED,24.4,NEUTRAL,OK,near_reference,"{reference_kmh=24.526401869158885, age_s=0.0}"
428.0,POWER,165,NEUTRAL,OK,power_present,{age_s=0.0}
428.0,HR,128,NEUTRAL,OK,hr_present,{age_s=0.0}
428.0,CADENCE,70,GREEN,OK,preferred_low_cadence_band,{age_s=0.0}
428.0,GRADE,0,NEUTRAL,OK,flat_deadband,"{grade_raw=0.0, grade_display=0.0}"
428.0,GEAR,WAIT,GRAY,NO_DATA,missing_gear,{}
429.0,SPEED,24.5,NEUTRAL,OK,near_reference,"{reference_kmh=24.52622377622378, age_s=0.0}"
429.0,POWER,166,NEUTRAL,OK,power_present,{age_s=0.0}
429.0,HR,129,NEUTRAL,OK,hr_present,{age_s=0.0}
429.0,CADENCE,60,GREEN,OK,preferred_low_cadence_band,{age_s=0.0}
429.0,GRADE,0,NEUTRAL,OK,flat_deadband,"{grade_raw=0.0, grade_display=0.0}"
429.0,GEAR,WAIT,GRAY,NO_DATA,missing_gear,{}
430.0,SPEED,24.5,NEUTRAL,OK,near_reference,"{reference_kmh=24.52616279069768, age_s=0.0}"
430.0,POWER,167,NEUTRAL,OK,power_present,{age_s=0.0}
430.0,HR,130,NEUTRAL,OK,hr_present,{age_s=0.0}
430.0,CADENCE,61,GREEN,OK,preferred_low_cadence_band,{age_s=0.0}
430.0,GRADE,0,NEUTRAL,OK,flat_deadband,"{grade_raw=0.0, grade_display=0.0}"
430.0,GEAR,WAIT,GRAY,NO_DATA,missing_gear,{}
431.0,SPEED,24.6,NEUTRAL,OK,near_reference,"{reference_kmh=24.526218097447803, age_s=0.0}"
431.0,POWER,168,NEUTRAL,OK,power_present,{age_s=0.0}
431.0,HR,131,NEUTRAL,OK,hr_present,{age_s=0.0}
431.0,CADENCE,62,GREEN,OK,preferred_low_cadence_band,{age_s=0.0}
431.0,GRADE,0,NEUTRAL,OK,flat_deadband,"{grade_raw=0.0, grade_display=0.0}"
431.0,GEAR,WAIT,GRAY,NO_DATA,missing_gear,{}
432.0,SPEED,24.6,NEUTRAL,OK,near_reference,"{reference_kmh=24.526388888888896, age_s=0.0}"
432.0,POWER,169,NEUTRAL,OK,power_present,{age_s=0.0}
432.0,HR,132,NEUTRAL,OK,hr_present,{age_s=0.0}
432.0,CADENCE,63,GREEN,OK,preferred_low_cadence_band,{age_s=0.0}
432.0,GRADE,0,NEUTRAL,OK,flat_deadband,"{grade_raw=0.0, grade_display=0.0}"
432.0,GEAR,WAIT,GRAY,NO_DATA,missing_gear,{}
433.0,SPEED,24.7,NEUTRAL,OK,near_reference,"{reference_kmh=24.526674364896078, age_s=0.0}"
433.0,POWER,170,NEUTRAL,OK,power_present,{age_s=0.0}
433.0,HR,133,NEUTRAL,OK,hr_present,{age_s=0.0}
433.0,CADENCE,64,GREEN,OK,preferred_low_cadence_band,{age_s=0.0}
433.0,GRADE,0,NEUTRAL,OK,flat_deadband,"{grade_raw=0.0, grade_display=0.0}"
433.0,GEAR,WAIT,GRAY,NO_DATA,missing_gear,{}
434.0,SPEED,24.7,NEUTRAL,OK,near_reference,"{reference_kmh=24.527073732718904, age_s=0.0}"
434.0,POWER,140,NEUTRAL,OK,power_present,{age_s=0.0}
434.0,HR,134,NEUTRAL,OK,hr_present,{age_s=0.0}
434.0,CADENCE,65,GREEN,OK,preferred_low_cadence_band,{age_s=0.0}
434.0,GRADE,0,NEUTRAL,OK,flat_deadband,"{grade_raw=0.0, grade_display=0.0}"
434.0,GEAR,WAIT,GRAY,NO_DATA,missing_gear,{}
435.0,SPEED,24.8,NEUTRAL,OK,near_reference,"{reference_kmh=24.527586206896558, age_s=0.0}"
435.0,POWER,141,NEUTRAL,OK,power_present,{age_s=0.0}
435.0,HR,135,NEUTRAL,OK,hr_present,{age_s=0.0}
435.0,CADENCE,66,GREEN,OK,preferred_low_cadence_band,{age_s=0.0}
435.0,GRADE,0,NEUTRAL,OK,flat_deadband,"{grade_raw=0.0, grade_display=0.0}"
435.0,GEAR,WAIT,GRAY,NO_DATA,missing_gear,{}
436.0,SPEED,24.8,NEUTRAL,OK,near_reference,"{reference_kmh=24.528211009174317, age_s=0.0}"
436.0,POWER,142,NEUTRAL,OK,power_present,{age_s=0.0}
436.0,HR,136,NEUTRAL,OK,hr_present,{age_s=0.0}
436.0,CADENCE,67,GREEN,OK,preferred_low_cadence_band,{age_s=0.0}
436.0,GRADE,0,NEUTRAL,OK,flat_deadband,"{grade_raw=0.0, grade_display=0.0}"
436.0,GEAR,WAIT,GRAY,NO_DATA,missing_gear,{}
437.0,SPEED,24.9,NEUTRAL,OK,near_reference,"{reference_kmh=24.52894736842106, age_s=0.0}"
437.0,POWER,143,NEUTRAL,OK,power_present,{age_s=0.0}
437.0,HR,137,NEUTRAL,OK,hr_present,{age_s=0.0}
437.0,CADENCE,68,GREEN,OK,preferred_low_cadence_band,{age_s=0.0}
437.0,GRADE,0,NEUTRAL,OK,flat_deadband,"{grade_raw=0.0, grade_display=0.0}"
437.0,GEAR,WAIT,GRAY,NO_DATA,missing_gear,{}
438.0,SPEED,24.9,NEUTRAL,OK,near_reference,"{reference_kmh=24.52979452054795, age_s=0.0}"
438.0,POWER,144,NEUTRAL,OK,power_present,{age_s=0.0}
438.0,HR,138,NEUTRAL,OK,hr_present,{age_s=0.0}
438.0,CADENCE,69,GREEN,OK,preferred_low_cadence_band,{age_s=0.0}
438.0,GRADE,0,NEUTRAL,OK,flat_deadband,"{grade_raw=0.0, grade_display=0.0}"
438.0,GEAR,WAIT,GRAY,NO_DATA,missing_gear,{}
439.0,SPEED,25.0,NEUTRAL,OK,near_reference,"{reference_kmh=24.530751708428255, age_s=0.0}"
439.0,POWER,145,NEUTRAL,OK,power_present,{age_s=0.0}
439.0,HR,139,NEUTRAL,OK,hr_present,{age_s=0.0}
439.0,CADENCE,70,GREEN,OK,preferred_low_cadence_band,{age_s=0.0}
439.0,GRADE,0,NEUTRAL,OK,flat_deadband,"{grade_raw=0.0, grade_display=0.0}"
439.0,GEAR,WAIT,GRAY,NO_DATA,missing_gear,{}
440.0,SPEED,24.0,NEUTRAL,OK,near_reference,"{reference_kmh=24.52954545454546, age_s=0.0}"
440.0,POWER,146,NEUTRAL,OK,power_present,{age_s=0.0}
440.0,HR,140,NEUTRAL,OK,hr_present,{age_s=0.0}
440.0,CADENCE,60,GREEN,OK,preferred_low_cadence_band,{age_s=0.0}
440.0,GRADE,0,NEUTRAL,OK,flat_deadband,"{grade_raw=0.0, grade_display=0.0}"
440.0,GEAR,WAIT,GRAY,NO_DATA,missing_gear,{}
441.0,SPEED,24.1,NEUTRAL,OK,near_reference,"{reference_kmh=24.528458049886627, age_s=0.0}"
441.0,POWER,147,NEUTRAL,OK,power_present,{age_s=0.0}
441.0,HR,120,NEUTRAL,OK,hr_present,{age_s=0.0}
441.0,CADENCE,61,GREEN,OK,preferred_low_cadence_band,{age_s=0.0}
441.0,GRADE,0,NEUTRAL,OK,flat_deadband,"{grade_raw=0.0, grade_display=0.0}"
441.0,GEAR,WAIT,GRAY,NO_DATA,missing_gear,{}
442.0,SPEED,24.1,NEUTRAL,OK,near_reference,"{reference_kmh=24.52748868778281, age_s=0.0}"
442.0,POWER,148,NEUTRAL,OK,power_present,{age_s=0.0}
442.0,HR,121,NEUTRAL,OK,hr_present,{age_s=0.0}
442.0,CADENCE,62,GREEN,OK,preferred_low_cadence_band,{age_s=0.0}
442.0,GRADE,0,NEUTRAL,OK,flat_deadband,"{grade_raw=0.0, grade_display=0.0}"
442.0,GEAR,WAIT,GRAY,NO_DATA,missing_gear,{}
443.0,SPEED,24.2,NEUTRAL,OK,near_reference,"{reference_kmh=24.526636568848765, age_s=0.0}"
443.0,POWER,149,NEUTRAL,OK,power_present,{age_s=0.0}
443.0,HR,122,NEUTRAL,OK,hr_present,{age_s=0.0}
443.0,CADENCE,63,GREEN,OK,preferred_low_cadence_band,{age_s=0.0}
443.0,GRADE,0,NEUTRAL,OK,flat_deadband,"{grade_raw=0.0, grade_display=0.0}"
443.0,GEAR,WAIT,GRAY,NO_DATA,missing_gear,{}
444.0,SPEED,24.2,NEUTRAL,OK,near_reference,"{reference_kmh=24.525900900900908, age_s=0.0}"
444.0,POWER,150,NEUTRAL,OK,power_present,{age_s=0.0}
444.0,HR,123,NEUTRAL,OK,hr_present,{age_s=0.0}
444.0,CADENCE,64,GREEN,OK,preferred_low_cadence_band,{age_s=0.0}
444.0,GRADE,0,NEUTRAL,OK,flat_deadband,"{grade_raw=0.0, grade_display=0.0}"
444.0,GEAR,WAIT,GRAY,NO_DATA,missing_gear,{}
445.0,SPEED,24.3,NEUTRAL,OK,near_reference,"{reference_kmh=24.52528089887641, age_s=0.0}"
445.0,POWER,151,NEUTRAL,OK,power_present,{age_s=0.0}
445.0,HR,124,NEUTRAL,OK,hr_present,{age_s=0.0}
445.0,CADENCE,65,GREEN,OK,preferred_low_cadence_band,{age_s=0.0}
445.0,GRADE,0,NEUTRAL,OK,flat_deadband,"{grade_raw=0.0, grade_display=0.0}"
445.0,GEAR,WAIT,GRAY,NO_DATA,missing_gear,{}
446.0,SPEED,24.3,NEUTRAL,OK,near_reference,"{reference_kmh=24.52477578475337, age_s=0.0}"
446.0,POWER,152,NEUTRAL,OK,power_present,{age_s=0.0}
446.0,HR,125,NEUTRAL,OK,hr_present,{age_s=0.0}
446.0,CADENCE,66,GREEN,OK,preferred_low_cadence_band,{age_s=0.0}
446.0,GRADE,0,NEUTRAL,OK,flat_deadband,"{grade_raw=0.0, grade_display=0.0}"
446.0,GEAR,WAIT,GRAY,NO_DATA,missing_gear,{}
447.0,SPEED,24.4,NEUTRAL,OK,near_reference,"{reference_kmh=24.52438478747204, age_s=0.0}"
447.0,POWER,153,NEUTRAL,OK,power_present,{age_s=0.0}
447.0,HR,126,NEUTRAL,OK,hr_present,{age_s=0.0}
447.0,CADENCE,67,GREEN,OK,preferred_low_cadence_band,{age_s=0.0}
447.0,GRADE,0,NEUTRAL,OK,flat_deadband,"{grade_raw=0.0, grade_display=0.0}"
447.0,GEAR,WAIT,GRAY,NO_DATA,missing_gear,{}
448.0,SPEED,24.4,NEUTRAL,OK,near_reference,"{reference_kmh=24.524107142857147, age_s=0.0}"
448.0,POWER,154,NEUTRAL,OK,power_present,{age_s=0.0}
448.0,HR,127,NEUTRAL,OK,hr_present,{age_s=0.0}
448.0,CADENCE,68,GREEN,OK,preferred_low_cadence_band,{age_s=0.0}
448.0,GRADE,0,NEUTRAL,OK,flat_deadband,"{grade_raw=0.0, grade_display=0.0}"
448.0,GEAR,WAIT,GRAY,NO_DATA,missing_gear,{}
449.0,SPEED,24.5,NEUTRAL,OK,near_reference,"{reference_kmh=24.52394209354121, age_s=0.0}"
449.0,POWER,155,NEUTRAL,OK,power_present,{age_s=0.0}
449.0,HR,128,NEUTRAL,OK,hr_present,{age_s=0.0}
449.0,CADENCE,69,GREEN,OK,preferred_low_cadence_band,{age_s=0.0}
449.0,GRADE,0,NEUTRAL,OK,flat_deadband,"{grade_raw=0.0, grade_display=0.0}"
449.0,GEAR,WAIT,GRAY,NO_DATA,missing_gear,{}
450.0,SPEED,24.5,NEUTRAL,OK,near_reference,"{reference_kmh=24.523888888888894, age_s=0.0}"
450.0,POWER,156,NEUTRAL,OK,power_present,{age_s=0.0}
450.0,HR,129,NEUTRAL,OK,hr_present,{age_s=0.0}
450.0,CADENCE,70,GREEN,OK,preferred_low_cadence_band,{age_s=0.0}
450.0,GRADE,0,NEUTRAL,OK,flat_deadband,"{grade_raw=0.0, grade_display=0.0}"
450.0,GEAR,WAIT,GRAY,NO_DATA,missing_gear,{}
451.0,SPEED,24.6,NEUTRAL,OK,near_reference,"{reference_kmh=24.5239467849224, age_s=0.0}"
451.0,POWER,157,NEUTRAL,OK,power_present,{age_s=0.0}
451.0,HR,130,NEUTRAL,OK,hr_present,{age_s=0.0}
451.0,CADENCE,60,GREEN,OK,preferred_low_cadence_band,{age_s=0.0}
451.0,GRADE,0,NEUTRAL,OK,flat_deadband,"{grade_raw=0.0, grade_display=0.0}"
451.0,GEAR,WAIT,GRAY,NO_DATA,missing_gear,{}
452.0,SPEED,24.6,NEUTRAL,OK,near_reference,"{reference_kmh=24.524115044247793, age_s=0.0}"
452.0,POWER,158,NEUTRAL,OK,power_present,{age_s=0.0}
452.0,HR,131,NEUTRAL,OK,hr_present,{age_s=0.0}
452.0,CADENCE,61,GREEN,OK,preferred_low_cadence_band,{age_s=0.0}
452.0,GRADE,0,NEUTRAL,OK,flat_deadband,"{grade_raw=0.0, grade_display=0.0}"
452.0,GEAR,WAIT,GRAY,NO_DATA,missing_gear,{}
453.0,SPEED,24.7,NEUTRAL,OK,near_reference,"{reference_kmh=24.52439293598235, age_s=0.0}"
453.0,POWER,159,NEUTRAL,OK,power_present,{age_s=0.0}
453.0,HR,132,NEUTRAL,OK,hr_present,{age_s=0.0}
453.0,CADENCE,62,GREEN,OK,preferred_low_cadence_band,{age_s=0.0}
453.0,GRADE,0,NEUTRAL,OK,flat_deadband,"{grade_raw=0.0, grade_display=0.0}"
453.0,GEAR,WAIT,GRAY,NO_DATA,missing_gear,{}
454.0,SPEED,24.7,NEUTRAL,OK,near_reference,"{reference_kmh=24.524779735682827, age_s=0.0}"
454.0,POWER,160,NEUTRAL,OK,power_present,{age_s=0.0}
454.0,HR,133,NEUTRAL,OK,hr_present,{age_s=0.0}
454.0,CADENCE,63,GREEN,OK,preferred_low_cadence_band,{age_s=0.0}
454.0,GRADE,0,NEUTRAL,OK,flat_deadband,"{grade_raw=0.0, grade_display=0.0}"
454.0,GEAR,WAIT,GRAY,NO_DATA,missing_gear,{}
455.0,SPEED,24.8,NEUTRAL,OK,near_reference,"{reference_kmh=24.525274725274734, age_s=0.0}"
455.0,POWER,161,NEUTRAL,OK,power_present,{age_s=0.0}
455.0,HR,134,NEUTRAL,OK,hr_present,{age_s=0.0}
455.0,CADENCE,64,GREEN,OK,preferred_low_cadence_band,{age_s=0.0}
455.0,GRADE,0,NEUTRAL,OK,flat_deadband,"{grade_raw=0.0, grade_display=0.0}"
455.0,GEAR,WAIT,GRAY,NO_DATA,missing_gear,{}
456.0,SPEED,24.8,NEUTRAL,OK,near_reference,"{reference_kmh=24.52587719298246, age_s=0.0}"
456.0,POWER,162,NEUTRAL,OK,power_present,{age_s=0.0}
456.0,HR,135,NEUTRAL,OK,hr_present,{age_s=0.0}
456.0,CADENCE,65,GREEN,OK,preferred_low_cadence_band,{age_s=0.0}
456.0,GRADE,0,NEUTRAL,OK,flat_deadband,"{grade_raw=0.0, grade_display=0.0}"
456.0,GEAR,WAIT,GRAY,NO_DATA,missing_gear,{}
457.0,SPEED,24.9,NEUTRAL,OK,near_reference,"{reference_kmh=24.5265864332604, age_s=0.0}"
457.0,POWER,163,NEUTRAL,OK,power_present,{age_s=0.0}
457.0,HR,136,NEUTRAL,OK,hr_present,{age_s=0.0}
457.0,CADENCE,66,GREEN,OK,preferred_low_cadence_band,{age_s=0.0}
457.0,GRADE,0,NEUTRAL,OK,flat_deadband,"{grade_raw=0.0, grade_display=0.0}"
457.0,GEAR,WAIT,GRAY,NO_DATA,missing_gear,{}
458.0,SPEED,24.9,NEUTRAL,OK,near_reference,"{reference_kmh=24.527401746724898, age_s=0.0}"
458.0,POWER,164,NEUTRAL,OK,power_present,{age_s=0.0}
458.0,HR,137,NEUTRAL,OK,hr_present,{age_s=0.0}
458.0,CADENCE,67,GREEN,OK,preferred_low_cadence_band,{age_s=0.0}
458.0,GRADE,0,NEUTRAL,OK,flat_deadband,"{grade_raw=0.0, grade_display=0.0}"
458.0,GEAR,WAIT,GRAY,NO_DATA,missing_gear,{}
459.0,SPEED,25.0,NEUTRAL,OK,near_reference,"{reference_kmh=24.528322440087152, age_s=0.0}"
459.0,POWER,165,NEUTRAL,OK,power_present,{age_s=0.0}
459.0,HR,138,NEUTRAL,OK,hr_present,{age_s=0.0}
459.0,CADENCE,68,GREEN,OK,preferred_low_cadence_band,{age_s=0.0}
459.0,GRADE,0,NEUTRAL,OK,flat_deadband,"{grade_raw=0.0, grade_display=0.0}"
459.0,GEAR,WAIT,GRAY,NO_DATA,missing_gear,{}
460.0,SPEED,24.0,NEUTRAL,OK,near_reference,"{reference_kmh=24.527173913043484, age_s=0.0}"
460.0,POWER,166,NEUTRAL,OK,power_present,{age_s=0.0}
460.0,HR,139,NEUTRAL,OK,hr_present,{age_s=0.0}
460.0,CADENCE,69,GREEN,OK,preferred_low_cadence_band,{age_s=0.0}
460.0,GRADE,0,NEUTRAL,OK,flat_deadband,"{grade_raw=0.0, grade_display=0.0}"
460.0,GEAR,WAIT,GRAY,NO_DATA,missing_gear,{}
461.0,SPEED,24.1,NEUTRAL,OK,near_reference,"{reference_kmh=24.52613882863341, age_s=0.0}"
461.0,POWER,167,NEUTRAL,OK,power_present,{age_s=0.0}
461.0,HR,140,NEUTRAL,OK,hr_present,{age_s=0.0}
461.0,CADENCE,70,GREEN,OK,preferred_low_cadence_band,{age_s=0.0}
461.0,GRADE,0,NEUTRAL,OK,flat_deadband,"{grade_raw=0.0, grade_display=0.0}"
461.0,GEAR,WAIT,GRAY,NO_DATA,missing_gear,{}
462.0,SPEED,24.1,NEUTRAL,OK,near_reference,"{reference_kmh=24.525216450216455, age_s=0.0}"
462.0,POWER,168,NEUTRAL,OK,power_present,{age_s=0.0}
462.0,HR,120,NEUTRAL,OK,hr_present,{age_s=0.0}
462.0,CADENCE,60,GREEN,OK,preferred_low_cadence_band,{age_s=0.0}
462.0,GRADE,0,NEUTRAL,OK,flat_deadband,"{grade_raw=0.0, grade_display=0.0}"
462.0,GEAR,WAIT,GRAY,NO_DATA,missing_gear,{}
463.0,SPEED,24.2,NEUTRAL,OK,near_reference,"{reference_kmh=24.5244060475162, age_s=0.0}"
463.0,POWER,169,NEUTRAL,OK,power_present,{age_s=0.0}
463.0,HR,121,NEUTRAL,OK,hr_present,{age_s=0.0}
463.0,CADENCE,61,GREEN,OK,preferred_low_cadence_band,{age_s=0.0}
463.0,GRADE,0,NEUTRAL,OK,flat_deadband,"{grade_raw=0.0, grade_display=0.0}"
463.0,GEAR,WAIT,GRAY,NO_DATA,missing_gear,{}
464.0,SPEED,24.2,NEUTRAL,OK,near_reference,"{reference_kmh=24.52370689655173, age_s=0.0}"
464.0,POWER,170,NEUTRAL,OK,power_present,{age_s=0.0}
464.0,HR,122,NEUTRAL,OK,hr_present,{age_s=0.0}
464.0,CADENCE,62,GREEN,OK,preferred_low_cadence_band,{age_s=0.0}
464.0,GRADE,0,NEUTRAL,OK,flat_deadband,"{grade_raw=0.0, grade_display=0.0}"
464.0,GEAR,WAIT,GRAY,NO_DATA,missing_gear,{}
465.0,SPEED,24.3,NEUTRAL,OK,near_reference,"{reference_kmh=24.523118279569896, age_s=0.0}"
465.0,POWER,140,NEUTRAL,OK,power_present,{age_s=0.0}
465.0,HR,123,NEUTRAL,OK,hr_present,{age_s=0.0}
465.0,CADENCE,63,GREEN,OK,preferred_low_cadence_band,{age_s=0.0}
465.0,GRADE,0,NEUTRAL,OK,flat_deadband,"{grade_raw=0.0, grade_display=0.0}"
465.0,GEAR,WAIT,GRAY,NO_DATA,missing_gear,{}
466.0,SPEED,24.3,NEUTRAL,OK,near_reference,"{reference_kmh=24.522639484978548, age_s=0.0}"
466.0,POWER,141,NEUTRAL,OK,power_present,{age_s=0.0}
466.0,HR,124,NEUTRAL,OK,hr_present,{age_s=0.0}
466.0,CADENCE,64,GREEN,OK,preferred_low_cadence_band,{age_s=0.0}
466.0,GRADE,0,NEUTRAL,OK,flat_deadband,"{grade_raw=0.0, grade_display=0.0}"
466.0,GEAR,WAIT,GRAY,NO_DATA,missing_gear,{}
467.0,SPEED,24.4,NEUTRAL,OK,near_reference,"{reference_kmh=24.52226980728052, age_s=0.0}"
467.0,POWER,142,NEUTRAL,OK,power_present,{age_s=0.0}
467.0,HR,125,NEUTRAL,OK,hr_present,{age_s=0.0}
467.0,CADENCE,65,GREEN,OK,preferred_low_cadence_band,{age_s=0.0}
467.0,GRADE,0,NEUTRAL,OK,flat_deadband,"{grade_raw=0.0, grade_display=0.0}"
467.0,GEAR,WAIT,GRAY,NO_DATA,missing_gear,{}
468.0,SPEED,24.4,NEUTRAL,OK,near_reference,"{reference_kmh=24.52200854700855, age_s=0.0}"
468.0,POWER,143,NEUTRAL,OK,power_present,{age_s=0.0}
468.0,HR,126,NEUTRAL,OK,hr_present,{age_s=0.0}
468.0,CADENCE,66,GREEN,OK,preferred_low_cadence_band,{age_s=0.0}
468.0,GRADE,0,NEUTRAL,OK,flat_deadband,"{grade_raw=0.0, grade_display=0.0}"
468.0,GEAR,WAIT,GRAY,NO_DATA,missing_gear,{}
469.0,SPEED,24.5,NEUTRAL,OK,near_reference,"{reference_kmh=24.521855010660985, age_s=0.0}"
469.0,POWER,144,NEUTRAL,OK,power_present,{age_s=0.0}
469.0,HR,127,NEUTRAL,OK,hr_present,{age_s=0.0}
469.0,CADENCE,67,GREEN,OK,preferred_low_cadence_band,{age_s=0.0}
469.0,GRADE,0,NEUTRAL,OK,flat_deadband,"{grade_raw=0.0, grade_display=0.0}"
469.0,GEAR,WAIT,GRAY,NO_DATA,missing_gear,{}
470.0,SPEED,24.5,NEUTRAL,OK,near_reference,"{reference_kmh=24.5218085106383, age_s=0.0}"
470.0,POWER,145,NEUTRAL,OK,power_present,{age_s=0.0}
470.0,HR,128,NEUTRAL,OK,hr_present,{age_s=0.0}
470.0,CADENCE,68,GREEN,OK,preferred_low_cadence_band,{age_s=0.0}
470.0,GRADE,0,NEUTRAL,OK,flat_deadband,"{grade_raw=0.0, grade_display=0.0}"
470.0,GEAR,WAIT,GRAY,NO_DATA,missing_gear,{}
471.0,SPEED,24.6,NEUTRAL,OK,near_reference,"{reference_kmh=24.521868365180474, age_s=0.0}"
471.0,POWER,146,NEUTRAL,OK,power_present,{age_s=0.0}
471.0,HR,129,NEUTRAL,OK,hr_present,{age_s=0.0}
471.0,CADENCE,69,GREEN,OK,preferred_low_cadence_band,{age_s=0.0}
471.0,GRADE,0,NEUTRAL,OK,flat_deadband,"{grade_raw=0.0, grade_display=0.0}"
471.0,GEAR,WAIT,GRAY,NO_DATA,missing_gear,{}
472.0,SPEED,24.6,NEUTRAL,OK,near_reference,"{reference_kmh=24.522033898305086, age_s=0.0}"
472.0,POWER,147,NEUTRAL,OK,power_present,{age_s=0.0}
472.0,HR,130,NEUTRAL,OK,hr_present,{age_s=0.0}
472.0,CADENCE,70,GREEN,OK,preferred_low_cadence_band,{age_s=0.0}
472.0,GRADE,0,NEUTRAL,OK,flat_deadband,"{grade_raw=0.0, grade_display=0.0}"
472.0,GEAR,WAIT,GRAY,NO_DATA,missing_gear,{}
473.0,SPEED,24.7,NEUTRAL,OK,near_reference,"{reference_kmh=24.522304439746307, age_s=0.0}"
473.0,POWER,148,NEUTRAL,OK,power_present,{age_s=0.0}
473.0,HR,131,NEUTRAL,OK,hr_present,{age_s=0.0}
473.0,CADENCE,60,GREEN,OK,preferred_low_cadence_band,{age_s=0.0}
473.0,GRADE,0,NEUTRAL,OK,flat_deadband,"{grade_raw=0.0, grade_display=0.0}"
473.0,GEAR,WAIT,GRAY,NO_DATA,missing_gear,{}
474.0,SPEED,24.7,NEUTRAL,OK,near_reference,"{reference_kmh=24.522679324894526, age_s=0.0}"
474.0,POWER,149,NEUTRAL,OK,power_present,{age_s=0.0}
474.0,HR,132,NEUTRAL,OK,hr_present,{age_s=0.0}
474.0,CADENCE,61,GREEN,OK,preferred_low_cadence_band,{age_s=0.0}
474.0,GRADE,0,NEUTRAL,OK,flat_deadband,"{grade_raw=0.0, grade_display=0.0}"
474.0,GEAR,WAIT,GRAY,NO_DATA,missing_gear,{}
475.0,SPEED,24.8,NEUTRAL,OK,near_reference,"{reference_kmh=24.523157894736848, age_s=0.0}"
475.0,POWER,150,NEUTRAL,OK,power_present,{age_s=0.0}
475.0,HR,133,NEUTRAL,OK,hr_present,{age_s=0.0}
475.0,CADENCE,62,GREEN,OK,preferred_low_cadence_band,{age_s=0.0}
475.0,GRADE,0,NEUTRAL,OK,flat_deadband,"{grade_raw=0.0, grade_display=0.0}"
475.0,GEAR,WAIT,GRAY,NO_DATA,missing_gear,{}
476.0,SPEED,24.8,NEUTRAL,OK,near_reference,"{reference_kmh=24.523739495798328, age_s=0.0}"
476.0,POWER,151,NEUTRAL,OK,power_present,{age_s=0.0}
476.0,HR,134,NEUTRAL,OK,hr_present,{age_s=0.0}
476.0,CADENCE,63,GREEN,OK,preferred_low_cadence_band,{age_s=0.0}
476.0,GRADE,0,NEUTRAL,OK,flat_deadband,"{grade_raw=0.0, grade_display=0.0}"
476.0,GEAR,WAIT,GRAY,NO_DATA,missing_gear,{}
477.0,SPEED,24.9,NEUTRAL,OK,near_reference,"{reference_kmh=24.52442348008386, age_s=0.0}"
477.0,POWER,152,NEUTRAL,OK,power_present,{age_s=0.0}
477.0,HR,135,NEUTRAL,OK,hr_present,{age_s=0.0}
477.0,CADENCE,64,GREEN,OK,preferred_low_cadence_band,{age_s=0.0}
477.0,GRADE,0,NEUTRAL,OK,flat_deadband,"{grade_raw=0.0, grade_display=0.0}"
477.0,GEAR,WAIT,GRAY,NO_DATA,missing_gear,{}
478.0,SPEED,24.9,NEUTRAL,OK,near_reference,"{reference_kmh=24.525209205020925, age_s=0.0}"
478.0,POWER,153,NEUTRAL,OK,power_present,{age_s=0.0}
478.0,HR,136,NEUTRAL,OK,hr_present,{age_s=0.0}
478.0,CADENCE,65,GREEN,OK,preferred_low_cadence_band,{age_s=0.0}
478.0,GRADE,0,NEUTRAL,OK,flat_deadband,"{grade_raw=0.0, grade_display=0.0}"
478.0,GEAR,WAIT,GRAY,NO_DATA,missing_gear,{}
479.0,SPEED,25.0,NEUTRAL,OK,near_reference,"{reference_kmh=24.526096033402926, age_s=0.0}"
479.0,POWER,154,NEUTRAL,OK,power_present,{age_s=0.0}
479.0,HR,137,NEUTRAL,OK,hr_present,{age_s=0.0}
479.0,CADENCE,66,GREEN,OK,preferred_low_cadence_band,{age_s=0.0}
479.0,GRADE,0,NEUTRAL,OK,flat_deadband,"{grade_raw=0.0, grade_display=0.0}"
479.0,GEAR,WAIT,GRAY,NO_DATA,missing_gear,{}
480.0,SPEED,24.0,NEUTRAL,OK,near_reference,"{reference_kmh=24.525000000000002, age_s=0.0}"
480.0,POWER,155,NEUTRAL,OK,power_present,{age_s=0.0}
480.0,HR,138,NEUTRAL,OK,hr_present,{age_s=0.0}
480.0,CADENCE,67,GREEN,OK,preferred_low_cadence_band,{age_s=0.0}
480.0,GRADE,0,NEUTRAL,OK,flat_deadband,"{grade_raw=0.0, grade_display=0.0}"
480.0,GEAR,WAIT,GRAY,NO_DATA,missing_gear,{}
481.0,SPEED,24.1,NEUTRAL,OK,near_reference,"{reference_kmh=24.524012474012476, age_s=0.0}"
481.0,POWER,156,NEUTRAL,OK,power_present,{age_s=0.0}
481.0,HR,139,NEUTRAL,OK,hr_present,{age_s=0.0}
481.0,CADENCE,68,GREEN,OK,preferred_low_cadence_band,{age_s=0.0}
481.0,GRADE,0,NEUTRAL,OK,flat_deadband,"{grade_raw=0.0, grade_display=0.0}"
481.0,GEAR,WAIT,GRAY,NO_DATA,missing_gear,{}
482.0,SPEED,24.1,NEUTRAL,OK,near_reference,"{reference_kmh=24.52313278008299, age_s=0.0}"
482.0,POWER,157,NEUTRAL,OK,power_present,{age_s=0.0}
482.0,HR,140,NEUTRAL,OK,hr_present,{age_s=0.0}
482.0,CADENCE,69,GREEN,OK,preferred_low_cadence_band,{age_s=0.0}
482.0,GRADE,0,NEUTRAL,OK,flat_deadband,"{grade_raw=0.0, grade_display=0.0}"
482.0,GEAR,WAIT,GRAY,NO_DATA,missing_gear,{}
483.0,SPEED,24.2,NEUTRAL,OK,near_reference,"{reference_kmh=24.52236024844721, age_s=0.0}"
483.0,POWER,158,NEUTRAL,OK,power_present,{age_s=0.0}
483.0,HR,120,NEUTRAL,OK,hr_present,{age_s=0.0}
483.0,CADENCE,70,GREEN,OK,preferred_low_cadence_band,{age_s=0.0}
483.0,GRADE,0,NEUTRAL,OK,flat_deadband,"{grade_raw=0.0, grade_display=0.0}"
483.0,GEAR,WAIT,GRAY,NO_DATA,missing_gear,{}
484.0,SPEED,24.2,NEUTRAL,OK,near_reference,"{reference_kmh=24.521694214876035, age_s=0.0}"
484.0,POWER,159,NEUTRAL,OK,power_present,{age_s=0.0}
484.0,HR,121,NEUTRAL,OK,hr_present,{age_s=0.0}
484.0,CADENCE,60,GREEN,OK,preferred_low_cadence_band,{age_s=0.0}
484.0,GRADE,0,NEUTRAL,OK,flat_deadband,"{grade_raw=0.0, grade_display=0.0}"
484.0,GEAR,WAIT,GRAY,NO_DATA,missing_gear,{}
485.0,SPEED,24.3,NEUTRAL,OK,near_reference,"{reference_kmh=24.52113402061856, age_s=0.0}"
485.0,POWER,160,NEUTRAL,OK,power_present,{age_s=0.0}
485.0,HR,122,NEUTRAL,OK,hr_present,{age_s=0.0}
485.0,CADENCE,61,GREEN,OK,preferred_low_cadence_band,{age_s=0.0}
485.0,GRADE,0,NEUTRAL,OK,flat_deadband,"{grade_raw=0.0, grade_display=0.0}"
485.0,GEAR,WAIT,GRAY,NO_DATA,missing_gear,{}
486.0,SPEED,24.3,NEUTRAL,OK,near_reference,"{reference_kmh=24.520679012345685, age_s=0.0}"
486.0,POWER,161,NEUTRAL,OK,power_present,{age_s=0.0}
486.0,HR,123,NEUTRAL,OK,hr_present,{age_s=0.0}
486.0,CADENCE,62,GREEN,OK,preferred_low_cadence_band,{age_s=0.0}
486.0,GRADE,0,NEUTRAL,OK,flat_deadband,"{grade_raw=0.0, grade_display=0.0}"
486.0,GEAR,WAIT,GRAY,NO_DATA,missing_gear,{}
487.0,SPEED,24.4,NEUTRAL,OK,near_reference,"{reference_kmh=24.52032854209446, age_s=0.0}"
487.0,POWER,162,NEUTRAL,OK,power_present,{age_s=0.0}
487.0,HR,124,NEUTRAL,OK,hr_present,{age_s=0.0}
487.0,CADENCE,63,GREEN,OK,preferred_low_cadence_band,{age_s=0.0}
487.0,GRADE,0,NEUTRAL,OK,flat_deadband,"{grade_raw=0.0, grade_display=0.0}"
487.0,GEAR,WAIT,GRAY,NO_DATA,missing_gear,{}
488.0,SPEED,24.4,NEUTRAL,OK,near_reference,"{reference_kmh=24.520081967213116, age_s=0.0}"
488.0,POWER,163,NEUTRAL,OK,power_present,{age_s=0.0}
488.0,HR,125,NEUTRAL,OK,hr_present,{age_s=0.0}
488.0,CADENCE,64,GREEN,OK,preferred_low_cadence_band,{age_s=0.0}
488.0,GRADE,0,NEUTRAL,OK,flat_deadband,"{grade_raw=0.0, grade_display=0.0}"
488.0,GEAR,WAIT,GRAY,NO_DATA,missing_gear,{}
489.0,SPEED,24.5,NEUTRAL,OK,near_reference,"{reference_kmh=24.519938650306752, age_s=0.0}"
489.0,POWER,164,NEUTRAL,OK,power_present,{age_s=0.0}
489.0,HR,126,NEUTRAL,OK,hr_present,{age_s=0.0}
489.0,CADENCE,65,GREEN,OK,preferred_low_cadence_band,{age_s=0.0}
489.0,GRADE,0,NEUTRAL,OK,flat_deadband,"{grade_raw=0.0, grade_display=0.0}"
489.0,GEAR,WAIT,GRAY,NO_DATA,missing_gear,{}
490.0,SPEED,24.5,NEUTRAL,OK,near_reference,"{reference_kmh=24.51989795918368, age_s=0.0}"
490.0,POWER,165,NEUTRAL,OK,power_present,{age_s=0.0}
490.0,HR,127,NEUTRAL,OK,hr_present,{age_s=0.0}
490.0,CADENCE,66,GREEN,OK,preferred_low_cadence_band,{age_s=0.0}
490.0,GRADE,0,NEUTRAL,OK,flat_deadband,"{grade_raw=0.0, grade_display=0.0}"
490.0,GEAR,WAIT,GRAY,NO_DATA,missing_gear,{}
491.0,SPEED,24.6,NEUTRAL,OK,near_reference,"{reference_kmh=24.51995926680245, age_s=0.0}"
491.0,POWER,166,NEUTRAL,OK,power_present,{age_s=0.0}
491.0,HR,128,NEUTRAL,OK,hr_present,{age_s=0.0}
491.0,CADENCE,67,GREEN,OK,preferred_low_cadence_band,{age_s=0.0}
491.0,GRADE,0,NEUTRAL,OK,flat_deadband,"{grade_raw=0.0, grade_display=0.0}"
491.0,GEAR,WAIT,GRAY,NO_DATA,missing_gear,{}
492.0,SPEED,24.6,NEUTRAL,OK,near_reference,"{reference_kmh=24.52012195121952, age_s=0.0}"
492.0,POWER,167,NEUTRAL,OK,power_present,{age_s=0.0}
492.0,HR,129,NEUTRAL,OK,hr_present,{age_s=0.0}
492.0,CADENCE,68,GREEN,OK,preferred_low_cadence_band,{age_s=0.0}
492.0,GRADE,0,NEUTRAL,OK,flat_deadband,"{grade_raw=0.0, grade_display=0.0}"
492.0,GEAR,WAIT,GRAY,NO_DATA,missing_gear,{}
493.0,SPEED,24.7,NEUTRAL,OK,near_reference,"{reference_kmh=24.52038539553753, age_s=0.0}"
493.0,POWER,168,NEUTRAL,OK,power_present,{age_s=0.0}
493.0,HR,130,NEUTRAL,OK,hr_present,{age_s=0.0}
493.0,CADENCE,69,GREEN,OK,preferred_low_cadence_band,{age_s=0.0}
493.0,GRADE,0,NEUTRAL,OK,flat_deadband,"{grade_raw=0.0, grade_display=0.0}"
493.0,GEAR,WAIT,GRAY,NO_DATA,missing_gear,{}
494.0,SPEED,24.7,NEUTRAL,OK,near_reference,"{reference_kmh=24.520748987854258, age_s=0.0}"
494.0,POWER,169,NEUTRAL,OK,power_present,{age_s=0.0}
494.0,HR,131,NEUTRAL,OK,hr_present,{age_s=0.0}
494.0,CADENCE,70,GREEN,OK,preferred_low_cadence_band,{age_s=0.0}
494.0,GRADE,0,NEUTRAL,OK,flat_deadband,"{grade_raw=0.0, grade_display=0.0}"
494.0,GEAR,WAIT,GRAY,NO_DATA,missing_gear,{}
495.0,SPEED,24.8,NEUTRAL,OK,near_reference,"{reference_kmh=24.521212121212127, age_s=0.0}"
495.0,POWER,170,NEUTRAL,OK,power_present,{age_s=0.0}
495.0,HR,132,NEUTRAL,OK,hr_present,{age_s=0.0}
495.0,CADENCE,60,GREEN,OK,preferred_low_cadence_band,{age_s=0.0}
495.0,GRADE,0,NEUTRAL,OK,flat_deadband,"{grade_raw=0.0, grade_display=0.0}"
495.0,GEAR,WAIT,GRAY,NO_DATA,missing_gear,{}
496.0,SPEED,24.8,NEUTRAL,OK,near_reference,"{reference_kmh=24.521774193548392, age_s=0.0}"
496.0,POWER,140,NEUTRAL,OK,power_present,{age_s=0.0}
496.0,HR,133,NEUTRAL,OK,hr_present,{age_s=0.0}
496.0,CADENCE,61,GREEN,OK,preferred_low_cadence_band,{age_s=0.0}
496.0,GRADE,0,NEUTRAL,OK,flat_deadband,"{grade_raw=0.0, grade_display=0.0}"
496.0,GEAR,WAIT,GRAY,NO_DATA,missing_gear,{}
497.0,SPEED,24.9,NEUTRAL,OK,near_reference,"{reference_kmh=24.522434607645884, age_s=0.0}"
497.0,POWER,141,NEUTRAL,OK,power_present,{age_s=0.0}
497.0,HR,134,NEUTRAL,OK,hr_present,{age_s=0.0}
497.0,CADENCE,62,GREEN,OK,preferred_low_cadence_band,{age_s=0.0}
497.0,GRADE,0,NEUTRAL,OK,flat_deadband,"{grade_raw=0.0, grade_display=0.0}"
497.0,GEAR,WAIT,GRAY,NO_DATA,missing_gear,{}
498.0,SPEED,24.9,NEUTRAL,OK,near_reference,"{reference_kmh=24.52319277108434, age_s=0.0}"
498.0,POWER,142,NEUTRAL,OK,power_present,{age_s=0.0}
498.0,HR,135,NEUTRAL,OK,hr_present,{age_s=0.0}
498.0,CADENCE,63,GREEN,OK,preferred_low_cadence_band,{age_s=0.0}
498.0,GRADE,0,NEUTRAL,OK,flat_deadband,"{grade_raw=0.0, grade_display=0.0}"
498.0,GEAR,WAIT,GRAY,NO_DATA,missing_gear,{}
499.0,SPEED,25.0,NEUTRAL,OK,near_reference,"{reference_kmh=24.52404809619239, age_s=0.0}"
499.0,POWER,143,NEUTRAL,OK,power_present,{age_s=0.0}
499.0,HR,136,NEUTRAL,OK,hr_present,{age_s=0.0}
499.0,CADENCE,64,GREEN,OK,preferred_low_cadence_band,{age_s=0.0}
499.0,GRADE,0,NEUTRAL,OK,flat_deadband,"{grade_raw=0.0, grade_display=0.0}"
499.0,GEAR,WAIT,GRAY,NO_DATA,missing_gear,{}
500.0,SPEED,24.0,NEUTRAL,OK,near_reference,"{reference_kmh=24.523000000000003, age_s=0.0}"
500.0,POWER,144,NEUTRAL,OK,power_present,{age_s=0.0}
500.0,HR,137,NEUTRAL,OK,hr_present,{age_s=0.0}
500.0,CADENCE,65,GREEN,OK,preferred_low_cadence_band,{age_s=0.0}
500.0,GRADE,0,NEUTRAL,OK,flat_deadband,"{grade_raw=0.0, grade_display=0.0}"
500.0,GEAR,WAIT,GRAY,NO_DATA,missing_gear,{}
501.0,SPEED,24.1,NEUTRAL,OK,near_reference,"{reference_kmh=24.52205588822356, age_s=0.0}"
501.0,POWER,145,NEUTRAL,OK,power_present,{age_s=0.0}
501.0,HR,138,NEUTRAL,OK,hr_present,{age_s=0.0}
501.0,CADENCE,66,GREEN,OK,preferred_low_cadence_band,{age_s=0.0}
501.0,GRADE,0,NEUTRAL,OK,flat_deadband,"{grade_raw=0.0, grade_display=0.0}"
501.0,GEAR,WAIT,GRAY,NO_DATA,missing_gear,{}
502.0,SPEED,24.1,NEUTRAL,OK,near_reference,"{reference_kmh=24.52121513944223, age_s=0.0}"
502.0,POWER,146,NEUTRAL,OK,power_present,{age_s=0.0}
502.0,HR,139,NEUTRAL,OK,hr_present,{age_s=0.0}
502.0,CADENCE,67,GREEN,OK,preferred_low_cadence_band,{age_s=0.0}
502.0,GRADE,0,NEUTRAL,OK,flat_deadband,"{grade_raw=0.0, grade_display=0.0}"
502.0,GEAR,WAIT,GRAY,NO_DATA,missing_gear,{}
503.0,SPEED,24.2,NEUTRAL,OK,near_reference,"{reference_kmh=24.520477137176943, age_s=0.0}"
503.0,POWER,147,NEUTRAL,OK,power_present,{age_s=0.0}
503.0,HR,140,NEUTRAL,OK,hr_present,{age_s=0.0}
503.0,CADENCE,68,GREEN,OK,preferred_low_cadence_band,{age_s=0.0}
503.0,GRADE,0,NEUTRAL,OK,flat_deadband,"{grade_raw=0.0, grade_display=0.0}"
503.0,GEAR,WAIT,GRAY,NO_DATA,missing_gear,{}
504.0,SPEED,24.2,NEUTRAL,OK,near_reference,"{reference_kmh=24.519841269841272, age_s=0.0}"
504.0,POWER,148,NEUTRAL,OK,power_present,{age_s=0.0}
504.0,HR,120,NEUTRAL,OK,hr_present,{age_s=0.0}
504.0,CADENCE,69,GREEN,OK,preferred_low_cadence_band,{age_s=0.0}
504.0,GRADE,0,NEUTRAL,OK,flat_deadband,"{grade_raw=0.0, grade_display=0.0}"
504.0,GEAR,WAIT,GRAY,NO_DATA,missing_gear,{}
505.0,SPEED,24.3,NEUTRAL,OK,near_reference,"{reference_kmh=24.519306930693073, age_s=0.0}"
505.0,POWER,149,NEUTRAL,OK,power_present,{age_s=0.0}
505.0,HR,121,NEUTRAL,OK,hr_present,{age_s=0.0}
505.0,CADENCE,70,GREEN,OK,preferred_low_cadence_band,{age_s=0.0}
505.0,GRADE,0,NEUTRAL,OK,flat_deadband,"{grade_raw=0.0, grade_display=0.0}"
505.0,GEAR,WAIT,GRAY,NO_DATA,missing_gear,{}
506.0,SPEED,24.3,NEUTRAL,OK,near_reference,"{reference_kmh=24.51887351778657, age_s=0.0}"
506.0,POWER,150,NEUTRAL,OK,power_present,{age_s=0.0}
506.0,HR,122,NEUTRAL,OK,hr_present,{age_s=0.0}
506.0,CADENCE,60,GREEN,OK,preferred_low_cadence_band,{age_s=0.0}
506.0,GRADE,0,NEUTRAL,OK,flat_deadband,"{grade_raw=0.0, grade_display=0.0}"
506.0,GEAR,WAIT,GRAY,NO_DATA,missing_gear,{}
507.0,SPEED,24.4,NEUTRAL,OK,near_reference,"{reference_kmh=24.51854043392505, age_s=0.0}"
507.0,POWER,151,NEUTRAL,OK,power_present,{age_s=0.0}
507.0,HR,123,NEUTRAL,OK,hr_present,{age_s=0.0}
507.0,CADENCE,61,GREEN,OK,preferred_low_cadence_band,{age_s=0.0}
507.0,GRADE,0,NEUTRAL,OK,flat_deadband,"{grade_raw=0.0, grade_display=0.0}"
507.0,GEAR,WAIT,GRAY,NO_DATA,missing_gear,{}
508.0,SPEED,24.4,NEUTRAL,OK,near_reference,"{reference_kmh=24.51830708661418, age_s=0.0}"
508.0,POWER,152,NEUTRAL,OK,power_present,{age_s=0.0}
508.0,HR,124,NEUTRAL,OK,hr_present,{age_s=0.0}
508.0,CADENCE,62,GREEN,OK,preferred_low_cadence_band,{age_s=0.0}
508.0,GRADE,0,NEUTRAL,OK,flat_deadband,"{grade_raw=0.0, grade_display=0.0}"
508.0,GEAR,WAIT,GRAY,NO_DATA,missing_gear,{}
509.0,SPEED,24.5,NEUTRAL,OK,near_reference,"{reference_kmh=24.51817288801572, age_s=0.0}"
509.0,POWER,153,NEUTRAL,OK,power_present,{age_s=0.0}
509.0,HR,125,NEUTRAL,OK,hr_present,{age_s=0.0}
509.0,CADENCE,63,GREEN,OK,preferred_low_cadence_band,{age_s=0.0}
509.0,GRADE,0,NEUTRAL,OK,flat_deadband,"{grade_raw=0.0, grade_display=0.0}"
509.0,GEAR,WAIT,GRAY,NO_DATA,missing_gear,{}
510.0,SPEED,24.5,NEUTRAL,OK,near_reference,"{reference_kmh=24.518137254901966, age_s=0.0}"
510.0,POWER,154,NEUTRAL,OK,power_present,{age_s=0.0}
510.0,HR,126,NEUTRAL,OK,hr_present,{age_s=0.0}
510.0,CADENCE,64,GREEN,OK,preferred_low_cadence_band,{age_s=0.0}
510.0,GRADE,0,NEUTRAL,OK,flat_deadband,"{grade_raw=0.0, grade_display=0.0}"
510.0,GEAR,WAIT,GRAY,NO_DATA,missing_gear,{}
511.0,SPEED,24.6,NEUTRAL,OK,near_reference,"{reference_kmh=24.51819960861057, age_s=0.0}"
511.0,POWER,155,NEUTRAL,OK,power_present,{age_s=0.0}
511.0,HR,127,NEUTRAL,OK,hr_present,{age_s=0.0}
511.0,CADENCE,65,GREEN,OK,preferred_low_cadence_band,{age_s=0.0}
511.0,GRADE,0,NEUTRAL,OK,flat_deadband,"{grade_raw=0.0, grade_display=0.0}"
511.0,GEAR,WAIT,GRAY,NO_DATA,missing_gear,{}
512.0,SPEED,24.6,NEUTRAL,OK,near_reference,"{reference_kmh=24.518359375000003, age_s=0.0}"
512.0,POWER,156,NEUTRAL,OK,power_present,{age_s=0.0}
512.0,HR,128,NEUTRAL,OK,hr_present,{age_s=0.0}
512.0,CADENCE,66,GREEN,OK,preferred_low_cadence_band,{age_s=0.0}
512.0,GRADE,0,NEUTRAL,OK,flat_deadband,"{grade_raw=0.0, grade_display=0.0}"
512.0,GEAR,WAIT,GRAY,NO_DATA,missing_gear,{}
513.0,SPEED,24.7,NEUTRAL,OK,near_reference,"{reference_kmh=24.518615984405464, age_s=0.0}"
513.0,POWER,157,NEUTRAL,OK,power_present,{age_s=0.0}
513.0,HR,129,NEUTRAL,OK,hr_present,{age_s=0.0}
513.0,CADENCE,67,GREEN,OK,preferred_low_cadence_band,{age_s=0.0}
513.0,GRADE,0,NEUTRAL,OK,flat_deadband,"{grade_raw=0.0, grade_display=0.0}"
513.0,GEAR,WAIT,GRAY,NO_DATA,missing_gear,{}
514.0,SPEED,24.7,NEUTRAL,OK,near_reference,"{reference_kmh=24.518968871595337, age_s=0.0}"
514.0,POWER,158,NEUTRAL,OK,power_present,{age_s=0.0}
514.0,HR,130,NEUTRAL,OK,hr_present,{age_s=0.0}
514.0,CADENCE,68,GREEN,OK,preferred_low_cadence_band,{age_s=0.0}
514.0,GRADE,0,NEUTRAL,OK,flat_deadband,"{grade_raw=0.0, grade_display=0.0}"
514.0,GEAR,WAIT,GRAY,NO_DATA,missing_gear,{}
515.0,SPEED,24.8,NEUTRAL,OK,near_reference,"{reference_kmh=24.51941747572816, age_s=0.0}"
515.0,POWER,159,NEUTRAL,OK,power_present,{age_s=0.0}
515.0,HR,131,NEUTRAL,OK,hr_present,{age_s=0.0}
515.0,CADENCE,69,GREEN,OK,preferred_low_cadence_band,{age_s=0.0}
515.0,GRADE,0,NEUTRAL,OK,flat_deadband,"{grade_raw=0.0, grade_display=0.0}"
515.0,GEAR,WAIT,GRAY,NO_DATA,missing_gear,{}
516.0,SPEED,24.8,NEUTRAL,OK,near_reference,"{reference_kmh=24.51996124031008, age_s=0.0}"
516.0,POWER,160,NEUTRAL,OK,power_present,{age_s=0.0}
516.0,HR,132,NEUTRAL,OK,hr_present,{age_s=0.0}
516.0,CADENCE,70,GREEN,OK,preferred_low_cadence_band,{age_s=0.0}
516.0,GRADE,0,NEUTRAL,OK,flat_deadband,"{grade_raw=0.0, grade_display=0.0}"
516.0,GEAR,WAIT,GRAY,NO_DATA,missing_gear,{}
517.0,SPEED,24.9,NEUTRAL,OK,near_reference,"{reference_kmh=24.52059961315281, age_s=0.0}"
517.0,POWER,161,NEUTRAL,OK,power_present,{age_s=0.0}
517.0,HR,133,NEUTRAL,OK,hr_present,{age_s=0.0}
517.0,CADENCE,60,GREEN,OK,preferred_low_cadence_band,{age_s=0.0}
517.0,GRADE,0,NEUTRAL,OK,flat_deadband,"{grade_raw=0.0, grade_display=0.0}"
517.0,GEAR,WAIT,GRAY,NO_DATA,missing_gear,{}
518.0,SPEED,24.9,NEUTRAL,OK,near_reference,"{reference_kmh=24.521332046332045, age_s=0.0}"
518.0,POWER,162,NEUTRAL,OK,power_present,{age_s=0.0}
518.0,HR,134,NEUTRAL,OK,hr_present,{age_s=0.0}
518.0,CADENCE,61,GREEN,OK,preferred_low_cadence_band,{age_s=0.0}
518.0,GRADE,0,NEUTRAL,OK,flat_deadband,"{grade_raw=0.0, grade_display=0.0}"
518.0,GEAR,WAIT,GRAY,NO_DATA,missing_gear,{}
519.0,SPEED,25.0,NEUTRAL,OK,near_reference,"{reference_kmh=24.52215799614644, age_s=0.0}"
519.0,POWER,163,NEUTRAL,OK,power_present,{age_s=0.0}
519.0,HR,135,NEUTRAL,OK,hr_present,{age_s=0.0}
519.0,CADENCE,62,GREEN,OK,preferred_low_cadence_band,{age_s=0.0}
519.0,GRADE,0,NEUTRAL,OK,flat_deadband,"{grade_raw=0.0, grade_display=0.0}"
519.0,GEAR,WAIT,GRAY,NO_DATA,missing_gear,{}
520.0,SPEED,24.0,NEUTRAL,OK,near_reference,"{reference_kmh=24.52115384615385, age_s=0.0}"
520.0,POWER,164,NEUTRAL,OK,power_present,{age_s=0.0}
520.0,HR,136,NEUTRAL,OK,hr_present,{age_s=0.0}
520.0,CADENCE,63,GREEN,OK,preferred_low_cadence_band,{age_s=0.0}
520.0,GRADE,0,NEUTRAL,OK,flat_deadband,"{grade_raw=0.0, grade_display=0.0}"
520.0,GEAR,WAIT,GRAY,NO_DATA,missing_gear,{}
521.0,SPEED,24.1,NEUTRAL,OK,near_reference,"{reference_kmh=24.520249520153552, age_s=0.0}"
521.0,POWER,165,NEUTRAL,OK,power_present,{age_s=0.0}
521.0,HR,137,NEUTRAL,OK,hr_present,{age_s=0.0}
521.0,CADENCE,64,GREEN,OK,preferred_low_cadence_band,{age_s=0.0}
521.0,GRADE,0,NEUTRAL,OK,flat_deadband,"{grade_raw=0.0, grade_display=0.0}"
521.0,GEAR,WAIT,GRAY,NO_DATA,missing_gear,{}
522.0,SPEED,24.1,NEUTRAL,OK,near_reference,"{reference_kmh=24.51944444444445, age_s=0.0}"
522.0,POWER,166,NEUTRAL,OK,power_present,{age_s=0.0}
522.0,HR,138,NEUTRAL,OK,hr_present,{age_s=0.0}
522.0,CADENCE,65,GREEN,OK,preferred_low_cadence_band,{age_s=0.0}
522.0,GRADE,0,NEUTRAL,OK,flat_deadband,"{grade_raw=0.0, grade_display=0.0}"
522.0,GEAR,WAIT,GRAY,NO_DATA,missing_gear,{}
523.0,SPEED,24.2,NEUTRAL,OK,near_reference,"{reference_kmh=24.518738049713196, age_s=0.0}"
523.0,POWER,167,NEUTRAL,OK,power_present,{age_s=0.0}
523.0,HR,139,NEUTRAL,OK,hr_present,{age_s=0.0}
523.0,CADENCE,66,GREEN,OK,preferred_low_cadence_band,{age_s=0.0}
523.0,GRADE,0,NEUTRAL,OK,flat_deadband,"{grade_raw=0.0, grade_display=0.0}"
523.0,GEAR,WAIT,GRAY,NO_DATA,missing_gear,{}
524.0,SPEED,24.2,NEUTRAL,OK,near_reference,"{reference_kmh=24.51812977099237, age_s=0.0}"
524.0,POWER,168,NEUTRAL,OK,power_present,{age_s=0.0}
524.0,HR,140,NEUTRAL,OK,hr_present,{age_s=0.0}
524.0,CADENCE,67,GREEN,OK,preferred_low_cadence_band,{age_s=0.0}
524.0,GRADE,0,NEUTRAL,OK,flat_deadband,"{grade_raw=0.0, grade_display=0.0}"
524.0,GEAR,WAIT,GRAY,NO_DATA,missing_gear,{}
525.0,SPEED,24.3,NEUTRAL,OK,near_reference,"{reference_kmh=24.51761904761905, age_s=0.0}"
525.0,POWER,169,NEUTRAL,OK,power_present,{age_s=0.0}
525.0,HR,120,NEUTRAL,OK,hr_present,{age_s=0.0}
525.0,CADENCE,68,GREEN,OK,preferred_low_cadence_band,{age_s=0.0}
525.0,GRADE,0,NEUTRAL,OK,flat_deadband,"{grade_raw=0.0, grade_display=0.0}"
525.0,GEAR,WAIT,GRAY,NO_DATA,missing_gear,{}
526.0,SPEED,24.3,NEUTRAL,OK,near_reference,"{reference_kmh=24.51720532319392, age_s=0.0}"
526.0,POWER,170,NEUTRAL,OK,power_present,{age_s=0.0}
526.0,HR,121,NEUTRAL,OK,hr_present,{age_s=0.0}
526.0,CADENCE,69,GREEN,OK,preferred_low_cadence_band,{age_s=0.0}
526.0,GRADE,0,NEUTRAL,OK,flat_deadband,"{grade_raw=0.0, grade_display=0.0}"
526.0,GEAR,WAIT,GRAY,NO_DATA,missing_gear,{}
527.0,SPEED,24.4,NEUTRAL,OK,near_reference,"{reference_kmh=24.5168880455408, age_s=0.0}"
527.0,POWER,140,NEUTRAL,OK,power_present,{age_s=0.0}
527.0,HR,122,NEUTRAL,OK,hr_present,{age_s=0.0}
527.0,CADENCE,70,GREEN,OK,preferred_low_cadence_band,{age_s=0.0}
527.0,GRADE,0,NEUTRAL,OK,flat_deadband,"{grade_raw=0.0, grade_display=0.0}"
527.0,GEAR,WAIT,GRAY,NO_DATA,missing_gear,{}
528.0,SPEED,24.4,NEUTRAL,OK,near_reference,"{reference_kmh=24.51666666666667, age_s=0.0}"
528.0,POWER,141,NEUTRAL,OK,power_present,{age_s=0.0}
528.0,HR,123,NEUTRAL,OK,hr_present,{age_s=0.0}
528.0,CADENCE,60,GREEN,OK,preferred_low_cadence_band,{age_s=0.0}
528.0,GRADE,0,NEUTRAL,OK,flat_deadband,"{grade_raw=0.0, grade_display=0.0}"
528.0,GEAR,WAIT,GRAY,NO_DATA,missing_gear,{}
529.0,SPEED,24.5,NEUTRAL,OK,near_reference,"{reference_kmh=24.51654064272212, age_s=0.0}"
529.0,POWER,142,NEUTRAL,OK,power_present,{age_s=0.0}
529.0,HR,124,NEUTRAL,OK,hr_present,{age_s=0.0}
529.0,CADENCE,61,GREEN,OK,preferred_low_cadence_band,{age_s=0.0}
529.0,GRADE,0,NEUTRAL,OK,flat_deadband,"{grade_raw=0.0, grade_display=0.0}"
529.0,GEAR,WAIT,GRAY,NO_DATA,missing_gear,{}
530.0,SPEED,24.5,NEUTRAL,OK,near_reference,"{reference_kmh=24.516509433962266, age_s=0.0}"
530.0,POWER,143,NEUTRAL,OK,power_present,{age_s=0.0}
530.0,HR,125,NEUTRAL,OK,hr_present,{age_s=0.0}
530.0,CADENCE,62,GREEN,OK,preferred_low_cadence_band,{age_s=0.0}
530.0,GRADE,0,NEUTRAL,OK,flat_deadband,"{grade_raw=0.0, grade_display=0.0}"
530.0,GEAR,WAIT,GRAY,NO_DATA,missing_gear,{}
531.0,SPEED,24.6,NEUTRAL,OK,near_reference,"{reference_kmh=24.5165725047081, age_s=0.0}"
531.0,POWER,144,NEUTRAL,OK,power_present,{age_s=0.0}
531.0,HR,126,NEUTRAL,OK,hr_present,{age_s=0.0}
531.0,CADENCE,63,GREEN,OK,preferred_low_cadence_band,{age_s=0.0}
531.0,GRADE,0,NEUTRAL,OK,flat_deadband,"{grade_raw=0.0, grade_display=0.0}"
531.0,GEAR,WAIT,GRAY,NO_DATA,missing_gear,{}
532.0,SPEED,24.6,NEUTRAL,OK,near_reference,"{reference_kmh=24.516729323308272, age_s=0.0}"
532.0,POWER,145,NEUTRAL,OK,power_present,{age_s=0.0}
532.0,HR,127,NEUTRAL,OK,hr_present,{age_s=0.0}
532.0,CADENCE,64,GREEN,OK,preferred_low_cadence_band,{age_s=0.0}
532.0,GRADE,0,NEUTRAL,OK,flat_deadband,"{grade_raw=0.0, grade_display=0.0}"
532.0,GEAR,WAIT,GRAY,NO_DATA,missing_gear,{}
533.0,SPEED,24.7,NEUTRAL,OK,near_reference,"{reference_kmh=24.516979362101317, age_s=0.0}"
533.0,POWER,146,NEUTRAL,OK,power_present,{age_s=0.0}
533.0,HR,128,NEUTRAL,OK,hr_present,{age_s=0.0}
533.0,CADENCE,65,GREEN,OK,preferred_low_cadence_band,{age_s=0.0}
533.0,GRADE,0,NEUTRAL,OK,flat_deadband,"{grade_raw=0.0, grade_display=0.0}"
533.0,GEAR,WAIT,GRAY,NO_DATA,missing_gear,{}
534.0,SPEED,24.7,NEUTRAL,OK,near_reference,"{reference_kmh=24.51732209737828, age_s=0.0}"
534.0,POWER,147,NEUTRAL,OK,power_present,{age_s=0.0}
534.0,HR,129,NEUTRAL,OK,hr_present,{age_s=0.0}
534.0,CADENCE,66,GREEN,OK,preferred_low_cadence_band,{age_s=0.0}
534.0,GRADE,0,NEUTRAL,OK,flat_deadband,"{grade_raw=0.0, grade_display=0.0}"
534.0,GEAR,WAIT,GRAY,NO_DATA,missing_gear,{}
535.0,SPEED,24.8,NEUTRAL,OK,near_reference,"{reference_kmh=24.5177570093458, age_s=0.0}"
535.0,POWER,148,NEUTRAL,OK,power_present,{age_s=0.0}
535.0,HR,130,NEUTRAL,OK,hr_present,{age_s=0.0}
535.0,CADENCE,67,GREEN,OK,preferred_low_cadence_band,{age_s=0.0}
535.0,GRADE,0,NEUTRAL,OK,flat_deadband,"{grade_raw=0.0, grade_display=0.0}"
535.0,GEAR,WAIT,GRAY,NO_DATA,missing_gear,{}
536.0,SPEED,24.8,NEUTRAL,OK,near_reference,"{reference_kmh=24.51828358208956, age_s=0.0}"
536.0,POWER,149,NEUTRAL,OK,power_present,{age_s=0.0}
536.0,HR,131,NEUTRAL,OK,hr_present,{age_s=0.0}
536.0,CADENCE,68,GREEN,OK,preferred_low_cadence_band,{age_s=0.0}
536.0,GRADE,0,NEUTRAL,OK,flat_deadband,"{grade_raw=0.0, grade_display=0.0}"
536.0,GEAR,WAIT,GRAY,NO_DATA,missing_gear,{}
537.0,SPEED,24.9,NEUTRAL,OK,near_reference,"{reference_kmh=24.51890130353818, age_s=0.0}"
537.0,POWER,150,NEUTRAL,OK,power_present,{age_s=0.0}
537.0,HR,132,NEUTRAL,OK,hr_present,{age_s=0.0}
537.0,CADENCE,69,GREEN,OK,preferred_low_cadence_band,{age_s=0.0}
537.0,GRADE,0,NEUTRAL,OK,flat_deadband,"{grade_raw=0.0, grade_display=0.0}"
537.0,GEAR,WAIT,GRAY,NO_DATA,missing_gear,{}
538.0,SPEED,24.9,NEUTRAL,OK,near_reference,"{reference_kmh=24.519609665427513, age_s=0.0}"
538.0,POWER,151,NEUTRAL,OK,power_present,{age_s=0.0}
538.0,HR,133,NEUTRAL,OK,hr_present,{age_s=0.0}
538.0,CADENCE,70,GREEN,OK,preferred_low_cadence_band,{age_s=0.0}
538.0,GRADE,0,NEUTRAL,OK,flat_deadband,"{grade_raw=0.0, grade_display=0.0}"
538.0,GEAR,WAIT,GRAY,NO_DATA,missing_gear,{}
539.0,SPEED,25.0,NEUTRAL,OK,near_reference,"{reference_kmh=24.52040816326531, age_s=0.0}"
539.0,POWER,152,NEUTRAL,OK,power_present,{age_s=0.0}
539.0,HR,134,NEUTRAL,OK,hr_present,{age_s=0.0}
539.0,CADENCE,60,GREEN,OK,preferred_low_cadence_band,{age_s=0.0}
539.0,GRADE,0,NEUTRAL,OK,flat_deadband,"{grade_raw=0.0, grade_display=0.0}"
539.0,GEAR,WAIT,GRAY,NO_DATA,missing_gear,{}
540.0,SPEED,24.0,NEUTRAL,OK,near_reference,"{reference_kmh=24.519444444444446, age_s=0.0}"
540.0,POWER,153,NEUTRAL,OK,power_present,{age_s=0.0}
540.0,HR,135,NEUTRAL,OK,hr_present,{age_s=0.0}
540.0,CADENCE,61,GREEN,OK,preferred_low_cadence_band,{age_s=0.0}
540.0,GRADE,0,NEUTRAL,OK,flat_deadband,"{grade_raw=0.0, grade_display=0.0}"
540.0,GEAR,WAIT,GRAY,NO_DATA,missing_gear,{}
541.0,SPEED,24.1,NEUTRAL,OK,near_reference,"{reference_kmh=24.518576709796672, age_s=0.0}"
541.0,POWER,154,NEUTRAL,OK,power_present,{age_s=0.0}
541.0,HR,136,NEUTRAL,OK,hr_present,{age_s=0.0}
541.0,CADENCE,62,GREEN,OK,preferred_low_cadence_band,{age_s=0.0}
541.0,GRADE,0,NEUTRAL,OK,flat_deadband,"{grade_raw=0.0, grade_display=0.0}"
541.0,GEAR,WAIT,GRAY,NO_DATA,missing_gear,{}
542.0,SPEED,24.1,NEUTRAL,OK,near_reference,"{reference_kmh=24.517804428044283, age_s=0.0}"
542.0,POWER,155,NEUTRAL,OK,power_present,{age_s=0.0}
542.0,HR,137,NEUTRAL,OK,hr_present,{age_s=0.0}
542.0,CADENCE,63,GREEN,OK,preferred_low_cadence_band,{age_s=0.0}
542.0,GRADE,0,NEUTRAL,OK,flat_deadband,"{grade_raw=0.0, grade_display=0.0}"
542.0,GEAR,WAIT,GRAY,NO_DATA,missing_gear,{}
543.0,SPEED,24.2,NEUTRAL,OK,near_reference,"{reference_kmh=24.517127071823204, age_s=0.0}"
543.0,POWER,156,NEUTRAL,OK,power_present,{age_s=0.0}
543.0,HR,138,NEUTRAL,OK,hr_present,{age_s=0.0}
543.0,CADENCE,64,GREEN,OK,preferred_low_cadence_band,{age_s=0.0}
543.0,GRADE,0,NEUTRAL,OK,flat_deadband,"{grade_raw=0.0, grade_display=0.0}"
543.0,GEAR,WAIT,GRAY,NO_DATA,missing_gear,{}
544.0,SPEED,24.2,NEUTRAL,OK,near_reference,"{reference_kmh=24.51654411764706, age_s=0.0}"
544.0,POWER,157,NEUTRAL,OK,power_present,{age_s=0.0}
544.0,HR,139,NEUTRAL,OK,hr_present,{age_s=0.0}
544.0,CADENCE,65,GREEN,OK,preferred_low_cadence_band,{age_s=0.0}
544.0,GRADE,0,NEUTRAL,OK,flat_deadband,"{grade_raw=0.0, grade_display=0.0}"
544.0,GEAR,WAIT,GRAY,NO_DATA,missing_gear,{}
545.0,SPEED,24.3,NEUTRAL,OK,near_reference,"{reference_kmh=24.516055045871564, age_s=0.0}"
545.0,POWER,158,NEUTRAL,OK,power_present,{age_s=0.0}
545.0,HR,140,NEUTRAL,OK,hr_present,{age_s=0.0}
545.0,CADENCE,66,GREEN,OK,preferred_low_cadence_band,{age_s=0.0}
545.0,GRADE,0,NEUTRAL,OK,flat_deadband,"{grade_raw=0.0, grade_display=0.0}"
545.0,GEAR,WAIT,GRAY,NO_DATA,missing_gear,{}
546.0,SPEED,24.3,NEUTRAL,OK,near_reference,"{reference_kmh=24.515659340659344, age_s=0.0}"
546.0,POWER,159,NEUTRAL,OK,power_present,{age_s=0.0}
546.0,HR,120,NEUTRAL,OK,hr_present,{age_s=0.0}
546.0,CADENCE,67,GREEN,OK,preferred_low_cadence_band,{age_s=0.0}
546.0,GRADE,0,NEUTRAL,OK,flat_deadband,"{grade_raw=0.0, grade_display=0.0}"
546.0,GEAR,WAIT,GRAY,NO_DATA,missing_gear,{}
547.0,SPEED,24.4,NEUTRAL,OK,near_reference,"{reference_kmh=24.51535648994516, age_s=0.0}"
547.0,POWER,160,NEUTRAL,OK,power_present,{age_s=0.0}
547.0,HR,121,NEUTRAL,OK,hr_present,{age_s=0.0}
547.0,CADENCE,68,GREEN,OK,preferred_low_cadence_band,{age_s=0.0}
547.0,GRADE,0,NEUTRAL,OK,flat_deadband,"{grade_raw=0.0, grade_display=0.0}"
547.0,GEAR,WAIT,GRAY,NO_DATA,missing_gear,{}
548.0,SPEED,24.4,NEUTRAL,OK,near_reference,"{reference_kmh=24.51514598540146, age_s=0.0}"
548.0,POWER,161,NEUTRAL,OK,power_present,{age_s=0.0}
548.0,HR,122,NEUTRAL,OK,hr_present,{age_s=0.0}
548.0,CADENCE,69,GREEN,OK,preferred_low_cadence_band,{age_s=0.0}
548.0,GRADE,0,NEUTRAL,OK,flat_deadband,"{grade_raw=0.0, grade_display=0.0}"
548.0,GEAR,WAIT,GRAY,NO_DATA,missing_gear,{}
549.0,SPEED,24.5,NEUTRAL,OK,near_reference,"{reference_kmh=24.515027322404375, age_s=0.0}"
549.0,POWER,162,NEUTRAL,OK,power_present,{age_s=0.0}
549.0,HR,123,NEUTRAL,OK,hr_present,{age_s=0.0}
549.0,CADENCE,70,GREEN,OK,preferred_low_cadence_band,{age_s=0.0}
549.0,GRADE,0,NEUTRAL,OK,flat_deadband,"{grade_raw=0.0, grade_display=0.0}"
549.0,GEAR,WAIT,GRAY,NO_DATA,missing_gear,{}
550.0,SPEED,24.5,NEUTRAL,OK,near_reference,"{reference_kmh=24.515, age_s=0.0}"
550.0,POWER,163,NEUTRAL,OK,power_present,{age_s=0.0}
550.0,HR,124,NEUTRAL,OK,hr_present,{age_s=0.0}
550.0,CADENCE,60,GREEN,OK,preferred_low_cadence_band,{age_s=0.0}
550.0,GRADE,0,NEUTRAL,OK,flat_deadband,"{grade_raw=0.0, grade_display=0.0}"
550.0,GEAR,WAIT,GRAY,NO_DATA,missing_gear,{}
551.0,SPEED,24.6,NEUTRAL,OK,near_reference,"{reference_kmh=24.515063520871145, age_s=0.0}"
551.0,POWER,164,NEUTRAL,OK,power_present,{age_s=0.0}
551.0,HR,125,NEUTRAL,OK,hr_present,{age_s=0.0}
551.0,CADENCE,61,GREEN,OK,preferred_low_cadence_band,{age_s=0.0}
551.0,GRADE,0,NEUTRAL,OK,flat_deadband,"{grade_raw=0.0, grade_display=0.0}"
551.0,GEAR,WAIT,GRAY,NO_DATA,missing_gear,{}
552.0,SPEED,24.6,NEUTRAL,OK,near_reference,"{reference_kmh=24.51521739130435, age_s=0.0}"
552.0,POWER,165,NEUTRAL,OK,power_present,{age_s=0.0}
552.0,HR,126,NEUTRAL,OK,hr_present,{age_s=0.0}
552.0,CADENCE,62,GREEN,OK,preferred_low_cadence_band,{age_s=0.0}
552.0,GRADE,0,NEUTRAL,OK,flat_deadband,"{grade_raw=0.0, grade_display=0.0}"
552.0,GEAR,WAIT,GRAY,NO_DATA,missing_gear,{}
553.0,SPEED,24.7,NEUTRAL,OK,near_reference,"{reference_kmh=24.515461121157326, age_s=0.0}"
553.0,POWER,166,NEUTRAL,OK,power_present,{age_s=0.0}
553.0,HR,127,NEUTRAL,OK,hr_present,{age_s=0.0}
553.0,CADENCE,63,GREEN,OK,preferred_low_cadence_band,{age_s=0.0}
553.0,GRADE,0,NEUTRAL,OK,flat_deadband,"{grade_raw=0.0, grade_display=0.0}"
553.0,GEAR,WAIT,GRAY,NO_DATA,missing_gear,{}
554.0,SPEED,24.7,NEUTRAL,OK,near_reference,"{reference_kmh=24.51579422382672, age_s=0.0}"
554.0,POWER,167,NEUTRAL,OK,power_present,{age_s=0.0}
554.0,HR,128,NEUTRAL,OK,hr_present,{age_s=0.0}
554.0,CADENCE,64,GREEN,OK,preferred_low_cadence_band,{age_s=0.0}
554.0,GRADE,0,NEUTRAL,OK,flat_deadband,"{grade_raw=0.0, grade_display=0.0}"
554.0,GEAR,WAIT,GRAY,NO_DATA,missing_gear,{}
555.0,SPEED,24.8,NEUTRAL,OK,near_reference,"{reference_kmh=24.51621621621622, age_s=0.0}"
555.0,POWER,168,NEUTRAL,OK,power_present,{age_s=0.0}
555.0,HR,129,NEUTRAL,OK,hr_present,{age_s=0.0}
555.0,CADENCE,65,GREEN,OK,preferred_low_cadence_band,{age_s=0.0}
555.0,GRADE,0,NEUTRAL,OK,flat_deadband,"{grade_raw=0.0, grade_display=0.0}"
555.0,GEAR,WAIT,GRAY,NO_DATA,missing_gear,{}
556.0,SPEED,24.8,NEUTRAL,OK,near_reference,"{reference_kmh=24.51672661870504, age_s=0.0}"
556.0,POWER,169,NEUTRAL,OK,power_present,{age_s=0.0}
556.0,HR,130,NEUTRAL,OK,hr_present,{age_s=0.0}
556.0,CADENCE,66,GREEN,OK,preferred_low_cadence_band,{age_s=0.0}
556.0,GRADE,0,NEUTRAL,OK,flat_deadband,"{grade_raw=0.0, grade_display=0.0}"
556.0,GEAR,WAIT,GRAY,NO_DATA,missing_gear,{}
557.0,SPEED,24.9,NEUTRAL,OK,near_reference,"{reference_kmh=24.5173249551167, age_s=0.0}"
557.0,POWER,170,NEUTRAL,OK,power_present,{age_s=0.0}
557.0,HR,131,NEUTRAL,OK,hr_present,{age_s=0.0}
557.0,CADENCE,67,GREEN,OK,preferred_low_cadence_band,{age_s=0.0}
557.0,GRADE,0,NEUTRAL,OK,flat_deadband,"{grade_raw=0.0, grade_display=0.0}"
557.0,GEAR,WAIT,GRAY,NO_DATA,missing_gear,{}
558.0,SPEED,24.9,NEUTRAL,OK,near_reference,"{reference_kmh=24.518010752688173, age_s=0.0}"
558.0,POWER,140,NEUTRAL,OK,power_present,{age_s=0.0}
558.0,HR,132,NEUTRAL,OK,hr_present,{age_s=0.0}
558.0,CADENCE,68,GREEN,OK,preferred_low_cadence_band,{age_s=0.0}
558.0,GRADE,0,NEUTRAL,OK,flat_deadband,"{grade_raw=0.0, grade_display=0.0}"
558.0,GEAR,WAIT,GRAY,NO_DATA,missing_gear,{}
559.0,SPEED,25.0,NEUTRAL,OK,near_reference,"{reference_kmh=24.518783542039362, age_s=0.0}"
559.0,POWER,141,NEUTRAL,OK,power_present,{age_s=0.0}
559.0,HR,133,NEUTRAL,OK,hr_present,{age_s=0.0}
559.0,CADENCE,69,GREEN,OK,preferred_low_cadence_band,{age_s=0.0}
559.0,GRADE,0,NEUTRAL,OK,flat_deadband,"{grade_raw=0.0, grade_display=0.0}"
559.0,GEAR,WAIT,GRAY,NO_DATA,missing_gear,{}
560.0,SPEED,24.0,NEUTRAL,OK,near_reference,"{reference_kmh=24.517857142857142, age_s=0.0}"
560.0,POWER,142,NEUTRAL,OK,power_present,{age_s=0.0}
560.0,HR,134,NEUTRAL,OK,hr_present,{age_s=0.0}
560.0,CADENCE,70,GREEN,OK,preferred_low_cadence_band,{age_s=0.0}
560.0,GRADE,0,NEUTRAL,OK,flat_deadband,"{grade_raw=0.0, grade_display=0.0}"
560.0,GEAR,WAIT,GRAY,NO_DATA,missing_gear,{}
561.0,SPEED,24.1,NEUTRAL,OK,near_reference,"{reference_kmh=24.517023172905528, age_s=0.0}"
561.0,POWER,143,NEUTRAL,OK,power_present,{age_s=0.0}
561.0,HR,135,NEUTRAL,OK,hr_present,{age_s=0.0}
561.0,CADENCE,60,GREEN,OK,preferred_low_cadence_band,{age_s=0.0}
561.0,GRADE,0,NEUTRAL,OK,flat_deadband,"{grade_raw=0.0, grade_display=0.0}"
561.0,GEAR,WAIT,GRAY,NO_DATA,missing_gear,{}
562.0,SPEED,24.1,NEUTRAL,OK,near_reference,"{reference_kmh=24.516281138790035, age_s=0.0}"
562.0,POWER,144,NEUTRAL,OK,power_present,{age_s=0.0}
562.0,HR,136,NEUTRAL,OK,hr_present,{age_s=0.0}
562.0,CADENCE,61,GREEN,OK,preferred_low_cadence_band,{age_s=0.0}
562.0,GRADE,0,NEUTRAL,OK,flat_deadband,"{grade_raw=0.0, grade_display=0.0}"
562.0,GEAR,WAIT,GRAY,NO_DATA,missing_gear,{}
563.0,SPEED,24.2,NEUTRAL,OK,near_reference,"{reference_kmh=24.515630550621673, age_s=0.0}"
563.0,POWER,145,NEUTRAL,OK,power_present,{age_s=0.0}
563.0,HR,137,NEUTRAL,OK,hr_present,{age_s=0.0}
563.0,CADENCE,62,GREEN,OK,preferred_low_cadence_band,{age_s=0.0}
563.0,GRADE,0,NEUTRAL,OK,flat_deadband,"{grade_raw=0.0, grade_display=0.0}"
563.0,GEAR,WAIT,GRAY,NO_DATA,missing_gear,{}
564.0,SPEED,24.2,NEUTRAL,OK,near_reference,"{reference_kmh=24.515070921985817, age_s=0.0}"
564.0,POWER,146,NEUTRAL,OK,power_present,{age_s=0.0}
564.0,HR,138,NEUTRAL,OK,hr_present,{age_s=0.0}
564.0,CADENCE,63,GREEN,OK,preferred_low_cadence_band,{age_s=0.0}
564.0,GRADE,0,NEUTRAL,OK,flat_deadband,"{grade_raw=0.0, grade_display=0.0}"
564.0,GEAR,WAIT,GRAY,NO_DATA,missing_gear,{}
565.0,SPEED,24.3,NEUTRAL,OK,near_reference,"{reference_kmh=24.514601769911508, age_s=0.0}"
565.0,POWER,147,NEUTRAL,OK,power_present,{age_s=0.0}
565.0,HR,139,NEUTRAL,OK,hr_present,{age_s=0.0}
565.0,CADENCE,64,GREEN,OK,preferred_low_cadence_band,{age_s=0.0}
565.0,GRADE,0,NEUTRAL,OK,flat_deadband,"{grade_raw=0.0, grade_display=0.0}"
565.0,GEAR,WAIT,GRAY,NO_DATA,missing_gear,{}
566.0,SPEED,24.3,NEUTRAL,OK,near_reference,"{reference_kmh=24.514222614840993, age_s=0.0}"
566.0,POWER,148,NEUTRAL,OK,power_present,{age_s=0.0}
566.0,HR,140,NEUTRAL,OK,hr_present,{age_s=0.0}
566.0,CADENCE,65,GREEN,OK,preferred_low_cadence_band,{age_s=0.0}
566.0,GRADE,0,NEUTRAL,OK,flat_deadband,"{grade_raw=0.0, grade_display=0.0}"
566.0,GEAR,WAIT,GRAY,NO_DATA,missing_gear,{}
567.0,SPEED,24.4,NEUTRAL,OK,near_reference,"{reference_kmh=24.513932980599648, age_s=0.0}"
567.0,POWER,149,NEUTRAL,OK,power_present,{age_s=0.0}
567.0,HR,120,NEUTRAL,OK,hr_present,{age_s=0.0}
567.0,CADENCE,66,GREEN,OK,preferred_low_cadence_band,{age_s=0.0}
567.0,GRADE,0,NEUTRAL,OK,flat_deadband,"{grade_raw=0.0, grade_display=0.0}"
567.0,GEAR,WAIT,GRAY,NO_DATA,missing_gear,{}
568.0,SPEED,24.4,NEUTRAL,OK,near_reference,"{reference_kmh=24.5137323943662, age_s=0.0}"
568.0,POWER,150,NEUTRAL,OK,power_present,{age_s=0.0}
568.0,HR,121,NEUTRAL,OK,hr_present,{age_s=0.0}
568.0,CADENCE,67,GREEN,OK,preferred_low_cadence_band,{age_s=0.0}
568.0,GRADE,0,NEUTRAL,OK,flat_deadband,"{grade_raw=0.0, grade_display=0.0}"
568.0,GEAR,WAIT,GRAY,NO_DATA,missing_gear,{}
569.0,SPEED,24.5,NEUTRAL,OK,near_reference,"{reference_kmh=24.513620386643233, age_s=0.0}"
569.0,POWER,151,NEUTRAL,OK,power_present,{age_s=0.0}
569.0,HR,122,NEUTRAL,OK,hr_present,{age_s=0.0}
569.0,CADENCE,68,GREEN,OK,preferred_low_cadence_band,{age_s=0.0}
569.0,GRADE,0,NEUTRAL,OK,flat_deadband,"{grade_raw=0.0, grade_display=0.0}"
569.0,GEAR,WAIT,GRAY,NO_DATA,missing_gear,{}
570.0,SPEED,24.5,NEUTRAL,OK,near_reference,"{reference_kmh=24.513596491228075, age_s=0.0}"
570.0,POWER,152,NEUTRAL,OK,power_present,{age_s=0.0}
570.0,HR,123,NEUTRAL,OK,hr_present,{age_s=0.0}
570.0,CADENCE,69,GREEN,OK,preferred_low_cadence_band,{age_s=0.0}
570.0,GRADE,0,NEUTRAL,OK,flat_deadband,"{grade_raw=0.0, grade_display=0.0}"
570.0,GEAR,WAIT,GRAY,NO_DATA,missing_gear,{}
571.0,SPEED,24.6,NEUTRAL,OK,near_reference,"{reference_kmh=24.51366024518389, age_s=0.0}"
571.0,POWER,153,NEUTRAL,OK,power_present,{age_s=0.0}
571.0,HR,124,NEUTRAL,OK,hr_present,{age_s=0.0}
571.0,CADENCE,70,GREEN,OK,preferred_low_cadence_band,{age_s=0.0}
571.0,GRADE,0,NEUTRAL,OK,flat_deadband,"{grade_raw=0.0, grade_display=0.0}"
571.0,GEAR,WAIT,GRAY,NO_DATA,missing_gear,{}
572.0,SPEED,24.6,NEUTRAL,OK,near_reference,"{reference_kmh=24.513811188811193, age_s=0.0}"
572.0,POWER,154,NEUTRAL,OK,power_present,{age_s=0.0}
572.0,HR,125,NEUTRAL,OK,hr_present,{age_s=0.0}
572.0,CADENCE,60,GREEN,OK,preferred_low_cadence_band,{age_s=0.0}
572.0,GRADE,0,NEUTRAL,OK,flat_deadband,"{grade_raw=0.0, grade_display=0.0}"
572.0,GEAR,WAIT,GRAY,NO_DATA,missing_gear,{}
573.0,SPEED,24.7,NEUTRAL,OK,near_reference,"{reference_kmh=24.514048865619547, age_s=0.0}"
573.0,POWER,155,NEUTRAL,OK,power_present,{age_s=0.0}
573.0,HR,126,NEUTRAL,OK,hr_present,{age_s=0.0}
573.0,CADENCE,61,GREEN,OK,preferred_low_cadence_band,{age_s=0.0}
573.0,GRADE,0,NEUTRAL,OK,flat_deadband,"{grade_raw=0.0, grade_display=0.0}"
573.0,GEAR,WAIT,GRAY,NO_DATA,missing_gear,{}
574.0,SPEED,24.7,NEUTRAL,OK,near_reference,"{reference_kmh=24.514372822299656, age_s=0.0}"
574.0,POWER,156,NEUTRAL,OK,power_present,{age_s=0.0}
574.0,HR,127,NEUTRAL,OK,hr_present,{age_s=0.0}
574.0,CADENCE,62,GREEN,OK,preferred_low_cadence_band,{age_s=0.0}
574.0,GRADE,0,NEUTRAL,OK,flat_deadband,"{grade_raw=0.0, grade_display=0.0}"
574.0,GEAR,WAIT,GRAY,NO_DATA,missing_gear,{}
575.0,SPEED,24.8,NEUTRAL,OK,near_reference,"{reference_kmh=24.514782608695658, age_s=0.0}"
575.0,POWER,157,NEUTRAL,OK,power_present,{age_s=0.0}
575.0,HR,128,NEUTRAL,OK,hr_present,{age_s=0.0}
575.0,CADENCE,63,GREEN,OK,preferred_low_cadence_band,{age_s=0.0}
575.0,GRADE,0,NEUTRAL,OK,flat_deadband,"{grade_raw=0.0, grade_display=0.0}"
575.0,GEAR,WAIT,GRAY,NO_DATA,missing_gear,{}
576.0,SPEED,24.8,NEUTRAL,OK,near_reference,"{reference_kmh=24.51527777777778, age_s=0.0}"
576.0,POWER,158,NEUTRAL,OK,power_present,{age_s=0.0}
576.0,HR,129,NEUTRAL,OK,hr_present,{age_s=0.0}
576.0,CADENCE,64,GREEN,OK,preferred_low_cadence_band,{age_s=0.0}
576.0,GRADE,0,NEUTRAL,OK,flat_deadband,"{grade_raw=0.0, grade_display=0.0}"
576.0,GEAR,WAIT,GRAY,NO_DATA,missing_gear,{}
577.0,SPEED,24.9,NEUTRAL,OK,near_reference,"{reference_kmh=24.515857885615254, age_s=0.0}"
577.0,POWER,159,NEUTRAL,OK,power_present,{age_s=0.0}
577.0,HR,130,NEUTRAL,OK,hr_present,{age_s=0.0}
577.0,CADENCE,65,GREEN,OK,preferred_low_cadence_band,{age_s=0.0}
577.0,GRADE,0,NEUTRAL,OK,flat_deadband,"{grade_raw=0.0, grade_display=0.0}"
577.0,GEAR,WAIT,GRAY,NO_DATA,missing_gear,{}
578.0,SPEED,24.9,NEUTRAL,OK,near_reference,"{reference_kmh=24.51652249134948, age_s=0.0}"
578.0,POWER,160,NEUTRAL,OK,power_present,{age_s=0.0}
578.0,HR,131,NEUTRAL,OK,hr_present,{age_s=0.0}
578.0,CADENCE,66,GREEN,OK,preferred_low_cadence_band,{age_s=0.0}
578.0,GRADE,0,NEUTRAL,OK,flat_deadband,"{grade_raw=0.0, grade_display=0.0}"
578.0,GEAR,WAIT,GRAY,NO_DATA,missing_gear,{}
579.0,SPEED,25.0,NEUTRAL,OK,near_reference,"{reference_kmh=24.517271157167535, age_s=0.0}"
579.0,POWER,161,NEUTRAL,OK,power_present,{age_s=0.0}
579.0,HR,132,NEUTRAL,OK,hr_present,{age_s=0.0}
579.0,CADENCE,67,GREEN,OK,preferred_low_cadence_band,{age_s=0.0}
579.0,GRADE,0,NEUTRAL,OK,flat_deadband,"{grade_raw=0.0, grade_display=0.0}"
579.0,GEAR,WAIT,GRAY,NO_DATA,missing_gear,{}
580.0,SPEED,24.0,NEUTRAL,OK,near_reference,"{reference_kmh=24.516379310344828, age_s=0.0}"
580.0,POWER,162,NEUTRAL,OK,power_present,{age_s=0.0}
580.0,HR,133,NEUTRAL,OK,hr_present,{age_s=0.0}
580.0,CADENCE,68,GREEN,OK,preferred_low_cadence_band,{age_s=0.0}
580.0,GRADE,0,NEUTRAL,OK,flat_deadband,"{grade_raw=0.0, grade_display=0.0}"
580.0,GEAR,WAIT,GRAY,NO_DATA,missing_gear,{}
581.0,SPEED,24.1,NEUTRAL,OK,near_reference,"{reference_kmh=24.515576592082617, age_s=0.0}"
581.0,POWER,163,NEUTRAL,OK,power_present,{age_s=0.0}
581.0,HR,134,NEUTRAL,OK,hr_present,{age_s=0.0}
581.0,CADENCE,69,GREEN,OK,preferred_low_cadence_band,{age_s=0.0}
581.0,GRADE,0,NEUTRAL,OK,flat_deadband,"{grade_raw=0.0, grade_display=0.0}"
581.0,GEAR,WAIT,GRAY,NO_DATA,missing_gear,{}
582.0,SPEED,24.1,NEUTRAL,OK,near_reference,"{reference_kmh=24.514862542955328, age_s=0.0}"
582.0,POWER,164,NEUTRAL,OK,power_present,{age_s=0.0}
582.0,HR,135,NEUTRAL,OK,hr_present,{age_s=0.0}
582.0,CADENCE,70,GREEN,OK,preferred_low_cadence_band,{age_s=0.0}
582.0,GRADE,0,NEUTRAL,OK,flat_deadband,"{grade_raw=0.0, grade_display=0.0}"
582.0,GEAR,WAIT,GRAY,NO_DATA,missing_gear,{}
583.0,SPEED,24.2,NEUTRAL,OK,near_reference,"{reference_kmh=24.514236706689537, age_s=0.0}"
583.0,POWER,165,NEUTRAL,OK,power_present,{age_s=0.0}
583.0,HR,136,NEUTRAL,OK,hr_present,{age_s=0.0}
583.0,CADENCE,60,GREEN,OK,preferred_low_cadence_band,{age_s=0.0}
583.0,GRADE,0,NEUTRAL,OK,flat_deadband,"{grade_raw=0.0, grade_display=0.0}"
583.0,GEAR,WAIT,GRAY,NO_DATA,missing_gear,{}
584.0,SPEED,24.2,NEUTRAL,OK,near_reference,"{reference_kmh=24.51369863013699, age_s=0.0}"
584.0,POWER,166,NEUTRAL,OK,power_present,{age_s=0.0}
584.0,HR,137,NEUTRAL,OK,hr_present,{age_s=0.0}
584.0,CADENCE,61,GREEN,OK,preferred_low_cadence_band,{age_s=0.0}
584.0,GRADE,0,NEUTRAL,OK,flat_deadband,"{grade_raw=0.0, grade_display=0.0}"
584.0,GEAR,WAIT,GRAY,NO_DATA,missing_gear,{}
585.0,SPEED,24.3,NEUTRAL,OK,near_reference,"{reference_kmh=24.513247863247866, age_s=0.0}"
585.0,POWER,167,NEUTRAL,OK,power_present,{age_s=0.0}
585.0,HR,138,NEUTRAL,OK,hr_present,{age_s=0.0}
585.0,CADENCE,62,GREEN,OK,preferred_low_cadence_band,{age_s=0.0}
585.0,GRADE,0,NEUTRAL,OK,flat_deadband,"{grade_raw=0.0, grade_display=0.0}"
585.0,GEAR,WAIT,GRAY,NO_DATA,missing_gear,{}
586.0,SPEED,24.3,NEUTRAL,OK,near_reference,"{reference_kmh=24.512883959044373, age_s=0.0}"
586.0,POWER,168,NEUTRAL,OK,power_present,{age_s=0.0}
586.0,HR,139,NEUTRAL,OK,hr_present,{age_s=0.0}
586.0,CADENCE,63,GREEN,OK,preferred_low_cadence_band,{age_s=0.0}
586.0,GRADE,0,NEUTRAL,OK,flat_deadband,"{grade_raw=0.0, grade_display=0.0}"
586.0,GEAR,WAIT,GRAY,NO_DATA,missing_gear,{}
587.0,SPEED,24.4,NEUTRAL,OK,near_reference,"{reference_kmh=24.51260647359455, age_s=0.0}"
587.0,POWER,169,NEUTRAL,OK,power_present,{age_s=0.0}
587.0,HR,140,NEUTRAL,OK,hr_present,{age_s=0.0}
587.0,CADENCE,64,GREEN,OK,preferred_low_cadence_band,{age_s=0.0}
587.0,GRADE,0,NEUTRAL,OK,flat_deadband,"{grade_raw=0.0, grade_display=0.0}"
587.0,GEAR,WAIT,GRAY,NO_DATA,missing_gear,{}
588.0,SPEED,24.4,NEUTRAL,OK,near_reference,"{reference_kmh=24.512414965986398, age_s=0.0}"
588.0,POWER,170,NEUTRAL,OK,power_present,{age_s=0.0}
588.0,HR,120,NEUTRAL,OK,hr_present,{age_s=0.0}
588.0,CADENCE,65,GREEN,OK,preferred_low_cadence_band,{age_s=0.0}
588.0,GRADE,0,NEUTRAL,OK,flat_deadband,"{grade_raw=0.0, grade_display=0.0}"
588.0,GEAR,WAIT,GRAY,NO_DATA,missing_gear,{}
589.0,SPEED,24.5,NEUTRAL,OK,near_reference,"{reference_kmh=24.51230899830221, age_s=0.0}"
589.0,POWER,140,NEUTRAL,OK,power_present,{age_s=0.0}
589.0,HR,121,NEUTRAL,OK,hr_present,{age_s=0.0}
589.0,CADENCE,66,GREEN,OK,preferred_low_cadence_band,{age_s=0.0}
589.0,GRADE,0,NEUTRAL,OK,flat_deadband,"{grade_raw=0.0, grade_display=0.0}"
589.0,GEAR,WAIT,GRAY,NO_DATA,missing_gear,{}
590.0,SPEED,24.5,NEUTRAL,OK,near_reference,"{reference_kmh=24.51228813559322, age_s=0.0}"
590.0,POWER,141,NEUTRAL,OK,power_present,{age_s=0.0}
590.0,HR,122,NEUTRAL,OK,hr_present,{age_s=0.0}
590.0,CADENCE,67,GREEN,OK,preferred_low_cadence_band,{age_s=0.0}
590.0,GRADE,0,NEUTRAL,OK,flat_deadband,"{grade_raw=0.0, grade_display=0.0}"
590.0,GEAR,WAIT,GRAY,NO_DATA,missing_gear,{}
591.0,SPEED,24.6,NEUTRAL,OK,near_reference,"{reference_kmh=24.512351945854483, age_s=0.0}"
591.0,POWER,142,NEUTRAL,OK,power_present,{age_s=0.0}
591.0,HR,123,NEUTRAL,OK,hr_present,{age_s=0.0}
591.0,CADENCE,68,GREEN,OK,preferred_low_cadence_band,{age_s=0.0}
591.0,GRADE,0,NEUTRAL,OK,flat_deadband,"{grade_raw=0.0, grade_display=0.0}"
591.0,GEAR,WAIT,GRAY,NO_DATA,missing_gear,{}
592.0,SPEED,24.6,NEUTRAL,OK,near_reference,"{reference_kmh=24.5125, age_s=0.0}"
592.0,POWER,143,NEUTRAL,OK,power_present,{age_s=0.0}
592.0,HR,124,NEUTRAL,OK,hr_present,{age_s=0.0}
592.0,CADENCE,69,GREEN,OK,preferred_low_cadence_band,{age_s=0.0}
592.0,GRADE,0,NEUTRAL,OK,flat_deadband,"{grade_raw=0.0, grade_display=0.0}"
592.0,GEAR,WAIT,GRAY,NO_DATA,missing_gear,{}
593.0,SPEED,24.7,NEUTRAL,OK,near_reference,"{reference_kmh=24.512731871838117, age_s=0.0}"
593.0,POWER,144,NEUTRAL,OK,power_present,{age_s=0.0}
593.0,HR,125,NEUTRAL,OK,hr_present,{age_s=0.0}
593.0,CADENCE,70,GREEN,OK,preferred_low_cadence_band,{age_s=0.0}
593.0,GRADE,0,NEUTRAL,OK,flat_deadband,"{grade_raw=0.0, grade_display=0.0}"
593.0,GEAR,WAIT,GRAY,NO_DATA,missing_gear,{}
594.0,SPEED,24.7,NEUTRAL,OK,near_reference,"{reference_kmh=24.51304713804714, age_s=0.0}"
594.0,POWER,145,NEUTRAL,OK,power_present,{age_s=0.0}
594.0,HR,126,NEUTRAL,OK,hr_present,{age_s=0.0}
594.0,CADENCE,60,GREEN,OK,preferred_low_cadence_band,{age_s=0.0}
594.0,GRADE,0,NEUTRAL,OK,flat_deadband,"{grade_raw=0.0, grade_display=0.0}"
594.0,GEAR,WAIT,GRAY,NO_DATA,missing_gear,{}
595.0,SPEED,24.8,NEUTRAL,OK,near_reference,"{reference_kmh=24.513445378151264, age_s=0.0}"
595.0,POWER,146,NEUTRAL,OK,power_present,{age_s=0.0}
595.0,HR,127,NEUTRAL,OK,hr_present,{age_s=0.0}
595.0,CADENCE,61,GREEN,OK,preferred_low_cadence_band,{age_s=0.0}
595.0,GRADE,0,NEUTRAL,OK,flat_deadband,"{grade_raw=0.0, grade_display=0.0}"
595.0,GEAR,WAIT,GRAY,NO_DATA,missing_gear,{}
596.0,SPEED,24.8,NEUTRAL,OK,near_reference,"{reference_kmh=24.513926174496646, age_s=0.0}"
596.0,POWER,147,NEUTRAL,OK,power_present,{age_s=0.0}
596.0,HR,128,NEUTRAL,OK,hr_present,{age_s=0.0}
596.0,CADENCE,62,GREEN,OK,preferred_low_cadence_band,{age_s=0.0}
596.0,GRADE,0,NEUTRAL,OK,flat_deadband,"{grade_raw=0.0, grade_display=0.0}"
596.0,GEAR,WAIT,GRAY,NO_DATA,missing_gear,{}
597.0,SPEED,24.9,NEUTRAL,OK,near_reference,"{reference_kmh=24.514489112227807, age_s=0.0}"
597.0,POWER,148,NEUTRAL,OK,power_present,{age_s=0.0}
597.0,HR,129,NEUTRAL,OK,hr_present,{age_s=0.0}
597.0,CADENCE,63,GREEN,OK,preferred_low_cadence_band,{age_s=0.0}
597.0,GRADE,0,NEUTRAL,OK,flat_deadband,"{grade_raw=0.0, grade_display=0.0}"
597.0,GEAR,WAIT,GRAY,NO_DATA,missing_gear,{}
598.0,SPEED,24.9,NEUTRAL,OK,near_reference,"{reference_kmh=24.515133779264218, age_s=0.0}"
598.0,POWER,149,NEUTRAL,OK,power_present,{age_s=0.0}
598.0,HR,130,NEUTRAL,OK,hr_present,{age_s=0.0}
598.0,CADENCE,64,GREEN,OK,preferred_low_cadence_band,{age_s=0.0}
598.0,GRADE,0,NEUTRAL,OK,flat_deadband,"{grade_raw=0.0, grade_display=0.0}"
598.0,GEAR,WAIT,GRAY,NO_DATA,missing_gear,{}
599.0,SPEED,25.0,NEUTRAL,OK,near_reference,"{reference_kmh=24.515859766277128, age_s=0.0}"
599.0,POWER,150,NEUTRAL,OK,power_present,{age_s=0.0}
599.0,HR,131,NEUTRAL,OK,hr_present,{age_s=0.0}
599.0,CADENCE,65,GREEN,OK,preferred_low_cadence_band,{age_s=0.0}
599.0,GRADE,0,NEUTRAL,OK,flat_deadband,"{grade_raw=0.0, grade_display=0.0}"
599.0,GEAR,WAIT,GRAY,NO_DATA,missing_gear,{}
600.0,SPEED,24.0,NEUTRAL,OK,near_reference,"{reference_kmh=24.515, age_s=0.0}"
600.0,POWER,151,NEUTRAL,OK,power_present,{age_s=0.0}
600.0,HR,132,NEUTRAL,OK,hr_present,{age_s=0.0}
600.0,CADENCE,66,GREEN,OK,preferred_low_cadence_band,{age_s=0.0}
600.0,GRADE,0,NEUTRAL,OK,flat_deadband,"{grade_raw=0.0, grade_display=0.0}"
600.0,GEAR,WAIT,GRAY,NO_DATA,missing_gear,{}
601.0,SPEED,24.1,NEUTRAL,OK,near_reference,"{reference_kmh=24.51422628951747, age_s=0.0}"
601.0,POWER,152,NEUTRAL,OK,power_present,{age_s=0.0}
601.0,HR,133,NEUTRAL,OK,hr_present,{age_s=0.0}
601.0,CADENCE,67,GREEN,OK,preferred_low_cadence_band,{age_s=0.0}
601.0,GRADE,0,NEUTRAL,OK,flat_deadband,"{grade_raw=0.0, grade_display=0.0}"
601.0,GEAR,WAIT,GRAY,NO_DATA,missing_gear,{}
602.0,SPEED,24.1,NEUTRAL,OK,near_reference,"{reference_kmh=24.513538205980073, age_s=0.0}"
602.0,POWER,153,NEUTRAL,OK,power_present,{age_s=0.0}
602.0,HR,134,NEUTRAL,OK,hr_present,{age_s=0.0}
602.0,CADENCE,68,GREEN,OK,preferred_low_cadence_band,{age_s=0.0}
602.0,GRADE,0,NEUTRAL,OK,flat_deadband,"{grade_raw=0.0, grade_display=0.0}"
602.0,GEAR,WAIT,GRAY,NO_DATA,missing_gear,{}
603.0,SPEED,24.2,NEUTRAL,OK,near_reference,"{reference_kmh=24.512935323383086, age_s=0.0}"
603.0,POWER,154,NEUTRAL,OK,power_present,{age_s=0.0}
603.0,HR,135,NEUTRAL,OK,hr_present,{age_s=0.0}
603.0,CADENCE,69,GREEN,OK,preferred_low_cadence_band,{age_s=0.0}
603.0,GRADE,0,NEUTRAL,OK,flat_deadband,"{grade_raw=0.0, grade_display=0.0}"
603.0,GEAR,WAIT,GRAY,NO_DATA,missing_gear,{}
604.0,SPEED,24.2,NEUTRAL,OK,near_reference,"{reference_kmh=24.51241721854305, age_s=0.0}"
604.0,POWER,155,NEUTRAL,OK,power_present,{age_s=0.0}
604.0,HR,136,NEUTRAL,OK,hr_present,{age_s=0.0}
604.0,CADENCE,70,GREEN,OK,preferred_low_cadence_band,{age_s=0.0}
604.0,GRADE,0,NEUTRAL,OK,flat_deadband,"{grade_raw=0.0, grade_display=0.0}"
604.0,GEAR,WAIT,GRAY,NO_DATA,missing_gear,{}
605.0,SPEED,24.3,NEUTRAL,OK,near_reference,"{reference_kmh=24.511983471074384, age_s=0.0}"
605.0,POWER,156,NEUTRAL,OK,power_present,{age_s=0.0}
605.0,HR,137,NEUTRAL,OK,hr_present,{age_s=0.0}
605.0,CADENCE,60,GREEN,OK,preferred_low_cadence_band,{age_s=0.0}
605.0,GRADE,0,NEUTRAL,OK,flat_deadband,"{grade_raw=0.0, grade_display=0.0}"
605.0,GEAR,WAIT,GRAY,NO_DATA,missing_gear,{}
606.0,SPEED,24.3,NEUTRAL,OK,near_reference,"{reference_kmh=24.511633663366343, age_s=0.0}"
606.0,POWER,157,NEUTRAL,OK,power_present,{age_s=0.0}
606.0,HR,138,NEUTRAL,OK,hr_present,{age_s=0.0}
606.0,CADENCE,61,GREEN,OK,preferred_low_cadence_band,{age_s=0.0}
606.0,GRADE,0,NEUTRAL,OK,flat_deadband,"{grade_raw=0.0, grade_display=0.0}"
606.0,GEAR,WAIT,GRAY,NO_DATA,missing_gear,{}
607.0,SPEED,24.4,NEUTRAL,OK,near_reference,"{reference_kmh=24.511367380560138, age_s=0.0}"
607.0,POWER,158,NEUTRAL,OK,power_present,{age_s=0.0}
607.0,HR,139,NEUTRAL,OK,hr_present,{age_s=0.0}
607.0,CADENCE,62,GREEN,OK,preferred_low_cadence_band,{age_s=0.0}
607.0,GRADE,0,NEUTRAL,OK,flat_deadband,"{grade_raw=0.0, grade_display=0.0}"
607.0,GEAR,WAIT,GRAY,NO_DATA,missing_gear,{}
608.0,SPEED,24.4,NEUTRAL,OK,near_reference,"{reference_kmh=24.511184210526316, age_s=0.0}"
608.0,POWER,159,NEUTRAL,OK,power_present,{age_s=0.0}
608.0,HR,140,NEUTRAL,OK,hr_present,{age_s=0.0}
608.0,CADENCE,63,GREEN,OK,preferred_low_cadence_band,{age_s=0.0}
608.0,GRADE,0,NEUTRAL,OK,flat_deadband,"{grade_raw=0.0, grade_display=0.0}"
608.0,GEAR,WAIT,GRAY,NO_DATA,missing_gear,{}
609.0,SPEED,24.5,NEUTRAL,OK,near_reference,"{reference_kmh=24.51108374384237, age_s=0.0}"
609.0,POWER,160,NEUTRAL,OK,power_present,{age_s=0.0}
609.0,HR,120,NEUTRAL,OK,hr_present,{age_s=0.0}
609.0,CADENCE,64,GREEN,OK,preferred_low_cadence_band,{age_s=0.0}
609.0,GRADE,0,NEUTRAL,OK,flat_deadband,"{grade_raw=0.0, grade_display=0.0}"
609.0,GEAR,WAIT,GRAY,NO_DATA,missing_gear,{}
610.0,SPEED,24.5,NEUTRAL,OK,near_reference,"{reference_kmh=24.511065573770495, age_s=0.0}"
610.0,POWER,161,NEUTRAL,OK,power_present,{age_s=0.0}
610.0,HR,121,NEUTRAL,OK,hr_present,{age_s=0.0}
610.0,CADENCE,65,GREEN,OK,preferred_low_cadence_band,{age_s=0.0}
610.0,GRADE,0,NEUTRAL,OK,flat_deadband,"{grade_raw=0.0, grade_display=0.0}"
610.0,GEAR,WAIT,GRAY,NO_DATA,missing_gear,{}
611.0,SPEED,24.6,NEUTRAL,OK,near_reference,"{reference_kmh=24.51112929623568, age_s=0.0}"
611.0,POWER,162,NEUTRAL,OK,power_present,{age_s=0.0}
611.0,HR,122,NEUTRAL,OK,hr_present,{age_s=0.0}
611.0,CADENCE,66,GREEN,OK,preferred_low_cadence_band,{age_s=0.0}
611.0,GRADE,0,NEUTRAL,OK,flat_deadband,"{grade_raw=0.0, grade_display=0.0}"
611.0,GEAR,WAIT,GRAY,NO_DATA,missing_gear,{}
612.0,SPEED,24.6,NEUTRAL,OK,near_reference,"{reference_kmh=24.511274509803922, age_s=0.0}"
612.0,POWER,163,NEUTRAL,OK,power_present,{age_s=0.0}
612.0,HR,123,NEUTRAL,OK,hr_present,{age_s=0.0}
612.0,CADENCE,67,GREEN,OK,preferred_low_cadence_band,{age_s=0.0}
612.0,GRADE,0,NEUTRAL,OK,flat_deadband,"{grade_raw=0.0, grade_display=0.0}"
612.0,GEAR,WAIT,GRAY,NO_DATA,missing_gear,{}
613.0,SPEED,24.7,NEUTRAL,OK,near_reference,"{reference_kmh=24.51150081566069, age_s=0.0}"
613.0,POWER,164,NEUTRAL,OK,power_present,{age_s=0.0}
613.0,HR,124,NEUTRAL,OK,hr_present,{age_s=0.0}
613.0,CADENCE,68,GREEN,OK,preferred_low_cadence_band,{age_s=0.0}
613.0,GRADE,0,NEUTRAL,OK,flat_deadband,"{grade_raw=0.0, grade_display=0.0}"
613.0,GEAR,WAIT,GRAY,NO_DATA,missing_gear,{}
614.0,SPEED,24.7,NEUTRAL,OK,near_reference,"{reference_kmh=24.511807817589585, age_s=0.0}"
614.0,POWER,165,NEUTRAL,OK,power_present,{age_s=0.0}
614.0,HR,125,NEUTRAL,OK,hr_present,{age_s=0.0}
614.0,CADENCE,69,GREEN,OK,preferred_low_cadence_band,{age_s=0.0}
614.0,GRADE,0,NEUTRAL,OK,flat_deadband,"{grade_raw=0.0, grade_display=0.0}"
614.0,GEAR,WAIT,GRAY,NO_DATA,missing_gear,{}
615.0,SPEED,24.8,NEUTRAL,OK,near_reference,"{reference_kmh=24.512195121951223, age_s=0.0}"
615.0,POWER,166,NEUTRAL,OK,power_present,{age_s=0.0}
615.0,HR,126,NEUTRAL,OK,hr_present,{age_s=0.0}
615.0,CADENCE,70,GREEN,OK,preferred_low_cadence_band,{age_s=0.0}
615.0,GRADE,0,NEUTRAL,OK,flat_deadband,"{grade_raw=0.0, grade_display=0.0}"
615.0,GEAR,WAIT,GRAY,NO_DATA,missing_gear,{}
616.0,SPEED,24.8,NEUTRAL,OK,near_reference,"{reference_kmh=24.51266233766234, age_s=0.0}"
616.0,POWER,167,NEUTRAL,OK,power_present,{age_s=0.0}
616.0,HR,127,NEUTRAL,OK,hr_present,{age_s=0.0}
616.0,CADENCE,60,GREEN,OK,preferred_low_cadence_band,{age_s=0.0}
616.0,GRADE,0,NEUTRAL,OK,flat_deadband,"{grade_raw=0.0, grade_display=0.0}"
616.0,GEAR,WAIT,GRAY,NO_DATA,missing_gear,{}
617.0,SPEED,24.9,NEUTRAL,OK,near_reference,"{reference_kmh=24.51320907617504, age_s=0.0}"
617.0,POWER,168,NEUTRAL,OK,power_present,{age_s=0.0}
617.0,HR,128,NEUTRAL,OK,hr_present,{age_s=0.0}
617.0,CADENCE,61,GREEN,OK,preferred_low_cadence_band,{age_s=0.0}
617.0,GRADE,0,NEUTRAL,OK,flat_deadband,"{grade_raw=0.0, grade_display=0.0}"
617.0,GEAR,WAIT,GRAY,NO_DATA,missing_gear,{}
618.0,SPEED,24.9,NEUTRAL,OK,near_reference,"{reference_kmh=24.513834951456317, age_s=0.0}"
618.0,POWER,169,NEUTRAL,OK,power_present,{age_s=0.0}
618.0,HR,129,NEUTRAL,OK,hr_present,{age_s=0.0}
618.0,CADENCE,62,GREEN,OK,preferred_low_cadence_band,{age_s=0.0}
618.0,GRADE,0,NEUTRAL,OK,flat_deadband,"{grade_raw=0.0, grade_display=0.0}"
618.0,GEAR,WAIT,GRAY,NO_DATA,missing_gear,{}
619.0,SPEED,25.0,NEUTRAL,OK,near_reference,"{reference_kmh=24.51453957996769, age_s=0.0}"
619.0,POWER,170,NEUTRAL,OK,power_present,{age_s=0.0}
619.0,HR,130,NEUTRAL,OK,hr_present,{age_s=0.0}
619.0,CADENCE,63,GREEN,OK,preferred_low_cadence_band,{age_s=0.0}
619.0,GRADE,0,NEUTRAL,OK,flat_deadband,"{grade_raw=0.0, grade_display=0.0}"
619.0,GEAR,WAIT,GRAY,NO_DATA,missing_gear,{}
620.0,SPEED,24.0,NEUTRAL,OK,near_reference,"{reference_kmh=24.513709677419364, age_s=0.0}"
620.0,POWER,140,NEUTRAL,OK,power_present,{age_s=0.0}
620.0,HR,131,NEUTRAL,OK,hr_present,{age_s=0.0}
620.0,CADENCE,64,GREEN,OK,preferred_low_cadence_band,{age_s=0.0}
620.0,GRADE,0,NEUTRAL,OK,flat_deadband,"{grade_raw=0.0, grade_display=0.0}"
620.0,GEAR,WAIT,GRAY,NO_DATA,missing_gear,{}
621.0,SPEED,24.1,NEUTRAL,OK,near_reference,"{reference_kmh=24.512962962962973, age_s=0.0}"
621.0,POWER,141,NEUTRAL,OK,power_present,{age_s=0.0}
621.0,HR,132,NEUTRAL,OK,hr_present,{age_s=0.0}
621.0,CADENCE,65,GREEN,OK,preferred_low_cadence_band,{age_s=0.0}
621.0,GRADE,0,NEUTRAL,OK,flat_deadband,"{grade_raw=0.0, grade_display=0.0}"
621.0,GEAR,WAIT,GRAY,NO_DATA,missing_gear,{}
622.0,SPEED,24.1,NEUTRAL,OK,near_reference,"{reference_kmh=24.512299035369782, age_s=0.0}"
622.0,POWER,142,NEUTRAL,OK,power_present,{age_s=0.0}
622.0,HR,133,NEUTRAL,OK,hr_present,{age_s=0.0}
622.0,CADENCE,66,GREEN,OK,preferred_low_cadence_band,{age_s=0.0}
622.0,GRADE,0,NEUTRAL,OK,flat_deadband,"{grade_raw=0.0, grade_display=0.0}"
622.0,GEAR,WAIT,GRAY,NO_DATA,missing_gear,{}
623.0,SPEED,24.2,NEUTRAL,OK,near_reference,"{reference_kmh=24.511717495987167, age_s=0.0}"
623.0,POWER,143,NEUTRAL,OK,power_present,{age_s=0.0}
623.0,HR,134,NEUTRAL,OK,hr_present,{age_s=0.0}
623.0,CADENCE,67,GREEN,OK,preferred_low_cadence_band,{age_s=0.0}
623.0,GRADE,0,NEUTRAL,OK,flat_deadband,"{grade_raw=0.0, grade_display=0.0}"
623.0,GEAR,WAIT,GRAY,NO_DATA,missing_gear,{}
624.0,SPEED,24.2,NEUTRAL,OK,near_reference,"{reference_kmh=24.511217948717952, age_s=0.0}"
624.0,POWER,144,NEUTRAL,OK,power_present,{age_s=0.0}
624.0,HR,135,NEUTRAL,OK,hr_present,{age_s=0.0}
624.0,CADENCE,68,GREEN,OK,preferred_low_cadence_band,{age_s=0.0}
624.0,GRADE,0,NEUTRAL,OK,flat_deadband,"{grade_raw=0.0, grade_display=0.0}"
624.0,GEAR,WAIT,GRAY,NO_DATA,missing_gear,{}
625.0,SPEED,24.3,NEUTRAL,OK,near_reference,"{reference_kmh=24.510800000000007, age_s=0.0}"
625.0,POWER,145,NEUTRAL,OK,power_present,{age_s=0.0}
625.0,HR,136,NEUTRAL,OK,hr_present,{age_s=0.0}
625.0,CADENCE,69,GREEN,OK,preferred_low_cadence_band,{age_s=0.0}
625.0,GRADE,0,NEUTRAL,OK,flat_deadband,"{grade_raw=0.0, grade_display=0.0}"
625.0,GEAR,WAIT,GRAY,NO_DATA,missing_gear,{}
626.0,SPEED,24.3,NEUTRAL,OK,near_reference,"{reference_kmh=24.510463258785947, age_s=0.0}"
626.0,POWER,146,NEUTRAL,OK,power_present,{age_s=0.0}
626.0,HR,137,NEUTRAL,OK,hr_present,{age_s=0.0}
626.0,CADENCE,70,GREEN,OK,preferred_low_cadence_band,{age_s=0.0}
626.0,GRADE,0,NEUTRAL,OK,flat_deadband,"{grade_raw=0.0, grade_display=0.0}"
626.0,GEAR,WAIT,GRAY,NO_DATA,missing_gear,{}
627.0,SPEED,24.4,NEUTRAL,OK,near_reference,"{reference_kmh=24.510207336523134, age_s=0.0}"
627.0,POWER,147,NEUTRAL,OK,power_present,{age_s=0.0}
627.0,HR,138,NEUTRAL,OK,hr_present,{age_s=0.0}
627.0,CADENCE,60,GREEN,OK,preferred_low_cadence_band,{age_s=0.0}
627.0,GRADE,0,NEUTRAL,OK,flat_deadband,"{grade_raw=0.0, grade_display=0.0}"
627.0,GEAR,WAIT,GRAY,NO_DATA,missing_gear,{}
628.0,SPEED,24.4,NEUTRAL,OK,near_reference,"{reference_kmh=24.51003184713376, age_s=0.0}"
628.0,POWER,148,NEUTRAL,OK,power_present,{age_s=0.0}
628.0,HR,139,NEUTRAL,OK,hr_present,{age_s=0.0}
628.0,CADENCE,61,GREEN,OK,preferred_low_cadence_band,{age_s=0.0}
628.0,GRADE,0,NEUTRAL,OK,flat_deadband,"{grade_raw=0.0, grade_display=0.0}"
628.0,GEAR,WAIT,GRAY,NO_DATA,missing_gear,{}
629.0,SPEED,24.5,NEUTRAL,OK,near_reference,"{reference_kmh=24.509936406995237, age_s=0.0}"
629.0,POWER,149,NEUTRAL,OK,power_present,{age_s=0.0}
629.0,HR,140,NEUTRAL,OK,hr_present,{age_s=0.0}
629.0,CADENCE,62,GREEN,OK,preferred_low_cadence_band,{age_s=0.0}
629.0,GRADE,0,NEUTRAL,OK,flat_deadband,"{grade_raw=0.0, grade_display=0.0}"
629.0,GEAR,WAIT,GRAY,NO_DATA,missing_gear,{}
630.0,SPEED,24.5,NEUTRAL,OK,near_reference,"{reference_kmh=24.509920634920643, age_s=0.0}"
630.0,POWER,150,NEUTRAL,OK,power_present,{age_s=0.0}
630.0,HR,120,NEUTRAL,OK,hr_present,{age_s=0.0}
630.0,CADENCE,63,GREEN,OK,preferred_low_cadence_band,{age_s=0.0}
630.0,GRADE,0,NEUTRAL,OK,flat_deadband,"{grade_raw=0.0, grade_display=0.0}"
630.0,GEAR,WAIT,GRAY,NO_DATA,missing_gear,{}
631.0,SPEED,24.6,NEUTRAL,OK,near_reference,"{reference_kmh=24.509984152139463, age_s=0.0}"
631.0,POWER,151,NEUTRAL,OK,power_present,{age_s=0.0}
631.0,HR,121,NEUTRAL,OK,hr_present,{age_s=0.0}
631.0,CADENCE,64,GREEN,OK,preferred_low_cadence_band,{age_s=0.0}
631.0,GRADE,0,NEUTRAL,OK,flat_deadband,"{grade_raw=0.0, grade_display=0.0}"
631.0,GEAR,WAIT,GRAY,NO_DATA,missing_gear,{}
632.0,SPEED,24.6,NEUTRAL,OK,near_reference,"{reference_kmh=24.510126582278488, age_s=0.0}"
632.0,POWER,152,NEUTRAL,OK,power_present,{age_s=0.0}
632.0,HR,122,NEUTRAL,OK,hr_present,{age_s=0.0}
632.0,CADENCE,65,GREEN,OK,preferred_low_cadence_band,{age_s=0.0}
632.0,GRADE,0,NEUTRAL,OK,flat_deadband,"{grade_raw=0.0, grade_display=0.0}"
632.0,GEAR,WAIT,GRAY,NO_DATA,missing_gear,{}
633.0,SPEED,24.7,NEUTRAL,OK,near_reference,"{reference_kmh=24.510347551342818, age_s=0.0}"
633.0,POWER,153,NEUTRAL,OK,power_present,{age_s=0.0}
633.0,HR,123,NEUTRAL,OK,hr_present,{age_s=0.0}
633.0,CADENCE,66,GREEN,OK,preferred_low_cadence_band,{age_s=0.0}
633.0,GRADE,0,NEUTRAL,OK,flat_deadband,"{grade_raw=0.0, grade_display=0.0}"
633.0,GEAR,WAIT,GRAY,NO_DATA,missing_gear,{}
634.0,SPEED,24.7,NEUTRAL,OK,near_reference,"{reference_kmh=24.510646687697168, age_s=0.0}"
634.0,POWER,154,NEUTRAL,OK,power_present,{age_s=0.0}
634.0,HR,124,NEUTRAL,OK,hr_present,{age_s=0.0}
634.0,CADENCE,67,GREEN,OK,preferred_low_cadence_band,{age_s=0.0}
634.0,GRADE,0,NEUTRAL,OK,flat_deadband,"{grade_raw=0.0, grade_display=0.0}"
634.0,GEAR,WAIT,GRAY,NO_DATA,missing_gear,{}
635.0,SPEED,24.8,NEUTRAL,OK,near_reference,"{reference_kmh=24.51102362204725, age_s=0.0}"
635.0,POWER,155,NEUTRAL,OK,power_present,{age_s=0.0}
635.0,HR,125,NEUTRAL,OK,hr_present,{age_s=0.0}
635.0,CADENCE,68,GREEN,OK,preferred_low_cadence_band,{age_s=0.0}
635.0,GRADE,0,NEUTRAL,OK,flat_deadband,"{grade_raw=0.0, grade_display=0.0}"
635.0,GEAR,WAIT,GRAY,NO_DATA,missing_gear,{}
636.0,SPEED,24.8,NEUTRAL,OK,near_reference,"{reference_kmh=24.51147798742139, age_s=0.0}"
636.0,POWER,156,NEUTRAL,OK,power_present,{age_s=0.0}
636.0,HR,126,NEUTRAL,OK,hr_present,{age_s=0.0}
636.0,CADENCE,69,GREEN,OK,preferred_low_cadence_band,{age_s=0.0}
636.0,GRADE,0,NEUTRAL,OK,flat_deadband,"{grade_raw=0.0, grade_display=0.0}"
636.0,GEAR,WAIT,GRAY,NO_DATA,missing_gear,{}
637.0,SPEED,24.9,NEUTRAL,OK,near_reference,"{reference_kmh=24.51200941915228, age_s=0.0}"
637.0,POWER,157,NEUTRAL,OK,power_present,{age_s=0.0}
637.0,HR,127,NEUTRAL,OK,hr_present,{age_s=0.0}
637.0,CADENCE,70,GREEN,OK,preferred_low_cadence_band,{age_s=0.0}
637.0,GRADE,0,NEUTRAL,OK,flat_deadband,"{grade_raw=0.0, grade_display=0.0}"
637.0,GEAR,WAIT,GRAY,NO_DATA,missing_gear,{}
638.0,SPEED,24.9,NEUTRAL,OK,near_reference,"{reference_kmh=24.51261755485894, age_s=0.0}"
638.0,POWER,158,NEUTRAL,OK,power_present,{age_s=0.0}
638.0,HR,128,NEUTRAL,OK,hr_present,{age_s=0.0}
638.0,CADENCE,60,GREEN,OK,preferred_low_cadence_band,{age_s=0.0}
638.0,GRADE,0,NEUTRAL,OK,flat_deadband,"{grade_raw=0.0, grade_display=0.0}"
638.0,GEAR,WAIT,GRAY,NO_DATA,missing_gear,{}
639.0,SPEED,25.0,NEUTRAL,OK,near_reference,"{reference_kmh=24.5133020344288, age_s=0.0}"
639.0,POWER,159,NEUTRAL,OK,power_present,{age_s=0.0}
639.0,HR,129,NEUTRAL,OK,hr_present,{age_s=0.0}
639.0,CADENCE,61,GREEN,OK,preferred_low_cadence_band,{age_s=0.0}
639.0,GRADE,0,NEUTRAL,OK,flat_deadband,"{grade_raw=0.0, grade_display=0.0}"
639.0,GEAR,WAIT,GRAY,NO_DATA,missing_gear,{}
640.0,SPEED,24.0,NEUTRAL,OK,near_reference,"{reference_kmh=24.51250000000001, age_s=0.0}"
640.0,POWER,160,NEUTRAL,OK,power_present,{age_s=0.0}
640.0,HR,130,NEUTRAL,OK,hr_present,{age_s=0.0}
640.0,CADENCE,62,GREEN,OK,preferred_low_cadence_band,{age_s=0.0}
640.0,GRADE,0,NEUTRAL,OK,flat_deadband,"{grade_raw=0.0, grade_display=0.0}"
640.0,GEAR,WAIT,GRAY,NO_DATA,missing_gear,{}
641.0,SPEED,24.1,NEUTRAL,OK,near_reference,"{reference_kmh=24.511778471138857, age_s=0.0}"
641.0,POWER,161,NEUTRAL,OK,power_present,{age_s=0.0}
641.0,HR,131,NEUTRAL,OK,hr_present,{age_s=0.0}
641.0,CADENCE,63,GREEN,OK,preferred_low_cadence_band,{age_s=0.0}
641.0,GRADE,0,NEUTRAL,OK,flat_deadband,"{grade_raw=0.0, grade_display=0.0}"
641.0,GEAR,WAIT,GRAY,NO_DATA,missing_gear,{}
642.0,SPEED,24.1,NEUTRAL,OK,near_reference,"{reference_kmh=24.5111370716511, age_s=0.0}"
642.0,POWER,162,NEUTRAL,OK,power_present,{age_s=0.0}
642.0,HR,132,NEUTRAL,OK,hr_present,{age_s=0.0}
642.0,CADENCE,64,GREEN,OK,preferred_low_cadence_band,{age_s=0.0}
642.0,GRADE,0,NEUTRAL,OK,flat_deadband,"{grade_raw=0.0, grade_display=0.0}"
642.0,GEAR,WAIT,GRAY,NO_DATA,missing_gear,{}
643.0,SPEED,24.2,NEUTRAL,OK,near_reference,"{reference_kmh=24.510575427682745, age_s=0.0}"
643.0,POWER,163,NEUTRAL,OK,power_present,{age_s=0.0}
643.0,HR,133,NEUTRAL,OK,hr_present,{age_s=0.0}
643.0,CADENCE,65,GREEN,OK,preferred_low_cadence_band,{age_s=0.0}
643.0,GRADE,0,NEUTRAL,OK,flat_deadband,"{grade_raw=0.0, grade_display=0.0}"
643.0,GEAR,WAIT,GRAY,NO_DATA,missing_gear,{}
644.0,SPEED,24.2,NEUTRAL,OK,near_reference,"{reference_kmh=24.510093167701875, age_s=0.0}"
644.0,POWER,164,NEUTRAL,OK,power_present,{age_s=0.0}
644.0,HR,134,NEUTRAL,OK,hr_present,{age_s=0.0}
644.0,CADENCE,66,GREEN,OK,preferred_low_cadence_band,{age_s=0.0}
644.0,GRADE,0,NEUTRAL,OK,flat_deadband,"{grade_raw=0.0, grade_display=0.0}"
644.0,GEAR,WAIT,GRAY,NO_DATA,missing_gear,{}
645.0,SPEED,24.3,NEUTRAL,OK,near_reference,"{reference_kmh=24.50968992248063, age_s=0.0}"
645.0,POWER,165,NEUTRAL,OK,power_present,{age_s=0.0}
645.0,HR,135,NEUTRAL,OK,hr_present,{age_s=0.0}
645.0,CADENCE,67,GREEN,OK,preferred_low_cadence_band,{age_s=0.0}
645.0,GRADE,0,NEUTRAL,OK,flat_deadband,"{grade_raw=0.0, grade_display=0.0}"
645.0,GEAR,WAIT,GRAY,NO_DATA,missing_gear,{}
646.0,SPEED,24.3,NEUTRAL,OK,near_reference,"{reference_kmh=24.50936532507741, age_s=0.0}"
646.0,POWER,166,NEUTRAL,OK,power_present,{age_s=0.0}
646.0,HR,136,NEUTRAL,OK,hr_present,{age_s=0.0}
646.0,CADENCE,68,GREEN,OK,preferred_low_cadence_band,{age_s=0.0}
646.0,GRADE,0,NEUTRAL,OK,flat_deadband,"{grade_raw=0.0, grade_display=0.0}"
646.0,GEAR,WAIT,GRAY,NO_DATA,missing_gear,{}
647.0,SPEED,24.4,NEUTRAL,OK,near_reference,"{reference_kmh=24.509119010819173, age_s=0.0}"
647.0,POWER,167,NEUTRAL,OK,power_present,{age_s=0.0}
647.0,HR,137,NEUTRAL,OK,hr_present,{age_s=0.0}
647.0,CADENCE,69,GREEN,OK,preferred_low_cadence_band,{age_s=0.0}
647.0,GRADE,0,NEUTRAL,OK,flat_deadband,"{grade_raw=0.0, grade_display=0.0}"
647.0,GEAR,WAIT,GRAY,NO_DATA,missing_gear,{}
648.0,SPEED,24.4,NEUTRAL,OK,near_reference,"{reference_kmh=24.508950617283958, age_s=0.0}"
648.0,POWER,168,NEUTRAL,OK,power_present,{age_s=0.0}
648.0,HR,138,NEUTRAL,OK,hr_present,{age_s=0.0}
648.0,CADENCE,70,GREEN,OK,preferred_low_cadence_band,{age_s=0.0}
648.0,GRADE,0,NEUTRAL,OK,flat_deadband,"{grade_raw=0.0, grade_display=0.0}"
648.0,GEAR,WAIT,GRAY,NO_DATA,missing_gear,{}
649.0,SPEED,24.5,NEUTRAL,OK,near_reference,"{reference_kmh=24.508859784283523, age_s=0.0}"
649.0,POWER,169,NEUTRAL,OK,power_present,{age_s=0.0}
649.0,HR,139,NEUTRAL,OK,hr_present,{age_s=0.0}
649.0,CADENCE,60,GREEN,OK,preferred_low_cadence_band,{age_s=0.0}
649.0,GRADE,0,NEUTRAL,OK,flat_deadband,"{grade_raw=0.0, grade_display=0.0}"
649.0,GEAR,WAIT,GRAY,NO_DATA,missing_gear,{}
650.0,SPEED,24.5,NEUTRAL,OK,near_reference,"{reference_kmh=24.50884615384616, age_s=0.0}"
650.0,POWER,170,NEUTRAL,OK,power_present,{age_s=0.0}
650.0,HR,140,NEUTRAL,OK,hr_present,{age_s=0.0}
650.0,CADENCE,61,GREEN,OK,preferred_low_cadence_band,{age_s=0.0}
650.0,GRADE,0,NEUTRAL,OK,flat_deadband,"{grade_raw=0.0, grade_display=0.0}"
650.0,GEAR,WAIT,GRAY,NO_DATA,missing_gear,{}
651.0,SPEED,24.6,NEUTRAL,OK,near_reference,"{reference_kmh=24.508909370199696, age_s=0.0}"
651.0,POWER,140,NEUTRAL,OK,power_present,{age_s=0.0}
651.0,HR,120,NEUTRAL,OK,hr_present,{age_s=0.0}
651.0,CADENCE,62,GREEN,OK,preferred_low_cadence_band,{age_s=0.0}
651.0,GRADE,0,NEUTRAL,OK,flat_deadband,"{grade_raw=0.0, grade_display=0.0}"
651.0,GEAR,WAIT,GRAY,NO_DATA,missing_gear,{}
652.0,SPEED,24.6,NEUTRAL,OK,near_reference,"{reference_kmh=24.509049079754607, age_s=0.0}"
652.0,POWER,141,NEUTRAL,OK,power_present,{age_s=0.0}
652.0,HR,121,NEUTRAL,OK,hr_present,{age_s=0.0}
652.0,CADENCE,63,GREEN,OK,preferred_low_cadence_band,{age_s=0.0}
652.0,GRADE,0,NEUTRAL,OK,flat_deadband,"{grade_raw=0.0, grade_display=0.0}"
652.0,GEAR,WAIT,GRAY,NO_DATA,missing_gear,{}
653.0,SPEED,24.7,NEUTRAL,OK,near_reference,"{reference_kmh=24.5092649310873, age_s=0.0}"
653.0,POWER,142,NEUTRAL,OK,power_present,{age_s=0.0}
653.0,HR,122,NEUTRAL,OK,hr_present,{age_s=0.0}
653.0,CADENCE,64,GREEN,OK,preferred_low_cadence_band,{age_s=0.0}
653.0,GRADE,0,NEUTRAL,OK,flat_deadband,"{grade_raw=0.0, grade_display=0.0}"
653.0,GEAR,WAIT,GRAY,NO_DATA,missing_gear,{}
654.0,SPEED,24.7,NEUTRAL,OK,near_reference,"{reference_kmh=24.509556574923558, age_s=0.0}"
654.0,POWER,143,NEUTRAL,OK,power_present,{age_s=0.0}
654.0,HR,123,NEUTRAL,OK,hr_present,{age_s=0.0}
654.0,CADENCE,65,GREEN,OK,preferred_low_cadence_band,{age_s=0.0}
654.0,GRADE,0,NEUTRAL,OK,flat_deadband,"{grade_raw=0.0, grade_display=0.0}"
654.0,GEAR,WAIT,GRAY,NO_DATA,missing_gear,{}
655.0,SPEED,24.8,NEUTRAL,OK,near_reference,"{reference_kmh=24.509923664122148, age_s=0.0}"
655.0,POWER,144,NEUTRAL,OK,power_present,{age_s=0.0}
655.0,HR,124,NEUTRAL,OK,hr_present,{age_s=0.0}
655.0,CADENCE,66,GREEN,OK,preferred_low_cadence_band,{age_s=0.0}
655.0,GRADE,0,NEUTRAL,OK,flat_deadband,"{grade_raw=0.0, grade_display=0.0}"
655.0,GEAR,WAIT,GRAY,NO_DATA,missing_gear,{}
656.0,SPEED,24.8,NEUTRAL,OK,near_reference,"{reference_kmh=24.510365853658545, age_s=0.0}"
656.0,POWER,145,NEUTRAL,OK,power_present,{age_s=0.0}
656.0,HR,125,NEUTRAL,OK,hr_present,{age_s=0.0}
656.0,CADENCE,67,GREEN,OK,preferred_low_cadence_band,{age_s=0.0}
656.0,GRADE,0,NEUTRAL,OK,flat_deadband,"{grade_raw=0.0, grade_display=0.0}"
656.0,GEAR,WAIT,GRAY,NO_DATA,missing_gear,{}
657.0,SPEED,24.9,NEUTRAL,OK,near_reference,"{reference_kmh=24.510882800608837, age_s=0.0}"
657.0,POWER,146,NEUTRAL,OK,power_present,{age_s=0.0}
657.0,HR,126,NEUTRAL,OK,hr_present,{age_s=0.0}
657.0,CADENCE,68,GREEN,OK,preferred_low_cadence_band,{age_s=0.0}
657.0,GRADE,0,NEUTRAL,OK,flat_deadband,"{grade_raw=0.0, grade_display=0.0}"
657.0,GEAR,WAIT,GRAY,NO_DATA,missing_gear,{}
658.0,SPEED,24.9,NEUTRAL,OK,near_reference,"{reference_kmh=24.511474164133745, age_s=0.0}"
658.0,POWER,147,NEUTRAL,OK,power_present,{age_s=0.0}
658.0,HR,127,NEUTRAL,OK,hr_present,{age_s=0.0}
658.0,CADENCE,69,GREEN,OK,preferred_low_cadence_band,{age_s=0.0}
658.0,GRADE,0,NEUTRAL,OK,flat_deadband,"{grade_raw=0.0, grade_display=0.0}"
658.0,GEAR,WAIT,GRAY,NO_DATA,missing_gear,{}
659.0,SPEED,25.0,NEUTRAL,OK,near_reference,"{reference_kmh=24.512139605462828, age_s=0.0}"
659.0,POWER,148,NEUTRAL,OK,power_present,{age_s=0.0}
659.0,HR,128,NEUTRAL,OK,hr_present,{age_s=0.0}
659.0,CADENCE,70,GREEN,OK,preferred_low_cadence_band,{age_s=0.0}
659.0,GRADE,0,NEUTRAL,OK,flat_deadband,"{grade_raw=0.0, grade_display=0.0}"
659.0,GEAR,WAIT,GRAY,NO_DATA,missing_gear,{}
660.0,SPEED,24.0,NEUTRAL,OK,near_reference,"{reference_kmh=24.51136363636365, age_s=0.0}"
660.0,POWER,149,NEUTRAL,OK,power_present,{age_s=0.0}
660.0,HR,129,NEUTRAL,OK,hr_present,{age_s=0.0}
660.0,CADENCE,60,GREEN,OK,preferred_low_cadence_band,{age_s=0.0}
660.0,GRADE,0,NEUTRAL,OK,flat_deadband,"{grade_raw=0.0, grade_display=0.0}"
660.0,GEAR,WAIT,GRAY,NO_DATA,missing_gear,{}
661.0,SPEED,24.1,NEUTRAL,OK,near_reference,"{reference_kmh=24.51066565809381, age_s=0.0}"
661.0,POWER,150,NEUTRAL,OK,power_present,{age_s=0.0}
661.0,HR,130,NEUTRAL,OK,hr_present,{age_s=0.0}
661.0,CADENCE,61,GREEN,OK,preferred_low_cadence_band,{age_s=0.0}
661.0,GRADE,0,NEUTRAL,OK,flat_deadband,"{grade_raw=0.0, grade_display=0.0}"
661.0,GEAR,WAIT,GRAY,NO_DATA,missing_gear,{}
662.0,SPEED,24.1,NEUTRAL,OK,near_reference,"{reference_kmh=24.510045317220555, age_s=0.0}"
662.0,POWER,151,NEUTRAL,OK,power_present,{age_s=0.0}
662.0,HR,131,NEUTRAL,OK,hr_present,{age_s=0.0}
662.0,CADENCE,62,GREEN,OK,preferred_low_cadence_band,{age_s=0.0}
662.0,GRADE,0,NEUTRAL,OK,flat_deadband,"{grade_raw=0.0, grade_display=0.0}"
662.0,GEAR,WAIT,GRAY,NO_DATA,missing_gear,{}
663.0,SPEED,24.2,NEUTRAL,OK,near_reference,"{reference_kmh=24.509502262443448, age_s=0.0}"
663.0,POWER,152,NEUTRAL,OK,power_present,{age_s=0.0}
663.0,HR,132,NEUTRAL,OK,hr_present,{age_s=0.0}
663.0,CADENCE,63,GREEN,OK,preferred_low_cadence_band,{age_s=0.0}
663.0,GRADE,0,NEUTRAL,OK,flat_deadband,"{grade_raw=0.0, grade_display=0.0}"
663.0,GEAR,WAIT,GRAY,NO_DATA,missing_gear,{}
664.0,SPEED,24.2,NEUTRAL,OK,near_reference,"{reference_kmh=24.509036144578328, age_s=0.0}"
664.0,POWER,153,NEUTRAL,OK,power_present,{age_s=0.0}
664.0,HR,133,NEUTRAL,OK,hr_present,{age_s=0.0}
664.0,CADENCE,64,GREEN,OK,preferred_low_cadence_band,{age_s=0.0}
664.0,GRADE,0,NEUTRAL,OK,flat_deadband,"{grade_raw=0.0, grade_display=0.0}"
664.0,GEAR,WAIT,GRAY,NO_DATA,missing_gear,{}
665.0,SPEED,24.3,NEUTRAL,OK,near_reference,"{reference_kmh=24.508646616541363, age_s=0.0}"
665.0,POWER,154,NEUTRAL,OK,power_present,{age_s=0.0}
665.0,HR,134,NEUTRAL,OK,hr_present,{age_s=0.0}
665.0,CADENCE,65,GREEN,OK,preferred_low_cadence_band,{age_s=0.0}
665.0,GRADE,0,NEUTRAL,OK,flat_deadband,"{grade_raw=0.0, grade_display=0.0}"
665.0,GEAR,WAIT,GRAY,NO_DATA,missing_gear,{}
666.0,SPEED,24.3,NEUTRAL,OK,near_reference,"{reference_kmh=24.508333333333344, age_s=0.0}"
666.0,POWER,155,NEUTRAL,OK,power_present,{age_s=0.0}
666.0,HR,135,NEUTRAL,OK,hr_present,{age_s=0.0}
666.0,CADENCE,66,GREEN,OK,preferred_low_cadence_band,{age_s=0.0}
666.0,GRADE,0,NEUTRAL,OK,flat_deadband,"{grade_raw=0.0, grade_display=0.0}"
666.0,GEAR,WAIT,GRAY,NO_DATA,missing_gear,{}
667.0,SPEED,24.4,NEUTRAL,OK,near_reference,"{reference_kmh=24.508095952023996, age_s=0.0}"
667.0,POWER,156,NEUTRAL,OK,power_present,{age_s=0.0}
667.0,HR,136,NEUTRAL,OK,hr_present,{age_s=0.0}
667.0,CADENCE,67,GREEN,OK,preferred_low_cadence_band,{age_s=0.0}
667.0,GRADE,0,NEUTRAL,OK,flat_deadband,"{grade_raw=0.0, grade_display=0.0}"
667.0,GEAR,WAIT,GRAY,NO_DATA,missing_gear,{}
668.0,SPEED,24.4,NEUTRAL,OK,near_reference,"{reference_kmh=24.507934131736533, age_s=0.0}"
668.0,POWER,157,NEUTRAL,OK,power_present,{age_s=0.0}
668.0,HR,137,NEUTRAL,OK,hr_present,{age_s=0.0}
668.0,CADENCE,68,GREEN,OK,preferred_low_cadence_band,{age_s=0.0}
668.0,GRADE,0,NEUTRAL,OK,flat_deadband,"{grade_raw=0.0, grade_display=0.0}"
668.0,GEAR,WAIT,GRAY,NO_DATA,missing_gear,{}
669.0,SPEED,24.5,NEUTRAL,OK,near_reference,"{reference_kmh=24.5078475336323, age_s=0.0}"
669.0,POWER,158,NEUTRAL,OK,power_present,{age_s=0.0}
669.0,HR,138,NEUTRAL,OK,hr_present,{age_s=0.0}
669.0,CADENCE,69,GREEN,OK,preferred_low_cadence_band,{age_s=0.0}
669.0,GRADE,0,NEUTRAL,OK,flat_deadband,"{grade_raw=0.0, grade_display=0.0}"
669.0,GEAR,WAIT,GRAY,NO_DATA,missing_gear,{}
670.0,SPEED,24.5,NEUTRAL,OK,near_reference,"{reference_kmh=24.507835820895533, age_s=0.0}"
670.0,POWER,159,NEUTRAL,OK,power_present,{age_s=0.0}
670.0,HR,139,NEUTRAL,OK,hr_present,{age_s=0.0}
670.0,CADENCE,70,GREEN,OK,preferred_low_cadence_band,{age_s=0.0}
670.0,GRADE,0,NEUTRAL,OK,flat_deadband,"{grade_raw=0.0, grade_display=0.0}"
670.0,GEAR,WAIT,GRAY,NO_DATA,missing_gear,{}
671.0,SPEED,24.6,NEUTRAL,OK,near_reference,"{reference_kmh=24.50789865871834, age_s=0.0}"
671.0,POWER,160,NEUTRAL,OK,power_present,{age_s=0.0}
671.0,HR,140,NEUTRAL,OK,hr_present,{age_s=0.0}
671.0,CADENCE,60,GREEN,OK,preferred_low_cadence_band,{age_s=0.0}
671.0,GRADE,0,NEUTRAL,OK,flat_deadband,"{grade_raw=0.0, grade_display=0.0}"
671.0,GEAR,WAIT,GRAY,NO_DATA,missing_gear,{}
672.0,SPEED,24.6,NEUTRAL,OK,near_reference,"{reference_kmh=24.50803571428572, age_s=0.0}"
672.0,POWER,161,NEUTRAL,OK,power_present,{age_s=0.0}
672.0,HR,120,NEUTRAL,OK,hr_present,{age_s=0.0}
672.0,CADENCE,61,GREEN,OK,preferred_low_cadence_band,{age_s=0.0}
672.0,GRADE,0,NEUTRAL,OK,flat_deadband,"{grade_raw=0.0, grade_display=0.0}"
672.0,GEAR,WAIT,GRAY,NO_DATA,missing_gear,{}
673.0,SPEED,24.7,NEUTRAL,OK,near_reference,"{reference_kmh=24.508246656760782, age_s=0.0}"
673.0,POWER,162,NEUTRAL,OK,power_present,{age_s=0.0}
673.0,HR,121,NEUTRAL,OK,hr_present,{age_s=0.0}
673.0,CADENCE,62,GREEN,OK,preferred_low_cadence_band,{age_s=0.0}
673.0,GRADE,0,NEUTRAL,OK,flat_deadband,"{grade_raw=0.0, grade_display=0.0}"
673.0,GEAR,WAIT,GRAY,NO_DATA,missing_gear,{}
674.0,SPEED,24.7,NEUTRAL,OK,near_reference,"{reference_kmh=24.50853115727004, age_s=0.0}"
674.0,POWER,163,NEUTRAL,OK,power_present,{age_s=0.0}
674.0,HR,122,NEUTRAL,OK,hr_present,{age_s=0.0}
674.0,CADENCE,63,GREEN,OK,preferred_low_cadence_band,{age_s=0.0}
674.0,GRADE,0,NEUTRAL,OK,flat_deadband,"{grade_raw=0.0, grade_display=0.0}"
674.0,GEAR,WAIT,GRAY,NO_DATA,missing_gear,{}
675.0,SPEED,24.8,NEUTRAL,OK,near_reference,"{reference_kmh=24.5088888888889, age_s=0.0}"
675.0,POWER,164,NEUTRAL,OK,power_present,{age_s=0.0}
675.0,HR,123,NEUTRAL,OK,hr_present,{age_s=0.0}
675.0,CADENCE,64,GREEN,OK,preferred_low_cadence_band,{age_s=0.0}
675.0,GRADE,0,NEUTRAL,OK,flat_deadband,"{grade_raw=0.0, grade_display=0.0}"
675.0,GEAR,WAIT,GRAY,NO_DATA,missing_gear,{}
676.0,SPEED,24.8,NEUTRAL,OK,near_reference,"{reference_kmh=24.50931952662723, age_s=0.0}"
676.0,POWER,165,NEUTRAL,OK,power_present,{age_s=0.0}
676.0,HR,124,NEUTRAL,OK,hr_present,{age_s=0.0}
676.0,CADENCE,65,GREEN,OK,preferred_low_cadence_band,{age_s=0.0}
676.0,GRADE,0,NEUTRAL,OK,flat_deadband,"{grade_raw=0.0, grade_display=0.0}"
676.0,GEAR,WAIT,GRAY,NO_DATA,missing_gear,{}
677.0,SPEED,24.9,NEUTRAL,OK,near_reference,"{reference_kmh=24.509822747415075, age_s=0.0}"
677.0,POWER,166,NEUTRAL,OK,power_present,{age_s=0.0}
677.0,HR,125,NEUTRAL,OK,hr_present,{age_s=0.0}
677.0,CADENCE,66,GREEN,OK,preferred_low_cadence_band,{age_s=0.0}
677.0,GRADE,0,NEUTRAL,OK,flat_deadband,"{grade_raw=0.0, grade_display=0.0}"
677.0,GEAR,WAIT,GRAY,NO_DATA,missing_gear,{}
678.0,SPEED,24.9,NEUTRAL,OK,near_reference,"{reference_kmh=24.51039823008851, age_s=0.0}"
678.0,POWER,167,NEUTRAL,OK,power_present,{age_s=0.0}
678.0,HR,126,NEUTRAL,OK,hr_present,{age_s=0.0}
678.0,CADENCE,67,GREEN,OK,preferred_low_cadence_band,{age_s=0.0}
678.0,GRADE,0,NEUTRAL,OK,flat_deadband,"{grade_raw=0.0, grade_display=0.0}"
678.0,GEAR,WAIT,GRAY,NO_DATA,missing_gear,{}
679.0,SPEED,25.0,NEUTRAL,OK,near_reference,"{reference_kmh=24.511045655375565, age_s=0.0}"
679.0,POWER,168,NEUTRAL,OK,power_present,{age_s=0.0}
679.0,HR,127,NEUTRAL,OK,hr_present,{age_s=0.0}
679.0,CADENCE,68,GREEN,OK,preferred_low_cadence_band,{age_s=0.0}
679.0,GRADE,0,NEUTRAL,OK,flat_deadband,"{grade_raw=0.0, grade_display=0.0}"
679.0,GEAR,WAIT,GRAY,NO_DATA,missing_gear,{}
680.0,SPEED,24.0,NEUTRAL,OK,near_reference,"{reference_kmh=24.510294117647074, age_s=0.0}"
680.0,POWER,169,NEUTRAL,OK,power_present,{age_s=0.0}
680.0,HR,128,NEUTRAL,OK,hr_present,{age_s=0.0}
680.0,CADENCE,69,GREEN,OK,preferred_low_cadence_band,{age_s=0.0}
680.0,GRADE,0,NEUTRAL,OK,flat_deadband,"{grade_raw=0.0, grade_display=0.0}"
680.0,GEAR,WAIT,GRAY,NO_DATA,missing_gear,{}
681.0,SPEED,24.1,NEUTRAL,OK,near_reference,"{reference_kmh=24.509618208516898, age_s=0.0}"
681.0,POWER,170,NEUTRAL,OK,power_present,{age_s=0.0}
681.0,HR,129,NEUTRAL,OK,hr_present,{age_s=0.0}
681.0,CADENCE,70,GREEN,OK,preferred_low_cadence_band,{age_s=0.0}
681.0,GRADE,0,NEUTRAL,OK,flat_deadband,"{grade_raw=0.0, grade_display=0.0}"
681.0,GEAR,WAIT,GRAY,NO_DATA,missing_gear,{}
682.0,SPEED,24.1,NEUTRAL,OK,near_reference,"{reference_kmh=24.50901759530793, age_s=0.0}"
682.0,POWER,140,NEUTRAL,OK,power_present,{age_s=0.0}
682.0,HR,130,NEUTRAL,OK,hr_present,{age_s=0.0}
682.0,CADENCE,60,GREEN,OK,preferred_low_cadence_band,{age_s=0.0}
682.0,GRADE,0,NEUTRAL,OK,flat_deadband,"{grade_raw=0.0, grade_display=0.0}"
682.0,GEAR,WAIT,GRAY,NO_DATA,missing_gear,{}
683.0,SPEED,24.2,NEUTRAL,OK,near_reference,"{reference_kmh=24.508491947291375, age_s=0.0}"
683.0,POWER,141,NEUTRAL,OK,power_present,{age_s=0.0}
683.0,HR,131,NEUTRAL,OK,hr_present,{age_s=0.0}
683.0,CADENCE,61,GREEN,OK,preferred_low_cadence_band,{age_s=0.0}
683.0,GRADE,0,NEUTRAL,OK,flat_deadband,"{grade_raw=0.0, grade_display=0.0}"
683.0,GEAR,WAIT,GRAY,NO_DATA,missing_gear,{}
684.0,SPEED,24.2,NEUTRAL,OK,near_reference,"{reference_kmh=24.50804093567253, age_s=0.0}"
684.0,POWER,142,NEUTRAL,OK,power_present,{age_s=0.0}
684.0,HR,132,NEUTRAL,OK,hr_present,{age_s=0.0}
684.0,CADENCE,62,GREEN,OK,preferred_low_cadence_band,{age_s=0.0}
684.0,GRADE,0,NEUTRAL,OK,flat_deadband,"{grade_raw=0.0, grade_display=0.0}"
684.0,GEAR,WAIT,GRAY,NO_DATA,missing_gear,{}
685.0,SPEED,24.3,NEUTRAL,OK,near_reference,"{reference_kmh=24.507664233576655, age_s=0.0}"
685.0,POWER,143,NEUTRAL,OK,power_present,{age_s=0.0}
685.0,HR,133,NEUTRAL,OK,hr_present,{age_s=0.0}
685.0,CADENCE,63,GREEN,OK,preferred_low_cadence_band,{age_s=0.0}
685.0,GRADE,0,NEUTRAL,OK,flat_deadband,"{grade_raw=0.0, grade_display=0.0}"
685.0,GEAR,WAIT,GRAY,NO_DATA,missing_gear,{}
686.0,SPEED,24.3,NEUTRAL,OK,near_reference,"{reference_kmh=24.507361516034997, age_s=0.0}"
686.0,POWER,144,NEUTRAL,OK,power_present,{age_s=0.0}
686.0,HR,134,NEUTRAL,OK,hr_present,{age_s=0.0}
686.0,CADENCE,64,GREEN,OK,preferred_low_cadence_band,{age_s=0.0}
686.0,GRADE,0,NEUTRAL,OK,flat_deadband,"{grade_raw=0.0, grade_display=0.0}"
686.0,GEAR,WAIT,GRAY,NO_DATA,missing_gear,{}
687.0,SPEED,24.4,NEUTRAL,OK,near_reference,"{reference_kmh=24.5071324599709, age_s=0.0}"
687.0,POWER,145,NEUTRAL,OK,power_present,{age_s=0.0}
687.0,HR,135,NEUTRAL,OK,hr_present,{age_s=0.0}
687.0,CADENCE,65,GREEN,OK,preferred_low_cadence_band,{age_s=0.0}
687.0,GRADE,0,NEUTRAL,OK,flat_deadband,"{grade_raw=0.0, grade_display=0.0}"
687.0,GEAR,WAIT,GRAY,NO_DATA,missing_gear,{}
688.0,SPEED,24.4,NEUTRAL,OK,near_reference,"{reference_kmh=24.506976744186055, age_s=0.0}"
688.0,POWER,146,NEUTRAL,OK,power_present,{age_s=0.0}
688.0,HR,136,NEUTRAL,OK,hr_present,{age_s=0.0}
688.0,CADENCE,66,GREEN,OK,preferred_low_cadence_band,{age_s=0.0}
688.0,GRADE,0,NEUTRAL,OK,flat_deadband,"{grade_raw=0.0, grade_display=0.0}"
688.0,GEAR,WAIT,GRAY,NO_DATA,missing_gear,{}
689.0,SPEED,24.5,NEUTRAL,OK,near_reference,"{reference_kmh=24.506894049346894, age_s=0.0}"
689.0,POWER,147,NEUTRAL,OK,power_present,{age_s=0.0}
689.0,HR,137,NEUTRAL,OK,hr_present,{age_s=0.0}
689.0,CADENCE,67,GREEN,OK,preferred_low_cadence_band,{age_s=0.0}
689.0,GRADE,0,NEUTRAL,OK,flat_deadband,"{grade_raw=0.0, grade_display=0.0}"
689.0,GEAR,WAIT,GRAY,NO_DATA,missing_gear,{}
690.0,SPEED,24.5,NEUTRAL,OK,near_reference,"{reference_kmh=24.506884057971025, age_s=0.0}"
690.0,POWER,148,NEUTRAL,OK,power_present,{age_s=0.0}
690.0,HR,138,NEUTRAL,OK,hr_present,{age_s=0.0}
690.0,CADENCE,68,GREEN,OK,preferred_low_cadence_band,{age_s=0.0}
690.0,GRADE,0,NEUTRAL,OK,flat_deadband,"{grade_raw=0.0, grade_display=0.0}"
690.0,GEAR,WAIT,GRAY,NO_DATA,missing_gear,{}
691.0,SPEED,24.6,NEUTRAL,OK,near_reference,"{reference_kmh=24.506946454413907, age_s=0.0}"
691.0,POWER,149,NEUTRAL,OK,power_present,{age_s=0.0}
691.0,HR,139,NEUTRAL,OK,hr_present,{age_s=0.0}
691.0,CADENCE,69,GREEN,OK,preferred_low_cadence_band,{age_s=0.0}
691.0,GRADE,0,NEUTRAL,OK,flat_deadband,"{grade_raw=0.0, grade_display=0.0}"
691.0,GEAR,WAIT,GRAY,NO_DATA,missing_gear,{}
692.0,SPEED,24.6,NEUTRAL,OK,near_reference,"{reference_kmh=24.507080924855504, age_s=0.0}"
692.0,POWER,150,NEUTRAL,OK,power_present,{age_s=0.0}
692.0,HR,140,NEUTRAL,OK,hr_present,{age_s=0.0}
692.0,CADENCE,70,GREEN,OK,preferred_low_cadence_band,{age_s=0.0}
692.0,GRADE,0,NEUTRAL,OK,flat_deadband,"{grade_raw=0.0, grade_display=0.0}"
692.0,GEAR,WAIT,GRAY,NO_DATA,missing_gear,{}
693.0,SPEED,24.7,NEUTRAL,OK,near_reference,"{reference_kmh=24.50728715728717, age_s=0.0}"
693.0,POWER,151,NEUTRAL,OK,power_present,{age_s=0.0}
693.0,HR,120,NEUTRAL,OK,hr_present,{age_s=0.0}
693.0,CADENCE,60,GREEN,OK,preferred_low_cadence_band,{age_s=0.0}
693.0,GRADE,0,NEUTRAL,OK,flat_deadband,"{grade_raw=0.0, grade_display=0.0}"
693.0,GEAR,WAIT,GRAY,NO_DATA,missing_gear,{}
694.0,SPEED,24.7,NEUTRAL,OK,near_reference,"{reference_kmh=24.507564841498574, age_s=0.0}"
694.0,POWER,152,NEUTRAL,OK,power_present,{age_s=0.0}
694.0,HR,121,NEUTRAL,OK,hr_present,{age_s=0.0}
694.0,CADENCE,61,GREEN,OK,preferred_low_cadence_band,{age_s=0.0}
694.0,GRADE,0,NEUTRAL,OK,flat_deadband,"{grade_raw=0.0, grade_display=0.0}"
694.0,GEAR,WAIT,GRAY,NO_DATA,missing_gear,{}
695.0,SPEED,24.8,NEUTRAL,OK,near_reference,"{reference_kmh=24.50791366906476, age_s=0.0}"
695.0,POWER,153,NEUTRAL,OK,power_present,{age_s=0.0}
695.0,HR,122,NEUTRAL,OK,hr_present,{age_s=0.0}
695.0,CADENCE,62,GREEN,OK,preferred_low_cadence_band,{age_s=0.0}
695.0,GRADE,0,NEUTRAL,OK,flat_deadband,"{grade_raw=0.0, grade_display=0.0}"
695.0,GEAR,WAIT,GRAY,NO_DATA,missing_gear,{}
696.0,SPEED,24.8,NEUTRAL,OK,near_reference,"{reference_kmh=24.508333333333347, age_s=0.0}"
696.0,POWER,154,NEUTRAL,OK,power_present,{age_s=0.0}
696.0,HR,123,NEUTRAL,OK,hr_present,{age_s=0.0}
696.0,CADENCE,63,GREEN,OK,preferred_low_cadence_band,{age_s=0.0}
696.0,GRADE,0,NEUTRAL,OK,flat_deadband,"{grade_raw=0.0, grade_display=0.0}"
696.0,GEAR,WAIT,GRAY,NO_DATA,missing_gear,{}
697.0,SPEED,24.9,NEUTRAL,OK,near_reference,"{reference_kmh=24.508823529411774, age_s=0.0}"
697.0,POWER,155,NEUTRAL,OK,power_present,{age_s=0.0}
697.0,HR,124,NEUTRAL,OK,hr_present,{age_s=0.0}
697.0,CADENCE,64,GREEN,OK,preferred_low_cadence_band,{age_s=0.0}
697.0,GRADE,0,NEUTRAL,OK,flat_deadband,"{grade_raw=0.0, grade_display=0.0}"
697.0,GEAR,WAIT,GRAY,NO_DATA,missing_gear,{}
698.0,SPEED,24.9,NEUTRAL,OK,near_reference,"{reference_kmh=24.50938395415474, age_s=0.0}"
698.0,POWER,156,NEUTRAL,OK,power_present,{age_s=0.0}
698.0,HR,125,NEUTRAL,OK,hr_present,{age_s=0.0}
698.0,CADENCE,65,GREEN,OK,preferred_low_cadence_band,{age_s=0.0}
698.0,GRADE,0,NEUTRAL,OK,flat_deadband,"{grade_raw=0.0, grade_display=0.0}"
698.0,GEAR,WAIT,GRAY,NO_DATA,missing_gear,{}
699.0,SPEED,25.0,NEUTRAL,OK,near_reference,"{reference_kmh=24.51001430615166, age_s=0.0}"
699.0,POWER,157,NEUTRAL,OK,power_present,{age_s=0.0}
699.0,HR,126,NEUTRAL,OK,hr_present,{age_s=0.0}
699.0,CADENCE,66,GREEN,OK,preferred_low_cadence_band,{age_s=0.0}
699.0,GRADE,0,NEUTRAL,OK,flat_deadband,"{grade_raw=0.0, grade_display=0.0}"
699.0,GEAR,WAIT,GRAY,NO_DATA,missing_gear,{}
700.0,SPEED,24.0,NEUTRAL,OK,near_reference,"{reference_kmh=24.509285714285728, age_s=0.0}"
700.0,POWER,158,NEUTRAL,OK,power_present,{age_s=0.0}
700.0,HR,127,NEUTRAL,OK,hr_present,{age_s=0.0}
700.0,CADENCE,67,GREEN,OK,preferred_low_cadence_band,{age_s=0.0}
700.0,GRADE,0,NEUTRAL,OK,flat_deadband,"{grade_raw=0.0, grade_display=0.0}"
700.0,GEAR,WAIT,GRAY,NO_DATA,missing_gear,{}
701.0,SPEED,24.1,NEUTRAL,OK,near_reference,"{reference_kmh=24.50863052781742, age_s=0.0}"
701.0,POWER,159,NEUTRAL,OK,power_present,{age_s=0.0}
701.0,HR,128,NEUTRAL,OK,hr_present,{age_s=0.0}
701.0,CADENCE,68,GREEN,OK,preferred_low_cadence_band,{age_s=0.0}
701.0,GRADE,0,NEUTRAL,OK,flat_deadband,"{grade_raw=0.0, grade_display=0.0}"
701.0,GEAR,WAIT,GRAY,NO_DATA,missing_gear,{}
702.0,SPEED,24.1,NEUTRAL,OK,near_reference,"{reference_kmh=24.508048433048447, age_s=0.0}"
702.0,POWER,160,NEUTRAL,OK,power_present,{age_s=0.0}
702.0,HR,129,NEUTRAL,OK,hr_present,{age_s=0.0}
702.0,CADENCE,69,GREEN,OK,preferred_low_cadence_band,{age_s=0.0}
702.0,GRADE,0,NEUTRAL,OK,flat_deadband,"{grade_raw=0.0, grade_display=0.0}"
702.0,GEAR,WAIT,GRAY,NO_DATA,missing_gear,{}
703.0,SPEED,24.2,NEUTRAL,OK,near_reference,"{reference_kmh=24.50753911806545, age_s=0.0}"
703.0,POWER,161,NEUTRAL,OK,power_present,{age_s=0.0}
703.0,HR,130,NEUTRAL,OK,hr_present,{age_s=0.0}
703.0,CADENCE,70,GREEN,OK,preferred_low_cadence_band,{age_s=0.0}
703.0,GRADE,0,NEUTRAL,OK,flat_deadband,"{grade_raw=0.0, grade_display=0.0}"
703.0,GEAR,WAIT,GRAY,NO_DATA,missing_gear,{}
704.0,SPEED,24.2,NEUTRAL,OK,near_reference,"{reference_kmh=24.507102272727288, age_s=0.0}"
704.0,POWER,162,NEUTRAL,OK,power_present,{age_s=0.0}
704.0,HR,131,NEUTRAL,OK,hr_present,{age_s=0.0}
704.0,CADENCE,60,GREEN,OK,preferred_low_cadence_band,{age_s=0.0}
704.0,GRADE,0,NEUTRAL,OK,flat_deadband,"{grade_raw=0.0, grade_display=0.0}"
704.0,GEAR,WAIT,GRAY,NO_DATA,missing_gear,{}
705.0,SPEED,24.3,NEUTRAL,OK,near_reference,"{reference_kmh=24.506737588652495, age_s=0.0}"
705.0,POWER,163,NEUTRAL,OK,power_present,{age_s=0.0}
705.0,HR,132,NEUTRAL,OK,hr_present,{age_s=0.0}
705.0,CADENCE,61,GREEN,OK,preferred_low_cadence_band,{age_s=0.0}
705.0,GRADE,0,NEUTRAL,OK,flat_deadband,"{grade_raw=0.0, grade_display=0.0}"
705.0,GEAR,WAIT,GRAY,NO_DATA,missing_gear,{}
706.0,SPEED,24.3,NEUTRAL,OK,near_reference,"{reference_kmh=24.50644475920681, age_s=0.0}"
706.0,POWER,164,NEUTRAL,OK,power_present,{age_s=0.0}
706.0,HR,133,NEUTRAL,OK,hr_present,{age_s=0.0}
706.0,CADENCE,62,GREEN,OK,preferred_low_cadence_band,{age_s=0.0}
706.0,GRADE,0,NEUTRAL,OK,flat_deadband,"{grade_raw=0.0, grade_display=0.0}"
706.0,GEAR,WAIT,GRAY,NO_DATA,missing_gear,{}
707.0,SPEED,24.4,NEUTRAL,OK,near_reference,"{reference_kmh=24.50622347949082, age_s=0.0}"
707.0,POWER,165,NEUTRAL,OK,power_present,{age_s=0.0}
707.0,HR,134,NEUTRAL,OK,hr_present,{age_s=0.0}
707.0,CADENCE,63,GREEN,OK,preferred_low_cadence_band,{age_s=0.0}
707.0,GRADE,0,NEUTRAL,OK,flat_deadband,"{grade_raw=0.0, grade_display=0.0}"
707.0,GEAR,WAIT,GRAY,NO_DATA,missing_gear,{}
708.0,SPEED,24.4,NEUTRAL,OK,near_reference,"{reference_kmh=24.506073446327694, age_s=0.0}"
708.0,POWER,166,NEUTRAL,OK,power_present,{age_s=0.0}
708.0,HR,135,NEUTRAL,OK,hr_present,{age_s=0.0}
708.0,CADENCE,64,GREEN,OK,preferred_low_cadence_band,{age_s=0.0}
708.0,GRADE,0,NEUTRAL,OK,flat_deadband,"{grade_raw=0.0, grade_display=0.0}"
708.0,GEAR,WAIT,GRAY,NO_DATA,missing_gear,{}
709.0,SPEED,24.5,NEUTRAL,OK,near_reference,"{reference_kmh=24.505994358251073, age_s=0.0}"
709.0,POWER,167,NEUTRAL,OK,power_present,{age_s=0.0}
709.0,HR,136,NEUTRAL,OK,hr_present,{age_s=0.0}
709.0,CADENCE,65,GREEN,OK,preferred_low_cadence_band,{age_s=0.0}
709.0,GRADE,0,NEUTRAL,OK,flat_deadband,"{grade_raw=0.0, grade_display=0.0}"
709.0,GEAR,WAIT,GRAY,NO_DATA,missing_gear,{}
710.0,SPEED,24.5,NEUTRAL,OK,near_reference,"{reference_kmh=24.50598591549297, age_s=0.0}"
710.0,POWER,168,NEUTRAL,OK,power_present,{age_s=0.0}
710.0,HR,137,NEUTRAL,OK,hr_present,{age_s=0.0}
710.0,CADENCE,66,GREEN,OK,preferred_low_cadence_band,{age_s=0.0}
710.0,GRADE,0,NEUTRAL,OK,flat_deadband,"{grade_raw=0.0, grade_display=0.0}"
710.0,GEAR,WAIT,GRAY,NO_DATA,missing_gear,{}
711.0,SPEED,24.6,NEUTRAL,OK,near_reference,"{reference_kmh=24.506047819971887, age_s=0.0}"
711.0,POWER,169,NEUTRAL,OK,power_present,{age_s=0.0}
711.0,HR,138,NEUTRAL,OK,hr_present,{age_s=0.0}
711.0,CADENCE,67,GREEN,OK,preferred_low_cadence_band,{age_s=0.0}
711.0,GRADE,0,NEUTRAL,OK,flat_deadband,"{grade_raw=0.0, grade_display=0.0}"
711.0,GEAR,WAIT,GRAY,NO_DATA,missing_gear,{}
712.0,SPEED,24.6,NEUTRAL,OK,near_reference,"{reference_kmh=24.506179775280913, age_s=0.0}"
712.0,POWER,170,NEUTRAL,OK,power_present,{age_s=0.0}
712.0,HR,139,NEUTRAL,OK,hr_present,{age_s=0.0}
712.0,CADENCE,68,GREEN,OK,preferred_low_cadence_band,{age_s=0.0}
712.0,GRADE,0,NEUTRAL,OK,flat_deadband,"{grade_raw=0.0, grade_display=0.0}"
712.0,GEAR,WAIT,GRAY,NO_DATA,missing_gear,{}
713.0,SPEED,24.7,NEUTRAL,OK,near_reference,"{reference_kmh=24.50638148667603, age_s=0.0}"
713.0,POWER,140,NEUTRAL,OK,power_present,{age_s=0.0}
713.0,HR,140,NEUTRAL,OK,hr_present,{age_s=0.0}
713.0,CADENCE,69,GREEN,OK,preferred_low_cadence_band,{age_s=0.0}
713.0,GRADE,0,NEUTRAL,OK,flat_deadband,"{grade_raw=0.0, grade_display=0.0}"
713.0,GEAR,WAIT,GRAY,NO_DATA,missing_gear,{}
714.0,SPEED,24.7,NEUTRAL,OK,near_reference,"{reference_kmh=24.50665266106444, age_s=0.0}"
714.0,POWER,141,NEUTRAL,OK,power_present,{age_s=0.0}
714.0,HR,120,NEUTRAL,OK,hr_present,{age_s=0.0}
714.0,CADENCE,70,GREEN,OK,preferred_low_cadence_band,{age_s=0.0}
714.0,GRADE,0,NEUTRAL,OK,flat_deadband,"{grade_raw=0.0, grade_display=0.0}"
714.0,GEAR,WAIT,GRAY,NO_DATA,missing_gear,{}
715.0,SPEED,24.8,NEUTRAL,OK,near_reference,"{reference_kmh=24.50699300699302, age_s=0.0}"
715.0,POWER,142,NEUTRAL,OK,power_present,{age_s=0.0}
715.0,HR,121,NEUTRAL,OK,hr_present,{age_s=0.0}
715.0,CADENCE,60,GREEN,OK,preferred_low_cadence_band,{age_s=0.0}
715.0,GRADE,0,NEUTRAL,OK,flat_deadband,"{grade_raw=0.0, grade_display=0.0}"
715.0,GEAR,WAIT,GRAY,NO_DATA,missing_gear,{}
716.0,SPEED,24.8,NEUTRAL,OK,near_reference,"{reference_kmh=24.507402234636885, age_s=0.0}"
716.0,POWER,143,NEUTRAL,OK,power_present,{age_s=0.0}
716.0,HR,122,NEUTRAL,OK,hr_present,{age_s=0.0}
716.0,CADENCE,61,GREEN,OK,preferred_low_cadence_band,{age_s=0.0}
716.0,GRADE,0,NEUTRAL,OK,flat_deadband,"{grade_raw=0.0, grade_display=0.0}"
716.0,GEAR,WAIT,GRAY,NO_DATA,missing_gear,{}
717.0,SPEED,24.9,NEUTRAL,OK,near_reference,"{reference_kmh=24.507880055788018, age_s=0.0}"
717.0,POWER,144,NEUTRAL,OK,power_present,{age_s=0.0}
717.0,HR,123,NEUTRAL,OK,hr_present,{age_s=0.0}
717.0,CADENCE,62,GREEN,OK,preferred_low_cadence_band,{age_s=0.0}
717.0,GRADE,0,NEUTRAL,OK,flat_deadband,"{grade_raw=0.0, grade_display=0.0}"
717.0,GEAR,WAIT,GRAY,NO_DATA,missing_gear,{}
718.0,SPEED,24.9,NEUTRAL,OK,near_reference,"{reference_kmh=24.508426183844023, age_s=0.0}"
718.0,POWER,145,NEUTRAL,OK,power_present,{age_s=0.0}
718.0,HR,124,NEUTRAL,OK,hr_present,{age_s=0.0}
718.0,CADENCE,63,GREEN,OK,preferred_low_cadence_band,{age_s=0.0}
718.0,GRADE,0,NEUTRAL,OK,flat_deadband,"{grade_raw=0.0, grade_display=0.0}"
718.0,GEAR,WAIT,GRAY,NO_DATA,missing_gear,{}
719.0,SPEED,25.0,NEUTRAL,OK,near_reference,"{reference_kmh=24.509040333796957, age_s=0.0}"
719.0,POWER,146,NEUTRAL,OK,power_present,{age_s=0.0}
719.0,HR,125,NEUTRAL,OK,hr_present,{age_s=0.0}
719.0,CADENCE,64,GREEN,OK,preferred_low_cadence_band,{age_s=0.0}
719.0,GRADE,0,NEUTRAL,OK,flat_deadband,"{grade_raw=0.0, grade_display=0.0}"
719.0,GEAR,WAIT,GRAY,NO_DATA,missing_gear,{}
720.0,SPEED,24.0,NEUTRAL,OK,near_reference,"{reference_kmh=24.508333333333347, age_s=0.0}"
720.0,POWER,147,NEUTRAL,OK,power_present,{age_s=0.0}
720.0,HR,126,NEUTRAL,OK,hr_present,{age_s=0.0}
720.0,CADENCE,65,GREEN,OK,preferred_low_cadence_band,{age_s=0.0}
720.0,GRADE,0,NEUTRAL,OK,flat_deadband,"{grade_raw=0.0, grade_display=0.0}"
720.0,GEAR,WAIT,GRAY,NO_DATA,missing_gear,{}
721.0,SPEED,24.1,NEUTRAL,OK,near_reference,"{reference_kmh=24.507697642163677, age_s=0.0}"
721.0,POWER,148,NEUTRAL,OK,power_present,{age_s=0.0}
721.0,HR,127,NEUTRAL,OK,hr_present,{age_s=0.0}
721.0,CADENCE,66,GREEN,OK,preferred_low_cadence_band,{age_s=0.0}
721.0,GRADE,0,NEUTRAL,OK,flat_deadband,"{grade_raw=0.0, grade_display=0.0}"
721.0,GEAR,WAIT,GRAY,NO_DATA,missing_gear,{}
722.0,SPEED,24.1,NEUTRAL,OK,near_reference,"{reference_kmh=24.507132963988937, age_s=0.0}"
722.0,POWER,149,NEUTRAL,OK,power_present,{age_s=0.0}
722.0,HR,128,NEUTRAL,OK,hr_present,{age_s=0.0}
722.0,CADENCE,67,GREEN,OK,preferred_low_cadence_band,{age_s=0.0}
722.0,GRADE,0,NEUTRAL,OK,flat_deadband,"{grade_raw=0.0, grade_display=0.0}"
722.0,GEAR,WAIT,GRAY,NO_DATA,missing_gear,{}
723.0,SPEED,24.2,NEUTRAL,OK,near_reference,"{reference_kmh=24.506639004149392, age_s=0.0}"
723.0,POWER,150,NEUTRAL,OK,power_present,{age_s=0.0}
723.0,HR,129,NEUTRAL,OK,hr_present,{age_s=0.0}
723.0,CADENCE,68,GREEN,OK,preferred_low_cadence_band,{age_s=0.0}
723.0,GRADE,0,NEUTRAL,OK,flat_deadband,"{grade_raw=0.0, grade_display=0.0}"
723.0,GEAR,WAIT,GRAY,NO_DATA,missing_gear,{}
724.0,SPEED,24.2,NEUTRAL,OK,near_reference,"{reference_kmh=24.506215469613277, age_s=0.0}"
724.0,POWER,151,NEUTRAL,OK,power_present,{age_s=0.0}
724.0,HR,130,NEUTRAL,OK,hr_present,{age_s=0.0}
724.0,CADENCE,69,GREEN,OK,preferred_low_cadence_band,{age_s=0.0}
724.0,GRADE,0,NEUTRAL,OK,flat_deadband,"{grade_raw=0.0, grade_display=0.0}"
724.0,GEAR,WAIT,GRAY,NO_DATA,missing_gear,{}
725.0,SPEED,24.3,NEUTRAL,OK,near_reference,"{reference_kmh=24.50586206896553, age_s=0.0}"
725.0,POWER,152,NEUTRAL,OK,power_present,{age_s=0.0}
725.0,HR,131,NEUTRAL,OK,hr_present,{age_s=0.0}
725.0,CADENCE,70,GREEN,OK,preferred_low_cadence_band,{age_s=0.0}
725.0,GRADE,0,NEUTRAL,OK,flat_deadband,"{grade_raw=0.0, grade_display=0.0}"
725.0,GEAR,WAIT,GRAY,NO_DATA,missing_gear,{}
726.0,SPEED,24.3,NEUTRAL,OK,near_reference,"{reference_kmh=24.50557851239671, age_s=0.0}"
726.0,POWER,153,NEUTRAL,OK,power_present,{age_s=0.0}
726.0,HR,132,NEUTRAL,OK,hr_present,{age_s=0.0}
726.0,CADENCE,60,GREEN,OK,preferred_low_cadence_band,{age_s=0.0}
726.0,GRADE,0,NEUTRAL,OK,flat_deadband,"{grade_raw=0.0, grade_display=0.0}"
726.0,GEAR,WAIT,GRAY,NO_DATA,missing_gear,{}
727.0,SPEED,24.4,NEUTRAL,OK,near_reference,"{reference_kmh=24.5053645116919, age_s=0.0}"
727.0,POWER,154,NEUTRAL,OK,power_present,{age_s=0.0}
727.0,HR,133,NEUTRAL,OK,hr_present,{age_s=0.0}
727.0,CADENCE,61,GREEN,OK,preferred_low_cadence_band,{age_s=0.0}
727.0,GRADE,0,NEUTRAL,OK,flat_deadband,"{grade_raw=0.0, grade_display=0.0}"
727.0,GEAR,WAIT,GRAY,NO_DATA,missing_gear,{}
728.0,SPEED,24.4,NEUTRAL,OK,near_reference,"{reference_kmh=24.505219780219793, age_s=0.0}"
728.0,POWER,155,NEUTRAL,OK,power_present,{age_s=0.0}
728.0,HR,134,NEUTRAL,OK,hr_present,{age_s=0.0}
728.0,CADENCE,62,GREEN,OK,preferred_low_cadence_band,{age_s=0.0}
728.0,GRADE,0,NEUTRAL,OK,flat_deadband,"{grade_raw=0.0, grade_display=0.0}"
728.0,GEAR,WAIT,GRAY,NO_DATA,missing_gear,{}
729.0,SPEED,24.5,NEUTRAL,OK,near_reference,"{reference_kmh=24.505144032921827, age_s=0.0}"
729.0,POWER,156,NEUTRAL,OK,power_present,{age_s=0.0}
729.0,HR,135,NEUTRAL,OK,hr_present,{age_s=0.0}
729.0,CADENCE,63,GREEN,OK,preferred_low_cadence_band,{age_s=0.0}
729.0,GRADE,0,NEUTRAL,OK,flat_deadband,"{grade_raw=0.0, grade_display=0.0}"
729.0,GEAR,WAIT,GRAY,NO_DATA,missing_gear,{}
730.0,SPEED,24.5,NEUTRAL,OK,near_reference,"{reference_kmh=24.505136986301384, age_s=0.0}"
730.0,POWER,157,NEUTRAL,OK,power_present,{age_s=0.0}
730.0,HR,136,NEUTRAL,OK,hr_present,{age_s=0.0}
730.0,CADENCE,64,GREEN,OK,preferred_low_cadence_band,{age_s=0.0}
730.0,GRADE,0,NEUTRAL,OK,flat_deadband,"{grade_raw=0.0, grade_display=0.0}"
730.0,GEAR,WAIT,GRAY,NO_DATA,missing_gear,{}
731.0,SPEED,24.6,NEUTRAL,OK,near_reference,"{reference_kmh=24.50519835841315, age_s=0.0}"
731.0,POWER,158,NEUTRAL,OK,power_present,{age_s=0.0}
731.0,HR,137,NEUTRAL,OK,hr_present,{age_s=0.0}
731.0,CADENCE,65,GREEN,OK,preferred_low_cadence_band,{age_s=0.0}
731.0,GRADE,0,NEUTRAL,OK,flat_deadband,"{grade_raw=0.0, grade_display=0.0}"
731.0,GEAR,WAIT,GRAY,NO_DATA,missing_gear,{}
732.0,SPEED,24.6,NEUTRAL,OK,near_reference,"{reference_kmh=24.505327868852472, age_s=0.0}"
732.0,POWER,159,NEUTRAL,OK,power_present,{age_s=0.0}
732.0,HR,138,NEUTRAL,OK,hr_present,{age_s=0.0}
732.0,CADENCE,66,GREEN,OK,preferred_low_cadence_band,{age_s=0.0}
732.0,GRADE,0,NEUTRAL,OK,flat_deadband,"{grade_raw=0.0, grade_display=0.0}"
732.0,GEAR,WAIT,GRAY,NO_DATA,missing_gear,{}
733.0,SPEED,24.7,NEUTRAL,OK,near_reference,"{reference_kmh=24.5055252387449, age_s=0.0}"
733.0,POWER,160,NEUTRAL,OK,power_present,{age_s=0.0}
733.0,HR,139,NEUTRAL,OK,hr_present,{age_s=0.0}
733.0,CADENCE,67,GREEN,OK,preferred_low_cadence_band,{age_s=0.0}
733.0,GRADE,0,NEUTRAL,OK,flat_deadband,"{grade_raw=0.0, grade_display=0.0}"
733.0,GEAR,WAIT,GRAY,NO_DATA,missing_gear,{}
734.0,SPEED,24.7,NEUTRAL,OK,near_reference,"{reference_kmh=24.50579019073571, age_s=0.0}"
734.0,POWER,161,NEUTRAL,OK,power_present,{age_s=0.0}
734.0,HR,140,NEUTRAL,OK,hr_present,{age_s=0.0}
734.0,CADENCE,68,GREEN,OK,preferred_low_cadence_band,{age_s=0.0}
734.0,GRADE,0,NEUTRAL,OK,flat_deadband,"{grade_raw=0.0, grade_display=0.0}"
734.0,GEAR,WAIT,GRAY,NO_DATA,missing_gear,{}
735.0,SPEED,24.8,NEUTRAL,OK,near_reference,"{reference_kmh=24.506122448979607, age_s=0.0}"
735.0,POWER,162,NEUTRAL,OK,power_present,{age_s=0.0}
735.0,HR,120,NEUTRAL,OK,hr_present,{age_s=0.0}
735.0,CADENCE,69,GREEN,OK,preferred_low_cadence_band,{age_s=0.0}
735.0,GRADE,0,NEUTRAL,OK,flat_deadband,"{grade_raw=0.0, grade_display=0.0}"
735.0,GEAR,WAIT,GRAY,NO_DATA,missing_gear,{}
736.0,SPEED,24.8,NEUTRAL,OK,near_reference,"{reference_kmh=24.50652173913045, age_s=0.0}"
736.0,POWER,163,NEUTRAL,OK,power_present,{age_s=0.0}
736.0,HR,121,NEUTRAL,OK,hr_present,{age_s=0.0}
736.0,CADENCE,70,GREEN,OK,preferred_low_cadence_band,{age_s=0.0}
736.0,GRADE,0,NEUTRAL,OK,flat_deadband,"{grade_raw=0.0, grade_display=0.0}"
736.0,GEAR,WAIT,GRAY,NO_DATA,missing_gear,{}
737.0,SPEED,24.9,NEUTRAL,OK,near_reference,"{reference_kmh=24.506987788331084, age_s=0.0}"
737.0,POWER,164,NEUTRAL,OK,power_present,{age_s=0.0}
737.0,HR,122,NEUTRAL,OK,hr_present,{age_s=0.0}
737.0,CADENCE,60,GREEN,OK,preferred_low_cadence_band,{age_s=0.0}
737.0,GRADE,0,NEUTRAL,OK,flat_deadband,"{grade_raw=0.0, grade_display=0.0}"
737.0,GEAR,WAIT,GRAY,NO_DATA,missing_gear,{}
738.0,SPEED,24.9,NEUTRAL,OK,near_reference,"{reference_kmh=24.50752032520327, age_s=0.0}"
738.0,POWER,165,NEUTRAL,OK,power_present,{age_s=0.0}
738.0,HR,123,NEUTRAL,OK,hr_present,{age_s=0.0}
738.0,CADENCE,61,GREEN,OK,preferred_low_cadence_band,{age_s=0.0}
738.0,GRADE,0,NEUTRAL,OK,flat_deadband,"{grade_raw=0.0, grade_display=0.0}"
738.0,GEAR,WAIT,GRAY,NO_DATA,missing_gear,{}
739.0,SPEED,25.0,NEUTRAL,OK,near_reference,"{reference_kmh=24.508119079837634, age_s=0.0}"
739.0,POWER,166,NEUTRAL,OK,power_present,{age_s=0.0}
739.0,HR,124,NEUTRAL,OK,hr_present,{age_s=0.0}
739.0,CADENCE,62,GREEN,OK,preferred_low_cadence_band,{age_s=0.0}
739.0,GRADE,0,NEUTRAL,OK,flat_deadband,"{grade_raw=0.0, grade_display=0.0}"
739.0,GEAR,WAIT,GRAY,NO_DATA,missing_gear,{}
740.0,SPEED,24.0,NEUTRAL,OK,near_reference,"{reference_kmh=24.507432432432452, age_s=0.0}"
740.0,POWER,167,NEUTRAL,OK,power_present,{age_s=0.0}
740.0,HR,125,NEUTRAL,OK,hr_present,{age_s=0.0}
740.0,CADENCE,63,GREEN,OK,preferred_low_cadence_band,{age_s=0.0}
740.0,GRADE,0,NEUTRAL,OK,flat_deadband,"{grade_raw=0.0, grade_display=0.0}"
740.0,GEAR,WAIT,GRAY,NO_DATA,missing_gear,{}
741.0,SPEED,24.1,NEUTRAL,OK,near_reference,"{reference_kmh=24.50681511470987, age_s=0.0}"
741.0,POWER,168,NEUTRAL,OK,power_present,{age_s=0.0}
741.0,HR,126,NEUTRAL,OK,hr_present,{age_s=0.0}
741.0,CADENCE,64,GREEN,OK,preferred_low_cadence_band,{age_s=0.0}
741.0,GRADE,0,NEUTRAL,OK,flat_deadband,"{grade_raw=0.0, grade_display=0.0}"
741.0,GEAR,WAIT,GRAY,NO_DATA,missing_gear,{}
742.0,SPEED,24.1,NEUTRAL,OK,near_reference,"{reference_kmh=24.506266846361203, age_s=0.0}"
742.0,POWER,169,NEUTRAL,OK,power_present,{age_s=0.0}
742.0,HR,127,NEUTRAL,OK,hr_present,{age_s=0.0}
742.0,CADENCE,65,GREEN,OK,preferred_low_cadence_band,{age_s=0.0}
742.0,GRADE,0,NEUTRAL,OK,flat_deadband,"{grade_raw=0.0, grade_display=0.0}"
742.0,GEAR,WAIT,GRAY,NO_DATA,missing_gear,{}
743.0,SPEED,24.2,NEUTRAL,OK,near_reference,"{reference_kmh=24.505787348586825, age_s=0.0}"
743.0,POWER,170,NEUTRAL,OK,power_present,{age_s=0.0}
743.0,HR,128,NEUTRAL,OK,hr_present,{age_s=0.0}
743.0,CADENCE,66,GREEN,OK,preferred_low_cadence_band,{age_s=0.0}
743.0,GRADE,0,NEUTRAL,OK,flat_deadband,"{grade_raw=0.0, grade_display=0.0}"
743.0,GEAR,WAIT,GRAY,NO_DATA,missing_gear,{}
744.0,SPEED,24.2,NEUTRAL,OK,near_reference,"{reference_kmh=24.50537634408604, age_s=0.0}"
744.0,POWER,140,NEUTRAL,OK,power_present,{age_s=0.0}
744.0,HR,129,NEUTRAL,OK,hr_present,{age_s=0.0}
744.0,CADENCE,67,GREEN,OK,preferred_low_cadence_band,{age_s=0.0}
744.0,GRADE,0,NEUTRAL,OK,flat_deadband,"{grade_raw=0.0, grade_display=0.0}"
744.0,GEAR,WAIT,GRAY,NO_DATA,missing_gear,{}
745.0,SPEED,24.3,NEUTRAL,OK,near_reference,"{reference_kmh=24.505033557046996, age_s=0.0}"
745.0,POWER,141,NEUTRAL,OK,power_present,{age_s=0.0}
745.0,HR,130,NEUTRAL,OK,hr_present,{age_s=0.0}
745.0,CADENCE,68,GREEN,OK,preferred_low_cadence_band,{age_s=0.0}
745.0,GRADE,0,NEUTRAL,OK,flat_deadband,"{grade_raw=0.0, grade_display=0.0}"
745.0,GEAR,WAIT,GRAY,NO_DATA,missing_gear,{}
746.0,SPEED,24.3,NEUTRAL,OK,near_reference,"{reference_kmh=24.504758713136745, age_s=0.0}"
746.0,POWER,142,NEUTRAL,OK,power_present,{age_s=0.0}
746.0,HR,131,NEUTRAL,OK,hr_present,{age_s=0.0}
746.0,CADENCE,69,GREEN,OK,preferred_low_cadence_band,{age_s=0.0}
746.0,GRADE,0,NEUTRAL,OK,flat_deadband,"{grade_raw=0.0, grade_display=0.0}"
746.0,GEAR,WAIT,GRAY,NO_DATA,missing_gear,{}
747.0,SPEED,24.4,NEUTRAL,OK,near_reference,"{reference_kmh=24.504551539491317, age_s=0.0}"
747.0,POWER,143,NEUTRAL,OK,power_present,{age_s=0.0}
747.0,HR,132,NEUTRAL,OK,hr_present,{age_s=0.0}
747.0,CADENCE,70,GREEN,OK,preferred_low_cadence_band,{age_s=0.0}
747.0,GRADE,0,NEUTRAL,OK,flat_deadband,"{grade_raw=0.0, grade_display=0.0}"
747.0,GEAR,WAIT,GRAY,NO_DATA,missing_gear,{}
748.0,SPEED,24.4,NEUTRAL,OK,near_reference,"{reference_kmh=24.504411764705896, age_s=0.0}"
748.0,POWER,144,NEUTRAL,OK,power_present,{age_s=0.0}
748.0,HR,133,NEUTRAL,OK,hr_present,{age_s=0.0}
748.0,CADENCE,60,GREEN,OK,preferred_low_cadence_band,{age_s=0.0}
748.0,GRADE,0,NEUTRAL,OK,flat_deadband,"{grade_raw=0.0, grade_display=0.0}"
748.0,GEAR,WAIT,GRAY,NO_DATA,missing_gear,{}
749.0,SPEED,24.5,NEUTRAL,OK,near_reference,"{reference_kmh=24.50433911882512, age_s=0.0}"
749.0,POWER,145,NEUTRAL,OK,power_present,{age_s=0.0}
749.0,HR,134,NEUTRAL,OK,hr_present,{age_s=0.0}
749.0,CADENCE,61,GREEN,OK,preferred_low_cadence_band,{age_s=0.0}
749.0,GRADE,0,NEUTRAL,OK,flat_deadband,"{grade_raw=0.0, grade_display=0.0}"
749.0,GEAR,WAIT,GRAY,NO_DATA,missing_gear,{}
750.0,SPEED,24.5,NEUTRAL,OK,near_reference,"{reference_kmh=24.50433333333335, age_s=0.0}"
750.0,POWER,146,NEUTRAL,OK,power_present,{age_s=0.0}
750.0,HR,135,NEUTRAL,OK,hr_present,{age_s=0.0}
750.0,CADENCE,62,GREEN,OK,preferred_low_cadence_band,{age_s=0.0}
750.0,GRADE,0,NEUTRAL,OK,flat_deadband,"{grade_raw=0.0, grade_display=0.0}"
750.0,GEAR,WAIT,GRAY,NO_DATA,missing_gear,{}
751.0,SPEED,24.6,NEUTRAL,OK,near_reference,"{reference_kmh=24.50439414114516, age_s=0.0}"
751.0,POWER,147,NEUTRAL,OK,power_present,{age_s=0.0}
751.0,HR,136,NEUTRAL,OK,hr_present,{age_s=0.0}
751.0,CADENCE,63,GREEN,OK,preferred_low_cadence_band,{age_s=0.0}
751.0,GRADE,0,NEUTRAL,OK,flat_deadband,"{grade_raw=0.0, grade_display=0.0}"
751.0,GEAR,WAIT,GRAY,NO_DATA,missing_gear,{}
752.0,SPEED,24.6,NEUTRAL,OK,near_reference,"{reference_kmh=24.50452127659576, age_s=0.0}"
752.0,POWER,148,NEUTRAL,OK,power_present,{age_s=0.0}
752.0,HR,137,NEUTRAL,OK,hr_present,{age_s=0.0}
752.0,CADENCE,64,GREEN,OK,preferred_low_cadence_band,{age_s=0.0}
752.0,GRADE,0,NEUTRAL,OK,flat_deadband,"{grade_raw=0.0, grade_display=0.0}"
752.0,GEAR,WAIT,GRAY,NO_DATA,missing_gear,{}
753.0,SPEED,24.7,NEUTRAL,OK,near_reference,"{reference_kmh=24.504714475431623, age_s=0.0}"
753.0,POWER,149,NEUTRAL,OK,power_present,{age_s=0.0}
753.0,HR,138,NEUTRAL,OK,hr_present,{age_s=0.0}
753.0,CADENCE,65,GREEN,OK,preferred_low_cadence_band,{age_s=0.0}
753.0,GRADE,0,NEUTRAL,OK,flat_deadband,"{grade_raw=0.0, grade_display=0.0}"
753.0,GEAR,WAIT,GRAY,NO_DATA,missing_gear,{}
754.0,SPEED,24.7,NEUTRAL,OK,near_reference,"{reference_kmh=24.50497347480108, age_s=0.0}"
754.0,POWER,150,NEUTRAL,OK,power_present,{age_s=0.0}
754.0,HR,139,NEUTRAL,OK,hr_present,{age_s=0.0}
754.0,CADENCE,66,GREEN,OK,preferred_low_cadence_band,{age_s=0.0}
754.0,GRADE,0,NEUTRAL,OK,flat_deadband,"{grade_raw=0.0, grade_display=0.0}"
754.0,GEAR,WAIT,GRAY,NO_DATA,missing_gear,{}
755.0,SPEED,24.8,NEUTRAL,OK,near_reference,"{reference_kmh=24.50529801324505, age_s=0.0}"
755.0,POWER,151,NEUTRAL,OK,power_present,{age_s=0.0}
755.0,HR,140,NEUTRAL,OK,hr_present,{age_s=0.0}
755.0,CADENCE,67,GREEN,OK,preferred_low_cadence_band,{age_s=0.0}
755.0,GRADE,0,NEUTRAL,OK,flat_deadband,"{grade_raw=0.0, grade_display=0.0}"
755.0,GEAR,WAIT,GRAY,NO_DATA,missing_gear,{}
756.0,SPEED,24.8,NEUTRAL,OK,near_reference,"{reference_kmh=24.505687830687847, age_s=0.0}"
756.0,POWER,152,NEUTRAL,OK,power_present,{age_s=0.0}
756.0,HR,120,NEUTRAL,OK,hr_present,{age_s=0.0}
756.0,CADENCE,68,GREEN,OK,preferred_low_cadence_band,{age_s=0.0}
756.0,GRADE,0,NEUTRAL,OK,flat_deadband,"{grade_raw=0.0, grade_display=0.0}"
756.0,GEAR,WAIT,GRAY,NO_DATA,missing_gear,{}
757.0,SPEED,24.9,NEUTRAL,OK,near_reference,"{reference_kmh=24.50614266842802, age_s=0.0}"
757.0,POWER,153,NEUTRAL,OK,power_present,{age_s=0.0}
757.0,HR,121,NEUTRAL,OK,hr_present,{age_s=0.0}
757.0,CADENCE,69,GREEN,OK,preferred_low_cadence_band,{age_s=0.0}
757.0,GRADE,0,NEUTRAL,OK,flat_deadband,"{grade_raw=0.0, grade_display=0.0}"
757.0,GEAR,WAIT,GRAY,NO_DATA,missing_gear,{}
758.0,SPEED,24.9,NEUTRAL,OK,near_reference,"{reference_kmh=24.506662269129304, age_s=0.0}"
758.0,POWER,154,NEUTRAL,OK,power_present,{age_s=0.0}
758.0,HR,122,NEUTRAL,OK,hr_present,{age_s=0.0}
758.0,CADENCE,70,GREEN,OK,preferred_low_cadence_band,{age_s=0.0}
758.0,GRADE,0,NEUTRAL,OK,flat_deadband,"{grade_raw=0.0, grade_display=0.0}"
758.0,GEAR,WAIT,GRAY,NO_DATA,missing_gear,{}
759.0,SPEED,25.0,NEUTRAL,OK,near_reference,"{reference_kmh=24.50724637681161, age_s=0.0}"
759.0,POWER,155,NEUTRAL,OK,power_present,{age_s=0.0}
759.0,HR,123,NEUTRAL,OK,hr_present,{age_s=0.0}
759.0,CADENCE,60,GREEN,OK,preferred_low_cadence_band,{age_s=0.0}
759.0,GRADE,0,NEUTRAL,OK,flat_deadband,"{grade_raw=0.0, grade_display=0.0}"
759.0,GEAR,WAIT,GRAY,NO_DATA,missing_gear,{}
760.0,SPEED,24.0,NEUTRAL,OK,near_reference,"{reference_kmh=24.50657894736844, age_s=0.0}"
760.0,POWER,156,NEUTRAL,OK,power_present,{age_s=0.0}
760.0,HR,124,NEUTRAL,OK,hr_present,{age_s=0.0}
760.0,CADENCE,61,GREEN,OK,preferred_low_cadence_band,{age_s=0.0}
760.0,GRADE,0,NEUTRAL,OK,flat_deadband,"{grade_raw=0.0, grade_display=0.0}"
760.0,GEAR,WAIT,GRAY,NO_DATA,missing_gear,{}
761.0,SPEED,24.1,NEUTRAL,OK,near_reference,"{reference_kmh=24.50597897503287, age_s=0.0}"
761.0,POWER,157,NEUTRAL,OK,power_present,{age_s=0.0}
761.0,HR,125,NEUTRAL,OK,hr_present,{age_s=0.0}
761.0,CADENCE,62,GREEN,OK,preferred_low_cadence_band,{age_s=0.0}
761.0,GRADE,0,NEUTRAL,OK,flat_deadband,"{grade_raw=0.0, grade_display=0.0}"
761.0,GEAR,WAIT,GRAY,NO_DATA,missing_gear,{}
762.0,SPEED,24.1,NEUTRAL,OK,near_reference,"{reference_kmh=24.50544619422574, age_s=0.0}"
762.0,POWER,158,NEUTRAL,OK,power_present,{age_s=0.0}
762.0,HR,126,NEUTRAL,OK,hr_present,{age_s=0.0}
762.0,CADENCE,63,GREEN,OK,preferred_low_cadence_band,{age_s=0.0}
762.0,GRADE,0,NEUTRAL,OK,flat_deadband,"{grade_raw=0.0, grade_display=0.0}"
762.0,GEAR,WAIT,GRAY,NO_DATA,missing_gear,{}
763.0,SPEED,24.2,NEUTRAL,OK,near_reference,"{reference_kmh=24.504980340760177, age_s=0.0}"
763.0,POWER,159,NEUTRAL,OK,power_present,{age_s=0.0}
763.0,HR,127,NEUTRAL,OK,hr_present,{age_s=0.0}
763.0,CADENCE,64,GREEN,OK,preferred_low_cadence_band,{age_s=0.0}
763.0,GRADE,0,NEUTRAL,OK,flat_deadband,"{grade_raw=0.0, grade_display=0.0}"
763.0,GEAR,WAIT,GRAY,NO_DATA,missing_gear,{}
764.0,SPEED,24.2,NEUTRAL,OK,near_reference,"{reference_kmh=24.50458115183248, age_s=0.0}"
764.0,POWER,160,NEUTRAL,OK,power_present,{age_s=0.0}
764.0,HR,128,NEUTRAL,OK,hr_present,{age_s=0.0}
764.0,CADENCE,65,GREEN,OK,preferred_low_cadence_band,{age_s=0.0}
764.0,GRADE,0,NEUTRAL,OK,flat_deadband,"{grade_raw=0.0, grade_display=0.0}"
764.0,GEAR,WAIT,GRAY,NO_DATA,missing_gear,{}
765.0,SPEED,24.3,NEUTRAL,OK,near_reference,"{reference_kmh=24.50424836601309, age_s=0.0}"
765.0,POWER,161,NEUTRAL,OK,power_present,{age_s=0.0}
765.0,HR,129,NEUTRAL,OK,hr_present,{age_s=0.0}
765.0,CADENCE,66,GREEN,OK,preferred_low_cadence_band,{age_s=0.0}
765.0,GRADE,0,NEUTRAL,OK,flat_deadband,"{grade_raw=0.0, grade_display=0.0}"
765.0,GEAR,WAIT,GRAY,NO_DATA,missing_gear,{}
766.0,SPEED,24.3,NEUTRAL,OK,near_reference,"{reference_kmh=24.503981723237615, age_s=0.0}"
766.0,POWER,162,NEUTRAL,OK,power_present,{age_s=0.0}
766.0,HR,130,NEUTRAL,OK,hr_present,{age_s=0.0}
766.0,CADENCE,67,GREEN,OK,preferred_low_cadence_band,{age_s=0.0}
766.0,GRADE,0,NEUTRAL,OK,flat_deadband,"{grade_raw=0.0, grade_display=0.0}"
766.0,GEAR,WAIT,GRAY,NO_DATA,missing_gear,{}
767.0,SPEED,24.4,NEUTRAL,OK,near_reference,"{reference_kmh=24.503780964797933, age_s=0.0}"
767.0,POWER,163,NEUTRAL,OK,power_present,{age_s=0.0}
767.0,HR,131,NEUTRAL,OK,hr_present,{age_s=0.0}
767.0,CADENCE,68,GREEN,OK,preferred_low_cadence_band,{age_s=0.0}
767.0,GRADE,0,NEUTRAL,OK,flat_deadband,"{grade_raw=0.0, grade_display=0.0}"
767.0,GEAR,WAIT,GRAY,NO_DATA,missing_gear,{}
768.0,SPEED,24.4,NEUTRAL,OK,near_reference,"{reference_kmh=24.503645833333348, age_s=0.0}"
768.0,POWER,164,NEUTRAL,OK,power_present,{age_s=0.0}
768.0,HR,132,NEUTRAL,OK,hr_present,{age_s=0.0}
768.0,CADENCE,69,GREEN,OK,preferred_low_cadence_band,{age_s=0.0}
768.0,GRADE,0,NEUTRAL,OK,flat_deadband,"{grade_raw=0.0, grade_display=0.0}"
768.0,GEAR,WAIT,GRAY,NO_DATA,missing_gear,{}
769.0,SPEED,24.5,NEUTRAL,OK,near_reference,"{reference_kmh=24.503576072821865, age_s=0.0}"
769.0,POWER,165,NEUTRAL,OK,power_present,{age_s=0.0}
769.0,HR,133,NEUTRAL,OK,hr_present,{age_s=0.0}
769.0,CADENCE,70,GREEN,OK,preferred_low_cadence_band,{age_s=0.0}
769.0,GRADE,0,NEUTRAL,OK,flat_deadband,"{grade_raw=0.0, grade_display=0.0}"
769.0,GEAR,WAIT,GRAY,NO_DATA,missing_gear,{}
770.0,SPEED,24.5,NEUTRAL,OK,near_reference,"{reference_kmh=24.503571428571448, age_s=0.0}"
770.0,POWER,166,NEUTRAL,OK,power_present,{age_s=0.0}
770.0,HR,134,NEUTRAL,OK,hr_present,{age_s=0.0}
770.0,CADENCE,60,GREEN,OK,preferred_low_cadence_band,{age_s=0.0}
770.0,GRADE,0,NEUTRAL,OK,flat_deadband,"{grade_raw=0.0, grade_display=0.0}"
770.0,GEAR,WAIT,GRAY,NO_DATA,missing_gear,{}
771.0,SPEED,24.6,NEUTRAL,OK,near_reference,"{reference_kmh=24.50363164721143, age_s=0.0}"
771.0,POWER,167,NEUTRAL,OK,power_present,{age_s=0.0}
771.0,HR,135,NEUTRAL,OK,hr_present,{age_s=0.0}
771.0,CADENCE,61,GREEN,OK,preferred_low_cadence_band,{age_s=0.0}
771.0,GRADE,0,NEUTRAL,OK,flat_deadband,"{grade_raw=0.0, grade_display=0.0}"
771.0,GEAR,WAIT,GRAY,NO_DATA,missing_gear,{}
772.0,SPEED,24.6,NEUTRAL,OK,near_reference,"{reference_kmh=24.503756476683957, age_s=0.0}"
772.0,POWER,168,NEUTRAL,OK,power_present,{age_s=0.0}
772.0,HR,136,NEUTRAL,OK,hr_present,{age_s=0.0}
772.0,CADENCE,62,GREEN,OK,preferred_low_cadence_band,{age_s=0.0}
772.0,GRADE,0,NEUTRAL,OK,flat_deadband,"{grade_raw=0.0, grade_display=0.0}"
772.0,GEAR,WAIT,GRAY,NO_DATA,missing_gear,{}
773.0,SPEED,24.7,NEUTRAL,OK,near_reference,"{reference_kmh=24.503945666235463, age_s=0.0}"
773.0,POWER,169,NEUTRAL,OK,power_present,{age_s=0.0}
773.0,HR,137,NEUTRAL,OK,hr_present,{age_s=0.0}
773.0,CADENCE,63,GREEN,OK,preferred_low_cadence_band,{age_s=0.0}
773.0,GRADE,0,NEUTRAL,OK,flat_deadband,"{grade_raw=0.0, grade_display=0.0}"
773.0,GEAR,WAIT,GRAY,NO_DATA,missing_gear,{}
774.0,SPEED,24.7,NEUTRAL,OK,near_reference,"{reference_kmh=24.50419896640829, age_s=0.0}"
774.0,POWER,170,NEUTRAL,OK,power_present,{age_s=0.0}
774.0,HR,138,NEUTRAL,OK,hr_present,{age_s=0.0}
774.0,CADENCE,64,GREEN,OK,preferred_low_cadence_band,{age_s=0.0}
774.0,GRADE,0,NEUTRAL,OK,flat_deadband,"{grade_raw=0.0, grade_display=0.0}"
774.0,GEAR,WAIT,GRAY,NO_DATA,missing_gear,{}
775.0,SPEED,24.8,NEUTRAL,OK,near_reference,"{reference_kmh=24.504516129032275, age_s=0.0}"
775.0,POWER,140,NEUTRAL,OK,power_present,{age_s=0.0}
775.0,HR,139,NEUTRAL,OK,hr_present,{age_s=0.0}
775.0,CADENCE,65,GREEN,OK,preferred_low_cadence_band,{age_s=0.0}
775.0,GRADE,0,NEUTRAL,OK,flat_deadband,"{grade_raw=0.0, grade_display=0.0}"
775.0,GEAR,WAIT,GRAY,NO_DATA,missing_gear,{}
776.0,SPEED,24.8,NEUTRAL,OK,near_reference,"{reference_kmh=24.504896907216512, age_s=0.0}"
776.0,POWER,141,NEUTRAL,OK,power_present,{age_s=0.0}
776.0,HR,140,NEUTRAL,OK,hr_present,{age_s=0.0}
776.0,CADENCE,66,GREEN,OK,preferred_low_cadence_band,{age_s=0.0}
776.0,GRADE,0,NEUTRAL,OK,flat_deadband,"{grade_raw=0.0, grade_display=0.0}"
776.0,GEAR,WAIT,GRAY,NO_DATA,missing_gear,{}
777.0,SPEED,24.9,NEUTRAL,OK,near_reference,"{reference_kmh=24.505341055341074, age_s=0.0}"
777.0,POWER,142,NEUTRAL,OK,power_present,{age_s=0.0}
777.0,HR,120,NEUTRAL,OK,hr_present,{age_s=0.0}
777.0,CADENCE,67,GREEN,OK,preferred_low_cadence_band,{age_s=0.0}
777.0,GRADE,0,NEUTRAL,OK,flat_deadband,"{grade_raw=0.0, grade_display=0.0}"
777.0,GEAR,WAIT,GRAY,NO_DATA,missing_gear,{}
778.0,SPEED,24.9,NEUTRAL,OK,near_reference,"{reference_kmh=24.50584832904886, age_s=0.0}"
778.0,POWER,143,NEUTRAL,OK,power_present,{age_s=0.0}
778.0,HR,121,NEUTRAL,OK,hr_present,{age_s=0.0}
778.0,CADENCE,68,GREEN,OK,preferred_low_cadence_band,{age_s=0.0}
778.0,GRADE,0,NEUTRAL,OK,flat_deadband,"{grade_raw=0.0, grade_display=0.0}"
778.0,GEAR,WAIT,GRAY,NO_DATA,missing_gear,{}
779.0,SPEED,25.0,NEUTRAL,OK,near_reference,"{reference_kmh=24.506418485237504, age_s=0.0}"
779.0,POWER,144,NEUTRAL,OK,power_present,{age_s=0.0}
779.0,HR,122,NEUTRAL,OK,hr_present,{age_s=0.0}
779.0,CADENCE,69,GREEN,OK,preferred_low_cadence_band,{age_s=0.0}
779.0,GRADE,0,NEUTRAL,OK,flat_deadband,"{grade_raw=0.0, grade_display=0.0}"
779.0,GEAR,WAIT,GRAY,NO_DATA,missing_gear,{}
780.0,SPEED,24.0,NEUTRAL,OK,near_reference,"{reference_kmh=24.50576923076925, age_s=0.0}"
780.0,POWER,145,NEUTRAL,OK,power_present,{age_s=0.0}
780.0,HR,123,NEUTRAL,OK,hr_present,{age_s=0.0}
780.0,CADENCE,70,GREEN,OK,preferred_low_cadence_band,{age_s=0.0}
780.0,GRADE,0,NEUTRAL,OK,flat_deadband,"{grade_raw=0.0, grade_display=0.0}"
780.0,GEAR,WAIT,GRAY,NO_DATA,missing_gear,{}
781.0,SPEED,24.1,NEUTRAL,OK,near_reference,"{reference_kmh=24.505185659411033, age_s=0.0}"
781.0,POWER,146,NEUTRAL,OK,power_present,{age_s=0.0}
781.0,HR,124,NEUTRAL,OK,hr_present,{age_s=0.0}
781.0,CADENCE,60,GREEN,OK,preferred_low_cadence_band,{age_s=0.0}
781.0,GRADE,0,NEUTRAL,OK,flat_deadband,"{grade_raw=0.0, grade_display=0.0}"
781.0,GEAR,WAIT,GRAY,NO_DATA,missing_gear,{}
782.0,SPEED,24.1,NEUTRAL,OK,near_reference,"{reference_kmh=24.504667519181606, age_s=0.0}"
782.0,POWER,147,NEUTRAL,OK,power_present,{age_s=0.0}
782.0,HR,125,NEUTRAL,OK,hr_present,{age_s=0.0}
782.0,CADENCE,61,GREEN,OK,preferred_low_cadence_band,{age_s=0.0}
782.0,GRADE,0,NEUTRAL,OK,flat_deadband,"{grade_raw=0.0, grade_display=0.0}"
782.0,GEAR,WAIT,GRAY,NO_DATA,missing_gear,{}
783.0,SPEED,24.2,NEUTRAL,OK,near_reference,"{reference_kmh=24.50421455938699, age_s=0.0}"
783.0,POWER,148,NEUTRAL,OK,power_present,{age_s=0.0}
783.0,HR,126,NEUTRAL,OK,hr_present,{age_s=0.0}
783.0,CADENCE,62,GREEN,OK,preferred_low_cadence_band,{age_s=0.0}
783.0,GRADE,0,NEUTRAL,OK,flat_deadband,"{grade_raw=0.0, grade_display=0.0}"
783.0,GEAR,WAIT,GRAY,NO_DATA,missing_gear,{}
784.0,SPEED,24.2,NEUTRAL,OK,near_reference,"{reference_kmh=24.50382653061227, age_s=0.0}"
784.0,POWER,149,NEUTRAL,OK,power_present,{age_s=0.0}
784.0,HR,127,NEUTRAL,OK,hr_present,{age_s=0.0}
784.0,CADENCE,63,GREEN,OK,preferred_low_cadence_band,{age_s=0.0}
784.0,GRADE,0,NEUTRAL,OK,flat_deadband,"{grade_raw=0.0, grade_display=0.0}"
784.0,GEAR,WAIT,GRAY,NO_DATA,missing_gear,{}
785.0,SPEED,24.3,NEUTRAL,OK,near_reference,"{reference_kmh=24.503503184713395, age_s=0.0}"
785.0,POWER,150,NEUTRAL,OK,power_present,{age_s=0.0}
785.0,HR,128,NEUTRAL,OK,hr_present,{age_s=0.0}
785.0,CADENCE,64,GREEN,OK,preferred_low_cadence_band,{age_s=0.0}
785.0,GRADE,0,NEUTRAL,OK,flat_deadband,"{grade_raw=0.0, grade_display=0.0}"
785.0,GEAR,WAIT,GRAY,NO_DATA,missing_gear,{}
786.0,SPEED,24.3,NEUTRAL,OK,near_reference,"{reference_kmh=24.50324427480918, age_s=0.0}"
786.0,POWER,151,NEUTRAL,OK,power_present,{age_s=0.0}
786.0,HR,129,NEUTRAL,OK,hr_present,{age_s=0.0}
786.0,CADENCE,65,GREEN,OK,preferred_low_cadence_band,{age_s=0.0}
786.0,GRADE,0,NEUTRAL,OK,flat_deadband,"{grade_raw=0.0, grade_display=0.0}"
786.0,GEAR,WAIT,GRAY,NO_DATA,missing_gear,{}
787.0,SPEED,24.4,NEUTRAL,OK,near_reference,"{reference_kmh=24.503049555273208, age_s=0.0}"
787.0,POWER,152,NEUTRAL,OK,power_present,{age_s=0.0}
787.0,HR,130,NEUTRAL,OK,hr_present,{age_s=0.0}
787.0,CADENCE,66,GREEN,OK,preferred_low_cadence_band,{age_s=0.0}
787.0,GRADE,0,NEUTRAL,OK,flat_deadband,"{grade_raw=0.0, grade_display=0.0}"
787.0,GEAR,WAIT,GRAY,NO_DATA,missing_gear,{}
788.0,SPEED,24.4,NEUTRAL,OK,near_reference,"{reference_kmh=24.502918781725906, age_s=0.0}"
788.0,POWER,153,NEUTRAL,OK,power_present,{age_s=0.0}
788.0,HR,131,NEUTRAL,OK,hr_present,{age_s=0.0}
788.0,CADENCE,67,GREEN,OK,preferred_low_cadence_band,{age_s=0.0}
788.0,GRADE,0,NEUTRAL,OK,flat_deadband,"{grade_raw=0.0, grade_display=0.0}"
788.0,GEAR,WAIT,GRAY,NO_DATA,missing_gear,{}
789.0,SPEED,24.5,NEUTRAL,OK,near_reference,"{reference_kmh=24.502851711026636, age_s=0.0}"
789.0,POWER,154,NEUTRAL,OK,power_present,{age_s=0.0}
789.0,HR,132,NEUTRAL,OK,hr_present,{age_s=0.0}
789.0,CADENCE,68,GREEN,OK,preferred_low_cadence_band,{age_s=0.0}
789.0,GRADE,0,NEUTRAL,OK,flat_deadband,"{grade_raw=0.0, grade_display=0.0}"
789.0,GEAR,WAIT,GRAY,NO_DATA,missing_gear,{}
790.0,SPEED,24.5,NEUTRAL,OK,near_reference,"{reference_kmh=24.50284810126584, age_s=0.0}"
790.0,POWER,155,NEUTRAL,OK,power_present,{age_s=0.0}
790.0,HR,133,NEUTRAL,OK,hr_present,{age_s=0.0}
790.0,CADENCE,69,GREEN,OK,preferred_low_cadence_band,{age_s=0.0}
790.0,GRADE,0,NEUTRAL,OK,flat_deadband,"{grade_raw=0.0, grade_display=0.0}"
790.0,GEAR,WAIT,GRAY,NO_DATA,missing_gear,{}
791.0,SPEED,24.6,NEUTRAL,OK,near_reference,"{reference_kmh=24.502907711757288, age_s=0.0}"
791.0,POWER,156,NEUTRAL,OK,power_present,{age_s=0.0}
791.0,HR,134,NEUTRAL,OK,hr_present,{age_s=0.0}
791.0,CADENCE,70,GREEN,OK,preferred_low_cadence_band,{age_s=0.0}
791.0,GRADE,0,NEUTRAL,OK,flat_deadband,"{grade_raw=0.0, grade_display=0.0}"
791.0,GEAR,WAIT,GRAY,NO_DATA,missing_gear,{}
792.0,SPEED,24.6,NEUTRAL,OK,near_reference,"{reference_kmh=24.50303030303032, age_s=0.0}"
792.0,POWER,157,NEUTRAL,OK,power_present,{age_s=0.0}
792.0,HR,135,NEUTRAL,OK,hr_present,{age_s=0.0}
792.0,CADENCE,60,GREEN,OK,preferred_low_cadence_band,{age_s=0.0}
792.0,GRADE,0,NEUTRAL,OK,flat_deadband,"{grade_raw=0.0, grade_display=0.0}"
792.0,GEAR,WAIT,GRAY,NO_DATA,missing_gear,{}
793.0,SPEED,24.7,NEUTRAL,OK,near_reference,"{reference_kmh=24.503215636822215, age_s=0.0}"
793.0,POWER,158,NEUTRAL,OK,power_present,{age_s=0.0}
793.0,HR,136,NEUTRAL,OK,hr_present,{age_s=0.0}
793.0,CADENCE,61,GREEN,OK,preferred_low_cadence_band,{age_s=0.0}
793.0,GRADE,0,NEUTRAL,OK,flat_deadband,"{grade_raw=0.0, grade_display=0.0}"
793.0,GEAR,WAIT,GRAY,NO_DATA,missing_gear,{}
794.0,SPEED,24.7,NEUTRAL,OK,near_reference,"{reference_kmh=24.503463476070547, age_s=0.0}"
794.0,POWER,159,NEUTRAL,OK,power_present,{age_s=0.0}
794.0,HR,137,NEUTRAL,OK,hr_present,{age_s=0.0}
794.0,CADENCE,62,GREEN,OK,preferred_low_cadence_band,{age_s=0.0}
794.0,GRADE,0,NEUTRAL,OK,flat_deadband,"{grade_raw=0.0, grade_display=0.0}"
794.0,GEAR,WAIT,GRAY,NO_DATA,missing_gear,{}
795.0,SPEED,24.8,NEUTRAL,OK,near_reference,"{reference_kmh=24.50377358490568, age_s=0.0}"
795.0,POWER,160,NEUTRAL,OK,power_present,{age_s=0.0}
795.0,HR,138,NEUTRAL,OK,hr_present,{age_s=0.0}
795.0,CADENCE,63,GREEN,OK,preferred_low_cadence_band,{age_s=0.0}
795.0,GRADE,0,NEUTRAL,OK,flat_deadband,"{grade_raw=0.0, grade_display=0.0}"
795.0,GEAR,WAIT,GRAY,NO_DATA,missing_gear,{}
796.0,SPEED,24.8,NEUTRAL,OK,near_reference,"{reference_kmh=24.504145728643234, age_s=0.0}"
796.0,POWER,161,NEUTRAL,OK,power_present,{age_s=0.0}
796.0,HR,139,NEUTRAL,OK,hr_present,{age_s=0.0}
796.0,CADENCE,64,GREEN,OK,preferred_low_cadence_band,{age_s=0.0}
796.0,GRADE,0,NEUTRAL,OK,flat_deadband,"{grade_raw=0.0, grade_display=0.0}"
796.0,GEAR,WAIT,GRAY,NO_DATA,missing_gear,{}
797.0,SPEED,24.9,NEUTRAL,OK,near_reference,"{reference_kmh=24.504579673776682, age_s=0.0}"
797.0,POWER,162,NEUTRAL,OK,power_present,{age_s=0.0}
797.0,HR,140,NEUTRAL,OK,hr_present,{age_s=0.0}
797.0,CADENCE,65,GREEN,OK,preferred_low_cadence_band,{age_s=0.0}
797.0,GRADE,0,NEUTRAL,OK,flat_deadband,"{grade_raw=0.0, grade_display=0.0}"
797.0,GEAR,WAIT,GRAY,NO_DATA,missing_gear,{}
798.0,SPEED,24.9,NEUTRAL,OK,near_reference,"{reference_kmh=24.505075187969943, age_s=0.0}"
798.0,POWER,163,NEUTRAL,OK,power_present,{age_s=0.0}
798.0,HR,120,NEUTRAL,OK,hr_present,{age_s=0.0}
798.0,CADENCE,66,GREEN,OK,preferred_low_cadence_band,{age_s=0.0}
798.0,GRADE,0,NEUTRAL,OK,flat_deadband,"{grade_raw=0.0, grade_display=0.0}"
798.0,GEAR,WAIT,GRAY,NO_DATA,missing_gear,{}
799.0,SPEED,25.0,NEUTRAL,OK,near_reference,"{reference_kmh=24.505632040050084, age_s=0.0}"
799.0,POWER,164,NEUTRAL,OK,power_present,{age_s=0.0}
799.0,HR,121,NEUTRAL,OK,hr_present,{age_s=0.0}
799.0,CADENCE,67,GREEN,OK,preferred_low_cadence_band,{age_s=0.0}
799.0,GRADE,0,NEUTRAL,OK,flat_deadband,"{grade_raw=0.0, grade_display=0.0}"
799.0,GEAR,WAIT,GRAY,NO_DATA,missing_gear,{}
800.0,SPEED,24.0,NEUTRAL,OK,near_reference,"{reference_kmh=24.505000000000024, age_s=0.0}"
800.0,POWER,165,NEUTRAL,OK,power_present,{age_s=0.0}
800.0,HR,122,NEUTRAL,OK,hr_present,{age_s=0.0}
800.0,CADENCE,68,GREEN,OK,preferred_low_cadence_band,{age_s=0.0}
800.0,GRADE,0,NEUTRAL,OK,flat_deadband,"{grade_raw=0.0, grade_display=0.0}"
800.0,GEAR,WAIT,GRAY,NO_DATA,missing_gear,{}
801.0,SPEED,24.1,NEUTRAL,OK,near_reference,"{reference_kmh=24.50443196004996, age_s=0.0}"
801.0,POWER,166,NEUTRAL,OK,power_present,{age_s=0.0}
801.0,HR,123,NEUTRAL,OK,hr_present,{age_s=0.0}
801.0,CADENCE,69,GREEN,OK,preferred_low_cadence_band,{age_s=0.0}
801.0,GRADE,0,NEUTRAL,OK,flat_deadband,"{grade_raw=0.0, grade_display=0.0}"
801.0,GEAR,WAIT,GRAY,NO_DATA,missing_gear,{}
802.0,SPEED,24.1,NEUTRAL,OK,near_reference,"{reference_kmh=24.50392768079803, age_s=0.0}"
802.0,POWER,167,NEUTRAL,OK,power_present,{age_s=0.0}
802.0,HR,124,NEUTRAL,OK,hr_present,{age_s=0.0}
802.0,CADENCE,70,GREEN,OK,preferred_low_cadence_band,{age_s=0.0}
802.0,GRADE,0,NEUTRAL,OK,flat_deadband,"{grade_raw=0.0, grade_display=0.0}"
802.0,GEAR,WAIT,GRAY,NO_DATA,missing_gear,{}
803.0,SPEED,24.2,NEUTRAL,OK,near_reference,"{reference_kmh=24.50348692403489, age_s=0.0}"
803.0,POWER,168,NEUTRAL,OK,power_present,{age_s=0.0}
803.0,HR,125,NEUTRAL,OK,hr_present,{age_s=0.0}
803.0,CADENCE,60,GREEN,OK,preferred_low_cadence_band,{age_s=0.0}
803.0,GRADE,0,NEUTRAL,OK,flat_deadband,"{grade_raw=0.0, grade_display=0.0}"
803.0,GEAR,WAIT,GRAY,NO_DATA,missing_gear,{}
804.0,SPEED,24.2,NEUTRAL,OK,near_reference,"{reference_kmh=24.503109452736343, age_s=0.0}"
804.0,POWER,169,NEUTRAL,OK,power_present,{age_s=0.0}
804.0,HR,126,NEUTRAL,OK,hr_present,{age_s=0.0}
804.0,CADENCE,61,GREEN,OK,preferred_low_cadence_band,{age_s=0.0}
804.0,GRADE,0,NEUTRAL,OK,flat_deadband,"{grade_raw=0.0, grade_display=0.0}"
804.0,GEAR,WAIT,GRAY,NO_DATA,missing_gear,{}
805.0,SPEED,24.3,NEUTRAL,OK,near_reference,"{reference_kmh=24.502795031055925, age_s=0.0}"
805.0,POWER,170,NEUTRAL,OK,power_present,{age_s=0.0}
805.0,HR,127,NEUTRAL,OK,hr_present,{age_s=0.0}
805.0,CADENCE,62,GREEN,OK,preferred_low_cadence_band,{age_s=0.0}
805.0,GRADE,0,NEUTRAL,OK,flat_deadband,"{grade_raw=0.0, grade_display=0.0}"
805.0,GEAR,WAIT,GRAY,NO_DATA,missing_gear,{}
806.0,SPEED,24.3,NEUTRAL,OK,near_reference,"{reference_kmh=24.50254342431764, age_s=0.0}"
806.0,POWER,140,NEUTRAL,OK,power_present,{age_s=0.0}
806.0,HR,128,NEUTRAL,OK,hr_present,{age_s=0.0}
806.0,CADENCE,63,GREEN,OK,preferred_low_cadence_band,{age_s=0.0}
806.0,GRADE,0,NEUTRAL,OK,flat_deadband,"{grade_raw=0.0, grade_display=0.0}"
806.0,GEAR,WAIT,GRAY,NO_DATA,missing_gear,{}
807.0,SPEED,24.4,NEUTRAL,OK,near_reference,"{reference_kmh=24.5023543990087, age_s=0.0}"
807.0,POWER,141,NEUTRAL,OK,power_present,{age_s=0.0}
807.0,HR,129,NEUTRAL,OK,hr_present,{age_s=0.0}
807.0,CADENCE,64,GREEN,OK,preferred_low_cadence_band,{age_s=0.0}
807.0,GRADE,0,NEUTRAL,OK,flat_deadband,"{grade_raw=0.0, grade_display=0.0}"
807.0,GEAR,WAIT,GRAY,NO_DATA,missing_gear,{}
808.0,SPEED,24.4,NEUTRAL,OK,near_reference,"{reference_kmh=24.502227722772293, age_s=0.0}"
808.0,POWER,142,NEUTRAL,OK,power_present,{age_s=0.0}
808.0,HR,130,NEUTRAL,OK,hr_present,{age_s=0.0}
808.0,CADENCE,65,GREEN,OK,preferred_low_cadence_band,{age_s=0.0}
808.0,GRADE,0,NEUTRAL,OK,flat_deadband,"{grade_raw=0.0, grade_display=0.0}"
808.0,GEAR,WAIT,GRAY,NO_DATA,missing_gear,{}
809.0,SPEED,24.5,NEUTRAL,OK,near_reference,"{reference_kmh=24.502163164400518, age_s=0.0}"
809.0,POWER,143,NEUTRAL,OK,power_present,{age_s=0.0}
809.0,HR,131,NEUTRAL,OK,hr_present,{age_s=0.0}
809.0,CADENCE,66,GREEN,OK,preferred_low_cadence_band,{age_s=0.0}
809.0,GRADE,0,NEUTRAL,OK,flat_deadband,"{grade_raw=0.0, grade_display=0.0}"
809.0,GEAR,WAIT,GRAY,NO_DATA,missing_gear,{}
810.0,SPEED,24.5,NEUTRAL,OK,near_reference,"{reference_kmh=24.50216049382718, age_s=0.0}"
810.0,POWER,144,NEUTRAL,OK,power_present,{age_s=0.0}
810.0,HR,132,NEUTRAL,OK,hr_present,{age_s=0.0}
810.0,CADENCE,67,GREEN,OK,preferred_low_cadence_band,{age_s=0.0}
810.0,GRADE,0,NEUTRAL,OK,flat_deadband,"{grade_raw=0.0, grade_display=0.0}"
810.0,GEAR,WAIT,GRAY,NO_DATA,missing_gear,{}
811.0,SPEED,24.6,NEUTRAL,OK,near_reference,"{reference_kmh=24.50221948212086, age_s=0.0}"
811.0,POWER,145,NEUTRAL,OK,power_present,{age_s=0.0}
811.0,HR,133,NEUTRAL,OK,hr_present,{age_s=0.0}
811.0,CADENCE,68,GREEN,OK,preferred_low_cadence_band,{age_s=0.0}
811.0,GRADE,0,NEUTRAL,OK,flat_deadband,"{grade_raw=0.0, grade_display=0.0}"
811.0,GEAR,WAIT,GRAY,NO_DATA,missing_gear,{}
812.0,SPEED,24.6,NEUTRAL,OK,near_reference,"{reference_kmh=24.50233990147785, age_s=0.0}"
812.0,POWER,146,NEUTRAL,OK,power_present,{age_s=0.0}
812.0,HR,134,NEUTRAL,OK,hr_present,{age_s=0.0}
812.0,CADENCE,69,GREEN,OK,preferred_low_cadence_band,{age_s=0.0}
812.0,GRADE,0,NEUTRAL,OK,flat_deadband,"{grade_raw=0.0, grade_display=0.0}"
812.0,GEAR,WAIT,GRAY,NO_DATA,missing_gear,{}
813.0,SPEED,24.7,NEUTRAL,OK,near_reference,"{reference_kmh=24.502521525215272, age_s=0.0}"
813.0,POWER,147,NEUTRAL,OK,power_present,{age_s=0.0}
813.0,HR,135,NEUTRAL,OK,hr_present,{age_s=0.0}
813.0,CADENCE,70,GREEN,OK,preferred_low_cadence_band,{age_s=0.0}
813.0,GRADE,0,NEUTRAL,OK,flat_deadband,"{grade_raw=0.0, grade_display=0.0}"
813.0,GEAR,WAIT,GRAY,NO_DATA,missing_gear,{}
814.0,SPEED,24.7,NEUTRAL,OK,near_reference,"{reference_kmh=24.50276412776415, age_s=0.0}"
814.0,POWER,148,NEUTRAL,OK,power_present,{age_s=0.0}
814.0,HR,136,NEUTRAL,OK,hr_present,{age_s=0.0}
814.0,CADENCE,60,GREEN,OK,preferred_low_cadence_band,{age_s=0.0}
814.0,GRADE,0,NEUTRAL,OK,flat_deadband,"{grade_raw=0.0, grade_display=0.0}"
814.0,GEAR,WAIT,GRAY,NO_DATA,missing_gear,{}
815.0,SPEED,24.8,NEUTRAL,OK,near_reference,"{reference_kmh=24.503067484662598, age_s=0.0}"
815.0,POWER,149,NEUTRAL,OK,power_present,{age_s=0.0}
815.0,HR,137,NEUTRAL,OK,hr_present,{age_s=0.0}
815.0,CADENCE,61,GREEN,OK,preferred_low_cadence_band,{age_s=0.0}
815.0,GRADE,0,NEUTRAL,OK,flat_deadband,"{grade_raw=0.0, grade_display=0.0}"
815.0,GEAR,WAIT,GRAY,NO_DATA,missing_gear,{}
816.0,SPEED,24.8,NEUTRAL,OK,near_reference,"{reference_kmh=24.50343137254904, age_s=0.0}"
816.0,POWER,150,NEUTRAL,OK,power_present,{age_s=0.0}
816.0,HR,138,NEUTRAL,OK,hr_present,{age_s=0.0}
816.0,CADENCE,62,GREEN,OK,preferred_low_cadence_band,{age_s=0.0}
816.0,GRADE,0,NEUTRAL,OK,flat_deadband,"{grade_raw=0.0, grade_display=0.0}"
816.0,GEAR,WAIT,GRAY,NO_DATA,missing_gear,{}
817.0,SPEED,24.9,NEUTRAL,OK,near_reference,"{reference_kmh=24.503855569155466, age_s=0.0}"
817.0,POWER,151,NEUTRAL,OK,power_present,{age_s=0.0}
817.0,HR,139,NEUTRAL,OK,hr_present,{age_s=0.0}
817.0,CADENCE,63,GREEN,OK,preferred_low_cadence_band,{age_s=0.0}
817.0,GRADE,0,NEUTRAL,OK,flat_deadband,"{grade_raw=0.0, grade_display=0.0}"
817.0,GEAR,WAIT,GRAY,NO_DATA,missing_gear,{}
818.0,SPEED,24.9,NEUTRAL,OK,near_reference,"{reference_kmh=24.504339853300756, age_s=0.0}"
818.0,POWER,152,NEUTRAL,OK,power_present,{age_s=0.0}
818.0,HR,140,NEUTRAL,OK,hr_present,{age_s=0.0}
818.0,CADENCE,64,GREEN,OK,preferred_low_cadence_band,{age_s=0.0}
818.0,GRADE,0,NEUTRAL,OK,flat_deadband,"{grade_raw=0.0, grade_display=0.0}"
818.0,GEAR,WAIT,GRAY,NO_DATA,missing_gear,{}
819.0,SPEED,25.0,NEUTRAL,OK,near_reference,"{reference_kmh=24.504884004884026, age_s=0.0}"
819.0,POWER,153,NEUTRAL,OK,power_present,{age_s=0.0}
819.0,HR,120,NEUTRAL,OK,hr_present,{age_s=0.0}
819.0,CADENCE,65,GREEN,OK,preferred_low_cadence_band,{age_s=0.0}
819.0,GRADE,0,NEUTRAL,OK,flat_deadband,"{grade_raw=0.0, grade_display=0.0}"
819.0,GEAR,WAIT,GRAY,NO_DATA,missing_gear,{}
820.0,SPEED,24.0,NEUTRAL,OK,near_reference,"{reference_kmh=24.50426829268295, age_s=0.0}"
820.0,POWER,154,NEUTRAL,OK,power_present,{age_s=0.0}
820.0,HR,121,NEUTRAL,OK,hr_present,{age_s=0.0}
820.0,CADENCE,66,GREEN,OK,preferred_low_cadence_band,{age_s=0.0}
820.0,GRADE,0,NEUTRAL,OK,flat_deadband,"{grade_raw=0.0, grade_display=0.0}"
820.0,GEAR,WAIT,GRAY,NO_DATA,missing_gear,{}
821.0,SPEED,24.1,NEUTRAL,OK,near_reference,"{reference_kmh=24.50371498172962, age_s=0.0}"
821.0,POWER,155,NEUTRAL,OK,power_present,{age_s=0.0}
821.0,HR,122,NEUTRAL,OK,hr_present,{age_s=0.0}
821.0,CADENCE,67,GREEN,OK,preferred_low_cadence_band,{age_s=0.0}
821.0,GRADE,0,NEUTRAL,OK,flat_deadband,"{grade_raw=0.0, grade_display=0.0}"
821.0,GEAR,WAIT,GRAY,NO_DATA,missing_gear,{}
822.0,SPEED,24.1,NEUTRAL,OK,near_reference,"{reference_kmh=24.50322384428226, age_s=0.0}"
822.0,POWER,156,NEUTRAL,OK,power_present,{age_s=0.0}
822.0,HR,123,NEUTRAL,OK,hr_present,{age_s=0.0}
822.0,CADENCE,68,GREEN,OK,preferred_low_cadence_band,{age_s=0.0}
822.0,GRADE,0,NEUTRAL,OK,flat_deadband,"{grade_raw=0.0, grade_display=0.0}"
822.0,GEAR,WAIT,GRAY,NO_DATA,missing_gear,{}
823.0,SPEED,24.2,NEUTRAL,OK,near_reference,"{reference_kmh=24.502794653705976, age_s=0.0}"
823.0,POWER,157,NEUTRAL,OK,power_present,{age_s=0.0}
823.0,HR,124,NEUTRAL,OK,hr_present,{age_s=0.0}
823.0,CADENCE,69,GREEN,OK,preferred_low_cadence_band,{age_s=0.0}
823.0,GRADE,0,NEUTRAL,OK,flat_deadband,"{grade_raw=0.0, grade_display=0.0}"
823.0,GEAR,WAIT,GRAY,NO_DATA,missing_gear,{}
824.0,SPEED,24.2,NEUTRAL,OK,near_reference,"{reference_kmh=24.502427184466043, age_s=0.0}"
824.0,POWER,158,NEUTRAL,OK,power_present,{age_s=0.0}
824.0,HR,125,NEUTRAL,OK,hr_present,{age_s=0.0}
824.0,CADENCE,70,GREEN,OK,preferred_low_cadence_band,{age_s=0.0}
824.0,GRADE,0,NEUTRAL,OK,flat_deadband,"{grade_raw=0.0, grade_display=0.0}"
824.0,GEAR,WAIT,GRAY,NO_DATA,missing_gear,{}
825.0,SPEED,24.3,NEUTRAL,OK,near_reference,"{reference_kmh=24.50212121212124, age_s=0.0}"
825.0,POWER,159,NEUTRAL,OK,power_present,{age_s=0.0}
825.0,HR,126,NEUTRAL,OK,hr_present,{age_s=0.0}
825.0,CADENCE,60,GREEN,OK,preferred_low_cadence_band,{age_s=0.0}
825.0,GRADE,0,NEUTRAL,OK,flat_deadband,"{grade_raw=0.0, grade_display=0.0}"
825.0,GEAR,WAIT,GRAY,NO_DATA,missing_gear,{}
826.0,SPEED,24.3,NEUTRAL,OK,near_reference,"{reference_kmh=24.501876513317214, age_s=0.0}"
826.0,POWER,160,NEUTRAL,OK,power_present,{age_s=0.0}
826.0,HR,127,NEUTRAL,OK,hr_present,{age_s=0.0}
826.0,CADENCE,61,GREEN,OK,preferred_low_cadence_band,{age_s=0.0}
826.0,GRADE,0,NEUTRAL,OK,flat_deadband,"{grade_raw=0.0, grade_display=0.0}"
826.0,GEAR,WAIT,GRAY,NO_DATA,missing_gear,{}
827.0,SPEED,24.4,NEUTRAL,OK,near_reference,"{reference_kmh=24.50169286577995, age_s=0.0}"
827.0,POWER,161,NEUTRAL,OK,power_present,{age_s=0.0}
827.0,HR,128,NEUTRAL,OK,hr_present,{age_s=0.0}
827.0,CADENCE,62,GREEN,OK,preferred_low_cadence_band,{age_s=0.0}
827.0,GRADE,0,NEUTRAL,OK,flat_deadband,"{grade_raw=0.0, grade_display=0.0}"
827.0,GEAR,WAIT,GRAY,NO_DATA,missing_gear,{}
828.0,SPEED,24.4,NEUTRAL,OK,near_reference,"{reference_kmh=24.501570048309198, age_s=0.0}"
828.0,POWER,162,NEUTRAL,OK,power_present,{age_s=0.0}
828.0,HR,129,NEUTRAL,OK,hr_present,{age_s=0.0}
828.0,CADENCE,63,GREEN,OK,preferred_low_cadence_band,{age_s=0.0}
828.0,GRADE,0,NEUTRAL,OK,flat_deadband,"{grade_raw=0.0, grade_display=0.0}"
828.0,GEAR,WAIT,GRAY,NO_DATA,missing_gear,{}
829.0,SPEED,24.5,NEUTRAL,OK,near_reference,"{reference_kmh=24.501507840772035, age_s=0.0}"
829.0,POWER,163,NEUTRAL,OK,power_present,{age_s=0.0}
829.0,HR,130,NEUTRAL,OK,hr_present,{age_s=0.0}
829.0,CADENCE,64,GREEN,OK,preferred_low_cadence_band,{age_s=0.0}
829.0,GRADE,0,NEUTRAL,OK,flat_deadband,"{grade_raw=0.0, grade_display=0.0}"
829.0,GEAR,WAIT,GRAY,NO_DATA,missing_gear,{}
830.0,SPEED,24.5,NEUTRAL,OK,near_reference,"{reference_kmh=24.501506024096404, age_s=0.0}"
830.0,POWER,164,NEUTRAL,OK,power_present,{age_s=0.0}
830.0,HR,131,NEUTRAL,OK,hr_present,{age_s=0.0}
830.0,CADENCE,65,GREEN,OK,preferred_low_cadence_band,{age_s=0.0}
830.0,GRADE,0,NEUTRAL,OK,flat_deadband,"{grade_raw=0.0, grade_display=0.0}"
830.0,GEAR,WAIT,GRAY,NO_DATA,missing_gear,{}
831.0,SPEED,24.6,NEUTRAL,OK,near_reference,"{reference_kmh=24.501564380264764, age_s=0.0}"
831.0,POWER,165,NEUTRAL,OK,power_present,{age_s=0.0}
831.0,HR,132,NEUTRAL,OK,hr_present,{age_s=0.0}
831.0,CADENCE,66,GREEN,OK,preferred_low_cadence_band,{age_s=0.0}
831.0,GRADE,0,NEUTRAL,OK,flat_deadband,"{grade_raw=0.0, grade_display=0.0}"
831.0,GEAR,WAIT,GRAY,NO_DATA,missing_gear,{}
832.0,SPEED,24.6,NEUTRAL,OK,near_reference,"{reference_kmh=24.501682692307714, age_s=0.0}"
832.0,POWER,166,NEUTRAL,OK,power_present,{age_s=0.0}
832.0,HR,133,NEUTRAL,OK,hr_present,{age_s=0.0}
832.0,CADENCE,67,GREEN,OK,preferred_low_cadence_band,{age_s=0.0}
832.0,GRADE,0,NEUTRAL,OK,flat_deadband,"{grade_raw=0.0, grade_display=0.0}"
832.0,GEAR,WAIT,GRAY,NO_DATA,missing_gear,{}
833.0,SPEED,24.7,NEUTRAL,OK,near_reference,"{reference_kmh=24.50186074429774, age_s=0.0}"
833.0,POWER,167,NEUTRAL,OK,power_present,{age_s=0.0}
833.0,HR,134,NEUTRAL,OK,hr_present,{age_s=0.0}
833.0,CADENCE,68,GREEN,OK,preferred_low_cadence_band,{age_s=0.0}
833.0,GRADE,0,NEUTRAL,OK,flat_deadband,"{grade_raw=0.0, grade_display=0.0}"
833.0,GEAR,WAIT,GRAY,NO_DATA,missing_gear,{}
834.0,SPEED,24.7,NEUTRAL,OK,near_reference,"{reference_kmh=24.50209832134295, age_s=0.0}"
834.0,POWER,168,NEUTRAL,OK,power_present,{age_s=0.0}
834.0,HR,135,NEUTRAL,OK,hr_present,{age_s=0.0}
834.0,CADENCE,69,GREEN,OK,preferred_low_cadence_band,{age_s=0.0}
834.0,GRADE,0,NEUTRAL,OK,flat_deadband,"{grade_raw=0.0, grade_display=0.0}"
834.0,GEAR,WAIT,GRAY,NO_DATA,missing_gear,{}
835.0,SPEED,24.8,NEUTRAL,OK,near_reference,"{reference_kmh=24.50239520958086, age_s=0.0}"
835.0,POWER,169,NEUTRAL,OK,power_present,{age_s=0.0}
835.0,HR,136,NEUTRAL,OK,hr_present,{age_s=0.0}
835.0,CADENCE,70,GREEN,OK,preferred_low_cadence_band,{age_s=0.0}
835.0,GRADE,0,NEUTRAL,OK,flat_deadband,"{grade_raw=0.0, grade_display=0.0}"
835.0,GEAR,WAIT,GRAY,NO_DATA,missing_gear,{}
836.0,SPEED,24.8,NEUTRAL,OK,near_reference,"{reference_kmh=24.50275119617227, age_s=0.0}"
836.0,POWER,170,NEUTRAL,OK,power_present,{age_s=0.0}
836.0,HR,137,NEUTRAL,OK,hr_present,{age_s=0.0}
836.0,CADENCE,60,GREEN,OK,preferred_low_cadence_band,{age_s=0.0}
836.0,GRADE,0,NEUTRAL,OK,flat_deadband,"{grade_raw=0.0, grade_display=0.0}"
836.0,GEAR,WAIT,GRAY,NO_DATA,missing_gear,{}
837.0,SPEED,24.9,NEUTRAL,OK,near_reference,"{reference_kmh=24.50316606929512, age_s=0.0}"
837.0,POWER,140,NEUTRAL,OK,power_present,{age_s=0.0}
837.0,HR,138,NEUTRAL,OK,hr_present,{age_s=0.0}
837.0,CADENCE,61,GREEN,OK,preferred_low_cadence_band,{age_s=0.0}
837.0,GRADE,0,NEUTRAL,OK,flat_deadband,"{grade_raw=0.0, grade_display=0.0}"
837.0,GEAR,WAIT,GRAY,NO_DATA,missing_gear,{}
838.0,SPEED,24.9,NEUTRAL,OK,near_reference,"{reference_kmh=24.503639618138447, age_s=0.0}"
838.0,POWER,141,NEUTRAL,OK,power_present,{age_s=0.0}
838.0,HR,139,NEUTRAL,OK,hr_present,{age_s=0.0}
838.0,CADENCE,62,GREEN,OK,preferred_low_cadence_band,{age_s=0.0}
838.0,GRADE,0,NEUTRAL,OK,flat_deadband,"{grade_raw=0.0, grade_display=0.0}"
838.0,GEAR,WAIT,GRAY,NO_DATA,missing_gear,{}
839.0,SPEED,25.0,NEUTRAL,OK,near_reference,"{reference_kmh=24.50417163289633, age_s=0.0}"
839.0,POWER,142,NEUTRAL,OK,power_present,{age_s=0.0}
839.0,HR,140,NEUTRAL,OK,hr_present,{age_s=0.0}
839.0,CADENCE,63,GREEN,OK,preferred_low_cadence_band,{age_s=0.0}
839.0,GRADE,0,NEUTRAL,OK,flat_deadband,"{grade_raw=0.0, grade_display=0.0}"
839.0,GEAR,WAIT,GRAY,NO_DATA,missing_gear,{}
840.0,SPEED,24.0,NEUTRAL,OK,near_reference,"{reference_kmh=24.50357142857145, age_s=0.0}"
840.0,POWER,143,NEUTRAL,OK,power_present,{age_s=0.0}
840.0,HR,120,NEUTRAL,OK,hr_present,{age_s=0.0}
840.0,CADENCE,64,GREEN,OK,preferred_low_cadence_band,{age_s=0.0}
840.0,GRADE,0,NEUTRAL,OK,flat_deadband,"{grade_raw=0.0, grade_display=0.0}"
840.0,GEAR,WAIT,GRAY,NO_DATA,missing_gear,{}
841.0,SPEED,24.1,NEUTRAL,OK,near_reference,"{reference_kmh=24.503032104637363, age_s=0.0}"
841.0,POWER,144,NEUTRAL,OK,power_present,{age_s=0.0}
841.0,HR,121,NEUTRAL,OK,hr_present,{age_s=0.0}
841.0,CADENCE,65,GREEN,OK,preferred_low_cadence_band,{age_s=0.0}
841.0,GRADE,0,NEUTRAL,OK,flat_deadband,"{grade_raw=0.0, grade_display=0.0}"
841.0,GEAR,WAIT,GRAY,NO_DATA,missing_gear,{}
842.0,SPEED,24.1,NEUTRAL,OK,near_reference,"{reference_kmh=24.502553444180545, age_s=0.0}"
842.0,POWER,145,NEUTRAL,OK,power_present,{age_s=0.0}
842.0,HR,122,NEUTRAL,OK,hr_present,{age_s=0.0}
842.0,CADENCE,66,GREEN,OK,preferred_low_cadence_band,{age_s=0.0}
842.0,GRADE,0,NEUTRAL,OK,flat_deadband,"{grade_raw=0.0, grade_display=0.0}"
842.0,GEAR,WAIT,GRAY,NO_DATA,missing_gear,{}
843.0,SPEED,24.2,NEUTRAL,OK,near_reference,"{reference_kmh=24.50213523131675, age_s=0.0}"
843.0,POWER,146,NEUTRAL,OK,power_present,{age_s=0.0}
843.0,HR,123,NEUTRAL,OK,hr_present,{age_s=0.0}
843.0,CADENCE,67,GREEN,OK,preferred_low_cadence_band,{age_s=0.0}
843.0,GRADE,0,NEUTRAL,OK,flat_deadband,"{grade_raw=0.0, grade_display=0.0}"
843.0,GEAR,WAIT,GRAY,NO_DATA,missing_gear,{}
844.0,SPEED,24.2,NEUTRAL,OK,near_reference,"{reference_kmh=24.50177725118486, age_s=0.0}"
844.0,POWER,147,NEUTRAL,OK,power_present,{age_s=0.0}
844.0,HR,124,NEUTRAL,OK,hr_present,{age_s=0.0}
844.0,CADENCE,68,GREEN,OK,preferred_low_cadence_band,{age_s=0.0}
844.0,GRADE,0,NEUTRAL,OK,flat_deadband,"{grade_raw=0.0, grade_display=0.0}"
844.0,GEAR,WAIT,GRAY,NO_DATA,missing_gear,{}
845.0,SPEED,24.3,NEUTRAL,OK,near_reference,"{reference_kmh=24.501479289940853, age_s=0.0}"
845.0,POWER,148,NEUTRAL,OK,power_present,{age_s=0.0}
845.0,HR,125,NEUTRAL,OK,hr_present,{age_s=0.0}
845.0,CADENCE,69,GREEN,OK,preferred_low_cadence_band,{age_s=0.0}
845.0,GRADE,0,NEUTRAL,OK,flat_deadband,"{grade_raw=0.0, grade_display=0.0}"
845.0,GEAR,WAIT,GRAY,NO_DATA,missing_gear,{}
846.0,SPEED,24.3,NEUTRAL,OK,near_reference,"{reference_kmh=24.501241134751798, age_s=0.0}"
846.0,POWER,149,NEUTRAL,OK,power_present,{age_s=0.0}
846.0,HR,126,NEUTRAL,OK,hr_present,{age_s=0.0}
846.0,CADENCE,70,GREEN,OK,preferred_low_cadence_band,{age_s=0.0}
846.0,GRADE,0,NEUTRAL,OK,flat_deadband,"{grade_raw=0.0, grade_display=0.0}"
846.0,GEAR,WAIT,GRAY,NO_DATA,missing_gear,{}
847.0,SPEED,24.4,NEUTRAL,OK,near_reference,"{reference_kmh=24.50106257378987, age_s=0.0}"
847.0,POWER,150,NEUTRAL,OK,power_present,{age_s=0.0}
847.0,HR,127,NEUTRAL,OK,hr_present,{age_s=0.0}
847.0,CADENCE,60,GREEN,OK,preferred_low_cadence_band,{age_s=0.0}
847.0,GRADE,0,NEUTRAL,OK,flat_deadband,"{grade_raw=0.0, grade_display=0.0}"
847.0,GEAR,WAIT,GRAY,NO_DATA,missing_gear,{}
848.0,SPEED,24.4,NEUTRAL,OK,near_reference,"{reference_kmh=24.500943396226436, age_s=0.0}"
848.0,POWER,151,NEUTRAL,OK,power_present,{age_s=0.0}
848.0,HR,128,NEUTRAL,OK,hr_present,{age_s=0.0}
848.0,CADENCE,61,GREEN,OK,preferred_low_cadence_band,{age_s=0.0}
848.0,GRADE,0,NEUTRAL,OK,flat_deadband,"{grade_raw=0.0, grade_display=0.0}"
848.0,GEAR,WAIT,GRAY,NO_DATA,missing_gear,{}
849.0,SPEED,24.5,NEUTRAL,OK,near_reference,"{reference_kmh=24.50088339222617, age_s=0.0}"
849.0,POWER,152,NEUTRAL,OK,power_present,{age_s=0.0}
849.0,HR,129,NEUTRAL,OK,hr_present,{age_s=0.0}
849.0,CADENCE,62,GREEN,OK,preferred_low_cadence_band,{age_s=0.0}
849.0,GRADE,0,NEUTRAL,OK,flat_deadband,"{grade_raw=0.0, grade_display=0.0}"
849.0,GEAR,WAIT,GRAY,NO_DATA,missing_gear,{}
850.0,SPEED,24.5,NEUTRAL,OK,near_reference,"{reference_kmh=24.5008823529412, age_s=0.0}"
850.0,POWER,153,NEUTRAL,OK,power_present,{age_s=0.0}
850.0,HR,130,NEUTRAL,OK,hr_present,{age_s=0.0}
850.0,CADENCE,63,GREEN,OK,preferred_low_cadence_band,{age_s=0.0}
850.0,GRADE,0,NEUTRAL,OK,flat_deadband,"{grade_raw=0.0, grade_display=0.0}"
850.0,GEAR,WAIT,GRAY,NO_DATA,missing_gear,{}
851.0,SPEED,24.6,NEUTRAL,OK,near_reference,"{reference_kmh=24.50094007050531, age_s=0.0}"
851.0,POWER,154,NEUTRAL,OK,power_present,{age_s=0.0}
851.0,HR,131,NEUTRAL,OK,hr_present,{age_s=0.0}
851.0,CADENCE,64,GREEN,OK,preferred_low_cadence_band,{age_s=0.0}
851.0,GRADE,0,NEUTRAL,OK,flat_deadband,"{grade_raw=0.0, grade_display=0.0}"
851.0,GEAR,WAIT,GRAY,NO_DATA,missing_gear,{}
852.0,SPEED,24.6,NEUTRAL,OK,near_reference,"{reference_kmh=24.501056338028192, age_s=0.0}"
852.0,POWER,155,NEUTRAL,OK,power_present,{age_s=0.0}
852.0,HR,132,NEUTRAL,OK,hr_present,{age_s=0.0}
852.0,CADENCE,65,GREEN,OK,preferred_low_cadence_band,{age_s=0.0}
852.0,GRADE,0,NEUTRAL,OK,flat_deadband,"{grade_raw=0.0, grade_display=0.0}"
852.0,GEAR,WAIT,GRAY,NO_DATA,missing_gear,{}
853.0,SPEED,24.7,NEUTRAL,OK,near_reference,"{reference_kmh=24.501230949589704, age_s=0.0}"
853.0,POWER,156,NEUTRAL,OK,power_present,{age_s=0.0}
853.0,HR,133,NEUTRAL,OK,hr_present,{age_s=0.0}
853.0,CADENCE,66,GREEN,OK,preferred_low_cadence_band,{age_s=0.0}
853.0,GRADE,0,NEUTRAL,OK,flat_deadband,"{grade_raw=0.0, grade_display=0.0}"
853.0,GEAR,WAIT,GRAY,NO_DATA,missing_gear,{}
854.0,SPEED,24.7,NEUTRAL,OK,near_reference,"{reference_kmh=24.501463700234215, age_s=0.0}"
854.0,POWER,157,NEUTRAL,OK,power_present,{age_s=0.0}
854.0,HR,134,NEUTRAL,OK,hr_present,{age_s=0.0}
854.0,CADENCE,67,GREEN,OK,preferred_low_cadence_band,{age_s=0.0}
854.0,GRADE,0,NEUTRAL,OK,flat_deadband,"{grade_raw=0.0, grade_display=0.0}"
854.0,GEAR,WAIT,GRAY,NO_DATA,missing_gear,{}
855.0,SPEED,24.8,NEUTRAL,OK,near_reference,"{reference_kmh=24.501754385964936, age_s=0.0}"
855.0,POWER,158,NEUTRAL,OK,power_present,{age_s=0.0}
855.0,HR,135,NEUTRAL,OK,hr_present,{age_s=0.0}
855.0,CADENCE,68,GREEN,OK,preferred_low_cadence_band,{age_s=0.0}
855.0,GRADE,0,NEUTRAL,OK,flat_deadband,"{grade_raw=0.0, grade_display=0.0}"
855.0,GEAR,WAIT,GRAY,NO_DATA,missing_gear,{}
856.0,SPEED,24.8,NEUTRAL,OK,near_reference,"{reference_kmh=24.50210280373834, age_s=0.0}"
856.0,POWER,159,NEUTRAL,OK,power_present,{age_s=0.0}
856.0,HR,136,NEUTRAL,OK,hr_present,{age_s=0.0}
856.0,CADENCE,69,GREEN,OK,preferred_low_cadence_band,{age_s=0.0}
856.0,GRADE,0,NEUTRAL,OK,flat_deadband,"{grade_raw=0.0, grade_display=0.0}"
856.0,GEAR,WAIT,GRAY,NO_DATA,missing_gear,{}
857.0,SPEED,24.9,NEUTRAL,OK,near_reference,"{reference_kmh=24.5025087514586, age_s=0.0}"
857.0,POWER,160,NEUTRAL,OK,power_present,{age_s=0.0}
857.0,HR,137,NEUTRAL,OK,hr_present,{age_s=0.0}
857.0,CADENCE,70,GREEN,OK,preferred_low_cadence_band,{age_s=0.0}
857.0,GRADE,0,NEUTRAL,OK,flat_deadband,"{grade_raw=0.0, grade_display=0.0}"
857.0,GEAR,WAIT,GRAY,NO_DATA,missing_gear,{}
858.0,SPEED,24.9,NEUTRAL,OK,near_reference,"{reference_kmh=24.50297202797205, age_s=0.0}"
858.0,POWER,161,NEUTRAL,OK,power_present,{age_s=0.0}
858.0,HR,138,NEUTRAL,OK,hr_present,{age_s=0.0}
858.0,CADENCE,60,GREEN,OK,preferred_low_cadence_band,{age_s=0.0}
858.0,GRADE,0,NEUTRAL,OK,flat_deadband,"{grade_raw=0.0, grade_display=0.0}"
858.0,GEAR,WAIT,GRAY,NO_DATA,missing_gear,{}
859.0,SPEED,25.0,NEUTRAL,OK,near_reference,"{reference_kmh=24.503492433061723, age_s=0.0}"
859.0,POWER,162,NEUTRAL,OK,power_present,{age_s=0.0}
859.0,HR,139,NEUTRAL,OK,hr_present,{age_s=0.0}
859.0,CADENCE,61,GREEN,OK,preferred_low_cadence_band,{age_s=0.0}
859.0,GRADE,0,NEUTRAL,OK,flat_deadband,"{grade_raw=0.0, grade_display=0.0}"
859.0,GEAR,WAIT,GRAY,NO_DATA,missing_gear,{}
860.0,SPEED,24.0,NEUTRAL,OK,near_reference,"{reference_kmh=24.50290697674421, age_s=0.0}"
860.0,POWER,163,NEUTRAL,OK,power_present,{age_s=0.0}
860.0,HR,140,NEUTRAL,OK,hr_present,{age_s=0.0}
860.0,CADENCE,62,GREEN,OK,preferred_low_cadence_band,{age_s=0.0}
860.0,GRADE,0,NEUTRAL,OK,flat_deadband,"{grade_raw=0.0, grade_display=0.0}"
860.0,GEAR,WAIT,GRAY,NO_DATA,missing_gear,{}
861.0,SPEED,24.1,NEUTRAL,OK,near_reference,"{reference_kmh=24.502380952380978, age_s=0.0}"
861.0,POWER,164,NEUTRAL,OK,power_present,{age_s=0.0}
861.0,HR,120,NEUTRAL,OK,hr_present,{age_s=0.0}
861.0,CADENCE,63,GREEN,OK,preferred_low_cadence_band,{age_s=0.0}
861.0,GRADE,0,NEUTRAL,OK,flat_deadband,"{grade_raw=0.0, grade_display=0.0}"
861.0,GEAR,WAIT,GRAY,NO_DATA,missing_gear,{}
862.0,SPEED,24.1,NEUTRAL,OK,near_reference,"{reference_kmh=24.501914153132276, age_s=0.0}"
862.0,POWER,165,NEUTRAL,OK,power_present,{age_s=0.0}
862.0,HR,121,NEUTRAL,OK,hr_present,{age_s=0.0}
862.0,CADENCE,64,GREEN,OK,preferred_low_cadence_band,{age_s=0.0}
862.0,GRADE,0,NEUTRAL,OK,flat_deadband,"{grade_raw=0.0, grade_display=0.0}"
862.0,GEAR,WAIT,GRAY,NO_DATA,missing_gear,{}
863.0,SPEED,24.2,NEUTRAL,OK,near_reference,"{reference_kmh=24.501506373117056, age_s=0.0}"
863.0,POWER,166,NEUTRAL,OK,power_present,{age_s=0.0}
863.0,HR,122,NEUTRAL,OK,hr_present,{age_s=0.0}
863.0,CADENCE,65,GREEN,OK,preferred_low_cadence_band,{age_s=0.0}
863.0,GRADE,0,NEUTRAL,OK,flat_deadband,"{grade_raw=0.0, grade_display=0.0}"
863.0,GEAR,WAIT,GRAY,NO_DATA,missing_gear,{}
864.0,SPEED,24.2,NEUTRAL,OK,near_reference,"{reference_kmh=24.501157407407433, age_s=0.0}"
864.0,POWER,167,NEUTRAL,OK,power_present,{age_s=0.0}
864.0,HR,123,NEUTRAL,OK,hr_present,{age_s=0.0}
864.0,CADENCE,66,GREEN,OK,preferred_low_cadence_band,{age_s=0.0}
864.0,GRADE,0,NEUTRAL,OK,flat_deadband,"{grade_raw=0.0, grade_display=0.0}"
864.0,GEAR,WAIT,GRAY,NO_DATA,missing_gear,{}
865.0,SPEED,24.3,NEUTRAL,OK,near_reference,"{reference_kmh=24.500867052023146, age_s=0.0}"
865.0,POWER,168,NEUTRAL,OK,power_present,{age_s=0.0}
865.0,HR,124,NEUTRAL,OK,hr_present,{age_s=0.0}
865.0,CADENCE,67,GREEN,OK,preferred_low_cadence_band,{age_s=0.0}
865.0,GRADE,0,NEUTRAL,OK,flat_deadband,"{grade_raw=0.0, grade_display=0.0}"
865.0,GEAR,WAIT,GRAY,NO_DATA,missing_gear,{}
866.0,SPEED,24.3,NEUTRAL,OK,near_reference,"{reference_kmh=24.500635103926122, age_s=0.0}"
866.0,POWER,169,NEUTRAL,OK,power_present,{age_s=0.0}
866.0,HR,125,NEUTRAL,OK,hr_present,{age_s=0.0}
866.0,CADENCE,68,GREEN,OK,preferred_low_cadence_band,{age_s=0.0}
866.0,GRADE,0,NEUTRAL,OK,flat_deadband,"{grade_raw=0.0, grade_display=0.0}"
866.0,GEAR,WAIT,GRAY,NO_DATA,missing_gear,{}
867.0,SPEED,24.4,NEUTRAL,OK,near_reference,"{reference_kmh=24.500461361015017, age_s=0.0}"
867.0,POWER,170,NEUTRAL,OK,power_present,{age_s=0.0}
867.0,HR,126,NEUTRAL,OK,hr_present,{age_s=0.0}
867.0,CADENCE,69,GREEN,OK,preferred_low_cadence_band,{age_s=0.0}
867.0,GRADE,0,NEUTRAL,OK,flat_deadband,"{grade_raw=0.0, grade_display=0.0}"
867.0,GEAR,WAIT,GRAY,NO_DATA,missing_gear,{}
868.0,SPEED,24.4,NEUTRAL,OK,near_reference,"{reference_kmh=24.500345622119838, age_s=0.0}"
868.0,POWER,140,NEUTRAL,OK,power_present,{age_s=0.0}
868.0,HR,127,NEUTRAL,OK,hr_present,{age_s=0.0}
868.0,CADENCE,70,GREEN,OK,preferred_low_cadence_band,{age_s=0.0}
868.0,GRADE,0,NEUTRAL,OK,flat_deadband,"{grade_raw=0.0, grade_display=0.0}"
868.0,GEAR,WAIT,GRAY,NO_DATA,missing_gear,{}
869.0,SPEED,24.5,NEUTRAL,OK,near_reference,"{reference_kmh=24.500287686996575, age_s=0.0}"
869.0,POWER,141,NEUTRAL,OK,power_present,{age_s=0.0}
869.0,HR,128,NEUTRAL,OK,hr_present,{age_s=0.0}
869.0,CADENCE,60,GREEN,OK,preferred_low_cadence_band,{age_s=0.0}
869.0,GRADE,0,NEUTRAL,OK,flat_deadband,"{grade_raw=0.0, grade_display=0.0}"
869.0,GEAR,WAIT,GRAY,NO_DATA,missing_gear,{}
870.0,SPEED,24.5,NEUTRAL,OK,near_reference,"{reference_kmh=24.500287356321863, age_s=0.0}"
870.0,POWER,142,NEUTRAL,OK,power_present,{age_s=0.0}
870.0,HR,129,NEUTRAL,OK,hr_present,{age_s=0.0}
870.0,CADENCE,61,GREEN,OK,preferred_low_cadence_band,{age_s=0.0}
870.0,GRADE,0,NEUTRAL,OK,flat_deadband,"{grade_raw=0.0, grade_display=0.0}"
870.0,GEAR,WAIT,GRAY,NO_DATA,missing_gear,{}
871.0,SPEED,24.6,NEUTRAL,OK,near_reference,"{reference_kmh=24.50034443168774, age_s=0.0}"
871.0,POWER,143,NEUTRAL,OK,power_present,{age_s=0.0}
871.0,HR,130,NEUTRAL,OK,hr_present,{age_s=0.0}
871.0,CADENCE,62,GREEN,OK,preferred_low_cadence_band,{age_s=0.0}
871.0,GRADE,0,NEUTRAL,OK,flat_deadband,"{grade_raw=0.0, grade_display=0.0}"
871.0,GEAR,WAIT,GRAY,NO_DATA,missing_gear,{}
872.0,SPEED,24.6,NEUTRAL,OK,near_reference,"{reference_kmh=24.500458715596352, age_s=0.0}"
872.0,POWER,144,NEUTRAL,OK,power_present,{age_s=0.0}
872.0,HR,131,NEUTRAL,OK,hr_present,{age_s=0.0}
872.0,CADENCE,63,GREEN,OK,preferred_low_cadence_band,{age_s=0.0}
872.0,GRADE,0,NEUTRAL,OK,flat_deadband,"{grade_raw=0.0, grade_display=0.0}"
872.0,GEAR,WAIT,GRAY,NO_DATA,missing_gear,{}
873.0,SPEED,24.7,NEUTRAL,OK,near_reference,"{reference_kmh=24.500630011454778, age_s=0.0}"
873.0,POWER,145,NEUTRAL,OK,power_present,{age_s=0.0}
873.0,HR,132,NEUTRAL,OK,hr_present,{age_s=0.0}
873.0,CADENCE,64,GREEN,OK,preferred_low_cadence_band,{age_s=0.0}
873.0,GRADE,0,NEUTRAL,OK,flat_deadband,"{grade_raw=0.0, grade_display=0.0}"
873.0,GEAR,WAIT,GRAY,NO_DATA,missing_gear,{}
874.0,SPEED,24.7,NEUTRAL,OK,near_reference,"{reference_kmh=24.500858123569817, age_s=0.0}"
874.0,POWER,146,NEUTRAL,OK,power_present,{age_s=0.0}
874.0,HR,133,NEUTRAL,OK,hr_present,{age_s=0.0}
874.0,CADENCE,65,GREEN,OK,preferred_low_cadence_band,{age_s=0.0}
874.0,GRADE,0,NEUTRAL,OK,flat_deadband,"{grade_raw=0.0, grade_display=0.0}"
874.0,GEAR,WAIT,GRAY,NO_DATA,missing_gear,{}
875.0,SPEED,24.8,NEUTRAL,OK,near_reference,"{reference_kmh=24.50114285714288, age_s=0.0}"
875.0,POWER,147,NEUTRAL,OK,power_present,{age_s=0.0}
875.0,HR,134,NEUTRAL,OK,hr_present,{age_s=0.0}
875.0,CADENCE,66,GREEN,OK,preferred_low_cadence_band,{age_s=0.0}
875.0,GRADE,0,NEUTRAL,OK,flat_deadband,"{grade_raw=0.0, grade_display=0.0}"
875.0,GEAR,WAIT,GRAY,NO_DATA,missing_gear,{}
876.0,SPEED,24.8,NEUTRAL,OK,near_reference,"{reference_kmh=24.50148401826486, age_s=0.0}"
876.0,POWER,148,NEUTRAL,OK,power_present,{age_s=0.0}
876.0,HR,135,NEUTRAL,OK,hr_present,{age_s=0.0}
876.0,CADENCE,67,GREEN,OK,preferred_low_cadence_band,{age_s=0.0}
876.0,GRADE,0,NEUTRAL,OK,flat_deadband,"{grade_raw=0.0, grade_display=0.0}"
876.0,GEAR,WAIT,GRAY,NO_DATA,missing_gear,{}
877.0,SPEED,24.9,NEUTRAL,OK,near_reference,"{reference_kmh=24.501881413911082, age_s=0.0}"
877.0,POWER,149,NEUTRAL,OK,power_present,{age_s=0.0}
877.0,HR,136,NEUTRAL,OK,hr_present,{age_s=0.0}
877.0,CADENCE,68,GREEN,OK,preferred_low_cadence_band,{age_s=0.0}
877.0,GRADE,0,NEUTRAL,OK,flat_deadband,"{grade_raw=0.0, grade_display=0.0}"
877.0,GEAR,WAIT,GRAY,NO_DATA,missing_gear,{}
878.0,SPEED,24.9,NEUTRAL,OK,near_reference,"{reference_kmh=24.502334851936244, age_s=0.0}"
878.0,POWER,150,NEUTRAL,OK,power_present,{age_s=0.0}
878.0,HR,137,NEUTRAL,OK,hr_present,{age_s=0.0}
878.0,CADENCE,69,GREEN,OK,preferred_low_cadence_band,{age_s=0.0}
878.0,GRADE,0,NEUTRAL,OK,flat_deadband,"{grade_raw=0.0, grade_display=0.0}"
878.0,GEAR,WAIT,GRAY,NO_DATA,missing_gear,{}
879.0,SPEED,25.0,NEUTRAL,OK,near_reference,"{reference_kmh=24.50284414106942, age_s=0.0}"
879.0,POWER,151,NEUTRAL,OK,power_present,{age_s=0.0}
879.0,HR,138,NEUTRAL,OK,hr_present,{age_s=0.0}
879.0,CADENCE,70,GREEN,OK,preferred_low_cadence_band,{age_s=0.0}
879.0,GRADE,0,NEUTRAL,OK,flat_deadband,"{grade_raw=0.0, grade_display=0.0}"
879.0,GEAR,WAIT,GRAY,NO_DATA,missing_gear,{}
880.0,SPEED,24.0,NEUTRAL,OK,near_reference,"{reference_kmh=24.502272727272754, age_s=0.0}"
880.0,POWER,152,NEUTRAL,OK,power_present,{age_s=0.0}
880.0,HR,139,NEUTRAL,OK,hr_present,{age_s=0.0}
880.0,CADENCE,60,GREEN,OK,preferred_low_cadence_band,{age_s=0.0}
880.0,GRADE,0,NEUTRAL,OK,flat_deadband,"{grade_raw=0.0, grade_display=0.0}"
880.0,GEAR,WAIT,GRAY,NO_DATA,missing_gear,{}
881.0,SPEED,24.1,NEUTRAL,OK,near_reference,"{reference_kmh=24.50175936435871, age_s=0.0}"
881.0,POWER,153,NEUTRAL,OK,power_present,{age_s=0.0}
881.0,HR,140,NEUTRAL,OK,hr_present,{age_s=0.0}
881.0,CADENCE,61,GREEN,OK,preferred_low_cadence_band,{age_s=0.0}
881.0,GRADE,0,NEUTRAL,OK,flat_deadband,"{grade_raw=0.0, grade_display=0.0}"
881.0,GEAR,WAIT,GRAY,NO_DATA,missing_gear,{}
882.0,SPEED,24.1,NEUTRAL,OK,near_reference,"{reference_kmh=24.50130385487531, age_s=0.0}"
882.0,POWER,154,NEUTRAL,OK,power_present,{age_s=0.0}
882.0,HR,120,NEUTRAL,OK,hr_present,{age_s=0.0}
882.0,CADENCE,62,GREEN,OK,preferred_low_cadence_band,{age_s=0.0}
882.0,GRADE,0,NEUTRAL,OK,flat_deadband,"{grade_raw=0.0, grade_display=0.0}"
882.0,GEAR,WAIT,GRAY,NO_DATA,missing_gear,{}
883.0,SPEED,24.2,NEUTRAL,OK,near_reference,"{reference_kmh=24.50090600226503, age_s=0.0}"
883.0,POWER,155,NEUTRAL,OK,power_present,{age_s=0.0}
883.0,HR,121,NEUTRAL,OK,hr_present,{age_s=0.0}
883.0,CADENCE,63,GREEN,OK,preferred_low_cadence_band,{age_s=0.0}
883.0,GRADE,0,NEUTRAL,OK,flat_deadband,"{grade_raw=0.0, grade_display=0.0}"
883.0,GEAR,WAIT,GRAY,NO_DATA,missing_gear,{}
884.0,SPEED,24.2,NEUTRAL,OK,near_reference,"{reference_kmh=24.500565610859756, age_s=0.0}"
884.0,POWER,156,NEUTRAL,OK,power_present,{age_s=0.0}
884.0,HR,122,NEUTRAL,OK,hr_present,{age_s=0.0}
884.0,CADENCE,64,GREEN,OK,preferred_low_cadence_band,{age_s=0.0}
884.0,GRADE,0,NEUTRAL,OK,flat_deadband,"{grade_raw=0.0, grade_display=0.0}"
884.0,GEAR,WAIT,GRAY,NO_DATA,missing_gear,{}
885.0,SPEED,24.3,NEUTRAL,OK,near_reference,"{reference_kmh=24.500282485875736, age_s=0.0}"
885.0,POWER,157,NEUTRAL,OK,power_present,{age_s=0.0}
885.0,HR,123,NEUTRAL,OK,hr_present,{age_s=0.0}
885.0,CADENCE,65,GREEN,OK,preferred_low_cadence_band,{age_s=0.0}
885.0,GRADE,0,NEUTRAL,OK,flat_deadband,"{grade_raw=0.0, grade_display=0.0}"
885.0,GEAR,WAIT,GRAY,NO_DATA,missing_gear,{}
886.0,SPEED,24.3,NEUTRAL,OK,near_reference,"{reference_kmh=24.500056433408602, age_s=0.0}"
886.0,POWER,158,NEUTRAL,OK,power_present,{age_s=0.0}
886.0,HR,124,NEUTRAL,OK,hr_present,{age_s=0.0}
886.0,CADENCE,66,GREEN,OK,preferred_low_cadence_band,{age_s=0.0}
886.0,GRADE,0,NEUTRAL,OK,flat_deadband,"{grade_raw=0.0, grade_display=0.0}"
886.0,GEAR,WAIT,GRAY,NO_DATA,missing_gear,{}
887.0,SPEED,24.4,NEUTRAL,OK,near_reference,"{reference_kmh=24.499887260428437, age_s=0.0}"
887.0,POWER,159,NEUTRAL,OK,power_present,{age_s=0.0}
887.0,HR,125,NEUTRAL,OK,hr_present,{age_s=0.0}
887.0,CADENCE,67,GREEN,OK,preferred_low_cadence_band,{age_s=0.0}
887.0,GRADE,0,NEUTRAL,OK,flat_deadband,"{grade_raw=0.0, grade_display=0.0}"
887.0,GEAR,WAIT,GRAY,NO_DATA,missing_gear,{}
888.0,SPEED,24.4,NEUTRAL,OK,near_reference,"{reference_kmh=24.499774774774796, age_s=0.0}"
888.0,POWER,160,NEUTRAL,OK,power_present,{age_s=0.0}
888.0,HR,126,NEUTRAL,OK,hr_present,{age_s=0.0}
888.0,CADENCE,68,GREEN,OK,preferred_low_cadence_band,{age_s=0.0}
888.0,GRADE,0,NEUTRAL,OK,flat_deadband,"{grade_raw=0.0, grade_display=0.0}"
888.0,GEAR,WAIT,GRAY,NO_DATA,missing_gear,{}
889.0,SPEED,24.5,NEUTRAL,OK,near_reference,"{reference_kmh=24.49971878515188, age_s=0.0}"
889.0,POWER,161,NEUTRAL,OK,power_present,{age_s=0.0}
889.0,HR,127,NEUTRAL,OK,hr_present,{age_s=0.0}
889.0,CADENCE,69,GREEN,OK,preferred_low_cadence_band,{age_s=0.0}
889.0,GRADE,0,NEUTRAL,OK,flat_deadband,"{grade_raw=0.0, grade_display=0.0}"
889.0,GEAR,WAIT,GRAY,NO_DATA,missing_gear,{}
890.0,SPEED,24.5,NEUTRAL,OK,near_reference,"{reference_kmh=24.49971910112362, age_s=0.0}"
890.0,POWER,162,NEUTRAL,OK,power_present,{age_s=0.0}
890.0,HR,128,NEUTRAL,OK,hr_present,{age_s=0.0}
890.0,CADENCE,70,GREEN,OK,preferred_low_cadence_band,{age_s=0.0}
890.0,GRADE,0,NEUTRAL,OK,flat_deadband,"{grade_raw=0.0, grade_display=0.0}"
890.0,GEAR,WAIT,GRAY,NO_DATA,missing_gear,{}
891.0,SPEED,24.6,NEUTRAL,OK,near_reference,"{reference_kmh=24.499775533108892, age_s=0.0}"
891.0,POWER,163,NEUTRAL,OK,power_present,{age_s=0.0}
891.0,HR,129,NEUTRAL,OK,hr_present,{age_s=0.0}
891.0,CADENCE,60,GREEN,OK,preferred_low_cadence_band,{age_s=0.0}
891.0,GRADE,0,NEUTRAL,OK,flat_deadband,"{grade_raw=0.0, grade_display=0.0}"
891.0,GEAR,WAIT,GRAY,NO_DATA,missing_gear,{}
892.0,SPEED,24.6,NEUTRAL,OK,near_reference,"{reference_kmh=24.499887892376705, age_s=0.0}"
892.0,POWER,164,NEUTRAL,OK,power_present,{age_s=0.0}
892.0,HR,130,NEUTRAL,OK,hr_present,{age_s=0.0}
892.0,CADENCE,61,GREEN,OK,preferred_low_cadence_band,{age_s=0.0}
892.0,GRADE,0,NEUTRAL,OK,flat_deadband,"{grade_raw=0.0, grade_display=0.0}"
892.0,GEAR,WAIT,GRAY,NO_DATA,missing_gear,{}
893.0,SPEED,24.7,NEUTRAL,OK,near_reference,"{reference_kmh=24.500055991041457, age_s=0.0}"
893.0,POWER,165,NEUTRAL,OK,power_present,{age_s=0.0}
893.0,HR,131,NEUTRAL,OK,hr_present,{age_s=0.0}
893.0,CADENCE,62,GREEN,OK,preferred_low_cadence_band,{age_s=0.0}
893.0,GRADE,0,NEUTRAL,OK,flat_deadband,"{grade_raw=0.0, grade_display=0.0}"
893.0,GEAR,WAIT,GRAY,NO_DATA,missing_gear,{}
894.0,SPEED,24.7,NEUTRAL,OK,near_reference,"{reference_kmh=24.500279642058192, age_s=0.0}"
894.0,POWER,166,NEUTRAL,OK,power_present,{age_s=0.0}
894.0,HR,132,NEUTRAL,OK,hr_present,{age_s=0.0}
894.0,CADENCE,63,GREEN,OK,preferred_low_cadence_band,{age_s=0.0}
894.0,GRADE,0,NEUTRAL,OK,flat_deadband,"{grade_raw=0.0, grade_display=0.0}"
894.0,GEAR,WAIT,GRAY,NO_DATA,missing_gear,{}
895.0,SPEED,24.8,NEUTRAL,OK,near_reference,"{reference_kmh=24.5005586592179, age_s=0.0}"
895.0,POWER,167,NEUTRAL,OK,power_present,{age_s=0.0}
895.0,HR,133,NEUTRAL,OK,hr_present,{age_s=0.0}
895.0,CADENCE,64,GREEN,OK,preferred_low_cadence_band,{age_s=0.0}
895.0,GRADE,0,NEUTRAL,OK,flat_deadband,"{grade_raw=0.0, grade_display=0.0}"
895.0,GEAR,WAIT,GRAY,NO_DATA,missing_gear,{}
896.0,SPEED,24.8,NEUTRAL,OK,near_reference,"{reference_kmh=24.500892857142883, age_s=0.0}"
896.0,POWER,168,NEUTRAL,OK,power_present,{age_s=0.0}
896.0,HR,134,NEUTRAL,OK,hr_present,{age_s=0.0}
896.0,CADENCE,65,GREEN,OK,preferred_low_cadence_band,{age_s=0.0}
896.0,GRADE,0,NEUTRAL,OK,flat_deadband,"{grade_raw=0.0, grade_display=0.0}"
896.0,GEAR,WAIT,GRAY,NO_DATA,missing_gear,{}
897.0,SPEED,24.9,NEUTRAL,OK,near_reference,"{reference_kmh=24.501282051282075, age_s=0.0}"
897.0,POWER,169,NEUTRAL,OK,power_present,{age_s=0.0}
897.0,HR,135,NEUTRAL,OK,hr_present,{age_s=0.0}
897.0,CADENCE,66,GREEN,OK,preferred_low_cadence_band,{age_s=0.0}
897.0,GRADE,0,NEUTRAL,OK,flat_deadband,"{grade_raw=0.0, grade_display=0.0}"
897.0,GEAR,WAIT,GRAY,NO_DATA,missing_gear,{}
898.0,SPEED,24.9,NEUTRAL,OK,near_reference,"{reference_kmh=24.501726057906485, age_s=0.0}"
898.0,POWER,170,NEUTRAL,OK,power_present,{age_s=0.0}
898.0,HR,136,NEUTRAL,OK,hr_present,{age_s=0.0}
898.0,CADENCE,67,GREEN,OK,preferred_low_cadence_band,{age_s=0.0}
898.0,GRADE,0,NEUTRAL,OK,flat_deadband,"{grade_raw=0.0, grade_display=0.0}"
898.0,GEAR,WAIT,GRAY,NO_DATA,missing_gear,{}
899.0,SPEED,25.0,NEUTRAL,OK,near_reference,"{reference_kmh=24.502224694104587, age_s=0.0}"
899.0,POWER,140,NEUTRAL,OK,power_present,{age_s=0.0}
899.0,HR,137,NEUTRAL,OK,hr_present,{age_s=0.0}
899.0,CADENCE,68,GREEN,OK,preferred_low_cadence_band,{age_s=0.0}
899.0,GRADE,0,NEUTRAL,OK,flat_deadband,"{grade_raw=0.0, grade_display=0.0}"
899.0,GEAR,WAIT,GRAY,NO_DATA,missing_gear,{}
900.0,SPEED,24.0,NEUTRAL,OK,near_reference,"{reference_kmh=24.501666666666694, age_s=0.0}"
900.0,POWER,141,NEUTRAL,OK,power_present,{age_s=0.0}
900.0,HR,138,NEUTRAL,OK,hr_present,{age_s=0.0}
900.0,CADENCE,69,GREEN,OK,preferred_low_cadence_band,{age_s=0.0}
900.0,GRADE,0,NEUTRAL,OK,flat_deadband,"{grade_raw=0.0, grade_display=0.0}"
900.0,GEAR,WAIT,GRAY,NO_DATA,missing_gear,{}
901.0,SPEED,24.1,NEUTRAL,OK,near_reference,"{reference_kmh=24.50116537180913, age_s=0.0}"
901.0,POWER,142,NEUTRAL,OK,power_present,{age_s=0.0}
901.0,HR,139,NEUTRAL,OK,hr_present,{age_s=0.0}
901.0,CADENCE,70,GREEN,OK,preferred_low_cadence_band,{age_s=0.0}
901.0,GRADE,0,NEUTRAL,OK,flat_deadband,"{grade_raw=0.0, grade_display=0.0}"
901.0,GEAR,WAIT,GRAY,NO_DATA,missing_gear,{}
902.0,SPEED,24.1,NEUTRAL,OK,near_reference,"{reference_kmh=24.5007206208426, age_s=0.0}"
902.0,POWER,143,NEUTRAL,OK,power_present,{age_s=0.0}
902.0,HR,140,NEUTRAL,OK,hr_present,{age_s=0.0}
902.0,CADENCE,60,GREEN,OK,preferred_low_cadence_band,{age_s=0.0}
902.0,GRADE,0,NEUTRAL,OK,flat_deadband,"{grade_raw=0.0, grade_display=0.0}"
902.0,GEAR,WAIT,GRAY,NO_DATA,missing_gear,{}
903.0,SPEED,24.2,NEUTRAL,OK,near_reference,"{reference_kmh=24.500332225913645, age_s=0.0}"
903.0,POWER,144,NEUTRAL,OK,power_present,{age_s=0.0}
903.0,HR,120,NEUTRAL,OK,hr_present,{age_s=0.0}
903.0,CADENCE,61,GREEN,OK,preferred_low_cadence_band,{age_s=0.0}
903.0,GRADE,0,NEUTRAL,OK,flat_deadband,"{grade_raw=0.0, grade_display=0.0}"
903.0,GEAR,WAIT,GRAY,NO_DATA,missing_gear,{}
904.0,SPEED,24.2,NEUTRAL,OK,near_reference,"{reference_kmh=24.50000000000003, age_s=0.0}"
904.0,POWER,145,NEUTRAL,OK,power_present,{age_s=0.0}
904.0,HR,121,NEUTRAL,OK,hr_present,{age_s=0.0}
904.0,CADENCE,62,GREEN,OK,preferred_low_cadence_band,{age_s=0.0}
904.0,GRADE,0,NEUTRAL,OK,flat_deadband,"{grade_raw=0.0, grade_display=0.0}"
904.0,GEAR,WAIT,GRAY,NO_DATA,missing_gear,{}
905.0,SPEED,24.3,NEUTRAL,OK,near_reference,"{reference_kmh=24.499723756906107, age_s=0.0}"
905.0,POWER,146,NEUTRAL,OK,power_present,{age_s=0.0}
905.0,HR,122,NEUTRAL,OK,hr_present,{age_s=0.0}
905.0,CADENCE,63,GREEN,OK,preferred_low_cadence_band,{age_s=0.0}
905.0,GRADE,0,NEUTRAL,OK,flat_deadband,"{grade_raw=0.0, grade_display=0.0}"
905.0,GEAR,WAIT,GRAY,NO_DATA,missing_gear,{}
906.0,SPEED,24.3,NEUTRAL,OK,near_reference,"{reference_kmh=24.499503311258305, age_s=0.0}"
906.0,POWER,147,NEUTRAL,OK,power_present,{age_s=0.0}
906.0,HR,123,NEUTRAL,OK,hr_present,{age_s=0.0}
906.0,CADENCE,64,GREEN,OK,preferred_low_cadence_band,{age_s=0.0}
906.0,GRADE,0,NEUTRAL,OK,flat_deadband,"{grade_raw=0.0, grade_display=0.0}"
906.0,GEAR,WAIT,GRAY,NO_DATA,missing_gear,{}
907.0,SPEED,24.4,NEUTRAL,OK,near_reference,"{reference_kmh=24.499338478500576, age_s=0.0}"
907.0,POWER,148,NEUTRAL,OK,power_present,{age_s=0.0}
907.0,HR,124,NEUTRAL,OK,hr_present,{age_s=0.0}
907.0,CADENCE,65,GREEN,OK,preferred_low_cadence_band,{age_s=0.0}
907.0,GRADE,0,NEUTRAL,OK,flat_deadband,"{grade_raw=0.0, grade_display=0.0}"
907.0,GEAR,WAIT,GRAY,NO_DATA,missing_gear,{}
908.0,SPEED,24.4,NEUTRAL,OK,near_reference,"{reference_kmh=24.499229074889893, age_s=0.0}"
908.0,POWER,149,NEUTRAL,OK,power_present,{age_s=0.0}
908.0,HR,125,NEUTRAL,OK,hr_present,{age_s=0.0}
908.0,CADENCE,66,GREEN,OK,preferred_low_cadence_band,{age_s=0.0}
908.0,GRADE,0,NEUTRAL,OK,flat_deadband,"{grade_raw=0.0, grade_display=0.0}"
908.0,GEAR,WAIT,GRAY,NO_DATA,missing_gear,{}
909.0,SPEED,24.5,NEUTRAL,OK,near_reference,"{reference_kmh=24.499174917491775, age_s=0.0}"
909.0,POWER,150,NEUTRAL,OK,power_present,{age_s=0.0}
909.0,HR,126,NEUTRAL,OK,hr_present,{age_s=0.0}
909.0,CADENCE,67,GREEN,OK,preferred_low_cadence_band,{age_s=0.0}
909.0,GRADE,0,NEUTRAL,OK,flat_deadband,"{grade_raw=0.0, grade_display=0.0}"
909.0,GEAR,WAIT,GRAY,NO_DATA,missing_gear,{}
910.0,SPEED,24.5,NEUTRAL,OK,near_reference,"{reference_kmh=24.49917582417585, age_s=0.0}"
910.0,POWER,151,NEUTRAL,OK,power_present,{age_s=0.0}
910.0,HR,127,NEUTRAL,OK,hr_present,{age_s=0.0}
910.0,CADENCE,68,GREEN,OK,preferred_low_cadence_band,{age_s=0.0}
910.0,GRADE,0,NEUTRAL,OK,flat_deadband,"{grade_raw=0.0, grade_display=0.0}"
910.0,GEAR,WAIT,GRAY,NO_DATA,missing_gear,{}
911.0,SPEED,24.6,NEUTRAL,OK,near_reference,"{reference_kmh=24.499231613611446, age_s=0.0}"
911.0,POWER,152,NEUTRAL,OK,power_present,{age_s=0.0}
911.0,HR,128,NEUTRAL,OK,hr_present,{age_s=0.0}
911.0,CADENCE,69,GREEN,OK,preferred_low_cadence_band,{age_s=0.0}
911.0,GRADE,0,NEUTRAL,OK,flat_deadband,"{grade_raw=0.0, grade_display=0.0}"
911.0,GEAR,WAIT,GRAY,NO_DATA,missing_gear,{}
912.0,SPEED,24.6,NEUTRAL,OK,near_reference,"{reference_kmh=24.49934210526318, age_s=0.0}"
912.0,POWER,153,NEUTRAL,OK,power_present,{age_s=0.0}
912.0,HR,129,NEUTRAL,OK,hr_present,{age_s=0.0}
912.0,CADENCE,70,GREEN,OK,preferred_low_cadence_band,{age_s=0.0}
912.0,GRADE,0,NEUTRAL,OK,flat_deadband,"{grade_raw=0.0, grade_display=0.0}"
912.0,GEAR,WAIT,GRAY,NO_DATA,missing_gear,{}
913.0,SPEED,24.7,NEUTRAL,OK,near_reference,"{reference_kmh=24.499507119386664, age_s=0.0}"
913.0,POWER,154,NEUTRAL,OK,power_present,{age_s=0.0}
913.0,HR,130,NEUTRAL,OK,hr_present,{age_s=0.0}
913.0,CADENCE,60,GREEN,OK,preferred_low_cadence_band,{age_s=0.0}
913.0,GRADE,0,NEUTRAL,OK,flat_deadband,"{grade_raw=0.0, grade_display=0.0}"
913.0,GEAR,WAIT,GRAY,NO_DATA,missing_gear,{}
914.0,SPEED,24.7,NEUTRAL,OK,near_reference,"{reference_kmh=24.499726477024097, age_s=0.0}"
914.0,POWER,155,NEUTRAL,OK,power_present,{age_s=0.0}
914.0,HR,131,NEUTRAL,OK,hr_present,{age_s=0.0}
914.0,CADENCE,61,GREEN,OK,preferred_low_cadence_band,{age_s=0.0}
914.0,GRADE,0,NEUTRAL,OK,flat_deadband,"{grade_raw=0.0, grade_display=0.0}"
914.0,GEAR,WAIT,GRAY,NO_DATA,missing_gear,{}
915.0,SPEED,24.8,NEUTRAL,OK,near_reference,"{reference_kmh=24.50000000000003, age_s=0.0}"
915.0,POWER,156,NEUTRAL,OK,power_present,{age_s=0.0}
915.0,HR,132,NEUTRAL,OK,hr_present,{age_s=0.0}
915.0,CADENCE,62,GREEN,OK,preferred_low_cadence_band,{age_s=0.0}
915.0,GRADE,0,NEUTRAL,OK,flat_deadband,"{grade_raw=0.0, grade_display=0.0}"
915.0,GEAR,WAIT,GRAY,NO_DATA,missing_gear,{}
916.0,SPEED,24.8,NEUTRAL,OK,near_reference,"{reference_kmh=24.50032751091706, age_s=0.0}"
916.0,POWER,157,NEUTRAL,OK,power_present,{age_s=0.0}
916.0,HR,133,NEUTRAL,OK,hr_present,{age_s=0.0}
916.0,CADENCE,63,GREEN,OK,preferred_low_cadence_band,{age_s=0.0}
916.0,GRADE,0,NEUTRAL,OK,flat_deadband,"{grade_raw=0.0, grade_display=0.0}"
916.0,GEAR,WAIT,GRAY,NO_DATA,missing_gear,{}
917.0,SPEED,24.9,NEUTRAL,OK,near_reference,"{reference_kmh=24.500708833151602, age_s=0.0}"
917.0,POWER,158,NEUTRAL,OK,power_present,{age_s=0.0}
917.0,HR,134,NEUTRAL,OK,hr_present,{age_s=0.0}
917.0,CADENCE,64,GREEN,OK,preferred_low_cadence_band,{age_s=0.0}
917.0,GRADE,0,NEUTRAL,OK,flat_deadband,"{grade_raw=0.0, grade_display=0.0}"
917.0,GEAR,WAIT,GRAY,NO_DATA,missing_gear,{}
918.0,SPEED,24.9,NEUTRAL,OK,near_reference,"{reference_kmh=24.5011437908497, age_s=0.0}"
918.0,POWER,159,NEUTRAL,OK,power_present,{age_s=0.0}
918.0,HR,135,NEUTRAL,OK,hr_present,{age_s=0.0}
918.0,CADENCE,65,GREEN,OK,preferred_low_cadence_band,{age_s=0.0}
918.0,GRADE,0,NEUTRAL,OK,flat_deadband,"{grade_raw=0.0, grade_display=0.0}"
918.0,GEAR,WAIT,GRAY,NO_DATA,missing_gear,{}
919.0,SPEED,25.0,NEUTRAL,OK,near_reference,"{reference_kmh=24.50163220892277, age_s=0.0}"
919.0,POWER,160,NEUTRAL,OK,power_present,{age_s=0.0}
919.0,HR,136,NEUTRAL,OK,hr_present,{age_s=0.0}
919.0,CADENCE,66,GREEN,OK,preferred_low_cadence_band,{age_s=0.0}
919.0,GRADE,0,NEUTRAL,OK,flat_deadband,"{grade_raw=0.0, grade_display=0.0}"
919.0,GEAR,WAIT,GRAY,NO_DATA,missing_gear,{}
920.0,SPEED,24.0,NEUTRAL,OK,near_reference,"{reference_kmh=24.501086956521767, age_s=0.0}"
920.0,POWER,161,NEUTRAL,OK,power_present,{age_s=0.0}
920.0,HR,137,NEUTRAL,OK,hr_present,{age_s=0.0}
920.0,CADENCE,67,GREEN,OK,preferred_low_cadence_band,{age_s=0.0}
920.0,GRADE,0,NEUTRAL,OK,flat_deadband,"{grade_raw=0.0, grade_display=0.0}"
920.0,GEAR,WAIT,GRAY,NO_DATA,missing_gear,{}
921.0,SPEED,24.1,NEUTRAL,OK,near_reference,"{reference_kmh=24.500597176981568, age_s=0.0}"
921.0,POWER,162,NEUTRAL,OK,power_present,{age_s=0.0}
921.0,HR,138,NEUTRAL,OK,hr_present,{age_s=0.0}
921.0,CADENCE,68,GREEN,OK,preferred_low_cadence_band,{age_s=0.0}
921.0,GRADE,0,NEUTRAL,OK,flat_deadband,"{grade_raw=0.0, grade_display=0.0}"
921.0,GEAR,WAIT,GRAY,NO_DATA,missing_gear,{}
922.0,SPEED,24.1,NEUTRAL,OK,near_reference,"{reference_kmh=24.5001626898048, age_s=0.0}"
922.0,POWER,163,NEUTRAL,OK,power_present,{age_s=0.0}
922.0,HR,139,NEUTRAL,OK,hr_present,{age_s=0.0}
922.0,CADENCE,69,GREEN,OK,preferred_low_cadence_band,{age_s=0.0}
922.0,GRADE,0,NEUTRAL,OK,flat_deadband,"{grade_raw=0.0, grade_display=0.0}"
922.0,GEAR,WAIT,GRAY,NO_DATA,missing_gear,{}
923.0,SPEED,24.2,NEUTRAL,OK,near_reference,"{reference_kmh=24.4997833152763, age_s=0.0}"
923.0,POWER,164,NEUTRAL,OK,power_present,{age_s=0.0}
923.0,HR,140,NEUTRAL,OK,hr_present,{age_s=0.0}
923.0,CADENCE,70,GREEN,OK,preferred_low_cadence_band,{age_s=0.0}
923.0,GRADE,0,NEUTRAL,OK,flat_deadband,"{grade_raw=0.0, grade_display=0.0}"
923.0,GEAR,WAIT,GRAY,NO_DATA,missing_gear,{}
924.0,SPEED,24.2,NEUTRAL,OK,near_reference,"{reference_kmh=24.499458874458902, age_s=0.0}"
924.0,POWER,165,NEUTRAL,OK,power_present,{age_s=0.0}
924.0,HR,120,NEUTRAL,OK,hr_present,{age_s=0.0}
924.0,CADENCE,60,GREEN,OK,preferred_low_cadence_band,{age_s=0.0}
924.0,GRADE,0,NEUTRAL,OK,flat_deadband,"{grade_raw=0.0, grade_display=0.0}"
924.0,GEAR,WAIT,GRAY,NO_DATA,missing_gear,{}
925.0,SPEED,24.3,NEUTRAL,OK,near_reference,"{reference_kmh=24.49918918918922, age_s=0.0}"
925.0,POWER,166,NEUTRAL,OK,power_present,{age_s=0.0}
925.0,HR,121,NEUTRAL,OK,hr_present,{age_s=0.0}
925.0,CADENCE,61,GREEN,OK,preferred_low_cadence_band,{age_s=0.0}
925.0,GRADE,0,NEUTRAL,OK,flat_deadband,"{grade_raw=0.0, grade_display=0.0}"
925.0,GEAR,WAIT,GRAY,NO_DATA,missing_gear,{}
926.0,SPEED,24.3,NEUTRAL,OK,near_reference,"{reference_kmh=24.49897408207346, age_s=0.0}"
926.0,POWER,167,NEUTRAL,OK,power_present,{age_s=0.0}
926.0,HR,122,NEUTRAL,OK,hr_present,{age_s=0.0}
926.0,CADENCE,62,GREEN,OK,preferred_low_cadence_band,{age_s=0.0}
926.0,GRADE,0,NEUTRAL,OK,flat_deadband,"{grade_raw=0.0, grade_display=0.0}"
926.0,GEAR,WAIT,GRAY,NO_DATA,missing_gear,{}
927.0,SPEED,24.4,NEUTRAL,OK,near_reference,"{reference_kmh=24.498813376483305, age_s=0.0}"
927.0,POWER,168,NEUTRAL,OK,power_present,{age_s=0.0}
927.0,HR,123,NEUTRAL,OK,hr_present,{age_s=0.0}
927.0,CADENCE,63,GREEN,OK,preferred_low_cadence_band,{age_s=0.0}
927.0,GRADE,0,NEUTRAL,OK,flat_deadband,"{grade_raw=0.0, grade_display=0.0}"
927.0,GEAR,WAIT,GRAY,NO_DATA,missing_gear,{}
928.0,SPEED,24.4,NEUTRAL,OK,near_reference,"{reference_kmh=24.498706896551752, age_s=0.0}"
928.0,POWER,169,NEUTRAL,OK,power_present,{age_s=0.0}
928.0,HR,124,NEUTRAL,OK,hr_present,{age_s=0.0}
928.0,CADENCE,64,GREEN,OK,preferred_low_cadence_band,{age_s=0.0}
928.0,GRADE,0,NEUTRAL,OK,flat_deadband,"{grade_raw=0.0, grade_display=0.0}"
928.0,GEAR,WAIT,GRAY,NO_DATA,missing_gear,{}
929.0,SPEED,24.5,NEUTRAL,OK,near_reference,"{reference_kmh=24.49865446716903, age_s=0.0}"
929.0,POWER,170,NEUTRAL,OK,power_present,{age_s=0.0}
929.0,HR,125,NEUTRAL,OK,hr_present,{age_s=0.0}
929.0,CADENCE,65,GREEN,OK,preferred_low_cadence_band,{age_s=0.0}
929.0,GRADE,0,NEUTRAL,OK,flat_deadband,"{grade_raw=0.0, grade_display=0.0}"
929.0,GEAR,WAIT,GRAY,NO_DATA,missing_gear,{}
930.0,SPEED,24.5,NEUTRAL,OK,near_reference,"{reference_kmh=24.498655913978517, age_s=0.0}"
930.0,POWER,140,NEUTRAL,OK,power_present,{age_s=0.0}
930.0,HR,126,NEUTRAL,OK,hr_present,{age_s=0.0}
930.0,CADENCE,66,GREEN,OK,preferred_low_cadence_band,{age_s=0.0}
930.0,GRADE,0,NEUTRAL,OK,flat_deadband,"{grade_raw=0.0, grade_display=0.0}"
930.0,GEAR,WAIT,GRAY,NO_DATA,missing_gear,{}
931.0,SPEED,24.6,NEUTRAL,OK,near_reference,"{reference_kmh=24.498711063372745, age_s=0.0}"
931.0,POWER,141,NEUTRAL,OK,power_present,{age_s=0.0}
931.0,HR,127,NEUTRAL,OK,hr_present,{age_s=0.0}
931.0,CADENCE,67,GREEN,OK,preferred_low_cadence_band,{age_s=0.0}
931.0,GRADE,0,NEUTRAL,OK,flat_deadband,"{grade_raw=0.0, grade_display=0.0}"
931.0,GEAR,WAIT,GRAY,NO_DATA,missing_gear,{}
932.0,SPEED,24.6,NEUTRAL,OK,near_reference,"{reference_kmh=24.498819742489296, age_s=0.0}"
932.0,POWER,142,NEUTRAL,OK,power_present,{age_s=0.0}
932.0,HR,128,NEUTRAL,OK,hr_present,{age_s=0.0}
932.0,CADENCE,68,GREEN,OK,preferred_low_cadence_band,{age_s=0.0}
932.0,GRADE,0,NEUTRAL,OK,flat_deadband,"{grade_raw=0.0, grade_display=0.0}"
932.0,GEAR,WAIT,GRAY,NO_DATA,missing_gear,{}
933.0,SPEED,24.7,NEUTRAL,OK,near_reference,"{reference_kmh=24.498981779206886, age_s=0.0}"
933.0,POWER,143,NEUTRAL,OK,power_present,{age_s=0.0}
933.0,HR,129,NEUTRAL,OK,hr_present,{age_s=0.0}
933.0,CADENCE,69,GREEN,OK,preferred_low_cadence_band,{age_s=0.0}
933.0,GRADE,0,NEUTRAL,OK,flat_deadband,"{grade_raw=0.0, grade_display=0.0}"
933.0,GEAR,WAIT,GRAY,NO_DATA,missing_gear,{}
934.0,SPEED,24.7,NEUTRAL,OK,near_reference,"{reference_kmh=24.499197002141358, age_s=0.0}"
934.0,POWER,144,NEUTRAL,OK,power_present,{age_s=0.0}
934.0,HR,130,NEUTRAL,OK,hr_present,{age_s=0.0}
934.0,CADENCE,70,GREEN,OK,preferred_low_cadence_band,{age_s=0.0}
934.0,GRADE,0,NEUTRAL,OK,flat_deadband,"{grade_raw=0.0, grade_display=0.0}"
934.0,GEAR,WAIT,GRAY,NO_DATA,missing_gear,{}
935.0,SPEED,24.8,NEUTRAL,OK,near_reference,"{reference_kmh=24.499465240641737, age_s=0.0}"
935.0,POWER,145,NEUTRAL,OK,power_present,{age_s=0.0}
935.0,HR,131,NEUTRAL,OK,hr_present,{age_s=0.0}
935.0,CADENCE,60,GREEN,OK,preferred_low_cadence_band,{age_s=0.0}
935.0,GRADE,0,NEUTRAL,OK,flat_deadband,"{grade_raw=0.0, grade_display=0.0}"
935.0,GEAR,WAIT,GRAY,NO_DATA,missing_gear,{}
936.0,SPEED,24.8,NEUTRAL,OK,near_reference,"{reference_kmh=24.49978632478635, age_s=0.0}"
936.0,POWER,146,NEUTRAL,OK,power_present,{age_s=0.0}
936.0,HR,132,NEUTRAL,OK,hr_present,{age_s=0.0}
936.0,CADENCE,61,GREEN,OK,preferred_low_cadence_band,{age_s=0.0}
936.0,GRADE,0,NEUTRAL,OK,flat_deadband,"{grade_raw=0.0, grade_display=0.0}"
936.0,GEAR,WAIT,GRAY,NO_DATA,missing_gear,{}
937.0,SPEED,24.9,NEUTRAL,OK,near_reference,"{reference_kmh=24.500160085378894, age_s=0.0}"
937.0,POWER,147,NEUTRAL,OK,power_present,{age_s=0.0}
937.0,HR,133,NEUTRAL,OK,hr_present,{age_s=0.0}
937.0,CADENCE,62,GREEN,OK,preferred_low_cadence_band,{age_s=0.0}
937.0,GRADE,0,NEUTRAL,OK,flat_deadband,"{grade_raw=0.0, grade_display=0.0}"
937.0,GEAR,WAIT,GRAY,NO_DATA,missing_gear,{}
938.0,SPEED,24.9,NEUTRAL,OK,near_reference,"{reference_kmh=24.50058635394459, age_s=0.0}"
938.0,POWER,148,NEUTRAL,OK,power_present,{age_s=0.0}
938.0,HR,134,NEUTRAL,OK,hr_present,{age_s=0.0}
938.0,CADENCE,63,GREEN,OK,preferred_low_cadence_band,{age_s=0.0}
938.0,GRADE,0,NEUTRAL,OK,flat_deadband,"{grade_raw=0.0, grade_display=0.0}"
938.0,GEAR,WAIT,GRAY,NO_DATA,missing_gear,{}
939.0,SPEED,25.0,NEUTRAL,OK,near_reference,"{reference_kmh=24.501064962726335, age_s=0.0}"
939.0,POWER,149,NEUTRAL,OK,power_present,{age_s=0.0}
939.0,HR,135,NEUTRAL,OK,hr_present,{age_s=0.0}
939.0,CADENCE,64,GREEN,OK,preferred_low_cadence_band,{age_s=0.0}
939.0,GRADE,0,NEUTRAL,OK,flat_deadband,"{grade_raw=0.0, grade_display=0.0}"
939.0,GEAR,WAIT,GRAY,NO_DATA,missing_gear,{}
940.0,SPEED,24.0,NEUTRAL,OK,near_reference,"{reference_kmh=24.500531914893646, age_s=0.0}"
940.0,POWER,150,NEUTRAL,OK,power_present,{age_s=0.0}
940.0,HR,136,NEUTRAL,OK,hr_present,{age_s=0.0}
940.0,CADENCE,65,GREEN,OK,preferred_low_cadence_band,{age_s=0.0}
940.0,GRADE,0,NEUTRAL,OK,flat_deadband,"{grade_raw=0.0, grade_display=0.0}"
940.0,GEAR,WAIT,GRAY,NO_DATA,missing_gear,{}
941.0,SPEED,24.1,NEUTRAL,OK,near_reference,"{reference_kmh=24.500053134962833, age_s=0.0}"
941.0,POWER,151,NEUTRAL,OK,power_present,{age_s=0.0}
941.0,HR,137,NEUTRAL,OK,hr_present,{age_s=0.0}
941.0,CADENCE,66,GREEN,OK,preferred_low_cadence_band,{age_s=0.0}
941.0,GRADE,0,NEUTRAL,OK,flat_deadband,"{grade_raw=0.0, grade_display=0.0}"
941.0,GEAR,WAIT,GRAY,NO_DATA,missing_gear,{}
942.0,SPEED,24.1,NEUTRAL,OK,near_reference,"{reference_kmh=24.499628450106187, age_s=0.0}"
942.0,POWER,152,NEUTRAL,OK,power_present,{age_s=0.0}
942.0,HR,138,NEUTRAL,OK,hr_present,{age_s=0.0}
942.0,CADENCE,67,GREEN,OK,preferred_low_cadence_band,{age_s=0.0}
942.0,GRADE,0,NEUTRAL,OK,flat_deadband,"{grade_raw=0.0, grade_display=0.0}"
942.0,GEAR,WAIT,GRAY,NO_DATA,missing_gear,{}
943.0,SPEED,24.2,NEUTRAL,OK,near_reference,"{reference_kmh=24.499257688229086, age_s=0.0}"
943.0,POWER,153,NEUTRAL,OK,power_present,{age_s=0.0}
943.0,HR,139,NEUTRAL,OK,hr_present,{age_s=0.0}
943.0,CADENCE,68,GREEN,OK,preferred_low_cadence_band,{age_s=0.0}
943.0,GRADE,0,NEUTRAL,OK,flat_deadband,"{grade_raw=0.0, grade_display=0.0}"
943.0,GEAR,WAIT,GRAY,NO_DATA,missing_gear,{}
944.0,SPEED,24.2,NEUTRAL,OK,near_reference,"{reference_kmh=24.49894067796613, age_s=0.0}"
944.0,POWER,154,NEUTRAL,OK,power_present,{age_s=0.0}
944.0,HR,140,NEUTRAL,OK,hr_present,{age_s=0.0}
944.0,CADENCE,69,GREEN,OK,preferred_low_cadence_band,{age_s=0.0}
944.0,GRADE,0,NEUTRAL,OK,flat_deadband,"{grade_raw=0.0, grade_display=0.0}"
944.0,GEAR,WAIT,GRAY,NO_DATA,missing_gear,{}
945.0,SPEED,24.3,NEUTRAL,OK,near_reference,"{reference_kmh=24.49867724867728, age_s=0.0}"
945.0,POWER,155,NEUTRAL,OK,power_present,{age_s=0.0}
945.0,HR,120,NEUTRAL,OK,hr_present,{age_s=0.0}
945.0,CADENCE,70,GREEN,OK,preferred_low_cadence_band,{age_s=0.0}
945.0,GRADE,0,NEUTRAL,OK,flat_deadband,"{grade_raw=0.0, grade_display=0.0}"
945.0,GEAR,WAIT,GRAY,NO_DATA,missing_gear,{}
946.0,SPEED,24.3,NEUTRAL,OK,near_reference,"{reference_kmh=24.498467230444003, age_s=0.0}"
946.0,POWER,156,NEUTRAL,OK,power_present,{age_s=0.0}
946.0,HR,121,NEUTRAL,OK,hr_present,{age_s=0.0}
946.0,CADENCE,60,GREEN,OK,preferred_low_cadence_band,{age_s=0.0}
946.0,GRADE,0,NEUTRAL,OK,flat_deadband,"{grade_raw=0.0, grade_display=0.0}"
946.0,GEAR,WAIT,GRAY,NO_DATA,missing_gear,{}
947.0,SPEED,24.4,NEUTRAL,OK,near_reference,"{reference_kmh=24.4983104540655, age_s=0.0}"
947.0,POWER,157,NEUTRAL,OK,power_present,{age_s=0.0}
947.0,HR,122,NEUTRAL,OK,hr_present,{age_s=0.0}
947.0,CADENCE,61,GREEN,OK,preferred_low_cadence_band,{age_s=0.0}
947.0,GRADE,0,NEUTRAL,OK,flat_deadband,"{grade_raw=0.0, grade_display=0.0}"
947.0,GEAR,WAIT,GRAY,NO_DATA,missing_gear,{}
948.0,SPEED,24.4,NEUTRAL,OK,near_reference,"{reference_kmh=24.498206751054884, age_s=0.0}"
948.0,POWER,158,NEUTRAL,OK,power_present,{age_s=0.0}
948.0,HR,123,NEUTRAL,OK,hr_present,{age_s=0.0}
948.0,CADENCE,62,GREEN,OK,preferred_low_cadence_band,{age_s=0.0}
948.0,GRADE,0,NEUTRAL,OK,flat_deadband,"{grade_raw=0.0, grade_display=0.0}"
948.0,GEAR,WAIT,GRAY,NO_DATA,missing_gear,{}
949.0,SPEED,24.5,NEUTRAL,OK,near_reference,"{reference_kmh=24.498155953635433, age_s=0.0}"
949.0,POWER,159,NEUTRAL,OK,power_present,{age_s=0.0}
949.0,HR,124,NEUTRAL,OK,hr_present,{age_s=0.0}
949.0,CADENCE,63,GREEN,OK,preferred_low_cadence_band,{age_s=0.0}
949.0,GRADE,0,NEUTRAL,OK,flat_deadband,"{grade_raw=0.0, grade_display=0.0}"
949.0,GEAR,WAIT,GRAY,NO_DATA,missing_gear,{}
950.0,SPEED,24.5,NEUTRAL,OK,near_reference,"{reference_kmh=24.49815789473687, age_s=0.0}"
950.0,POWER,160,NEUTRAL,OK,power_present,{age_s=0.0}
950.0,HR,125,NEUTRAL,OK,hr_present,{age_s=0.0}
950.0,CADENCE,64,GREEN,OK,preferred_low_cadence_band,{age_s=0.0}
950.0,GRADE,0,NEUTRAL,OK,flat_deadband,"{grade_raw=0.0, grade_display=0.0}"
950.0,GEAR,WAIT,GRAY,NO_DATA,missing_gear,{}
951.0,SPEED,24.6,NEUTRAL,OK,near_reference,"{reference_kmh=24.498212407991616, age_s=0.0}"
951.0,POWER,161,NEUTRAL,OK,power_present,{age_s=0.0}
951.0,HR,126,NEUTRAL,OK,hr_present,{age_s=0.0}
951.0,CADENCE,65,GREEN,OK,preferred_low_cadence_band,{age_s=0.0}
951.0,GRADE,0,NEUTRAL,OK,flat_deadband,"{grade_raw=0.0, grade_display=0.0}"
951.0,GEAR,WAIT,GRAY,NO_DATA,missing_gear,{}
952.0,SPEED,24.6,NEUTRAL,OK,near_reference,"{reference_kmh=24.49831932773112, age_s=0.0}"
952.0,POWER,162,NEUTRAL,OK,power_present,{age_s=0.0}
952.0,HR,127,NEUTRAL,OK,hr_present,{age_s=0.0}
952.0,CADENCE,66,GREEN,OK,preferred_low_cadence_band,{age_s=0.0}
952.0,GRADE,0,NEUTRAL,OK,flat_deadband,"{grade_raw=0.0, grade_display=0.0}"
952.0,GEAR,WAIT,GRAY,NO_DATA,missing_gear,{}
953.0,SPEED,24.7,NEUTRAL,OK,near_reference,"{reference_kmh=24.498478488982187, age_s=0.0}"
953.0,POWER,163,NEUTRAL,OK,power_present,{age_s=0.0}
953.0,HR,128,NEUTRAL,OK,hr_present,{age_s=0.0}
953.0,CADENCE,67,GREEN,OK,preferred_low_cadence_band,{age_s=0.0}
953.0,GRADE,0,NEUTRAL,OK,flat_deadband,"{grade_raw=0.0, grade_display=0.0}"
953.0,GEAR,WAIT,GRAY,NO_DATA,missing_gear,{}
954.0,SPEED,24.7,NEUTRAL,OK,near_reference,"{reference_kmh=24.49868972746334, age_s=0.0}"
954.0,POWER,164,NEUTRAL,OK,power_present,{age_s=0.0}
954.0,HR,129,NEUTRAL,OK,hr_present,{age_s=0.0}
954.0,CADENCE,68,GREEN,OK,preferred_low_cadence_band,{age_s=0.0}
954.0,GRADE,0,NEUTRAL,OK,flat_deadband,"{grade_raw=0.0, grade_display=0.0}"
954.0,GEAR,WAIT,GRAY,NO_DATA,missing_gear,{}
955.0,SPEED,24.8,NEUTRAL,OK,near_reference,"{reference_kmh=24.49895287958118, age_s=0.0}"
955.0,POWER,165,NEUTRAL,OK,power_present,{age_s=0.0}
955.0,HR,130,NEUTRAL,OK,hr_present,{age_s=0.0}
955.0,CADENCE,69,GREEN,OK,preferred_low_cadence_band,{age_s=0.0}
955.0,GRADE,0,NEUTRAL,OK,flat_deadband,"{grade_raw=0.0, grade_display=0.0}"
955.0,GEAR,WAIT,GRAY,NO_DATA,missing_gear,{}
956.0,SPEED,24.8,NEUTRAL,OK,near_reference,"{reference_kmh=24.499267782426806, age_s=0.0}"
956.0,POWER,166,NEUTRAL,OK,power_present,{age_s=0.0}
956.0,HR,131,NEUTRAL,OK,hr_present,{age_s=0.0}
956.0,CADENCE,70,GREEN,OK,preferred_low_cadence_band,{age_s=0.0}
956.0,GRADE,0,NEUTRAL,OK,flat_deadband,"{grade_raw=0.0, grade_display=0.0}"
956.0,GEAR,WAIT,GRAY,NO_DATA,missing_gear,{}
957.0,SPEED,24.9,NEUTRAL,OK,near_reference,"{reference_kmh=24.499634273772234, age_s=0.0}"
957.0,POWER,167,NEUTRAL,OK,power_present,{age_s=0.0}
957.0,HR,132,NEUTRAL,OK,hr_present,{age_s=0.0}
957.0,CADENCE,60,GREEN,OK,preferred_low_cadence_band,{age_s=0.0}
957.0,GRADE,0,NEUTRAL,OK,flat_deadband,"{grade_raw=0.0, grade_display=0.0}"
957.0,GEAR,WAIT,GRAY,NO_DATA,missing_gear,{}
958.0,SPEED,24.9,NEUTRAL,OK,near_reference,"{reference_kmh=24.500052192066832, age_s=0.0}"
958.0,POWER,168,NEUTRAL,OK,power_present,{age_s=0.0}
958.0,HR,133,NEUTRAL,OK,hr_present,{age_s=0.0}
958.0,CADENCE,61,GREEN,OK,preferred_low_cadence_band,{age_s=0.0}
958.0,GRADE,0,NEUTRAL,OK,flat_deadband,"{grade_raw=0.0, grade_display=0.0}"
958.0,GEAR,WAIT,GRAY,NO_DATA,missing_gear,{}
959.0,SPEED,25.0,NEUTRAL,OK,near_reference,"{reference_kmh=24.500521376433813, age_s=0.0}"
959.0,POWER,169,NEUTRAL,OK,power_present,{age_s=0.0}
959.0,HR,134,NEUTRAL,OK,hr_present,{age_s=0.0}
959.0,CADENCE,62,GREEN,OK,preferred_low_cadence_band,{age_s=0.0}
959.0,GRADE,0,NEUTRAL,OK,flat_deadband,"{grade_raw=0.0, grade_display=0.0}"
959.0,GEAR,WAIT,GRAY,NO_DATA,missing_gear,{}
960.0,SPEED,24.0,NEUTRAL,OK,near_reference,"{reference_kmh=24.50000000000003, age_s=0.0}"
960.0,POWER,170,NEUTRAL,OK,power_present,{age_s=0.0}
960.0,HR,135,NEUTRAL,OK,hr_present,{age_s=0.0}
960.0,CADENCE,63,GREEN,OK,preferred_low_cadence_band,{age_s=0.0}
960.0,GRADE,0,NEUTRAL,OK,flat_deadband,"{grade_raw=0.0, grade_display=0.0}"
960.0,GEAR,WAIT,GRAY,NO_DATA,missing_gear,{}
961.0,SPEED,24.1,NEUTRAL,OK,near_reference,"{reference_kmh=24.499531737773182, age_s=0.0}"
961.0,POWER,140,NEUTRAL,OK,power_present,{age_s=0.0}
961.0,HR,136,NEUTRAL,OK,hr_present,{age_s=0.0}
961.0,CADENCE,64,GREEN,OK,preferred_low_cadence_band,{age_s=0.0}
961.0,GRADE,0,NEUTRAL,OK,flat_deadband,"{grade_raw=0.0, grade_display=0.0}"
961.0,GEAR,WAIT,GRAY,NO_DATA,missing_gear,{}
962.0,SPEED,24.1,NEUTRAL,OK,near_reference,"{reference_kmh=24.49911642411645, age_s=0.0}"
962.0,POWER,141,NEUTRAL,OK,power_present,{age_s=0.0}
962.0,HR,137,NEUTRAL,OK,hr_present,{age_s=0.0}
962.0,CADENCE,65,GREEN,OK,preferred_low_cadence_band,{age_s=0.0}
962.0,GRADE,0,NEUTRAL,OK,flat_deadband,"{grade_raw=0.0, grade_display=0.0}"
962.0,GEAR,WAIT,GRAY,NO_DATA,missing_gear,{}
963.0,SPEED,24.2,NEUTRAL,OK,near_reference,"{reference_kmh=24.498753894081023, age_s=0.0}"
963.0,POWER,142,NEUTRAL,OK,power_present,{age_s=0.0}
963.0,HR,138,NEUTRAL,OK,hr_present,{age_s=0.0}
963.0,CADENCE,66,GREEN,OK,preferred_low_cadence_band,{age_s=0.0}
963.0,GRADE,0,NEUTRAL,OK,flat_deadband,"{grade_raw=0.0, grade_display=0.0}"
963.0,GEAR,WAIT,GRAY,NO_DATA,missing_gear,{}
964.0,SPEED,24.2,NEUTRAL,OK,near_reference,"{reference_kmh=24.49844398340252, age_s=0.0}"
964.0,POWER,143,NEUTRAL,OK,power_present,{age_s=0.0}
964.0,HR,139,NEUTRAL,OK,hr_present,{age_s=0.0}
964.0,CADENCE,67,GREEN,OK,preferred_low_cadence_band,{age_s=0.0}
964.0,GRADE,0,NEUTRAL,OK,flat_deadband,"{grade_raw=0.0, grade_display=0.0}"
964.0,GEAR,WAIT,GRAY,NO_DATA,missing_gear,{}
965.0,SPEED,24.3,NEUTRAL,OK,near_reference,"{reference_kmh=24.498186528497442, age_s=0.0}"
965.0,POWER,144,NEUTRAL,OK,power_present,{age_s=0.0}
965.0,HR,140,NEUTRAL,OK,hr_present,{age_s=0.0}
965.0,CADENCE,68,GREEN,OK,preferred_low_cadence_band,{age_s=0.0}
965.0,GRADE,0,NEUTRAL,OK,flat_deadband,"{grade_raw=0.0, grade_display=0.0}"
965.0,GEAR,WAIT,GRAY,NO_DATA,missing_gear,{}
966.0,SPEED,24.3,NEUTRAL,OK,near_reference,"{reference_kmh=24.49798136645966, age_s=0.0}"
966.0,POWER,145,NEUTRAL,OK,power_present,{age_s=0.0}
966.0,HR,120,NEUTRAL,OK,hr_present,{age_s=0.0}
966.0,CADENCE,69,GREEN,OK,preferred_low_cadence_band,{age_s=0.0}
966.0,GRADE,0,NEUTRAL,OK,flat_deadband,"{grade_raw=0.0, grade_display=0.0}"
966.0,GEAR,WAIT,GRAY,NO_DATA,missing_gear,{}
967.0,SPEED,24.4,NEUTRAL,OK,near_reference,"{reference_kmh=24.497828335056905, age_s=0.0}"
967.0,POWER,146,NEUTRAL,OK,power_present,{age_s=0.0}
967.0,HR,121,NEUTRAL,OK,hr_present,{age_s=0.0}
967.0,CADENCE,70,GREEN,OK,preferred_low_cadence_band,{age_s=0.0}
967.0,GRADE,0,NEUTRAL,OK,flat_deadband,"{grade_raw=0.0, grade_display=0.0}"
967.0,GEAR,WAIT,GRAY,NO_DATA,missing_gear,{}
968.0,SPEED,24.4,NEUTRAL,OK,near_reference,"{reference_kmh=24.4977272727273, age_s=0.0}"
968.0,POWER,147,NEUTRAL,OK,power_present,{age_s=0.0}
968.0,HR,122,NEUTRAL,OK,hr_present,{age_s=0.0}
968.0,CADENCE,60,GREEN,OK,preferred_low_cadence_band,{age_s=0.0}
968.0,GRADE,0,NEUTRAL,OK,flat_deadband,"{grade_raw=0.0, grade_display=0.0}"
968.0,GEAR,WAIT,GRAY,NO_DATA,missing_gear,{}
969.0,SPEED,24.5,NEUTRAL,OK,near_reference,"{reference_kmh=24.49767801857588, age_s=0.0}"
969.0,POWER,148,NEUTRAL,OK,power_present,{age_s=0.0}
969.0,HR,123,NEUTRAL,OK,hr_present,{age_s=0.0}
969.0,CADENCE,61,GREEN,OK,preferred_low_cadence_band,{age_s=0.0}
969.0,GRADE,0,NEUTRAL,OK,flat_deadband,"{grade_raw=0.0, grade_display=0.0}"
969.0,GEAR,WAIT,GRAY,NO_DATA,missing_gear,{}
970.0,SPEED,24.5,NEUTRAL,OK,near_reference,"{reference_kmh=24.497680412371167, age_s=0.0}"
970.0,POWER,149,NEUTRAL,OK,power_present,{age_s=0.0}
970.0,HR,124,NEUTRAL,OK,hr_present,{age_s=0.0}
970.0,CADENCE,62,GREEN,OK,preferred_low_cadence_band,{age_s=0.0}
970.0,GRADE,0,NEUTRAL,OK,flat_deadband,"{grade_raw=0.0, grade_display=0.0}"
970.0,GEAR,WAIT,GRAY,NO_DATA,missing_gear,{}
971.0,SPEED,24.6,NEUTRAL,OK,near_reference,"{reference_kmh=24.497734294541743, age_s=0.0}"
971.0,POWER,150,NEUTRAL,OK,power_present,{age_s=0.0}
971.0,HR,125,NEUTRAL,OK,hr_present,{age_s=0.0}
971.0,CADENCE,63,GREEN,OK,preferred_low_cadence_band,{age_s=0.0}
971.0,GRADE,0,NEUTRAL,OK,flat_deadband,"{grade_raw=0.0, grade_display=0.0}"
971.0,GEAR,WAIT,GRAY,NO_DATA,missing_gear,{}
972.0,SPEED,24.6,NEUTRAL,OK,near_reference,"{reference_kmh=24.497839506172866, age_s=0.0}"
972.0,POWER,151,NEUTRAL,OK,power_present,{age_s=0.0}
972.0,HR,126,NEUTRAL,OK,hr_present,{age_s=0.0}
972.0,CADENCE,64,GREEN,OK,preferred_low_cadence_band,{age_s=0.0}
972.0,GRADE,0,NEUTRAL,OK,flat_deadband,"{grade_raw=0.0, grade_display=0.0}"
972.0,GEAR,WAIT,GRAY,NO_DATA,missing_gear,{}
973.0,SPEED,24.7,NEUTRAL,OK,near_reference,"{reference_kmh=24.49799588900311, age_s=0.0}"
973.0,POWER,152,NEUTRAL,OK,power_present,{age_s=0.0}
973.0,HR,127,NEUTRAL,OK,hr_present,{age_s=0.0}
973.0,CADENCE,65,GREEN,OK,preferred_low_cadence_band,{age_s=0.0}
973.0,GRADE,0,NEUTRAL,OK,flat_deadband,"{grade_raw=0.0, grade_display=0.0}"
973.0,GEAR,WAIT,GRAY,NO_DATA,missing_gear,{}
974.0,SPEED,24.7,NEUTRAL,OK,near_reference,"{reference_kmh=24.498203285420974, age_s=0.0}"
974.0,POWER,153,NEUTRAL,OK,power_present,{age_s=0.0}
974.0,HR,128,NEUTRAL,OK,hr_present,{age_s=0.0}
974.0,CADENCE,66,GREEN,OK,preferred_low_cadence_band,{age_s=0.0}
974.0,GRADE,0,NEUTRAL,OK,flat_deadband,"{grade_raw=0.0, grade_display=0.0}"
974.0,GEAR,WAIT,GRAY,NO_DATA,missing_gear,{}
975.0,SPEED,24.8,NEUTRAL,OK,near_reference,"{reference_kmh=24.49846153846157, age_s=0.0}"
975.0,POWER,154,NEUTRAL,OK,power_present,{age_s=0.0}
975.0,HR,129,NEUTRAL,OK,hr_present,{age_s=0.0}
975.0,CADENCE,67,GREEN,OK,preferred_low_cadence_band,{age_s=0.0}
975.0,GRADE,0,NEUTRAL,OK,flat_deadband,"{grade_raw=0.0, grade_display=0.0}"
975.0,GEAR,WAIT,GRAY,NO_DATA,missing_gear,{}
976.0,SPEED,24.8,NEUTRAL,OK,near_reference,"{reference_kmh=24.498770491803306, age_s=0.0}"
976.0,POWER,155,NEUTRAL,OK,power_present,{age_s=0.0}
976.0,HR,130,NEUTRAL,OK,hr_present,{age_s=0.0}
976.0,CADENCE,68,GREEN,OK,preferred_low_cadence_band,{age_s=0.0}
976.0,GRADE,0,NEUTRAL,OK,flat_deadband,"{grade_raw=0.0, grade_display=0.0}"
976.0,GEAR,WAIT,GRAY,NO_DATA,missing_gear,{}
977.0,SPEED,24.9,NEUTRAL,OK,near_reference,"{reference_kmh=24.49912998976461, age_s=0.0}"
977.0,POWER,156,NEUTRAL,OK,power_present,{age_s=0.0}
977.0,HR,131,NEUTRAL,OK,hr_present,{age_s=0.0}
977.0,CADENCE,69,GREEN,OK,preferred_low_cadence_band,{age_s=0.0}
977.0,GRADE,0,NEUTRAL,OK,flat_deadband,"{grade_raw=0.0, grade_display=0.0}"
977.0,GEAR,WAIT,GRAY,NO_DATA,missing_gear,{}
978.0,SPEED,24.9,NEUTRAL,OK,near_reference,"{reference_kmh=24.49953987730064, age_s=0.0}"
978.0,POWER,157,NEUTRAL,OK,power_present,{age_s=0.0}
978.0,HR,132,NEUTRAL,OK,hr_present,{age_s=0.0}
978.0,CADENCE,70,GREEN,OK,preferred_low_cadence_band,{age_s=0.0}
978.0,GRADE,0,NEUTRAL,OK,flat_deadband,"{grade_raw=0.0, grade_display=0.0}"
978.0,GEAR,WAIT,GRAY,NO_DATA,missing_gear,{}
979.0,SPEED,25.0,NEUTRAL,OK,near_reference,"{reference_kmh=24.500000000000032, age_s=0.0}"
979.0,POWER,158,NEUTRAL,OK,power_present,{age_s=0.0}
979.0,HR,133,NEUTRAL,OK,hr_present,{age_s=0.0}
979.0,CADENCE,60,GREEN,OK,preferred_low_cadence_band,{age_s=0.0}
979.0,GRADE,0,NEUTRAL,OK,flat_deadband,"{grade_raw=0.0, grade_display=0.0}"
979.0,GEAR,WAIT,GRAY,NO_DATA,missing_gear,{}
980.0,SPEED,24.0,NEUTRAL,OK,near_reference,"{reference_kmh=24.4994897959184, age_s=0.0}"
980.0,POWER,159,NEUTRAL,OK,power_present,{age_s=0.0}
980.0,HR,134,NEUTRAL,OK,hr_present,{age_s=0.0}
980.0,CADENCE,61,GREEN,OK,preferred_low_cadence_band,{age_s=0.0}
980.0,GRADE,0,NEUTRAL,OK,flat_deadband,"{grade_raw=0.0, grade_display=0.0}"
980.0,GEAR,WAIT,GRAY,NO_DATA,missing_gear,{}
981.0,SPEED,24.1,NEUTRAL,OK,near_reference,"{reference_kmh=24.499031600407775, age_s=0.0}"
981.0,POWER,160,NEUTRAL,OK,power_present,{age_s=0.0}
981.0,HR,135,NEUTRAL,OK,hr_present,{age_s=0.0}
981.0,CADENCE,62,GREEN,OK,preferred_low_cadence_band,{age_s=0.0}
981.0,GRADE,0,NEUTRAL,OK,flat_deadband,"{grade_raw=0.0, grade_display=0.0}"
981.0,GEAR,WAIT,GRAY,NO_DATA,missing_gear,{}
982.0,SPEED,24.1,NEUTRAL,OK,near_reference,"{reference_kmh=24.498625254582514, age_s=0.0}"
982.0,POWER,161,NEUTRAL,OK,power_present,{age_s=0.0}
982.0,HR,136,NEUTRAL,OK,hr_present,{age_s=0.0}
982.0,CADENCE,63,GREEN,OK,preferred_low_cadence_band,{age_s=0.0}
982.0,GRADE,0,NEUTRAL,OK,flat_deadband,"{grade_raw=0.0, grade_display=0.0}"
982.0,GEAR,WAIT,GRAY,NO_DATA,missing_gear,{}
983.0,SPEED,24.2,NEUTRAL,OK,near_reference,"{reference_kmh=24.498270600203487, age_s=0.0}"
983.0,POWER,162,NEUTRAL,OK,power_present,{age_s=0.0}
983.0,HR,137,NEUTRAL,OK,hr_present,{age_s=0.0}
983.0,CADENCE,64,GREEN,OK,preferred_low_cadence_band,{age_s=0.0}
983.0,GRADE,0,NEUTRAL,OK,flat_deadband,"{grade_raw=0.0, grade_display=0.0}"
983.0,GEAR,WAIT,GRAY,NO_DATA,missing_gear,{}
984.0,SPEED,24.2,NEUTRAL,OK,near_reference,"{reference_kmh=24.49796747967483, age_s=0.0}"
984.0,POWER,163,NEUTRAL,OK,power_present,{age_s=0.0}
984.0,HR,138,NEUTRAL,OK,hr_present,{age_s=0.0}
984.0,CADENCE,65,GREEN,OK,preferred_low_cadence_band,{age_s=0.0}
984.0,GRADE,0,NEUTRAL,OK,flat_deadband,"{grade_raw=0.0, grade_display=0.0}"
984.0,GEAR,WAIT,GRAY,NO_DATA,missing_gear,{}
985.0,SPEED,24.3,NEUTRAL,OK,near_reference,"{reference_kmh=24.49771573604064, age_s=0.0}"
985.0,POWER,164,NEUTRAL,OK,power_present,{age_s=0.0}
985.0,HR,139,NEUTRAL,OK,hr_present,{age_s=0.0}
985.0,CADENCE,66,GREEN,OK,preferred_low_cadence_band,{age_s=0.0}
985.0,GRADE,0,NEUTRAL,OK,flat_deadband,"{grade_raw=0.0, grade_display=0.0}"
985.0,GEAR,WAIT,GRAY,NO_DATA,missing_gear,{}
986.0,SPEED,24.3,NEUTRAL,OK,near_reference,"{reference_kmh=24.497515212981774, age_s=0.0}"
986.0,POWER,165,NEUTRAL,OK,power_present,{age_s=0.0}
986.0,HR,140,NEUTRAL,OK,hr_present,{age_s=0.0}
986.0,CADENCE,67,GREEN,OK,preferred_low_cadence_band,{age_s=0.0}
986.0,GRADE,0,NEUTRAL,OK,flat_deadband,"{grade_raw=0.0, grade_display=0.0}"
986.0,GEAR,WAIT,GRAY,NO_DATA,missing_gear,{}
987.0,SPEED,24.4,NEUTRAL,OK,near_reference,"{reference_kmh=24.497365754812595, age_s=0.0}"
987.0,POWER,166,NEUTRAL,OK,power_present,{age_s=0.0}
987.0,HR,120,NEUTRAL,OK,hr_present,{age_s=0.0}
987.0,CADENCE,68,GREEN,OK,preferred_low_cadence_band,{age_s=0.0}
987.0,GRADE,0,NEUTRAL,OK,flat_deadband,"{grade_raw=0.0, grade_display=0.0}"
987.0,GEAR,WAIT,GRAY,NO_DATA,missing_gear,{}
988.0,SPEED,24.4,NEUTRAL,OK,near_reference,"{reference_kmh=24.497267206477765, age_s=0.0}"
988.0,POWER,167,NEUTRAL,OK,power_present,{age_s=0.0}
988.0,HR,121,NEUTRAL,OK,hr_present,{age_s=0.0}
988.0,CADENCE,69,GREEN,OK,preferred_low_cadence_band,{age_s=0.0}
988.0,GRADE,0,NEUTRAL,OK,flat_deadband,"{grade_raw=0.0, grade_display=0.0}"
988.0,GEAR,WAIT,GRAY,NO_DATA,missing_gear,{}
989.0,SPEED,24.5,NEUTRAL,OK,near_reference,"{reference_kmh=24.49721941354907, age_s=0.0}"
989.0,POWER,168,NEUTRAL,OK,power_present,{age_s=0.0}
989.0,HR,122,NEUTRAL,OK,hr_present,{age_s=0.0}
989.0,CADENCE,70,GREEN,OK,preferred_low_cadence_band,{age_s=0.0}
989.0,GRADE,0,NEUTRAL,OK,flat_deadband,"{grade_raw=0.0, grade_display=0.0}"
989.0,GEAR,WAIT,GRAY,NO_DATA,missing_gear,{}
990.0,SPEED,24.5,NEUTRAL,OK,near_reference,"{reference_kmh=24.497222222222252, age_s=0.0}"
990.0,POWER,169,NEUTRAL,OK,power_present,{age_s=0.0}
990.0,HR,123,NEUTRAL,OK,hr_present,{age_s=0.0}
990.0,CADENCE,60,GREEN,OK,preferred_low_cadence_band,{age_s=0.0}
990.0,GRADE,0,NEUTRAL,OK,flat_deadband,"{grade_raw=0.0, grade_display=0.0}"
990.0,GEAR,WAIT,GRAY,NO_DATA,missing_gear,{}
991.0,SPEED,24.6,NEUTRAL,OK,near_reference,"{reference_kmh=24.497275479313853, age_s=0.0}"
991.0,POWER,170,NEUTRAL,OK,power_present,{age_s=0.0}
991.0,HR,124,NEUTRAL,OK,hr_present,{age_s=0.0}
991.0,CADENCE,61,GREEN,OK,preferred_low_cadence_band,{age_s=0.0}
991.0,GRADE,0,NEUTRAL,OK,flat_deadband,"{grade_raw=0.0, grade_display=0.0}"
991.0,GEAR,WAIT,GRAY,NO_DATA,missing_gear,{}
992.0,SPEED,24.6,NEUTRAL,OK,near_reference,"{reference_kmh=24.49737903225809, age_s=0.0}"
992.0,POWER,140,NEUTRAL,OK,power_present,{age_s=0.0}
992.0,HR,125,NEUTRAL,OK,hr_present,{age_s=0.0}
992.0,CADENCE,62,GREEN,OK,preferred_low_cadence_band,{age_s=0.0}
992.0,GRADE,0,NEUTRAL,OK,flat_deadband,"{grade_raw=0.0, grade_display=0.0}"
992.0,GEAR,WAIT,GRAY,NO_DATA,missing_gear,{}
993.0,SPEED,24.7,NEUTRAL,OK,near_reference,"{reference_kmh=24.497532729103757, age_s=0.0}"
993.0,POWER,141,NEUTRAL,OK,power_present,{age_s=0.0}
993.0,HR,126,NEUTRAL,OK,hr_present,{age_s=0.0}
993.0,CADENCE,63,GREEN,OK,preferred_low_cadence_band,{age_s=0.0}
993.0,GRADE,0,NEUTRAL,OK,flat_deadband,"{grade_raw=0.0, grade_display=0.0}"
993.0,GEAR,WAIT,GRAY,NO_DATA,missing_gear,{}
994.0,SPEED,24.7,NEUTRAL,OK,near_reference,"{reference_kmh=24.4977364185111, age_s=0.0}"
994.0,POWER,142,NEUTRAL,OK,power_present,{age_s=0.0}
994.0,HR,127,NEUTRAL,OK,hr_present,{age_s=0.0}
994.0,CADENCE,64,GREEN,OK,preferred_low_cadence_band,{age_s=0.0}
994.0,GRADE,0,NEUTRAL,OK,flat_deadband,"{grade_raw=0.0, grade_display=0.0}"
994.0,GEAR,WAIT,GRAY,NO_DATA,missing_gear,{}
995.0,SPEED,24.8,NEUTRAL,OK,near_reference,"{reference_kmh=24.49798994974877, age_s=0.0}"
995.0,POWER,143,NEUTRAL,OK,power_present,{age_s=0.0}
995.0,HR,128,NEUTRAL,OK,hr_present,{age_s=0.0}
995.0,CADENCE,65,GREEN,OK,preferred_low_cadence_band,{age_s=0.0}
995.0,GRADE,0,NEUTRAL,OK,flat_deadband,"{grade_raw=0.0, grade_display=0.0}"
995.0,GEAR,WAIT,GRAY,NO_DATA,missing_gear,{}
996.0,SPEED,24.8,NEUTRAL,OK,near_reference,"{reference_kmh=24.49829317269079, age_s=0.0}"
996.0,POWER,144,NEUTRAL,OK,power_present,{age_s=0.0}
996.0,HR,129,NEUTRAL,OK,hr_present,{age_s=0.0}
996.0,CADENCE,66,GREEN,OK,preferred_low_cadence_band,{age_s=0.0}
996.0,GRADE,0,NEUTRAL,OK,flat_deadband,"{grade_raw=0.0, grade_display=0.0}"
996.0,GEAR,WAIT,GRAY,NO_DATA,missing_gear,{}
997.0,SPEED,24.9,NEUTRAL,OK,near_reference,"{reference_kmh=24.498645937813468, age_s=0.0}"
997.0,POWER,145,NEUTRAL,OK,power_present,{age_s=0.0}
997.0,HR,130,NEUTRAL,OK,hr_present,{age_s=0.0}
997.0,CADENCE,67,GREEN,OK,preferred_low_cadence_band,{age_s=0.0}
997.0,GRADE,0,NEUTRAL,OK,flat_deadband,"{grade_raw=0.0, grade_display=0.0}"
997.0,GEAR,WAIT,GRAY,NO_DATA,missing_gear,{}
998.0,SPEED,24.9,NEUTRAL,OK,near_reference,"{reference_kmh=24.499048096192414, age_s=0.0}"
998.0,POWER,146,NEUTRAL,OK,power_present,{age_s=0.0}
998.0,HR,131,NEUTRAL,OK,hr_present,{age_s=0.0}
998.0,CADENCE,68,GREEN,OK,preferred_low_cadence_band,{age_s=0.0}
998.0,GRADE,0,NEUTRAL,OK,flat_deadband,"{grade_raw=0.0, grade_display=0.0}"
998.0,GEAR,WAIT,GRAY,NO_DATA,missing_gear,{}
999.0,SPEED,25.0,NEUTRAL,OK,near_reference,"{reference_kmh=24.499499499499528, age_s=0.0}"
999.0,POWER,147,NEUTRAL,OK,power_present,{age_s=0.0}
999.0,HR,132,NEUTRAL,OK,hr_present,{age_s=0.0}
999.0,CADENCE,69,GREEN,OK,preferred_low_cadence_band,{age_s=0.0}
999.0,GRADE,0,NEUTRAL,OK,flat_deadband,"{grade_raw=0.0, grade_display=0.0}"
999.0,GEAR,WAIT,GRAY,NO_DATA,missing_gear,{}
1000.0,SPEED,24.0,NEUTRAL,OK,near_reference,"{reference_kmh=24.49900000000003, age_s=0.0}"
1000.0,POWER,148,NEUTRAL,OK,power_present,{age_s=0.0}
1000.0,HR,133,NEUTRAL,OK,hr_present,{age_s=0.0}
1000.0,CADENCE,70,GREEN,OK,preferred_low_cadence_band,{age_s=0.0}
1000.0,GRADE,0,NEUTRAL,OK,flat_deadband,"{grade_raw=0.0, grade_display=0.0}"
1000.0,GEAR,WAIT,GRAY,NO_DATA,missing_gear,{}
1001.0,SPEED,24.1,NEUTRAL,OK,near_reference,"{reference_kmh=24.49855144855148, age_s=0.0}"
1001.0,POWER,149,NEUTRAL,OK,power_present,{age_s=0.0}
1001.0,HR,134,NEUTRAL,OK,hr_present,{age_s=0.0}
1001.0,CADENCE,60,GREEN,OK,preferred_low_cadence_band,{age_s=0.0}
1001.0,GRADE,0,NEUTRAL,OK,flat_deadband,"{grade_raw=0.0, grade_display=0.0}"
1001.0,GEAR,WAIT,GRAY,NO_DATA,missing_gear,{}
1002.0,SPEED,24.1,NEUTRAL,OK,near_reference,"{reference_kmh=24.498153692614803, age_s=0.0}"
1002.0,POWER,150,NEUTRAL,OK,power_present,{age_s=0.0}
1002.0,HR,135,NEUTRAL,OK,hr_present,{age_s=0.0}
1002.0,CADENCE,61,GREEN,OK,preferred_low_cadence_band,{age_s=0.0}
1002.0,GRADE,0,NEUTRAL,OK,flat_deadband,"{grade_raw=0.0, grade_display=0.0}"
1002.0,GEAR,WAIT,GRAY,NO_DATA,missing_gear,{}
1003.0,SPEED,24.2,NEUTRAL,OK,near_reference,"{reference_kmh=24.497806580259255, age_s=0.0}"
1003.0,POWER,151,NEUTRAL,OK,power_present,{age_s=0.0}
1003.0,HR,136,NEUTRAL,OK,hr_present,{age_s=0.0}
1003.0,CADENCE,62,GREEN,OK,preferred_low_cadence_band,{age_s=0.0}
1003.0,GRADE,0,NEUTRAL,OK,flat_deadband,"{grade_raw=0.0, grade_display=0.0}"
1003.0,GEAR,WAIT,GRAY,NO_DATA,missing_gear,{}
1004.0,SPEED,24.2,NEUTRAL,OK,near_reference,"{reference_kmh=24.49750996015939, age_s=0.0}"
1004.0,POWER,152,NEUTRAL,OK,power_present,{age_s=0.0}
1004.0,HR,137,NEUTRAL,OK,hr_present,{age_s=0.0}
1004.0,CADENCE,63,GREEN,OK,preferred_low_cadence_band,{age_s=0.0}
1004.0,GRADE,0,NEUTRAL,OK,flat_deadband,"{grade_raw=0.0, grade_display=0.0}"
1004.0,GEAR,WAIT,GRAY,NO_DATA,missing_gear,{}
1005.0,SPEED,24.3,NEUTRAL,OK,near_reference,"{reference_kmh=24.497263681592074, age_s=0.0}"
1005.0,POWER,153,NEUTRAL,OK,power_present,{age_s=0.0}
1005.0,HR,138,NEUTRAL,OK,hr_present,{age_s=0.0}
1005.0,CADENCE,64,GREEN,OK,preferred_low_cadence_band,{age_s=0.0}
1005.0,GRADE,0,NEUTRAL,OK,flat_deadband,"{grade_raw=0.0, grade_display=0.0}"
1005.0,GEAR,WAIT,GRAY,NO_DATA,missing_gear,{}
1006.0,SPEED,24.3,NEUTRAL,OK,near_reference,"{reference_kmh=24.49706759443343, age_s=0.0}"
1006.0,POWER,154,NEUTRAL,OK,power_present,{age_s=0.0}
1006.0,HR,139,NEUTRAL,OK,hr_present,{age_s=0.0}
1006.0,CADENCE,65,GREEN,OK,preferred_low_cadence_band,{age_s=0.0}
1006.0,GRADE,0,NEUTRAL,OK,flat_deadband,"{grade_raw=0.0, grade_display=0.0}"
1006.0,GEAR,WAIT,GRAY,NO_DATA,missing_gear,{}
1007.0,SPEED,24.4,NEUTRAL,OK,near_reference,"{reference_kmh=24.496921549155942, age_s=0.0}"
1007.0,POWER,155,NEUTRAL,OK,power_present,{age_s=0.0}
1007.0,HR,140,NEUTRAL,OK,hr_present,{age_s=0.0}
1007.0,CADENCE,66,GREEN,OK,preferred_low_cadence_band,{age_s=0.0}
1007.0,GRADE,0,NEUTRAL,OK,flat_deadband,"{grade_raw=0.0, grade_display=0.0}"
1007.0,GEAR,WAIT,GRAY,NO_DATA,missing_gear,{}
1008.0,SPEED,24.4,NEUTRAL,OK,near_reference,"{reference_kmh=24.496825396825425, age_s=0.0}"
1008.0,POWER,156,NEUTRAL,OK,power_present,{age_s=0.0}
1008.0,HR,120,NEUTRAL,OK,hr_present,{age_s=0.0}
1008.0,CADENCE,67,GREEN,OK,preferred_low_cadence_band,{age_s=0.0}
1008.0,GRADE,0,NEUTRAL,OK,flat_deadband,"{grade_raw=0.0, grade_display=0.0}"
1008.0,GEAR,WAIT,GRAY,NO_DATA,missing_gear,{}
1009.0,SPEED,24.5,NEUTRAL,OK,near_reference,"{reference_kmh=24.496778989098146, age_s=0.0}"
1009.0,POWER,157,NEUTRAL,OK,power_present,{age_s=0.0}
1009.0,HR,121,NEUTRAL,OK,hr_present,{age_s=0.0}
1009.0,CADENCE,68,GREEN,OK,preferred_low_cadence_band,{age_s=0.0}
1009.0,GRADE,0,NEUTRAL,OK,flat_deadband,"{grade_raw=0.0, grade_display=0.0}"
1009.0,GEAR,WAIT,GRAY,NO_DATA,missing_gear,{}
1010.0,SPEED,24.5,NEUTRAL,OK,near_reference,"{reference_kmh=24.496782178217856, age_s=0.0}"
1010.0,POWER,158,NEUTRAL,OK,power_present,{age_s=0.0}
1010.0,HR,122,NEUTRAL,OK,hr_present,{age_s=0.0}
1010.0,CADENCE,69,GREEN,OK,preferred_low_cadence_band,{age_s=0.0}
1010.0,GRADE,0,NEUTRAL,OK,flat_deadband,"{grade_raw=0.0, grade_display=0.0}"
1010.0,GEAR,WAIT,GRAY,NO_DATA,missing_gear,{}
1011.0,SPEED,24.6,NEUTRAL,OK,near_reference,"{reference_kmh=24.49683481701289, age_s=0.0}"
1011.0,POWER,159,NEUTRAL,OK,power_present,{age_s=0.0}
1011.0,HR,123,NEUTRAL,OK,hr_present,{age_s=0.0}
1011.0,CADENCE,70,GREEN,OK,preferred_low_cadence_band,{age_s=0.0}
1011.0,GRADE,0,NEUTRAL,OK,flat_deadband,"{grade_raw=0.0, grade_display=0.0}"
1011.0,GEAR,WAIT,GRAY,NO_DATA,missing_gear,{}
1012.0,SPEED,24.6,NEUTRAL,OK,near_reference,"{reference_kmh=24.496936758893312, age_s=0.0}"
1012.0,POWER,160,NEUTRAL,OK,power_present,{age_s=0.0}
1012.0,HR,124,NEUTRAL,OK,hr_present,{age_s=0.0}
1012.0,CADENCE,60,GREEN,OK,preferred_low_cadence_band,{age_s=0.0}
1012.0,GRADE,0,NEUTRAL,OK,flat_deadband,"{grade_raw=0.0, grade_display=0.0}"
1012.0,GEAR,WAIT,GRAY,NO_DATA,missing_gear,{}
1013.0,SPEED,24.7,NEUTRAL,OK,near_reference,"{reference_kmh=24.497087857848005, age_s=0.0}"
1013.0,POWER,161,NEUTRAL,OK,power_present,{age_s=0.0}
1013.0,HR,125,NEUTRAL,OK,hr_present,{age_s=0.0}
1013.0,CADENCE,61,GREEN,OK,preferred_low_cadence_band,{age_s=0.0}
1013.0,GRADE,0,NEUTRAL,OK,flat_deadband,"{grade_raw=0.0, grade_display=0.0}"
1013.0,GEAR,WAIT,GRAY,NO_DATA,missing_gear,{}
1014.0,SPEED,24.7,NEUTRAL,OK,near_reference,"{reference_kmh=24.497287968441846, age_s=0.0}"
1014.0,POWER,162,NEUTRAL,OK,power_present,{age_s=0.0}
1014.0,HR,126,NEUTRAL,OK,hr_present,{age_s=0.0}
1014.0,CADENCE,62,GREEN,OK,preferred_low_cadence_band,{age_s=0.0}
1014.0,GRADE,0,NEUTRAL,OK,flat_deadband,"{grade_raw=0.0, grade_display=0.0}"
1014.0,GEAR,WAIT,GRAY,NO_DATA,missing_gear,{}
1015.0,SPEED,24.8,NEUTRAL,OK,near_reference,"{reference_kmh=24.49753694581284, age_s=0.0}"
1015.0,POWER,163,NEUTRAL,OK,power_present,{age_s=0.0}
1015.0,HR,127,NEUTRAL,OK,hr_present,{age_s=0.0}
1015.0,CADENCE,63,GREEN,OK,preferred_low_cadence_band,{age_s=0.0}
1015.0,GRADE,0,NEUTRAL,OK,flat_deadband,"{grade_raw=0.0, grade_display=0.0}"
1015.0,GEAR,WAIT,GRAY,NO_DATA,missing_gear,{}
1016.0,SPEED,24.8,NEUTRAL,OK,near_reference,"{reference_kmh=24.49783464566932, age_s=0.0}"
1016.0,POWER,164,NEUTRAL,OK,power_present,{age_s=0.0}
1016.0,HR,128,NEUTRAL,OK,hr_present,{age_s=0.0}
1016.0,CADENCE,64,GREEN,OK,preferred_low_cadence_band,{age_s=0.0}
1016.0,GRADE,0,NEUTRAL,OK,flat_deadband,"{grade_raw=0.0, grade_display=0.0}"
1016.0,GEAR,WAIT,GRAY,NO_DATA,missing_gear,{}
1017.0,SPEED,24.9,NEUTRAL,OK,near_reference,"{reference_kmh=24.49818092428715, age_s=0.0}"
1017.0,POWER,165,NEUTRAL,OK,power_present,{age_s=0.0}
1017.0,HR,129,NEUTRAL,OK,hr_present,{age_s=0.0}
1017.0,CADENCE,65,GREEN,OK,preferred_low_cadence_band,{age_s=0.0}
1017.0,GRADE,0,NEUTRAL,OK,flat_deadband,"{grade_raw=0.0, grade_display=0.0}"
1017.0,GEAR,WAIT,GRAY,NO_DATA,missing_gear,{}
1018.0,SPEED,24.9,NEUTRAL,OK,near_reference,"{reference_kmh=24.498575638506907, age_s=0.0}"
1018.0,POWER,166,NEUTRAL,OK,power_present,{age_s=0.0}
1018.0,HR,130,NEUTRAL,OK,hr_present,{age_s=0.0}
1018.0,CADENCE,66,GREEN,OK,preferred_low_cadence_band,{age_s=0.0}
1018.0,GRADE,0,NEUTRAL,OK,flat_deadband,"{grade_raw=0.0, grade_display=0.0}"
1018.0,GEAR,WAIT,GRAY,NO_DATA,missing_gear,{}
1019.0,SPEED,25.0,NEUTRAL,OK,near_reference,"{reference_kmh=24.49901864573114, age_s=0.0}"
1019.0,POWER,167,NEUTRAL,OK,power_present,{age_s=0.0}
1019.0,HR,131,NEUTRAL,OK,hr_present,{age_s=0.0}
1019.0,CADENCE,67,GREEN,OK,preferred_low_cadence_band,{age_s=0.0}
1019.0,GRADE,0,NEUTRAL,OK,flat_deadband,"{grade_raw=0.0, grade_display=0.0}"
1019.0,GEAR,WAIT,GRAY,NO_DATA,missing_gear,{}
1020.0,SPEED,24.0,NEUTRAL,OK,near_reference,"{reference_kmh=24.49852941176474, age_s=0.0}"
1020.0,POWER,168,NEUTRAL,OK,power_present,{age_s=0.0}
1020.0,HR,132,NEUTRAL,OK,hr_present,{age_s=0.0}
1020.0,CADENCE,68,GREEN,OK,preferred_low_cadence_band,{age_s=0.0}
1020.0,GRADE,0,NEUTRAL,OK,flat_deadband,"{grade_raw=0.0, grade_display=0.0}"
1020.0,GEAR,WAIT,GRAY,NO_DATA,missing_gear,{}
1021.0,SPEED,24.1,NEUTRAL,OK,near_reference,"{reference_kmh=24.498090107737546, age_s=0.0}"
1021.0,POWER,169,NEUTRAL,OK,power_present,{age_s=0.0}
1021.0,HR,133,NEUTRAL,OK,hr_present,{age_s=0.0}
1021.0,CADENCE,69,GREEN,OK,preferred_low_cadence_band,{age_s=0.0}
1021.0,GRADE,0,NEUTRAL,OK,flat_deadband,"{grade_raw=0.0, grade_display=0.0}"
1021.0,GEAR,WAIT,GRAY,NO_DATA,missing_gear,{}
1022.0,SPEED,24.1,NEUTRAL,OK,near_reference,"{reference_kmh=24.49770058708418, age_s=0.0}"
1022.0,POWER,170,NEUTRAL,OK,power_present,{age_s=0.0}
1022.0,HR,134,NEUTRAL,OK,hr_present,{age_s=0.0}
1022.0,CADENCE,70,GREEN,OK,preferred_low_cadence_band,{age_s=0.0}
1022.0,GRADE,0,NEUTRAL,OK,flat_deadband,"{grade_raw=0.0, grade_display=0.0}"
1022.0,GEAR,WAIT,GRAY,NO_DATA,missing_gear,{}
1023.0,SPEED,24.2,NEUTRAL,OK,near_reference,"{reference_kmh=24.497360703812348, age_s=0.0}"
1023.0,POWER,140,NEUTRAL,OK,power_present,{age_s=0.0}
1023.0,HR,135,NEUTRAL,OK,hr_present,{age_s=0.0}
1023.0,CADENCE,60,GREEN,OK,preferred_low_cadence_band,{age_s=0.0}
1023.0,GRADE,0,NEUTRAL,OK,flat_deadband,"{grade_raw=0.0, grade_display=0.0}"
1023.0,GEAR,WAIT,GRAY,NO_DATA,missing_gear,{}
1024.0,SPEED,24.2,NEUTRAL,OK,near_reference,"{reference_kmh=24.497070312500032, age_s=0.0}"
1024.0,POWER,141,NEUTRAL,OK,power_present,{age_s=0.0}
1024.0,HR,136,NEUTRAL,OK,hr_present,{age_s=0.0}
1024.0,CADENCE,61,GREEN,OK,preferred_low_cadence_band,{age_s=0.0}
1024.0,GRADE,0,NEUTRAL,OK,flat_deadband,"{grade_raw=0.0, grade_display=0.0}"
1024.0,GEAR,WAIT,GRAY,NO_DATA,missing_gear,{}
1025.0,SPEED,24.3,NEUTRAL,OK,near_reference,"{reference_kmh=24.496829268292718, age_s=0.0}"
1025.0,POWER,142,NEUTRAL,OK,power_present,{age_s=0.0}
1025.0,HR,137,NEUTRAL,OK,hr_present,{age_s=0.0}
1025.0,CADENCE,62,GREEN,OK,preferred_low_cadence_band,{age_s=0.0}
1025.0,GRADE,0,NEUTRAL,OK,flat_deadband,"{grade_raw=0.0, grade_display=0.0}"
1025.0,GEAR,WAIT,GRAY,NO_DATA,missing_gear,{}
1026.0,SPEED,24.3,NEUTRAL,OK,near_reference,"{reference_kmh=24.49663742690062, age_s=0.0}"
1026.0,POWER,143,NEUTRAL,OK,power_present,{age_s=0.0}
1026.0,HR,138,NEUTRAL,OK,hr_present,{age_s=0.0}
1026.0,CADENCE,63,GREEN,OK,preferred_low_cadence_band,{age_s=0.0}
1026.0,GRADE,0,NEUTRAL,OK,flat_deadband,"{grade_raw=0.0, grade_display=0.0}"
1026.0,GEAR,WAIT,GRAY,NO_DATA,missing_gear,{}
1027.0,SPEED,24.4,NEUTRAL,OK,near_reference,"{reference_kmh=24.49649464459594, age_s=0.0}"
1027.0,POWER,144,NEUTRAL,OK,power_present,{age_s=0.0}
1027.0,HR,139,NEUTRAL,OK,hr_present,{age_s=0.0}
1027.0,CADENCE,64,GREEN,OK,preferred_low_cadence_band,{age_s=0.0}
1027.0,GRADE,0,NEUTRAL,OK,flat_deadband,"{grade_raw=0.0, grade_display=0.0}"
1027.0,GEAR,WAIT,GRAY,NO_DATA,missing_gear,{}
1028.0,SPEED,24.4,NEUTRAL,OK,near_reference,"{reference_kmh=24.49640077821015, age_s=0.0}"
1028.0,POWER,145,NEUTRAL,OK,power_present,{age_s=0.0}
1028.0,HR,140,NEUTRAL,OK,hr_present,{age_s=0.0}
1028.0,CADENCE,65,GREEN,OK,preferred_low_cadence_band,{age_s=0.0}
1028.0,GRADE,0,NEUTRAL,OK,flat_deadband,"{grade_raw=0.0, grade_display=0.0}"
1028.0,GEAR,WAIT,GRAY,NO_DATA,missing_gear,{}
1029.0,SPEED,24.5,NEUTRAL,OK,near_reference,"{reference_kmh=24.496355685131228, age_s=0.0}"
1029.0,POWER,146,NEUTRAL,OK,power_present,{age_s=0.0}
1029.0,HR,120,NEUTRAL,OK,hr_present,{age_s=0.0}
1029.0,CADENCE,66,GREEN,OK,preferred_low_cadence_band,{age_s=0.0}
1029.0,GRADE,0,NEUTRAL,OK,flat_deadband,"{grade_raw=0.0, grade_display=0.0}"
1029.0,GEAR,WAIT,GRAY,NO_DATA,missing_gear,{}
1030.0,SPEED,24.5,NEUTRAL,OK,near_reference,"{reference_kmh=24.496359223301006, age_s=0.0}"
1030.0,POWER,147,NEUTRAL,OK,power_present,{age_s=0.0}
1030.0,HR,121,NEUTRAL,OK,hr_present,{age_s=0.0}
1030.0,CADENCE,67,GREEN,OK,preferred_low_cadence_band,{age_s=0.0}
1030.0,GRADE,0,NEUTRAL,OK,flat_deadband,"{grade_raw=0.0, grade_display=0.0}"
1030.0,GEAR,WAIT,GRAY,NO_DATA,missing_gear,{}
1031.0,SPEED,24.6,NEUTRAL,OK,near_reference,"{reference_kmh=24.496411251212447, age_s=0.0}"
1031.0,POWER,148,NEUTRAL,OK,power_present,{age_s=0.0}
1031.0,HR,122,NEUTRAL,OK,hr_present,{age_s=0.0}
1031.0,CADENCE,68,GREEN,OK,preferred_low_cadence_band,{age_s=0.0}
1031.0,GRADE,0,NEUTRAL,OK,flat_deadband,"{grade_raw=0.0, grade_display=0.0}"
1031.0,GEAR,WAIT,GRAY,NO_DATA,missing_gear,{}
1032.0,SPEED,24.6,NEUTRAL,OK,near_reference,"{reference_kmh=24.496511627907005, age_s=0.0}"
1032.0,POWER,149,NEUTRAL,OK,power_present,{age_s=0.0}
1032.0,HR,123,NEUTRAL,OK,hr_present,{age_s=0.0}
1032.0,CADENCE,69,GREEN,OK,preferred_low_cadence_band,{age_s=0.0}
1032.0,GRADE,0,NEUTRAL,OK,flat_deadband,"{grade_raw=0.0, grade_display=0.0}"
1032.0,GEAR,WAIT,GRAY,NO_DATA,missing_gear,{}
1033.0,SPEED,24.7,NEUTRAL,OK,near_reference,"{reference_kmh=24.496660212971957, age_s=0.0}"
1033.0,POWER,150,NEUTRAL,OK,power_present,{age_s=0.0}
1033.0,HR,124,NEUTRAL,OK,hr_present,{age_s=0.0}
1033.0,CADENCE,70,GREEN,OK,preferred_low_cadence_band,{age_s=0.0}
1033.0,GRADE,0,NEUTRAL,OK,flat_deadband,"{grade_raw=0.0, grade_display=0.0}"
1033.0,GEAR,WAIT,GRAY,NO_DATA,missing_gear,{}
1034.0,SPEED,24.7,NEUTRAL,OK,near_reference,"{reference_kmh=24.49685686653775, age_s=0.0}"
1034.0,POWER,151,NEUTRAL,OK,power_present,{age_s=0.0}
1034.0,HR,125,NEUTRAL,OK,hr_present,{age_s=0.0}
1034.0,CADENCE,60,GREEN,OK,preferred_low_cadence_band,{age_s=0.0}
1034.0,GRADE,0,NEUTRAL,OK,flat_deadband,"{grade_raw=0.0, grade_display=0.0}"
1034.0,GEAR,WAIT,GRAY,NO_DATA,missing_gear,{}
1035.0,SPEED,24.8,NEUTRAL,OK,near_reference,"{reference_kmh=24.497101449275398, age_s=0.0}"
1035.0,POWER,152,NEUTRAL,OK,power_present,{age_s=0.0}
1035.0,HR,126,NEUTRAL,OK,hr_present,{age_s=0.0}
1035.0,CADENCE,61,GREEN,OK,preferred_low_cadence_band,{age_s=0.0}
1035.0,GRADE,0,NEUTRAL,OK,flat_deadband,"{grade_raw=0.0, grade_display=0.0}"
1035.0,GEAR,WAIT,GRAY,NO_DATA,missing_gear,{}
1036.0,SPEED,24.8,NEUTRAL,OK,near_reference,"{reference_kmh=24.49739382239385, age_s=0.0}"
1036.0,POWER,153,NEUTRAL,OK,power_present,{age_s=0.0}
1036.0,HR,127,NEUTRAL,OK,hr_present,{age_s=0.0}
1036.0,CADENCE,62,GREEN,OK,preferred_low_cadence_band,{age_s=0.0}
1036.0,GRADE,0,NEUTRAL,OK,flat_deadband,"{grade_raw=0.0, grade_display=0.0}"
1036.0,GEAR,WAIT,GRAY,NO_DATA,missing_gear,{}
1037.0,SPEED,24.9,NEUTRAL,OK,near_reference,"{reference_kmh=24.497733847637445, age_s=0.0}"
1037.0,POWER,154,NEUTRAL,OK,power_present,{age_s=0.0}
1037.0,HR,128,NEUTRAL,OK,hr_present,{age_s=0.0}
1037.0,CADENCE,63,GREEN,OK,preferred_low_cadence_band,{age_s=0.0}
1037.0,GRADE,0,NEUTRAL,OK,flat_deadband,"{grade_raw=0.0, grade_display=0.0}"
1037.0,GEAR,WAIT,GRAY,NO_DATA,missing_gear,{}
1038.0,SPEED,24.9,NEUTRAL,OK,near_reference,"{reference_kmh=24.49812138728327, age_s=0.0}"
1038.0,POWER,155,NEUTRAL,OK,power_present,{age_s=0.0}
1038.0,HR,129,NEUTRAL,OK,hr_present,{age_s=0.0}
1038.0,CADENCE,64,GREEN,OK,preferred_low_cadence_band,{age_s=0.0}
1038.0,GRADE,0,NEUTRAL,OK,flat_deadband,"{grade_raw=0.0, grade_display=0.0}"
1038.0,GEAR,WAIT,GRAY,NO_DATA,missing_gear,{}
1039.0,SPEED,25.0,NEUTRAL,OK,near_reference,"{reference_kmh=24.498556304138628, age_s=0.0}"
1039.0,POWER,156,NEUTRAL,OK,power_present,{age_s=0.0}
1039.0,HR,130,NEUTRAL,OK,hr_present,{age_s=0.0}
1039.0,CADENCE,65,GREEN,OK,preferred_low_cadence_band,{age_s=0.0}
1039.0,GRADE,0,NEUTRAL,OK,flat_deadband,"{grade_raw=0.0, grade_display=0.0}"
1039.0,GEAR,WAIT,GRAY,NO_DATA,missing_gear,{}
1040.0,SPEED,24.0,NEUTRAL,OK,near_reference,"{reference_kmh=24.498076923076958, age_s=0.0}"
1040.0,POWER,157,NEUTRAL,OK,power_present,{age_s=0.0}
1040.0,HR,131,NEUTRAL,OK,hr_present,{age_s=0.0}
1040.0,CADENCE,66,GREEN,OK,preferred_low_cadence_band,{age_s=0.0}
1040.0,GRADE,0,NEUTRAL,OK,flat_deadband,"{grade_raw=0.0, grade_display=0.0}"
1040.0,GEAR,WAIT,GRAY,NO_DATA,missing_gear,{}
1041.0,SPEED,24.1,NEUTRAL,OK,near_reference,"{reference_kmh=24.497646493756037, age_s=0.0}"
1041.0,POWER,158,NEUTRAL,OK,power_present,{age_s=0.0}
1041.0,HR,132,NEUTRAL,OK,hr_present,{age_s=0.0}
1041.0,CADENCE,67,GREEN,OK,preferred_low_cadence_band,{age_s=0.0}
1041.0,GRADE,0,NEUTRAL,OK,flat_deadband,"{grade_raw=0.0, grade_display=0.0}"
1041.0,GEAR,WAIT,GRAY,NO_DATA,missing_gear,{}
1042.0,SPEED,24.1,NEUTRAL,OK,near_reference,"{reference_kmh=24.497264875239956, age_s=0.0}"
1042.0,POWER,159,NEUTRAL,OK,power_present,{age_s=0.0}
1042.0,HR,133,NEUTRAL,OK,hr_present,{age_s=0.0}
1042.0,CADENCE,68,GREEN,OK,preferred_low_cadence_band,{age_s=0.0}
1042.0,GRADE,0,NEUTRAL,OK,flat_deadband,"{grade_raw=0.0, grade_display=0.0}"
1042.0,GEAR,WAIT,GRAY,NO_DATA,missing_gear,{}
1043.0,SPEED,24.2,NEUTRAL,OK,near_reference,"{reference_kmh=24.4969319271333, age_s=0.0}"
1043.0,POWER,160,NEUTRAL,OK,power_present,{age_s=0.0}
1043.0,HR,134,NEUTRAL,OK,hr_present,{age_s=0.0}
1043.0,CADENCE,69,GREEN,OK,preferred_low_cadence_band,{age_s=0.0}
1043.0,GRADE,0,NEUTRAL,OK,flat_deadband,"{grade_raw=0.0, grade_display=0.0}"
1043.0,GEAR,WAIT,GRAY,NO_DATA,missing_gear,{}
1044.0,SPEED,24.2,NEUTRAL,OK,near_reference,"{reference_kmh=24.49664750957858, age_s=0.0}"
1044.0,POWER,161,NEUTRAL,OK,power_present,{age_s=0.0}
1044.0,HR,135,NEUTRAL,OK,hr_present,{age_s=0.0}
1044.0,CADENCE,70,GREEN,OK,preferred_low_cadence_band,{age_s=0.0}
1044.0,GRADE,0,NEUTRAL,OK,flat_deadband,"{grade_raw=0.0, grade_display=0.0}"
1044.0,GEAR,WAIT,GRAY,NO_DATA,missing_gear,{}
1045.0,SPEED,24.3,NEUTRAL,OK,near_reference,"{reference_kmh=24.49641148325362, age_s=0.0}"
1045.0,POWER,162,NEUTRAL,OK,power_present,{age_s=0.0}
1045.0,HR,136,NEUTRAL,OK,hr_present,{age_s=0.0}
1045.0,CADENCE,60,GREEN,OK,preferred_low_cadence_band,{age_s=0.0}
1045.0,GRADE,0,NEUTRAL,OK,flat_deadband,"{grade_raw=0.0, grade_display=0.0}"
1045.0,GEAR,WAIT,GRAY,NO_DATA,missing_gear,{}
1046.0,SPEED,24.3,NEUTRAL,OK,near_reference,"{reference_kmh=24.49622370936906, age_s=0.0}"
1046.0,POWER,163,NEUTRAL,OK,power_present,{age_s=0.0}
1046.0,HR,137,NEUTRAL,OK,hr_present,{age_s=0.0}
1046.0,CADENCE,61,GREEN,OK,preferred_low_cadence_band,{age_s=0.0}
1046.0,GRADE,0,NEUTRAL,OK,flat_deadband,"{grade_raw=0.0, grade_display=0.0}"
1046.0,GEAR,WAIT,GRAY,NO_DATA,missing_gear,{}
1047.0,SPEED,24.4,NEUTRAL,OK,near_reference,"{reference_kmh=24.496084049665743, age_s=0.0}"
1047.0,POWER,164,NEUTRAL,OK,power_present,{age_s=0.0}
1047.0,HR,138,NEUTRAL,OK,hr_present,{age_s=0.0}
1047.0,CADENCE,62,GREEN,OK,preferred_low_cadence_band,{age_s=0.0}
1047.0,GRADE,0,NEUTRAL,OK,flat_deadband,"{grade_raw=0.0, grade_display=0.0}"
1047.0,GEAR,WAIT,GRAY,NO_DATA,missing_gear,{}
1048.0,SPEED,24.4,NEUTRAL,OK,near_reference,"{reference_kmh=24.495992366412246, age_s=0.0}"
1048.0,POWER,165,NEUTRAL,OK,power_present,{age_s=0.0}
1048.0,HR,139,NEUTRAL,OK,hr_present,{age_s=0.0}
1048.0,CADENCE,63,GREEN,OK,preferred_low_cadence_band,{age_s=0.0}
1048.0,GRADE,0,NEUTRAL,OK,flat_deadband,"{grade_raw=0.0, grade_display=0.0}"
1048.0,GEAR,WAIT,GRAY,NO_DATA,missing_gear,{}
1049.0,SPEED,24.5,NEUTRAL,OK,near_reference,"{reference_kmh=24.495948522402323, age_s=0.0}"
1049.0,POWER,166,NEUTRAL,OK,power_present,{age_s=0.0}
1049.0,HR,140,NEUTRAL,OK,hr_present,{age_s=0.0}
1049.0,CADENCE,64,GREEN,OK,preferred_low_cadence_band,{age_s=0.0}
1049.0,GRADE,0,NEUTRAL,OK,flat_deadband,"{grade_raw=0.0, grade_display=0.0}"
1049.0,GEAR,WAIT,GRAY,NO_DATA,missing_gear,{}
1050.0,SPEED,24.5,NEUTRAL,OK,near_reference,"{reference_kmh=24.495952380952414, age_s=0.0}"
1050.0,POWER,167,NEUTRAL,OK,power_present,{age_s=0.0}
1050.0,HR,120,NEUTRAL,OK,hr_present,{age_s=0.0}
1050.0,CADENCE,65,GREEN,OK,preferred_low_cadence_band,{age_s=0.0}
1050.0,GRADE,0,NEUTRAL,OK,flat_deadband,"{grade_raw=0.0, grade_display=0.0}"
1050.0,GEAR,WAIT,GRAY,NO_DATA,missing_gear,{}
1051.0,SPEED,24.6,NEUTRAL,OK,near_reference,"{reference_kmh=24.496003805899175, age_s=0.0}"
1051.0,POWER,168,NEUTRAL,OK,power_present,{age_s=0.0}
1051.0,HR,121,NEUTRAL,OK,hr_present,{age_s=0.0}
1051.0,CADENCE,66,GREEN,OK,preferred_low_cadence_band,{age_s=0.0}
1051.0,GRADE,0,NEUTRAL,OK,flat_deadband,"{grade_raw=0.0, grade_display=0.0}"
1051.0,GEAR,WAIT,GRAY,NO_DATA,missing_gear,{}
1052.0,SPEED,24.6,NEUTRAL,OK,near_reference,"{reference_kmh=24.49610266159699, age_s=0.0}"
1052.0,POWER,169,NEUTRAL,OK,power_present,{age_s=0.0}
1052.0,HR,122,NEUTRAL,OK,hr_present,{age_s=0.0}
1052.0,CADENCE,67,GREEN,OK,preferred_low_cadence_band,{age_s=0.0}
1052.0,GRADE,0,NEUTRAL,OK,flat_deadband,"{grade_raw=0.0, grade_display=0.0}"
1052.0,GEAR,WAIT,GRAY,NO_DATA,missing_gear,{}
1053.0,SPEED,24.7,NEUTRAL,OK,near_reference,"{reference_kmh=24.496248812915514, age_s=0.0}"
1053.0,POWER,170,NEUTRAL,OK,power_present,{age_s=0.0}
1053.0,HR,123,NEUTRAL,OK,hr_present,{age_s=0.0}
1053.0,CADENCE,68,GREEN,OK,preferred_low_cadence_band,{age_s=0.0}
1053.0,GRADE,0,NEUTRAL,OK,flat_deadband,"{grade_raw=0.0, grade_display=0.0}"
1053.0,GEAR,WAIT,GRAY,NO_DATA,missing_gear,{}
1054.0,SPEED,24.7,NEUTRAL,OK,near_reference,"{reference_kmh=24.496442125237223, age_s=0.0}"
1054.0,POWER,140,NEUTRAL,OK,power_present,{age_s=0.0}
1054.0,HR,124,NEUTRAL,OK,hr_present,{age_s=0.0}
1054.0,CADENCE,69,GREEN,OK,preferred_low_cadence_band,{age_s=0.0}
1054.0,GRADE,0,NEUTRAL,OK,flat_deadband,"{grade_raw=0.0, grade_display=0.0}"
1054.0,GEAR,WAIT,GRAY,NO_DATA,missing_gear,{}
1055.0,SPEED,24.8,NEUTRAL,OK,near_reference,"{reference_kmh=24.49668246445501, age_s=0.0}"
1055.0,POWER,141,NEUTRAL,OK,power_present,{age_s=0.0}
1055.0,HR,125,NEUTRAL,OK,hr_present,{age_s=0.0}
1055.0,CADENCE,70,GREEN,OK,preferred_low_cadence_band,{age_s=0.0}
1055.0,GRADE,0,NEUTRAL,OK,flat_deadband,"{grade_raw=0.0, grade_display=0.0}"
1055.0,GEAR,WAIT,GRAY,NO_DATA,missing_gear,{}
1056.0,SPEED,24.8,NEUTRAL,OK,near_reference,"{reference_kmh=24.49696969696973, age_s=0.0}"
1056.0,POWER,142,NEUTRAL,OK,power_present,{age_s=0.0}
1056.0,HR,126,NEUTRAL,OK,hr_present,{age_s=0.0}
1056.0,CADENCE,60,GREEN,OK,preferred_low_cadence_band,{age_s=0.0}
1056.0,GRADE,0,NEUTRAL,OK,flat_deadband,"{grade_raw=0.0, grade_display=0.0}"
1056.0,GEAR,WAIT,GRAY,NO_DATA,missing_gear,{}
1057.0,SPEED,24.9,NEUTRAL,OK,near_reference,"{reference_kmh=24.497303689687826, age_s=0.0}"
1057.0,POWER,143,NEUTRAL,OK,power_present,{age_s=0.0}
1057.0,HR,127,NEUTRAL,OK,hr_present,{age_s=0.0}
1057.0,CADENCE,61,GREEN,OK,preferred_low_cadence_band,{age_s=0.0}
1057.0,GRADE,0,NEUTRAL,OK,flat_deadband,"{grade_raw=0.0, grade_display=0.0}"
1057.0,GEAR,WAIT,GRAY,NO_DATA,missing_gear,{}
1058.0,SPEED,24.9,NEUTRAL,OK,near_reference,"{reference_kmh=24.497684310018936, age_s=0.0}"
1058.0,POWER,144,NEUTRAL,OK,power_present,{age_s=0.0}
1058.0,HR,128,NEUTRAL,OK,hr_present,{age_s=0.0}
1058.0,CADENCE,62,GREEN,OK,preferred_low_cadence_band,{age_s=0.0}
1058.0,GRADE,0,NEUTRAL,OK,flat_deadband,"{grade_raw=0.0, grade_display=0.0}"
1058.0,GEAR,WAIT,GRAY,NO_DATA,missing_gear,{}
1059.0,SPEED,25.0,NEUTRAL,OK,near_reference,"{reference_kmh=24.498111425873496, age_s=0.0}"
1059.0,POWER,145,NEUTRAL,OK,power_present,{age_s=0.0}
1059.0,HR,129,NEUTRAL,OK,hr_present,{age_s=0.0}
1059.0,CADENCE,63,GREEN,OK,preferred_low_cadence_band,{age_s=0.0}
1059.0,GRADE,0,NEUTRAL,OK,flat_deadband,"{grade_raw=0.0, grade_display=0.0}"
1059.0,GEAR,WAIT,GRAY,NO_DATA,missing_gear,{}
1060.0,SPEED,24.0,NEUTRAL,OK,near_reference,"{reference_kmh=24.497641509433993, age_s=0.0}"
1060.0,POWER,146,NEUTRAL,OK,power_present,{age_s=0.0}
1060.0,HR,130,NEUTRAL,OK,hr_present,{age_s=0.0}
1060.0,CADENCE,64,GREEN,OK,preferred_low_cadence_band,{age_s=0.0}
1060.0,GRADE,0,NEUTRAL,OK,flat_deadband,"{grade_raw=0.0, grade_display=0.0}"
1060.0,GEAR,WAIT,GRAY,NO_DATA,missing_gear,{}
1061.0,SPEED,24.1,NEUTRAL,OK,near_reference,"{reference_kmh=24.497219604147066, age_s=0.0}"
1061.0,POWER,147,NEUTRAL,OK,power_present,{age_s=0.0}
1061.0,HR,131,NEUTRAL,OK,hr_present,{age_s=0.0}
1061.0,CADENCE,65,GREEN,OK,preferred_low_cadence_band,{age_s=0.0}
1061.0,GRADE,0,NEUTRAL,OK,flat_deadband,"{grade_raw=0.0, grade_display=0.0}"
1061.0,GEAR,WAIT,GRAY,NO_DATA,missing_gear,{}
1062.0,SPEED,24.1,NEUTRAL,OK,near_reference,"{reference_kmh=24.496845574387983, age_s=0.0}"
1062.0,POWER,148,NEUTRAL,OK,power_present,{age_s=0.0}
1062.0,HR,132,NEUTRAL,OK,hr_present,{age_s=0.0}
1062.0,CADENCE,66,GREEN,OK,preferred_low_cadence_band,{age_s=0.0}
1062.0,GRADE,0,NEUTRAL,OK,flat_deadband,"{grade_raw=0.0, grade_display=0.0}"
1062.0,GEAR,WAIT,GRAY,NO_DATA,missing_gear,{}
1063.0,SPEED,24.2,NEUTRAL,OK,near_reference,"{reference_kmh=24.496519285042368, age_s=0.0}"
1063.0,POWER,149,NEUTRAL,OK,power_present,{age_s=0.0}
1063.0,HR,133,NEUTRAL,OK,hr_present,{age_s=0.0}
1063.0,CADENCE,67,GREEN,OK,preferred_low_cadence_band,{age_s=0.0}
1063.0,GRADE,0,NEUTRAL,OK,flat_deadband,"{grade_raw=0.0, grade_display=0.0}"
1063.0,GEAR,WAIT,GRAY,NO_DATA,missing_gear,{}
1064.0,SPEED,24.2,NEUTRAL,OK,near_reference,"{reference_kmh=24.496240601503793, age_s=0.0}"
1064.0,POWER,150,NEUTRAL,OK,power_present,{age_s=0.0}
1064.0,HR,134,NEUTRAL,OK,hr_present,{age_s=0.0}
1064.0,CADENCE,68,GREEN,OK,preferred_low_cadence_band,{age_s=0.0}
1064.0,GRADE,0,NEUTRAL,OK,flat_deadband,"{grade_raw=0.0, grade_display=0.0}"
1064.0,GEAR,WAIT,GRAY,NO_DATA,missing_gear,{}
1065.0,SPEED,24.3,NEUTRAL,OK,near_reference,"{reference_kmh=24.496009389671396, age_s=0.0}"
1065.0,POWER,151,NEUTRAL,OK,power_present,{age_s=0.0}
1065.0,HR,135,NEUTRAL,OK,hr_present,{age_s=0.0}
1065.0,CADENCE,69,GREEN,OK,preferred_low_cadence_band,{age_s=0.0}
1065.0,GRADE,0,NEUTRAL,OK,flat_deadband,"{grade_raw=0.0, grade_display=0.0}"
1065.0,GEAR,WAIT,GRAY,NO_DATA,missing_gear,{}
1066.0,SPEED,24.3,NEUTRAL,OK,near_reference,"{reference_kmh=24.495825515947505, age_s=0.0}"
1066.0,POWER,152,NEUTRAL,OK,power_present,{age_s=0.0}
1066.0,HR,136,NEUTRAL,OK,hr_present,{age_s=0.0}
1066.0,CADENCE,70,GREEN,OK,preferred_low_cadence_band,{age_s=0.0}
1066.0,GRADE,0,NEUTRAL,OK,flat_deadband,"{grade_raw=0.0, grade_display=0.0}"
1066.0,GEAR,WAIT,GRAY,NO_DATA,missing_gear,{}
1067.0,SPEED,24.4,NEUTRAL,OK,near_reference,"{reference_kmh=24.495688847235275, age_s=0.0}"
1067.0,POWER,153,NEUTRAL,OK,power_present,{age_s=0.0}
1067.0,HR,137,NEUTRAL,OK,hr_present,{age_s=0.0}
1067.0,CADENCE,60,GREEN,OK,preferred_low_cadence_band,{age_s=0.0}
1067.0,GRADE,0,NEUTRAL,OK,flat_deadband,"{grade_raw=0.0, grade_display=0.0}"
1067.0,GEAR,WAIT,GRAY,NO_DATA,missing_gear,{}
1068.0,SPEED,24.4,NEUTRAL,OK,near_reference,"{reference_kmh=24.495599250936362, age_s=0.0}"
1068.0,POWER,154,NEUTRAL,OK,power_present,{age_s=0.0}
1068.0,HR,138,NEUTRAL,OK,hr_present,{age_s=0.0}
1068.0,CADENCE,61,GREEN,OK,preferred_low_cadence_band,{age_s=0.0}
1068.0,GRADE,0,NEUTRAL,OK,flat_deadband,"{grade_raw=0.0, grade_display=0.0}"
1068.0,GEAR,WAIT,GRAY,NO_DATA,missing_gear,{}
1069.0,SPEED,24.5,NEUTRAL,OK,near_reference,"{reference_kmh=24.49555659494858, age_s=0.0}"
1069.0,POWER,155,NEUTRAL,OK,power_present,{age_s=0.0}
1069.0,HR,139,NEUTRAL,OK,hr_present,{age_s=0.0}
1069.0,CADENCE,62,GREEN,OK,preferred_low_cadence_band,{age_s=0.0}
1069.0,GRADE,0,NEUTRAL,OK,flat_deadband,"{grade_raw=0.0, grade_display=0.0}"
1069.0,GEAR,WAIT,GRAY,NO_DATA,missing_gear,{}
1070.0,SPEED,24.5,NEUTRAL,OK,near_reference,"{reference_kmh=24.495560747663585, age_s=0.0}"
1070.0,POWER,156,NEUTRAL,OK,power_present,{age_s=0.0}
1070.0,HR,140,NEUTRAL,OK,hr_present,{age_s=0.0}
1070.0,CADENCE,63,GREEN,OK,preferred_low_cadence_band,{age_s=0.0}
1070.0,GRADE,0,NEUTRAL,OK,flat_deadband,"{grade_raw=0.0, grade_display=0.0}"
1070.0,GEAR,WAIT,GRAY,NO_DATA,missing_gear,{}
1071.0,SPEED,24.6,NEUTRAL,OK,near_reference,"{reference_kmh=24.495611577964553, age_s=0.0}"
1071.0,POWER,157,NEUTRAL,OK,power_present,{age_s=0.0}
1071.0,HR,120,NEUTRAL,OK,hr_present,{age_s=0.0}
1071.0,CADENCE,64,GREEN,OK,preferred_low_cadence_band,{age_s=0.0}
1071.0,GRADE,0,NEUTRAL,OK,flat_deadband,"{grade_raw=0.0, grade_display=0.0}"
1071.0,GEAR,WAIT,GRAY,NO_DATA,missing_gear,{}
1072.0,SPEED,24.6,NEUTRAL,OK,near_reference,"{reference_kmh=24.495708955223915, age_s=0.0}"
1072.0,POWER,158,NEUTRAL,OK,power_present,{age_s=0.0}
1072.0,HR,121,NEUTRAL,OK,hr_present,{age_s=0.0}
1072.0,CADENCE,65,GREEN,OK,preferred_low_cadence_band,{age_s=0.0}
1072.0,GRADE,0,NEUTRAL,OK,flat_deadband,"{grade_raw=0.0, grade_display=0.0}"
1072.0,GEAR,WAIT,GRAY,NO_DATA,missing_gear,{}
1073.0,SPEED,24.7,NEUTRAL,OK,near_reference,"{reference_kmh=24.495852749301054, age_s=0.0}"
1073.0,POWER,159,NEUTRAL,OK,power_present,{age_s=0.0}
1073.0,HR,122,NEUTRAL,OK,hr_present,{age_s=0.0}
1073.0,CADENCE,66,GREEN,OK,preferred_low_cadence_band,{age_s=0.0}
1073.0,GRADE,0,NEUTRAL,OK,flat_deadband,"{grade_raw=0.0, grade_display=0.0}"
1073.0,GEAR,WAIT,GRAY,NO_DATA,missing_gear,{}
1074.0,SPEED,24.7,NEUTRAL,OK,near_reference,"{reference_kmh=24.496042830540073, age_s=0.0}"
1074.0,POWER,160,NEUTRAL,OK,power_present,{age_s=0.0}
1074.0,HR,123,NEUTRAL,OK,hr_present,{age_s=0.0}
1074.0,CADENCE,67,GREEN,OK,preferred_low_cadence_band,{age_s=0.0}
1074.0,GRADE,0,NEUTRAL,OK,flat_deadband,"{grade_raw=0.0, grade_display=0.0}"
1074.0,GEAR,WAIT,GRAY,NO_DATA,missing_gear,{}
1075.0,SPEED,24.8,NEUTRAL,OK,near_reference,"{reference_kmh=24.49627906976748, age_s=0.0}"
1075.0,POWER,161,NEUTRAL,OK,power_present,{age_s=0.0}
1075.0,HR,124,NEUTRAL,OK,hr_present,{age_s=0.0}
1075.0,CADENCE,68,GREEN,OK,preferred_low_cadence_band,{age_s=0.0}
1075.0,GRADE,0,NEUTRAL,OK,flat_deadband,"{grade_raw=0.0, grade_display=0.0}"
1075.0,GEAR,WAIT,GRAY,NO_DATA,missing_gear,{}
1076.0,SPEED,24.8,NEUTRAL,OK,near_reference,"{reference_kmh=24.49656133829, age_s=0.0}"
1076.0,POWER,162,NEUTRAL,OK,power_present,{age_s=0.0}
1076.0,HR,125,NEUTRAL,OK,hr_present,{age_s=0.0}
1076.0,CADENCE,69,GREEN,OK,preferred_low_cadence_band,{age_s=0.0}
1076.0,GRADE,0,NEUTRAL,OK,flat_deadband,"{grade_raw=0.0, grade_display=0.0}"
1076.0,GEAR,WAIT,GRAY,NO_DATA,missing_gear,{}
1077.0,SPEED,24.9,NEUTRAL,OK,near_reference,"{reference_kmh=24.496889507892323, age_s=0.0}"
1077.0,POWER,163,NEUTRAL,OK,power_present,{age_s=0.0}
1077.0,HR,126,NEUTRAL,OK,hr_present,{age_s=0.0}
1077.0,CADENCE,70,GREEN,OK,preferred_low_cadence_band,{age_s=0.0}
1077.0,GRADE,0,NEUTRAL,OK,flat_deadband,"{grade_raw=0.0, grade_display=0.0}"
1077.0,GEAR,WAIT,GRAY,NO_DATA,missing_gear,{}
1078.0,SPEED,24.9,NEUTRAL,OK,near_reference,"{reference_kmh=24.49726345083491, age_s=0.0}"
1078.0,POWER,164,NEUTRAL,OK,power_present,{age_s=0.0}
1078.0,HR,127,NEUTRAL,OK,hr_present,{age_s=0.0}
1078.0,CADENCE,60,GREEN,OK,preferred_low_cadence_band,{age_s=0.0}
1078.0,GRADE,0,NEUTRAL,OK,flat_deadband,"{grade_raw=0.0, grade_display=0.0}"
1078.0,GEAR,WAIT,GRAY,NO_DATA,missing_gear,{}
1079.0,SPEED,25.0,NEUTRAL,OK,near_reference,"{reference_kmh=24.497683039851747, age_s=0.0}"
1079.0,POWER,165,NEUTRAL,OK,power_present,{age_s=0.0}
1079.0,HR,128,NEUTRAL,OK,hr_present,{age_s=0.0}
1079.0,CADENCE,61,GREEN,OK,preferred_low_cadence_band,{age_s=0.0}
1079.0,GRADE,0,NEUTRAL,OK,flat_deadband,"{grade_raw=0.0, grade_display=0.0}"
1079.0,GEAR,WAIT,GRAY,NO_DATA,missing_gear,{}
1080.0,SPEED,24.0,NEUTRAL,OK,near_reference,"{reference_kmh=24.497222222222256, age_s=0.0}"
1080.0,POWER,166,NEUTRAL,OK,power_present,{age_s=0.0}
1080.0,HR,129,NEUTRAL,OK,hr_present,{age_s=0.0}
1080.0,CADENCE,62,GREEN,OK,preferred_low_cadence_band,{age_s=0.0}
1080.0,GRADE,0,NEUTRAL,OK,flat_deadband,"{grade_raw=0.0, grade_display=0.0}"
1080.0,GEAR,WAIT,GRAY,NO_DATA,missing_gear,{}
1081.0,SPEED,24.1,NEUTRAL,OK,near_reference,"{reference_kmh=24.496808510638335, age_s=0.0}"
1081.0,POWER,167,NEUTRAL,OK,power_present,{age_s=0.0}
1081.0,HR,130,NEUTRAL,OK,hr_present,{age_s=0.0}
1081.0,CADENCE,63,GREEN,OK,preferred_low_cadence_band,{age_s=0.0}
1081.0,GRADE,0,NEUTRAL,OK,flat_deadband,"{grade_raw=0.0, grade_display=0.0}"
1081.0,GEAR,WAIT,GRAY,NO_DATA,missing_gear,{}
1082.0,SPEED,24.1,NEUTRAL,OK,near_reference,"{reference_kmh=24.496441774491714, age_s=0.0}"
1082.0,POWER,168,NEUTRAL,OK,power_present,{age_s=0.0}
1082.0,HR,131,NEUTRAL,OK,hr_present,{age_s=0.0}
1082.0,CADENCE,64,GREEN,OK,preferred_low_cadence_band,{age_s=0.0}
1082.0,GRADE,0,NEUTRAL,OK,flat_deadband,"{grade_raw=0.0, grade_display=0.0}"
1082.0,GEAR,WAIT,GRAY,NO_DATA,missing_gear,{}
1083.0,SPEED,24.2,NEUTRAL,OK,near_reference,"{reference_kmh=24.496121883656542, age_s=0.0}"
1083.0,POWER,169,NEUTRAL,OK,power_present,{age_s=0.0}
1083.0,HR,132,NEUTRAL,OK,hr_present,{age_s=0.0}
1083.0,CADENCE,65,GREEN,OK,preferred_low_cadence_band,{age_s=0.0}
1083.0,GRADE,0,NEUTRAL,OK,flat_deadband,"{grade_raw=0.0, grade_display=0.0}"
1083.0,GEAR,WAIT,GRAY,NO_DATA,missing_gear,{}
1084.0,SPEED,24.2,NEUTRAL,OK,near_reference,"{reference_kmh=24.49584870848712, age_s=0.0}"
1084.0,POWER,170,NEUTRAL,OK,power_present,{age_s=0.0}
1084.0,HR,133,NEUTRAL,OK,hr_present,{age_s=0.0}
1084.0,CADENCE,66,GREEN,OK,preferred_low_cadence_band,{age_s=0.0}
1084.0,GRADE,0,NEUTRAL,OK,flat_deadband,"{grade_raw=0.0, grade_display=0.0}"
1084.0,GEAR,WAIT,GRAY,NO_DATA,missing_gear,{}
1085.0,SPEED,24.3,NEUTRAL,OK,near_reference,"{reference_kmh=24.495622119815707, age_s=0.0}"
1085.0,POWER,140,NEUTRAL,OK,power_present,{age_s=0.0}
1085.0,HR,134,NEUTRAL,OK,hr_present,{age_s=0.0}
1085.0,CADENCE,67,GREEN,OK,preferred_low_cadence_band,{age_s=0.0}
1085.0,GRADE,0,NEUTRAL,OK,flat_deadband,"{grade_raw=0.0, grade_display=0.0}"
1085.0,GEAR,WAIT,GRAY,NO_DATA,missing_gear,{}
1086.0,SPEED,24.3,NEUTRAL,OK,near_reference,"{reference_kmh=24.49544198895031, age_s=0.0}"
1086.0,POWER,141,NEUTRAL,OK,power_present,{age_s=0.0}
1086.0,HR,135,NEUTRAL,OK,hr_present,{age_s=0.0}
1086.0,CADENCE,68,GREEN,OK,preferred_low_cadence_band,{age_s=0.0}
1086.0,GRADE,0,NEUTRAL,OK,flat_deadband,"{grade_raw=0.0, grade_display=0.0}"
1086.0,GEAR,WAIT,GRAY,NO_DATA,missing_gear,{}
1087.0,SPEED,24.4,NEUTRAL,OK,near_reference,"{reference_kmh=24.495308187672524, age_s=0.0}"
1087.0,POWER,142,NEUTRAL,OK,power_present,{age_s=0.0}
1087.0,HR,136,NEUTRAL,OK,hr_present,{age_s=0.0}
1087.0,CADENCE,69,GREEN,OK,preferred_low_cadence_band,{age_s=0.0}
1087.0,GRADE,0,NEUTRAL,OK,flat_deadband,"{grade_raw=0.0, grade_display=0.0}"
1087.0,GEAR,WAIT,GRAY,NO_DATA,missing_gear,{}
1088.0,SPEED,24.4,NEUTRAL,OK,near_reference,"{reference_kmh=24.495220588235327, age_s=0.0}"
1088.0,POWER,143,NEUTRAL,OK,power_present,{age_s=0.0}
1088.0,HR,137,NEUTRAL,OK,hr_present,{age_s=0.0}
1088.0,CADENCE,70,GREEN,OK,preferred_low_cadence_band,{age_s=0.0}
1088.0,GRADE,0,NEUTRAL,OK,flat_deadband,"{grade_raw=0.0, grade_display=0.0}"
1088.0,GEAR,WAIT,GRAY,NO_DATA,missing_gear,{}
1089.0,SPEED,24.5,NEUTRAL,OK,near_reference,"{reference_kmh=24.495179063360915, age_s=0.0}"
1089.0,POWER,144,NEUTRAL,OK,power_present,{age_s=0.0}
1089.0,HR,138,NEUTRAL,OK,hr_present,{age_s=0.0}
1089.0,CADENCE,60,GREEN,OK,preferred_low_cadence_band,{age_s=0.0}
1089.0,GRADE,0,NEUTRAL,OK,flat_deadband,"{grade_raw=0.0, grade_display=0.0}"
1089.0,GEAR,WAIT,GRAY,NO_DATA,missing_gear,{}
1090.0,SPEED,24.5,NEUTRAL,OK,near_reference,"{reference_kmh=24.49518348623857, age_s=0.0}"
1090.0,POWER,145,NEUTRAL,OK,power_present,{age_s=0.0}
1090.0,HR,139,NEUTRAL,OK,hr_present,{age_s=0.0}
1090.0,CADENCE,61,GREEN,OK,preferred_low_cadence_band,{age_s=0.0}
1090.0,GRADE,0,NEUTRAL,OK,flat_deadband,"{grade_raw=0.0, grade_display=0.0}"
1090.0,GEAR,WAIT,GRAY,NO_DATA,missing_gear,{}
1091.0,SPEED,24.6,NEUTRAL,OK,near_reference,"{reference_kmh=24.49523373052249, age_s=0.0}"
1091.0,POWER,146,NEUTRAL,OK,power_present,{age_s=0.0}
1091.0,HR,140,NEUTRAL,OK,hr_present,{age_s=0.0}
1091.0,CADENCE,62,GREEN,OK,preferred_low_cadence_band,{age_s=0.0}
1091.0,GRADE,0,NEUTRAL,OK,flat_deadband,"{grade_raw=0.0, grade_display=0.0}"
1091.0,GEAR,WAIT,GRAY,NO_DATA,missing_gear,{}
1092.0,SPEED,24.6,NEUTRAL,OK,near_reference,"{reference_kmh=24.495329670329703, age_s=0.0}"
1092.0,POWER,147,NEUTRAL,OK,power_present,{age_s=0.0}
1092.0,HR,120,NEUTRAL,OK,hr_present,{age_s=0.0}
1092.0,CADENCE,63,GREEN,OK,preferred_low_cadence_band,{age_s=0.0}
1092.0,GRADE,0,NEUTRAL,OK,flat_deadband,"{grade_raw=0.0, grade_display=0.0}"
1092.0,GEAR,WAIT,GRAY,NO_DATA,missing_gear,{}
1093.0,SPEED,24.7,NEUTRAL,OK,near_reference,"{reference_kmh=24.49547118023791, age_s=0.0}"
1093.0,POWER,148,NEUTRAL,OK,power_present,{age_s=0.0}
1093.0,HR,121,NEUTRAL,OK,hr_present,{age_s=0.0}
1093.0,CADENCE,64,GREEN,OK,preferred_low_cadence_band,{age_s=0.0}
1093.0,GRADE,0,NEUTRAL,OK,flat_deadband,"{grade_raw=0.0, grade_display=0.0}"
1093.0,GEAR,WAIT,GRAY,NO_DATA,missing_gear,{}
1094.0,SPEED,24.7,NEUTRAL,OK,near_reference,"{reference_kmh=24.495658135283403, age_s=0.0}"
1094.0,POWER,149,NEUTRAL,OK,power_present,{age_s=0.0}
1094.0,HR,122,NEUTRAL,OK,hr_present,{age_s=0.0}
1094.0,CADENCE,65,GREEN,OK,preferred_low_cadence_band,{age_s=0.0}
1094.0,GRADE,0,NEUTRAL,OK,flat_deadband,"{grade_raw=0.0, grade_display=0.0}"
1094.0,GEAR,WAIT,GRAY,NO_DATA,missing_gear,{}
1095.0,SPEED,24.8,NEUTRAL,OK,near_reference,"{reference_kmh=24.495890410958943, age_s=0.0}"
1095.0,POWER,150,NEUTRAL,OK,power_present,{age_s=0.0}
1095.0,HR,123,NEUTRAL,OK,hr_present,{age_s=0.0}
1095.0,CADENCE,66,GREEN,OK,preferred_low_cadence_band,{age_s=0.0}
1095.0,GRADE,0,NEUTRAL,OK,flat_deadband,"{grade_raw=0.0, grade_display=0.0}"
1095.0,GEAR,WAIT,GRAY,NO_DATA,missing_gear,{}
1096.0,SPEED,24.8,NEUTRAL,OK,near_reference,"{reference_kmh=24.49616788321171, age_s=0.0}"
1096.0,POWER,151,NEUTRAL,OK,power_present,{age_s=0.0}
1096.0,HR,124,NEUTRAL,OK,hr_present,{age_s=0.0}
1096.0,CADENCE,67,GREEN,OK,preferred_low_cadence_band,{age_s=0.0}
1096.0,GRADE,0,NEUTRAL,OK,flat_deadband,"{grade_raw=0.0, grade_display=0.0}"
1096.0,GEAR,WAIT,GRAY,NO_DATA,missing_gear,{}
1097.0,SPEED,24.9,NEUTRAL,OK,near_reference,"{reference_kmh=24.496490428441234, age_s=0.0}"
1097.0,POWER,152,NEUTRAL,OK,power_present,{age_s=0.0}
1097.0,HR,125,NEUTRAL,OK,hr_present,{age_s=0.0}
1097.0,CADENCE,68,GREEN,OK,preferred_low_cadence_band,{age_s=0.0}
1097.0,GRADE,0,NEUTRAL,OK,flat_deadband,"{grade_raw=0.0, grade_display=0.0}"
1097.0,GEAR,WAIT,GRAY,NO_DATA,missing_gear,{}
1098.0,SPEED,24.9,NEUTRAL,OK,near_reference,"{reference_kmh=24.496857923497302, age_s=0.0}"
1098.0,POWER,153,NEUTRAL,OK,power_present,{age_s=0.0}
1098.0,HR,126,NEUTRAL,OK,hr_present,{age_s=0.0}
1098.0,CADENCE,69,GREEN,OK,preferred_low_cadence_band,{age_s=0.0}
1098.0,GRADE,0,NEUTRAL,OK,flat_deadband,"{grade_raw=0.0, grade_display=0.0}"
1098.0,GEAR,WAIT,GRAY,NO_DATA,missing_gear,{}
1099.0,SPEED,25.0,NEUTRAL,OK,near_reference,"{reference_kmh=24.497270245677925, age_s=0.0}"
1099.0,POWER,154,NEUTRAL,OK,power_present,{age_s=0.0}
1099.0,HR,127,NEUTRAL,OK,hr_present,{age_s=0.0}
1099.0,CADENCE,70,GREEN,OK,preferred_low_cadence_band,{age_s=0.0}
1099.0,GRADE,0,NEUTRAL,OK,flat_deadband,"{grade_raw=0.0, grade_display=0.0}"
1099.0,GEAR,WAIT,GRAY,NO_DATA,missing_gear,{}
1100.0,SPEED,24.0,NEUTRAL,OK,near_reference,"{reference_kmh=24.496818181818213, age_s=0.0}"
1100.0,POWER,155,NEUTRAL,OK,power_present,{age_s=0.0}
1100.0,HR,128,NEUTRAL,OK,hr_present,{age_s=0.0}
1100.0,CADENCE,60,GREEN,OK,preferred_low_cadence_band,{age_s=0.0}
1100.0,GRADE,0,NEUTRAL,OK,flat_deadband,"{grade_raw=0.0, grade_display=0.0}"
1100.0,GEAR,WAIT,GRAY,NO_DATA,missing_gear,{}
1101.0,SPEED,24.1,NEUTRAL,OK,near_reference,"{reference_kmh=24.496412352406935, age_s=0.0}"
1101.0,POWER,156,NEUTRAL,OK,power_present,{age_s=0.0}
1101.0,HR,129,NEUTRAL,OK,hr_present,{age_s=0.0}
1101.0,CADENCE,61,GREEN,OK,preferred_low_cadence_band,{age_s=0.0}
1101.0,GRADE,0,NEUTRAL,OK,flat_deadband,"{grade_raw=0.0, grade_display=0.0}"
1101.0,GEAR,WAIT,GRAY,NO_DATA,missing_gear,{}
1102.0,SPEED,24.1,NEUTRAL,OK,near_reference,"{reference_kmh=24.49605263157898, age_s=0.0}"
1102.0,POWER,157,NEUTRAL,OK,power_present,{age_s=0.0}
1102.0,HR,130,NEUTRAL,OK,hr_present,{age_s=0.0}
1102.0,CADENCE,62,GREEN,OK,preferred_low_cadence_band,{age_s=0.0}
1102.0,GRADE,0,NEUTRAL,OK,flat_deadband,"{grade_raw=0.0, grade_display=0.0}"
1102.0,GEAR,WAIT,GRAY,NO_DATA,missing_gear,{}
1103.0,SPEED,24.2,NEUTRAL,OK,near_reference,"{reference_kmh=24.49573889392569, age_s=0.0}"
1103.0,POWER,158,NEUTRAL,OK,power_present,{age_s=0.0}
1103.0,HR,131,NEUTRAL,OK,hr_present,{age_s=0.0}
1103.0,CADENCE,63,GREEN,OK,preferred_low_cadence_band,{age_s=0.0}
1103.0,GRADE,0,NEUTRAL,OK,flat_deadband,"{grade_raw=0.0, grade_display=0.0}"
1103.0,GEAR,WAIT,GRAY,NO_DATA,missing_gear,{}
1104.0,SPEED,24.2,NEUTRAL,OK,near_reference,"{reference_kmh=24.49547101449279, age_s=0.0}"
1104.0,POWER,159,NEUTRAL,OK,power_present,{age_s=0.0}
1104.0,HR,132,NEUTRAL,OK,hr_present,{age_s=0.0}
1104.0,CADENCE,64,GREEN,OK,preferred_low_cadence_band,{age_s=0.0}
1104.0,GRADE,0,NEUTRAL,OK,flat_deadband,"{grade_raw=0.0, grade_display=0.0}"
1104.0,GEAR,WAIT,GRAY,NO_DATA,missing_gear,{}
1105.0,SPEED,24.3,NEUTRAL,OK,near_reference,"{reference_kmh=24.495248868778315, age_s=0.0}"
1105.0,POWER,160,NEUTRAL,OK,power_present,{age_s=0.0}
1105.0,HR,133,NEUTRAL,OK,hr_present,{age_s=0.0}
1105.0,CADENCE,65,GREEN,OK,preferred_low_cadence_band,{age_s=0.0}
1105.0,GRADE,0,NEUTRAL,OK,flat_deadband,"{grade_raw=0.0, grade_display=0.0}"
1105.0,GEAR,WAIT,GRAY,NO_DATA,missing_gear,{}
1106.0,SPEED,24.3,NEUTRAL,OK,near_reference,"{reference_kmh=24.495072332730597, age_s=0.0}"
1106.0,POWER,161,NEUTRAL,OK,power_present,{age_s=0.0}
1106.0,HR,134,NEUTRAL,OK,hr_present,{age_s=0.0}
1106.0,CADENCE,66,GREEN,OK,preferred_low_cadence_band,{age_s=0.0}
1106.0,GRADE,0,NEUTRAL,OK,flat_deadband,"{grade_raw=0.0, grade_display=0.0}"
1106.0,GEAR,WAIT,GRAY,NO_DATA,missing_gear,{}
1107.0,SPEED,24.4,NEUTRAL,OK,near_reference,"{reference_kmh=24.494941282746197, age_s=0.0}"
1107.0,POWER,162,NEUTRAL,OK,power_present,{age_s=0.0}
1107.0,HR,135,NEUTRAL,OK,hr_present,{age_s=0.0}
1107.0,CADENCE,67,GREEN,OK,preferred_low_cadence_band,{age_s=0.0}
1107.0,GRADE,0,NEUTRAL,OK,flat_deadband,"{grade_raw=0.0, grade_display=0.0}"
1107.0,GEAR,WAIT,GRAY,NO_DATA,missing_gear,{}
1108.0,SPEED,24.4,NEUTRAL,OK,near_reference,"{reference_kmh=24.494855595667907, age_s=0.0}"
1108.0,POWER,163,NEUTRAL,OK,power_present,{age_s=0.0}
1108.0,HR,136,NEUTRAL,OK,hr_present,{age_s=0.0}
1108.0,CADENCE,68,GREEN,OK,preferred_low_cadence_band,{age_s=0.0}
1108.0,GRADE,0,NEUTRAL,OK,flat_deadband,"{grade_raw=0.0, grade_display=0.0}"
1108.0,GEAR,WAIT,GRAY,NO_DATA,missing_gear,{}
1109.0,SPEED,24.5,NEUTRAL,OK,near_reference,"{reference_kmh=24.49481514878272, age_s=0.0}"
1109.0,POWER,164,NEUTRAL,OK,power_present,{age_s=0.0}
1109.0,HR,137,NEUTRAL,OK,hr_present,{age_s=0.0}
1109.0,CADENCE,69,GREEN,OK,preferred_low_cadence_band,{age_s=0.0}
1109.0,GRADE,0,NEUTRAL,OK,flat_deadband,"{grade_raw=0.0, grade_display=0.0}"
1109.0,GEAR,WAIT,GRAY,NO_DATA,missing_gear,{}
1110.0,SPEED,24.5,NEUTRAL,OK,near_reference,"{reference_kmh=24.494819819819856, age_s=0.0}"
1110.0,POWER,165,NEUTRAL,OK,power_present,{age_s=0.0}
1110.0,HR,138,NEUTRAL,OK,hr_present,{age_s=0.0}
1110.0,CADENCE,70,GREEN,OK,preferred_low_cadence_band,{age_s=0.0}
1110.0,GRADE,0,NEUTRAL,OK,flat_deadband,"{grade_raw=0.0, grade_display=0.0}"
1110.0,GEAR,WAIT,GRAY,NO_DATA,missing_gear,{}
1111.0,SPEED,24.6,NEUTRAL,OK,near_reference,"{reference_kmh=24.49486948694873, age_s=0.0}"
1111.0,POWER,166,NEUTRAL,OK,power_present,{age_s=0.0}
1111.0,HR,139,NEUTRAL,OK,hr_present,{age_s=0.0}
1111.0,CADENCE,60,GREEN,OK,preferred_low_cadence_band,{age_s=0.0}
1111.0,GRADE,0,NEUTRAL,OK,flat_deadband,"{grade_raw=0.0, grade_display=0.0}"
1111.0,GEAR,WAIT,GRAY,NO_DATA,missing_gear,{}
1112.0,SPEED,24.6,NEUTRAL,OK,near_reference,"{reference_kmh=24.494964028777012, age_s=0.0}"
1112.0,POWER,167,NEUTRAL,OK,power_present,{age_s=0.0}
1112.0,HR,140,NEUTRAL,OK,hr_present,{age_s=0.0}
1112.0,CADENCE,61,GREEN,OK,preferred_low_cadence_band,{age_s=0.0}
1112.0,GRADE,0,NEUTRAL,OK,flat_deadband,"{grade_raw=0.0, grade_display=0.0}"
1112.0,GEAR,WAIT,GRAY,NO_DATA,missing_gear,{}
1113.0,SPEED,24.7,NEUTRAL,OK,near_reference,"{reference_kmh=24.495103324348644, age_s=0.0}"
1113.0,POWER,168,NEUTRAL,OK,power_present,{age_s=0.0}
1113.0,HR,120,NEUTRAL,OK,hr_present,{age_s=0.0}
1113.0,CADENCE,62,GREEN,OK,preferred_low_cadence_band,{age_s=0.0}
1113.0,GRADE,0,NEUTRAL,OK,flat_deadband,"{grade_raw=0.0, grade_display=0.0}"
1113.0,GEAR,WAIT,GRAY,NO_DATA,missing_gear,{}
1114.0,SPEED,24.7,NEUTRAL,OK,near_reference,"{reference_kmh=24.495287253141868, age_s=0.0}"
1114.0,POWER,169,NEUTRAL,OK,power_present,{age_s=0.0}
1114.0,HR,121,NEUTRAL,OK,hr_present,{age_s=0.0}
1114.0,CADENCE,63,GREEN,OK,preferred_low_cadence_band,{age_s=0.0}
1114.0,GRADE,0,NEUTRAL,OK,flat_deadband,"{grade_raw=0.0, grade_display=0.0}"
1114.0,GEAR,WAIT,GRAY,NO_DATA,missing_gear,{}
1115.0,SPEED,24.8,NEUTRAL,OK,near_reference,"{reference_kmh=24.4955156950673, age_s=0.0}"
1115.0,POWER,170,NEUTRAL,OK,power_present,{age_s=0.0}
1115.0,HR,122,NEUTRAL,OK,hr_present,{age_s=0.0}
1115.0,CADENCE,64,GREEN,OK,preferred_low_cadence_band,{age_s=0.0}
1115.0,GRADE,0,NEUTRAL,OK,flat_deadband,"{grade_raw=0.0, grade_display=0.0}"
1115.0,GEAR,WAIT,GRAY,NO_DATA,missing_gear,{}
1116.0,SPEED,24.8,NEUTRAL,OK,near_reference,"{reference_kmh=24.495788530465987, age_s=0.0}"
1116.0,POWER,140,NEUTRAL,OK,power_present,{age_s=0.0}
1116.0,HR,123,NEUTRAL,OK,hr_present,{age_s=0.0}
1116.0,CADENCE,65,GREEN,OK,preferred_low_cadence_band,{age_s=0.0}
1116.0,GRADE,0,NEUTRAL,OK,flat_deadband,"{grade_raw=0.0, grade_display=0.0}"
1116.0,GEAR,WAIT,GRAY,NO_DATA,missing_gear,{}
1117.0,SPEED,24.9,NEUTRAL,OK,near_reference,"{reference_kmh=24.496105640107466, age_s=0.0}"
1117.0,POWER,141,NEUTRAL,OK,power_present,{age_s=0.0}
1117.0,HR,124,NEUTRAL,OK,hr_present,{age_s=0.0}
1117.0,CADENCE,66,GREEN,OK,preferred_low_cadence_band,{age_s=0.0}
1117.0,GRADE,0,NEUTRAL,OK,flat_deadband,"{grade_raw=0.0, grade_display=0.0}"
1117.0,GEAR,WAIT,GRAY,NO_DATA,missing_gear,{}
1118.0,SPEED,24.9,NEUTRAL,OK,near_reference,"{reference_kmh=24.49646690518787, age_s=0.0}"
1118.0,POWER,142,NEUTRAL,OK,power_present,{age_s=0.0}
1118.0,HR,125,NEUTRAL,OK,hr_present,{age_s=0.0}
1118.0,CADENCE,67,GREEN,OK,preferred_low_cadence_band,{age_s=0.0}
1118.0,GRADE,0,NEUTRAL,OK,flat_deadband,"{grade_raw=0.0, grade_display=0.0}"
1118.0,GEAR,WAIT,GRAY,NO_DATA,missing_gear,{}
1119.0,SPEED,25.0,NEUTRAL,OK,near_reference,"{reference_kmh=24.496872207328003, age_s=0.0}"
1119.0,POWER,143,NEUTRAL,OK,power_present,{age_s=0.0}
1119.0,HR,126,NEUTRAL,OK,hr_present,{age_s=0.0}
1119.0,CADENCE,68,GREEN,OK,preferred_low_cadence_band,{age_s=0.0}
1119.0,GRADE,0,NEUTRAL,OK,flat_deadband,"{grade_raw=0.0, grade_display=0.0}"
1119.0,GEAR,WAIT,GRAY,NO_DATA,missing_gear,{}
1120.0,SPEED,24.0,NEUTRAL,OK,near_reference,"{reference_kmh=24.496428571428606, age_s=0.0}"
1120.0,POWER,144,NEUTRAL,OK,power_present,{age_s=0.0}
1120.0,HR,127,NEUTRAL,OK,hr_present,{age_s=0.0}
1120.0,CADENCE,69,GREEN,OK,preferred_low_cadence_band,{age_s=0.0}
1120.0,GRADE,0,NEUTRAL,OK,flat_deadband,"{grade_raw=0.0, grade_display=0.0}"
1120.0,GEAR,WAIT,GRAY,NO_DATA,missing_gear,{}
1121.0,SPEED,24.1,NEUTRAL,OK,near_reference,"{reference_kmh=24.49603033006248, age_s=0.0}"
1121.0,POWER,145,NEUTRAL,OK,power_present,{age_s=0.0}
1121.0,HR,128,NEUTRAL,OK,hr_present,{age_s=0.0}
1121.0,CADENCE,70,GREEN,OK,preferred_low_cadence_band,{age_s=0.0}
1121.0,GRADE,0,NEUTRAL,OK,flat_deadband,"{grade_raw=0.0, grade_display=0.0}"
1121.0,GEAR,WAIT,GRAY,NO_DATA,missing_gear,{}
1122.0,SPEED,24.1,NEUTRAL,OK,near_reference,"{reference_kmh=24.49567736185387, age_s=0.0}"
1122.0,POWER,146,NEUTRAL,OK,power_present,{age_s=0.0}
1122.0,HR,129,NEUTRAL,OK,hr_present,{age_s=0.0}
1122.0,CADENCE,60,GREEN,OK,preferred_low_cadence_band,{age_s=0.0}
1122.0,GRADE,0,NEUTRAL,OK,flat_deadband,"{grade_raw=0.0, grade_display=0.0}"
1122.0,GEAR,WAIT,GRAY,NO_DATA,missing_gear,{}
1123.0,SPEED,24.2,NEUTRAL,OK,near_reference,"{reference_kmh=24.495369545859337, age_s=0.0}"
1123.0,POWER,147,NEUTRAL,OK,power_present,{age_s=0.0}
1123.0,HR,130,NEUTRAL,OK,hr_present,{age_s=0.0}
1123.0,CADENCE,61,GREEN,OK,preferred_low_cadence_band,{age_s=0.0}
1123.0,GRADE,0,NEUTRAL,OK,flat_deadband,"{grade_raw=0.0, grade_display=0.0}"
1123.0,GEAR,WAIT,GRAY,NO_DATA,missing_gear,{}
1124.0,SPEED,24.2,NEUTRAL,OK,near_reference,"{reference_kmh=24.49510676156587, age_s=0.0}"
1124.0,POWER,148,NEUTRAL,OK,power_present,{age_s=0.0}
1124.0,HR,131,NEUTRAL,OK,hr_present,{age_s=0.0}
1124.0,CADENCE,62,GREEN,OK,preferred_low_cadence_band,{age_s=0.0}
1124.0,GRADE,0,NEUTRAL,OK,flat_deadband,"{grade_raw=0.0, grade_display=0.0}"
1124.0,GEAR,WAIT,GRAY,NO_DATA,missing_gear,{}
1125.0,SPEED,24.3,NEUTRAL,OK,near_reference,"{reference_kmh=24.494888888888926, age_s=0.0}"
1125.0,POWER,149,NEUTRAL,OK,power_present,{age_s=0.0}
1125.0,HR,132,NEUTRAL,OK,hr_present,{age_s=0.0}
1125.0,CADENCE,63,GREEN,OK,preferred_low_cadence_band,{age_s=0.0}
1125.0,GRADE,0,NEUTRAL,OK,flat_deadband,"{grade_raw=0.0, grade_display=0.0}"
1125.0,GEAR,WAIT,GRAY,NO_DATA,missing_gear,{}
1126.0,SPEED,24.3,NEUTRAL,OK,near_reference,"{reference_kmh=24.494715808170554, age_s=0.0}"
1126.0,POWER,150,NEUTRAL,OK,power_present,{age_s=0.0}
1126.0,HR,133,NEUTRAL,OK,hr_present,{age_s=0.0}
1126.0,CADENCE,64,GREEN,OK,preferred_low_cadence_band,{age_s=0.0}
1126.0,GRADE,0,NEUTRAL,OK,flat_deadband,"{grade_raw=0.0, grade_display=0.0}"
1126.0,GEAR,WAIT,GRAY,NO_DATA,missing_gear,{}
1127.0,SPEED,24.4,NEUTRAL,OK,near_reference,"{reference_kmh=24.4945874001775, age_s=0.0}"
1127.0,POWER,151,NEUTRAL,OK,power_present,{age_s=0.0}
1127.0,HR,134,NEUTRAL,OK,hr_present,{age_s=0.0}
1127.0,CADENCE,65,GREEN,OK,preferred_low_cadence_band,{age_s=0.0}
1127.0,GRADE,0,NEUTRAL,OK,flat_deadband,"{grade_raw=0.0, grade_display=0.0}"
1127.0,GEAR,WAIT,GRAY,NO_DATA,missing_gear,{}
1128.0,SPEED,24.4,NEUTRAL,OK,near_reference,"{reference_kmh=24.494503546099324, age_s=0.0}"
1128.0,POWER,152,NEUTRAL,OK,power_present,{age_s=0.0}
1128.0,HR,135,NEUTRAL,OK,hr_present,{age_s=0.0}
1128.0,CADENCE,66,GREEN,OK,preferred_low_cadence_band,{age_s=0.0}
1128.0,GRADE,0,NEUTRAL,OK,flat_deadband,"{grade_raw=0.0, grade_display=0.0}"
1128.0,GEAR,WAIT,GRAY,NO_DATA,missing_gear,{}
1129.0,SPEED,24.5,NEUTRAL,OK,near_reference,"{reference_kmh=24.494464127546536, age_s=0.0}"
1129.0,POWER,153,NEUTRAL,OK,power_present,{age_s=0.0}
1129.0,HR,136,NEUTRAL,OK,hr_present,{age_s=0.0}
1129.0,CADENCE,67,GREEN,OK,preferred_low_cadence_band,{age_s=0.0}
1129.0,GRADE,0,NEUTRAL,OK,flat_deadband,"{grade_raw=0.0, grade_display=0.0}"
1129.0,GEAR,WAIT,GRAY,NO_DATA,missing_gear,{}
1130.0,SPEED,24.5,NEUTRAL,OK,near_reference,"{reference_kmh=24.49446902654871, age_s=0.0}"
1130.0,POWER,154,NEUTRAL,OK,power_present,{age_s=0.0}
1130.0,HR,137,NEUTRAL,OK,hr_present,{age_s=0.0}
1130.0,CADENCE,68,GREEN,OK,preferred_low_cadence_band,{age_s=0.0}
1130.0,GRADE,0,NEUTRAL,OK,flat_deadband,"{grade_raw=0.0, grade_display=0.0}"
1130.0,GEAR,WAIT,GRAY,NO_DATA,missing_gear,{}
1131.0,SPEED,24.6,NEUTRAL,OK,near_reference,"{reference_kmh=24.494518125552645, age_s=0.0}"
1131.0,POWER,155,NEUTRAL,OK,power_present,{age_s=0.0}
1131.0,HR,138,NEUTRAL,OK,hr_present,{age_s=0.0}
1131.0,CADENCE,69,GREEN,OK,preferred_low_cadence_band,{age_s=0.0}
1131.0,GRADE,0,NEUTRAL,OK,flat_deadband,"{grade_raw=0.0, grade_display=0.0}"
1131.0,GEAR,WAIT,GRAY,NO_DATA,missing_gear,{}
1132.0,SPEED,24.6,NEUTRAL,OK,near_reference,"{reference_kmh=24.494611307420527, age_s=0.0}"
1132.0,POWER,156,NEUTRAL,OK,power_present,{age_s=0.0}
1132.0,HR,139,NEUTRAL,OK,hr_present,{age_s=0.0}
1132.0,CADENCE,70,GREEN,OK,preferred_low_cadence_band,{age_s=0.0}
1132.0,GRADE,0,NEUTRAL,OK,flat_deadband,"{grade_raw=0.0, grade_display=0.0}"
1132.0,GEAR,WAIT,GRAY,NO_DATA,missing_gear,{}
1133.0,SPEED,24.7,NEUTRAL,OK,near_reference,"{reference_kmh=24.494748455428102, age_s=0.0}"
1133.0,POWER,157,NEUTRAL,OK,power_present,{age_s=0.0}
1133.0,HR,140,NEUTRAL,OK,hr_present,{age_s=0.0}
1133.0,CADENCE,60,GREEN,OK,preferred_low_cadence_band,{age_s=0.0}
1133.0,GRADE,0,NEUTRAL,OK,flat_deadband,"{grade_raw=0.0, grade_display=0.0}"
1133.0,GEAR,WAIT,GRAY,NO_DATA,missing_gear,{}
1134.0,SPEED,24.7,NEUTRAL,OK,near_reference,"{reference_kmh=24.494929453262824, age_s=0.0}"
1134.0,POWER,158,NEUTRAL,OK,power_present,{age_s=0.0}
1134.0,HR,120,NEUTRAL,OK,hr_present,{age_s=0.0}
1134.0,CADENCE,61,GREEN,OK,preferred_low_cadence_band,{age_s=0.0}
1134.0,GRADE,0,NEUTRAL,OK,flat_deadband,"{grade_raw=0.0, grade_display=0.0}"
1134.0,GEAR,WAIT,GRAY,NO_DATA,missing_gear,{}
1135.0,SPEED,24.8,NEUTRAL,OK,near_reference,"{reference_kmh=24.495154185022063, age_s=0.0}"
1135.0,POWER,159,NEUTRAL,OK,power_present,{age_s=0.0}
1135.0,HR,121,NEUTRAL,OK,hr_present,{age_s=0.0}
1135.0,CADENCE,62,GREEN,OK,preferred_low_cadence_band,{age_s=0.0}
1135.0,GRADE,0,NEUTRAL,OK,flat_deadband,"{grade_raw=0.0, grade_display=0.0}"
1135.0,GEAR,WAIT,GRAY,NO_DATA,missing_gear,{}
1136.0,SPEED,24.8,NEUTRAL,OK,near_reference,"{reference_kmh=24.495422535211304, age_s=0.0}"
1136.0,POWER,160,NEUTRAL,OK,power_present,{age_s=0.0}
1136.0,HR,122,NEUTRAL,OK,hr_present,{age_s=0.0}
1136.0,CADENCE,63,GREEN,OK,preferred_low_cadence_band,{age_s=0.0}
1136.0,GRADE,0,NEUTRAL,OK,flat_deadband,"{grade_raw=0.0, grade_display=0.0}"
1136.0,GEAR,WAIT,GRAY,NO_DATA,missing_gear,{}
1137.0,SPEED,24.9,NEUTRAL,OK,near_reference,"{reference_kmh=24.495734388742335, age_s=0.0}"
1137.0,POWER,161,NEUTRAL,OK,power_present,{age_s=0.0}
1137.0,HR,123,NEUTRAL,OK,hr_present,{age_s=0.0}
1137.0,CADENCE,64,GREEN,OK,preferred_low_cadence_band,{age_s=0.0}
1137.0,GRADE,0,NEUTRAL,OK,flat_deadband,"{grade_raw=0.0, grade_display=0.0}"
1137.0,GEAR,WAIT,GRAY,NO_DATA,missing_gear,{}
1138.0,SPEED,24.9,NEUTRAL,OK,near_reference,"{reference_kmh=24.496089630931493, age_s=0.0}"
1138.0,POWER,162,NEUTRAL,OK,power_present,{age_s=0.0}
1138.0,HR,124,NEUTRAL,OK,hr_present,{age_s=0.0}
1138.0,CADENCE,65,GREEN,OK,preferred_low_cadence_band,{age_s=0.0}
1138.0,GRADE,0,NEUTRAL,OK,flat_deadband,"{grade_raw=0.0, grade_display=0.0}"
1138.0,GEAR,WAIT,GRAY,NO_DATA,missing_gear,{}
1139.0,SPEED,25.0,NEUTRAL,OK,near_reference,"{reference_kmh=24.49648814749784, age_s=0.0}"
1139.0,POWER,163,NEUTRAL,OK,power_present,{age_s=0.0}
1139.0,HR,125,NEUTRAL,OK,hr_present,{age_s=0.0}
1139.0,CADENCE,66,GREEN,OK,preferred_low_cadence_band,{age_s=0.0}
1139.0,GRADE,0,NEUTRAL,OK,flat_deadband,"{grade_raw=0.0, grade_display=0.0}"
1139.0,GEAR,WAIT,GRAY,NO_DATA,missing_gear,{}
1140.0,SPEED,24.0,NEUTRAL,OK,near_reference,"{reference_kmh=24.496052631578983, age_s=0.0}"
1140.0,POWER,164,NEUTRAL,OK,power_present,{age_s=0.0}
1140.0,HR,126,NEUTRAL,OK,hr_present,{age_s=0.0}
1140.0,CADENCE,67,GREEN,OK,preferred_low_cadence_band,{age_s=0.0}
1140.0,GRADE,0,NEUTRAL,OK,flat_deadband,"{grade_raw=0.0, grade_display=0.0}"
1140.0,GEAR,WAIT,GRAY,NO_DATA,missing_gear,{}
1141.0,SPEED,24.1,NEUTRAL,OK,near_reference,"{reference_kmh=24.495661700262964, age_s=0.0}"
1141.0,POWER,165,NEUTRAL,OK,power_present,{age_s=0.0}
1141.0,HR,127,NEUTRAL,OK,hr_present,{age_s=0.0}
1141.0,CADENCE,68,GREEN,OK,preferred_low_cadence_band,{age_s=0.0}
1141.0,GRADE,0,NEUTRAL,OK,flat_deadband,"{grade_raw=0.0, grade_display=0.0}"
1141.0,GEAR,WAIT,GRAY,NO_DATA,missing_gear,{}
1142.0,SPEED,24.1,NEUTRAL,OK,near_reference,"{reference_kmh=24.495315236427356, age_s=0.0}"
1142.0,POWER,166,NEUTRAL,OK,power_present,{age_s=0.0}
1142.0,HR,128,NEUTRAL,OK,hr_present,{age_s=0.0}
1142.0,CADENCE,69,GREEN,OK,preferred_low_cadence_band,{age_s=0.0}
1142.0,GRADE,0,NEUTRAL,OK,flat_deadband,"{grade_raw=0.0, grade_display=0.0}"
1142.0,GEAR,WAIT,GRAY,NO_DATA,missing_gear,{}
1143.0,SPEED,24.2,NEUTRAL,OK,near_reference,"{reference_kmh=24.495013123359616, age_s=0.0}"
1143.0,POWER,167,NEUTRAL,OK,power_present,{age_s=0.0}
1143.0,HR,129,NEUTRAL,OK,hr_present,{age_s=0.0}
1143.0,CADENCE,70,GREEN,OK,preferred_low_cadence_band,{age_s=0.0}
1143.0,GRADE,0,NEUTRAL,OK,flat_deadband,"{grade_raw=0.0, grade_display=0.0}"
1143.0,GEAR,WAIT,GRAY,NO_DATA,missing_gear,{}
1144.0,SPEED,24.2,NEUTRAL,OK,near_reference,"{reference_kmh=24.494755244755282, age_s=0.0}"
1144.0,POWER,168,NEUTRAL,OK,power_present,{age_s=0.0}
1144.0,HR,130,NEUTRAL,OK,hr_present,{age_s=0.0}
1144.0,CADENCE,60,GREEN,OK,preferred_low_cadence_band,{age_s=0.0}
1144.0,GRADE,0,NEUTRAL,OK,flat_deadband,"{grade_raw=0.0, grade_display=0.0}"
1144.0,GEAR,WAIT,GRAY,NO_DATA,missing_gear,{}
1145.0,SPEED,24.3,NEUTRAL,OK,near_reference,"{reference_kmh=24.494541484716198, age_s=0.0}"
1145.0,POWER,169,NEUTRAL,OK,power_present,{age_s=0.0}
1145.0,HR,131,NEUTRAL,OK,hr_present,{age_s=0.0}
1145.0,CADENCE,61,GREEN,OK,preferred_low_cadence_band,{age_s=0.0}
1145.0,GRADE,0,NEUTRAL,OK,flat_deadband,"{grade_raw=0.0, grade_display=0.0}"
1145.0,GEAR,WAIT,GRAY,NO_DATA,missing_gear,{}
1146.0,SPEED,24.3,NEUTRAL,OK,near_reference,"{reference_kmh=24.494371727748728, age_s=0.0}"
1146.0,POWER,170,NEUTRAL,OK,power_present,{age_s=0.0}
1146.0,HR,132,NEUTRAL,OK,hr_present,{age_s=0.0}
1146.0,CADENCE,62,GREEN,OK,preferred_low_cadence_band,{age_s=0.0}
1146.0,GRADE,0,NEUTRAL,OK,flat_deadband,"{grade_raw=0.0, grade_display=0.0}"
1146.0,GEAR,WAIT,GRAY,NO_DATA,missing_gear,{}
1147.0,SPEED,24.4,NEUTRAL,OK,near_reference,"{reference_kmh=24.494245858762024, age_s=0.0}"
1147.0,POWER,140,NEUTRAL,OK,power_present,{age_s=0.0}
1147.0,HR,133,NEUTRAL,OK,hr_present,{age_s=0.0}
1147.0,CADENCE,63,GREEN,OK,preferred_low_cadence_band,{age_s=0.0}
1147.0,GRADE,0,NEUTRAL,OK,flat_deadband,"{grade_raw=0.0, grade_display=0.0}"
1147.0,GEAR,WAIT,GRAY,NO_DATA,missing_gear,{}
1148.0,SPEED,24.4,NEUTRAL,OK,near_reference,"{reference_kmh=24.494163763066236, age_s=0.0}"
1148.0,POWER,141,NEUTRAL,OK,power_present,{age_s=0.0}
1148.0,HR,134,NEUTRAL,OK,hr_present,{age_s=0.0}
1148.0,CADENCE,64,GREEN,OK,preferred_low_cadence_band,{age_s=0.0}
1148.0,GRADE,0,NEUTRAL,OK,flat_deadband,"{grade_raw=0.0, grade_display=0.0}"
1148.0,GEAR,WAIT,GRAY,NO_DATA,missing_gear,{}
1149.0,SPEED,24.5,NEUTRAL,OK,near_reference,"{reference_kmh=24.494125326370792, age_s=0.0}"
1149.0,POWER,142,NEUTRAL,OK,power_present,{age_s=0.0}
1149.0,HR,135,NEUTRAL,OK,hr_present,{age_s=0.0}
1149.0,CADENCE,65,GREEN,OK,preferred_low_cadence_band,{age_s=0.0}
1149.0,GRADE,0,NEUTRAL,OK,flat_deadband,"{grade_raw=0.0, grade_display=0.0}"
1149.0,GEAR,WAIT,GRAY,NO_DATA,missing_gear,{}
1150.0,SPEED,24.5,NEUTRAL,OK,near_reference,"{reference_kmh=24.494130434782647, age_s=0.0}"
1150.0,POWER,143,NEUTRAL,OK,power_present,{age_s=0.0}
1150.0,HR,136,NEUTRAL,OK,hr_present,{age_s=0.0}
1150.0,CADENCE,66,GREEN,OK,preferred_low_cadence_band,{age_s=0.0}
1150.0,GRADE,0,NEUTRAL,OK,flat_deadband,"{grade_raw=0.0, grade_display=0.0}"
1150.0,GEAR,WAIT,GRAY,NO_DATA,missing_gear,{}
1151.0,SPEED,24.6,NEUTRAL,OK,near_reference,"{reference_kmh=24.49417897480455, age_s=0.0}"
1151.0,POWER,144,NEUTRAL,OK,power_present,{age_s=0.0}
1151.0,HR,137,NEUTRAL,OK,hr_present,{age_s=0.0}
1151.0,CADENCE,67,GREEN,OK,preferred_low_cadence_band,{age_s=0.0}
1151.0,GRADE,0,NEUTRAL,OK,flat_deadband,"{grade_raw=0.0, grade_display=0.0}"
1151.0,GEAR,WAIT,GRAY,NO_DATA,missing_gear,{}
1152.0,SPEED,24.6,NEUTRAL,OK,near_reference,"{reference_kmh=24.494270833333367, age_s=0.0}"
1152.0,POWER,145,NEUTRAL,OK,power_present,{age_s=0.0}
1152.0,HR,138,NEUTRAL,OK,hr_present,{age_s=0.0}
1152.0,CADENCE,68,GREEN,OK,preferred_low_cadence_band,{age_s=0.0}
1152.0,GRADE,0,NEUTRAL,OK,flat_deadband,"{grade_raw=0.0, grade_display=0.0}"
1152.0,GEAR,WAIT,GRAY,NO_DATA,missing_gear,{}
1153.0,SPEED,24.7,NEUTRAL,OK,near_reference,"{reference_kmh=24.49440589765832, age_s=0.0}"
1153.0,POWER,146,NEUTRAL,OK,power_present,{age_s=0.0}
1153.0,HR,139,NEUTRAL,OK,hr_present,{age_s=0.0}
1153.0,CADENCE,69,GREEN,OK,preferred_low_cadence_band,{age_s=0.0}
1153.0,GRADE,0,NEUTRAL,OK,flat_deadband,"{grade_raw=0.0, grade_display=0.0}"
1153.0,GEAR,WAIT,GRAY,NO_DATA,missing_gear,{}
1154.0,SPEED,24.7,NEUTRAL,OK,near_reference,"{reference_kmh=24.49458405545931, age_s=0.0}"
1154.0,POWER,147,NEUTRAL,OK,power_present,{age_s=0.0}
1154.0,HR,140,NEUTRAL,OK,hr_present,{age_s=0.0}
1154.0,CADENCE,70,GREEN,OK,preferred_low_cadence_band,{age_s=0.0}
1154.0,GRADE,0,NEUTRAL,OK,flat_deadband,"{grade_raw=0.0, grade_display=0.0}"
1154.0,GEAR,WAIT,GRAY,NO_DATA,missing_gear,{}
1155.0,SPEED,24.8,NEUTRAL,OK,near_reference,"{reference_kmh=24.49480519480523, age_s=0.0}"
1155.0,POWER,148,NEUTRAL,OK,power_present,{age_s=0.0}
1155.0,HR,120,NEUTRAL,OK,hr_present,{age_s=0.0}
1155.0,CADENCE,60,GREEN,OK,preferred_low_cadence_band,{age_s=0.0}
1155.0,GRADE,0,NEUTRAL,OK,flat_deadband,"{grade_raw=0.0, grade_display=0.0}"
1155.0,GEAR,WAIT,GRAY,NO_DATA,missing_gear,{}
1156.0,SPEED,24.8,NEUTRAL,OK,near_reference,"{reference_kmh=24.495069204152287, age_s=0.0}"
1156.0,POWER,149,NEUTRAL,OK,power_present,{age_s=0.0}
1156.0,HR,121,NEUTRAL,OK,hr_present,{age_s=0.0}
1156.0,CADENCE,61,GREEN,OK,preferred_low_cadence_band,{age_s=0.0}
1156.0,GRADE,0,NEUTRAL,OK,flat_deadband,"{grade_raw=0.0, grade_display=0.0}"
1156.0,GEAR,WAIT,GRAY,NO_DATA,missing_gear,{}
1157.0,SPEED,24.9,NEUTRAL,OK,near_reference,"{reference_kmh=24.495375972342302, age_s=0.0}"
1157.0,POWER,150,NEUTRAL,OK,power_present,{age_s=0.0}
1157.0,HR,122,NEUTRAL,OK,hr_present,{age_s=0.0}
1157.0,CADENCE,62,GREEN,OK,preferred_low_cadence_band,{age_s=0.0}
1157.0,GRADE,0,NEUTRAL,OK,flat_deadband,"{grade_raw=0.0, grade_display=0.0}"
1157.0,GEAR,WAIT,GRAY,NO_DATA,missing_gear,{}
1158.0,SPEED,24.9,NEUTRAL,OK,near_reference,"{reference_kmh=24.495725388601073, age_s=0.0}"
1158.0,POWER,151,NEUTRAL,OK,power_present,{age_s=0.0}
1158.0,HR,123,NEUTRAL,OK,hr_present,{age_s=0.0}
1158.0,CADENCE,63,GREEN,OK,preferred_low_cadence_band,{age_s=0.0}
1158.0,GRADE,0,NEUTRAL,OK,flat_deadband,"{grade_raw=0.0, grade_display=0.0}"
1158.0,GEAR,WAIT,GRAY,NO_DATA,missing_gear,{}
1159.0,SPEED,25.0,NEUTRAL,OK,near_reference,"{reference_kmh=24.496117342536706, age_s=0.0}"
1159.0,POWER,152,NEUTRAL,OK,power_present,{age_s=0.0}
1159.0,HR,124,NEUTRAL,OK,hr_present,{age_s=0.0}
1159.0,CADENCE,64,GREEN,OK,preferred_low_cadence_band,{age_s=0.0}
1159.0,GRADE,0,NEUTRAL,OK,flat_deadband,"{grade_raw=0.0, grade_display=0.0}"
1159.0,GEAR,WAIT,GRAY,NO_DATA,missing_gear,{}
1160.0,SPEED,24.0,NEUTRAL,OK,near_reference,"{reference_kmh=24.49568965517245, age_s=0.0}"
1160.0,POWER,153,NEUTRAL,OK,power_present,{age_s=0.0}
1160.0,HR,125,NEUTRAL,OK,hr_present,{age_s=0.0}
1160.0,CADENCE,65,GREEN,OK,preferred_low_cadence_band,{age_s=0.0}
1160.0,GRADE,0,NEUTRAL,OK,flat_deadband,"{grade_raw=0.0, grade_display=0.0}"
1160.0,GEAR,WAIT,GRAY,NO_DATA,missing_gear,{}
1161.0,SPEED,24.1,NEUTRAL,OK,near_reference,"{reference_kmh=24.495305770887203, age_s=0.0}"
1161.0,POWER,154,NEUTRAL,OK,power_present,{age_s=0.0}
1161.0,HR,126,NEUTRAL,OK,hr_present,{age_s=0.0}
1161.0,CADENCE,66,GREEN,OK,preferred_low_cadence_band,{age_s=0.0}
1161.0,GRADE,0,NEUTRAL,OK,flat_deadband,"{grade_raw=0.0, grade_display=0.0}"
1161.0,GEAR,WAIT,GRAY,NO_DATA,missing_gear,{}
1162.0,SPEED,24.1,NEUTRAL,OK,near_reference,"{reference_kmh=24.49496557659212, age_s=0.0}"
1162.0,POWER,155,NEUTRAL,OK,power_present,{age_s=0.0}
1162.0,HR,127,NEUTRAL,OK,hr_present,{age_s=0.0}
1162.0,CADENCE,67,GREEN,OK,preferred_low_cadence_band,{age_s=0.0}
1162.0,GRADE,0,NEUTRAL,OK,flat_deadband,"{grade_raw=0.0, grade_display=0.0}"
1162.0,GEAR,WAIT,GRAY,NO_DATA,missing_gear,{}
1163.0,SPEED,24.2,NEUTRAL,OK,near_reference,"{reference_kmh=24.49466895958731, age_s=0.0}"
1163.0,POWER,156,NEUTRAL,OK,power_present,{age_s=0.0}
1163.0,HR,128,NEUTRAL,OK,hr_present,{age_s=0.0}
1163.0,CADENCE,68,GREEN,OK,preferred_low_cadence_band,{age_s=0.0}
1163.0,GRADE,0,NEUTRAL,OK,flat_deadband,"{grade_raw=0.0, grade_display=0.0}"
1163.0,GEAR,WAIT,GRAY,NO_DATA,missing_gear,{}
1164.0,SPEED,24.2,NEUTRAL,OK,near_reference,"{reference_kmh=24.494415807560177, age_s=0.0}"
1164.0,POWER,157,NEUTRAL,OK,power_present,{age_s=0.0}
1164.0,HR,129,NEUTRAL,OK,hr_present,{age_s=0.0}
1164.0,CADENCE,69,GREEN,OK,preferred_low_cadence_band,{age_s=0.0}
1164.0,GRADE,0,NEUTRAL,OK,flat_deadband,"{grade_raw=0.0, grade_display=0.0}"
1164.0,GEAR,WAIT,GRAY,NO_DATA,missing_gear,{}
1165.0,SPEED,24.3,NEUTRAL,OK,near_reference,"{reference_kmh=24.494206008583728, age_s=0.0}"
1165.0,POWER,158,NEUTRAL,OK,power_present,{age_s=0.0}
1165.0,HR,130,NEUTRAL,OK,hr_present,{age_s=0.0}
1165.0,CADENCE,70,GREEN,OK,preferred_low_cadence_band,{age_s=0.0}
1165.0,GRADE,0,NEUTRAL,OK,flat_deadband,"{grade_raw=0.0, grade_display=0.0}"
1165.0,GEAR,WAIT,GRAY,NO_DATA,missing_gear,{}
1166.0,SPEED,24.3,NEUTRAL,OK,near_reference,"{reference_kmh=24.49403945111496, age_s=0.0}"
1166.0,POWER,159,NEUTRAL,OK,power_present,{age_s=0.0}
1166.0,HR,131,NEUTRAL,OK,hr_present,{age_s=0.0}
1166.0,CADENCE,60,GREEN,OK,preferred_low_cadence_band,{age_s=0.0}
1166.0,GRADE,0,NEUTRAL,OK,flat_deadband,"{grade_raw=0.0, grade_display=0.0}"
1166.0,GEAR,WAIT,GRAY,NO_DATA,missing_gear,{}
1167.0,SPEED,24.4,NEUTRAL,OK,near_reference,"{reference_kmh=24.493916023993183, age_s=0.0}"
1167.0,POWER,160,NEUTRAL,OK,power_present,{age_s=0.0}
1167.0,HR,132,NEUTRAL,OK,hr_present,{age_s=0.0}
1167.0,CADENCE,61,GREEN,OK,preferred_low_cadence_band,{age_s=0.0}
1167.0,GRADE,0,NEUTRAL,OK,flat_deadband,"{grade_raw=0.0, grade_display=0.0}"
1167.0,GEAR,WAIT,GRAY,NO_DATA,missing_gear,{}
1168.0,SPEED,24.4,NEUTRAL,OK,near_reference,"{reference_kmh=24.493835616438393, age_s=0.0}"
1168.0,POWER,161,NEUTRAL,OK,power_present,{age_s=0.0}
1168.0,HR,133,NEUTRAL,OK,hr_present,{age_s=0.0}
1168.0,CADENCE,62,GREEN,OK,preferred_low_cadence_band,{age_s=0.0}
1168.0,GRADE,0,NEUTRAL,OK,flat_deadband,"{grade_raw=0.0, grade_display=0.0}"
1168.0,GEAR,WAIT,GRAY,NO_DATA,missing_gear,{}
1169.0,SPEED,24.5,NEUTRAL,OK,near_reference,"{reference_kmh=24.49379811804965, age_s=0.0}"
1169.0,POWER,162,NEUTRAL,OK,power_present,{age_s=0.0}
1169.0,HR,134,NEUTRAL,OK,hr_present,{age_s=0.0}
1169.0,CADENCE,63,GREEN,OK,preferred_low_cadence_band,{age_s=0.0}
1169.0,GRADE,0,NEUTRAL,OK,flat_deadband,"{grade_raw=0.0, grade_display=0.0}"
1169.0,GEAR,WAIT,GRAY,NO_DATA,missing_gear,{}
1170.0,SPEED,24.5,NEUTRAL,OK,near_reference,"{reference_kmh=24.493803418803456, age_s=0.0}"
1170.0,POWER,163,NEUTRAL,OK,power_present,{age_s=0.0}
1170.0,HR,135,NEUTRAL,OK,hr_present,{age_s=0.0}
1170.0,CADENCE,64,GREEN,OK,preferred_low_cadence_band,{age_s=0.0}
1170.0,GRADE,0,NEUTRAL,OK,flat_deadband,"{grade_raw=0.0, grade_display=0.0}"
1170.0,GEAR,WAIT,GRAY,NO_DATA,missing_gear,{}
1171.0,SPEED,24.6,NEUTRAL,OK,near_reference,"{reference_kmh=24.49385140905213, age_s=0.0}"
1171.0,POWER,164,NEUTRAL,OK,power_present,{age_s=0.0}
1171.0,HR,136,NEUTRAL,OK,hr_present,{age_s=0.0}
1171.0,CADENCE,65,GREEN,OK,preferred_low_cadence_band,{age_s=0.0}
1171.0,GRADE,0,NEUTRAL,OK,flat_deadband,"{grade_raw=0.0, grade_display=0.0}"
1171.0,GEAR,WAIT,GRAY,NO_DATA,missing_gear,{}
1172.0,SPEED,24.6,NEUTRAL,OK,near_reference,"{reference_kmh=24.49394197952222, age_s=0.0}"
1172.0,POWER,165,NEUTRAL,OK,power_present,{age_s=0.0}
1172.0,HR,137,NEUTRAL,OK,hr_present,{age_s=0.0}
1172.0,CADENCE,66,GREEN,OK,preferred_low_cadence_band,{age_s=0.0}
1172.0,GRADE,0,NEUTRAL,OK,flat_deadband,"{grade_raw=0.0, grade_display=0.0}"
1172.0,GEAR,WAIT,GRAY,NO_DATA,missing_gear,{}
1173.0,SPEED,24.7,NEUTRAL,OK,near_reference,"{reference_kmh=24.494075021312913, age_s=0.0}"
1173.0,POWER,166,NEUTRAL,OK,power_present,{age_s=0.0}
1173.0,HR,138,NEUTRAL,OK,hr_present,{age_s=0.0}
1173.0,CADENCE,67,GREEN,OK,preferred_low_cadence_band,{age_s=0.0}
1173.0,GRADE,0,NEUTRAL,OK,flat_deadband,"{grade_raw=0.0, grade_display=0.0}"
1173.0,GEAR,WAIT,GRAY,NO_DATA,missing_gear,{}
1174.0,SPEED,24.7,NEUTRAL,OK,near_reference,"{reference_kmh=24.494250425894414, age_s=0.0}"
1174.0,POWER,167,NEUTRAL,OK,power_present,{age_s=0.0}
1174.0,HR,139,NEUTRAL,OK,hr_present,{age_s=0.0}
1174.0,CADENCE,68,GREEN,OK,preferred_low_cadence_band,{age_s=0.0}
1174.0,GRADE,0,NEUTRAL,OK,flat_deadband,"{grade_raw=0.0, grade_display=0.0}"
1174.0,GEAR,WAIT,GRAY,NO_DATA,missing_gear,{}
1175.0,SPEED,24.8,NEUTRAL,OK,near_reference,"{reference_kmh=24.49446808510642, age_s=0.0}"
1175.0,POWER,168,NEUTRAL,OK,power_present,{age_s=0.0}
1175.0,HR,140,NEUTRAL,OK,hr_present,{age_s=0.0}
1175.0,CADENCE,69,GREEN,OK,preferred_low_cadence_band,{age_s=0.0}
1175.0,GRADE,0,NEUTRAL,OK,flat_deadband,"{grade_raw=0.0, grade_display=0.0}"
1175.0,GEAR,WAIT,GRAY,NO_DATA,missing_gear,{}
1176.0,SPEED,24.8,NEUTRAL,OK,near_reference,"{reference_kmh=24.494727891156497, age_s=0.0}"
1176.0,POWER,169,NEUTRAL,OK,power_present,{age_s=0.0}
1176.0,HR,120,NEUTRAL,OK,hr_present,{age_s=0.0}
1176.0,CADENCE,70,GREEN,OK,preferred_low_cadence_band,{age_s=0.0}
1176.0,GRADE,0,NEUTRAL,OK,flat_deadband,"{grade_raw=0.0, grade_display=0.0}"
1176.0,GEAR,WAIT,GRAY,NO_DATA,missing_gear,{}
1177.0,SPEED,24.9,NEUTRAL,OK,near_reference,"{reference_kmh=24.49502973661856, age_s=0.0}"
1177.0,POWER,170,NEUTRAL,OK,power_present,{age_s=0.0}
1177.0,HR,121,NEUTRAL,OK,hr_present,{age_s=0.0}
1177.0,CADENCE,60,GREEN,OK,preferred_low_cadence_band,{age_s=0.0}
1177.0,GRADE,0,NEUTRAL,OK,flat_deadband,"{grade_raw=0.0, grade_display=0.0}"
1177.0,GEAR,WAIT,GRAY,NO_DATA,missing_gear,{}
1178.0,SPEED,24.9,NEUTRAL,OK,near_reference,"{reference_kmh=24.495373514431275, age_s=0.0}"
1178.0,POWER,140,NEUTRAL,OK,power_present,{age_s=0.0}
1178.0,HR,122,NEUTRAL,OK,hr_present,{age_s=0.0}
1178.0,CADENCE,61,GREEN,OK,preferred_low_cadence_band,{age_s=0.0}
1178.0,GRADE,0,NEUTRAL,OK,flat_deadband,"{grade_raw=0.0, grade_display=0.0}"
1178.0,GEAR,WAIT,GRAY,NO_DATA,missing_gear,{}
1179.0,SPEED,25.0,NEUTRAL,OK,near_reference,"{reference_kmh=24.49575911789656, age_s=0.0}"
1179.0,POWER,141,NEUTRAL,OK,power_present,{age_s=0.0}
1179.0,HR,123,NEUTRAL,OK,hr_present,{age_s=0.0}
1179.0,CADENCE,62,GREEN,OK,preferred_low_cadence_band,{age_s=0.0}
1179.0,GRADE,0,NEUTRAL,OK,flat_deadband,"{grade_raw=0.0, grade_display=0.0}"
1179.0,GEAR,WAIT,GRAY,NO_DATA,missing_gear,{}
1180.0,SPEED,24.0,NEUTRAL,OK,near_reference,"{reference_kmh=24.495338983050885, age_s=0.0}"
1180.0,POWER,142,NEUTRAL,OK,power_present,{age_s=0.0}
1180.0,HR,124,NEUTRAL,OK,hr_present,{age_s=0.0}
1180.0,CADENCE,63,GREEN,OK,preferred_low_cadence_band,{age_s=0.0}
1180.0,GRADE,0,NEUTRAL,OK,flat_deadband,"{grade_raw=0.0, grade_display=0.0}"
1180.0,GEAR,WAIT,GRAY,NO_DATA,missing_gear,{}
1181.0,SPEED,24.1,NEUTRAL,OK,near_reference,"{reference_kmh=24.494961896697752, age_s=0.0}"
1181.0,POWER,143,NEUTRAL,OK,power_present,{age_s=0.0}
1181.0,HR,125,NEUTRAL,OK,hr_present,{age_s=0.0}
1181.0,CADENCE,64,GREEN,OK,preferred_low_cadence_band,{age_s=0.0}
1181.0,GRADE,0,NEUTRAL,OK,flat_deadband,"{grade_raw=0.0, grade_display=0.0}"
1181.0,GEAR,WAIT,GRAY,NO_DATA,missing_gear,{}
1182.0,SPEED,24.1,NEUTRAL,OK,near_reference,"{reference_kmh=24.494627749577027, age_s=0.0}"
1182.0,POWER,144,NEUTRAL,OK,power_present,{age_s=0.0}
1182.0,HR,126,NEUTRAL,OK,hr_present,{age_s=0.0}
1182.0,CADENCE,65,GREEN,OK,preferred_low_cadence_band,{age_s=0.0}
1182.0,GRADE,0,NEUTRAL,OK,flat_deadband,"{grade_raw=0.0, grade_display=0.0}"
1182.0,GEAR,WAIT,GRAY,NO_DATA,missing_gear,{}
1183.0,SPEED,24.2,NEUTRAL,OK,near_reference,"{reference_kmh=24.494336432798008, age_s=0.0}"
1183.0,POWER,145,NEUTRAL,OK,power_present,{age_s=0.0}
1183.0,HR,127,NEUTRAL,OK,hr_present,{age_s=0.0}
1183.0,CADENCE,66,GREEN,OK,preferred_low_cadence_band,{age_s=0.0}
1183.0,GRADE,0,NEUTRAL,OK,flat_deadband,"{grade_raw=0.0, grade_display=0.0}"
1183.0,GEAR,WAIT,GRAY,NO_DATA,missing_gear,{}
1184.0,SPEED,24.2,NEUTRAL,OK,near_reference,"{reference_kmh=24.494087837837878, age_s=0.0}"
1184.0,POWER,146,NEUTRAL,OK,power_present,{age_s=0.0}
1184.0,HR,128,NEUTRAL,OK,hr_present,{age_s=0.0}
1184.0,CADENCE,67,GREEN,OK,preferred_low_cadence_band,{age_s=0.0}
1184.0,GRADE,0,NEUTRAL,OK,flat_deadband,"{grade_raw=0.0, grade_display=0.0}"
1184.0,GEAR,WAIT,GRAY,NO_DATA,missing_gear,{}
1185.0,SPEED,24.3,NEUTRAL,OK,near_reference,"{reference_kmh=24.49388185654012, age_s=0.0}"
1185.0,POWER,147,NEUTRAL,OK,power_present,{age_s=0.0}
1185.0,HR,129,NEUTRAL,OK,hr_present,{age_s=0.0}
1185.0,CADENCE,68,GREEN,OK,preferred_low_cadence_band,{age_s=0.0}
1185.0,GRADE,0,NEUTRAL,OK,flat_deadband,"{grade_raw=0.0, grade_display=0.0}"
1185.0,GEAR,WAIT,GRAY,NO_DATA,missing_gear,{}
1186.0,SPEED,24.3,NEUTRAL,OK,near_reference,"{reference_kmh=24.493718381113023, age_s=0.0}"
1186.0,POWER,148,NEUTRAL,OK,power_present,{age_s=0.0}
1186.0,HR,130,NEUTRAL,OK,hr_present,{age_s=0.0}
1186.0,CADENCE,69,GREEN,OK,preferred_low_cadence_band,{age_s=0.0}
1186.0,GRADE,0,NEUTRAL,OK,flat_deadband,"{grade_raw=0.0, grade_display=0.0}"
1186.0,GEAR,WAIT,GRAY,NO_DATA,missing_gear,{}
1187.0,SPEED,24.4,NEUTRAL,OK,near_reference,"{reference_kmh=24.493597304128087, age_s=0.0}"
1187.0,POWER,149,NEUTRAL,OK,power_present,{age_s=0.0}
1187.0,HR,131,NEUTRAL,OK,hr_present,{age_s=0.0}
1187.0,CADENCE,70,GREEN,OK,preferred_low_cadence_band,{age_s=0.0}
1187.0,GRADE,0,NEUTRAL,OK,flat_deadband,"{grade_raw=0.0, grade_display=0.0}"
1187.0,GEAR,WAIT,GRAY,NO_DATA,missing_gear,{}
1188.0,SPEED,24.4,NEUTRAL,OK,near_reference,"{reference_kmh=24.493518518518552, age_s=0.0}"
1188.0,POWER,150,NEUTRAL,OK,power_present,{age_s=0.0}
1188.0,HR,132,NEUTRAL,OK,hr_present,{age_s=0.0}
1188.0,CADENCE,60,GREEN,OK,preferred_low_cadence_band,{age_s=0.0}
1188.0,GRADE,0,NEUTRAL,OK,flat_deadband,"{grade_raw=0.0, grade_display=0.0}"
1188.0,GEAR,WAIT,GRAY,NO_DATA,missing_gear,{}
1189.0,SPEED,24.5,NEUTRAL,OK,near_reference,"{reference_kmh=24.49348191757783, age_s=0.0}"
1189.0,POWER,151,NEUTRAL,OK,power_present,{age_s=0.0}
1189.0,HR,133,NEUTRAL,OK,hr_present,{age_s=0.0}
1189.0,CADENCE,61,GREEN,OK,preferred_low_cadence_band,{age_s=0.0}
1189.0,GRADE,0,NEUTRAL,OK,flat_deadband,"{grade_raw=0.0, grade_display=0.0}"
1189.0,GEAR,WAIT,GRAY,NO_DATA,missing_gear,{}
1190.0,SPEED,24.5,NEUTRAL,OK,near_reference,"{reference_kmh=24.49348739495802, age_s=0.0}"
1190.0,POWER,152,NEUTRAL,OK,power_present,{age_s=0.0}
1190.0,HR,134,NEUTRAL,OK,hr_present,{age_s=0.0}
1190.0,CADENCE,62,GREEN,OK,preferred_low_cadence_band,{age_s=0.0}
1190.0,GRADE,0,NEUTRAL,OK,flat_deadband,"{grade_raw=0.0, grade_display=0.0}"
1190.0,GEAR,WAIT,GRAY,NO_DATA,missing_gear,{}
1191.0,SPEED,24.6,NEUTRAL,OK,near_reference,"{reference_kmh=24.493534844668385, age_s=0.0}"
1191.0,POWER,153,NEUTRAL,OK,power_present,{age_s=0.0}
1191.0,HR,135,NEUTRAL,OK,hr_present,{age_s=0.0}
1191.0,CADENCE,63,GREEN,OK,preferred_low_cadence_band,{age_s=0.0}
1191.0,GRADE,0,NEUTRAL,OK,flat_deadband,"{grade_raw=0.0, grade_display=0.0}"
1191.0,GEAR,WAIT,GRAY,NO_DATA,missing_gear,{}
1192.0,SPEED,24.6,NEUTRAL,OK,near_reference,"{reference_kmh=24.49362416107386, age_s=0.0}"
1192.0,POWER,154,NEUTRAL,OK,power_present,{age_s=0.0}
1192.0,HR,136,NEUTRAL,OK,hr_present,{age_s=0.0}
1192.0,CADENCE,64,GREEN,OK,preferred_low_cadence_band,{age_s=0.0}
1192.0,GRADE,0,NEUTRAL,OK,flat_deadband,"{grade_raw=0.0, grade_display=0.0}"
1192.0,GEAR,WAIT,GRAY,NO_DATA,missing_gear,{}
1193.0,SPEED,24.7,NEUTRAL,OK,near_reference,"{reference_kmh=24.49375523889358, age_s=0.0}"
1193.0,POWER,155,NEUTRAL,OK,power_present,{age_s=0.0}
1193.0,HR,137,NEUTRAL,OK,hr_present,{age_s=0.0}
1193.0,CADENCE,65,GREEN,OK,preferred_low_cadence_band,{age_s=0.0}
1193.0,GRADE,0,NEUTRAL,OK,flat_deadband,"{grade_raw=0.0, grade_display=0.0}"
1193.0,GEAR,WAIT,GRAY,NO_DATA,missing_gear,{}
1194.0,SPEED,24.7,NEUTRAL,OK,near_reference,"{reference_kmh=24.49392797319937, age_s=0.0}"
1194.0,POWER,156,NEUTRAL,OK,power_present,{age_s=0.0}
1194.0,HR,138,NEUTRAL,OK,hr_present,{age_s=0.0}
1194.0,CADENCE,66,GREEN,OK,preferred_low_cadence_band,{age_s=0.0}
1194.0,GRADE,0,NEUTRAL,OK,flat_deadband,"{grade_raw=0.0, grade_display=0.0}"
1194.0,GEAR,WAIT,GRAY,NO_DATA,missing_gear,{}
1195.0,SPEED,24.8,NEUTRAL,OK,near_reference,"{reference_kmh=24.494142259414264, age_s=0.0}"
1195.0,POWER,157,NEUTRAL,OK,power_present,{age_s=0.0}
1195.0,HR,139,NEUTRAL,OK,hr_present,{age_s=0.0}
1195.0,CADENCE,67,GREEN,OK,preferred_low_cadence_band,{age_s=0.0}
1195.0,GRADE,0,NEUTRAL,OK,flat_deadband,"{grade_raw=0.0, grade_display=0.0}"
1195.0,GEAR,WAIT,GRAY,NO_DATA,missing_gear,{}
1196.0,SPEED,24.8,NEUTRAL,OK,near_reference,"{reference_kmh=24.494397993311075, age_s=0.0}"
1196.0,POWER,158,NEUTRAL,OK,power_present,{age_s=0.0}
1196.0,HR,140,NEUTRAL,OK,hr_present,{age_s=0.0}
1196.0,CADENCE,68,GREEN,OK,preferred_low_cadence_band,{age_s=0.0}
1196.0,GRADE,0,NEUTRAL,OK,flat_deadband,"{grade_raw=0.0, grade_display=0.0}"
1196.0,GEAR,WAIT,GRAY,NO_DATA,missing_gear,{}
1197.0,SPEED,24.9,NEUTRAL,OK,near_reference,"{reference_kmh=24.494695071010895, age_s=0.0}"
1197.0,POWER,159,NEUTRAL,OK,power_present,{age_s=0.0}
1197.0,HR,120,NEUTRAL,OK,hr_present,{age_s=0.0}
1197.0,CADENCE,69,GREEN,OK,preferred_low_cadence_band,{age_s=0.0}
1197.0,GRADE,0,NEUTRAL,OK,flat_deadband,"{grade_raw=0.0, grade_display=0.0}"
1197.0,GEAR,WAIT,GRAY,NO_DATA,missing_gear,{}
1198.0,SPEED,24.9,NEUTRAL,OK,near_reference,"{reference_kmh=24.49503338898167, age_s=0.0}"
1198.0,POWER,160,NEUTRAL,OK,power_present,{age_s=0.0}
1198.0,HR,121,NEUTRAL,OK,hr_present,{age_s=0.0}
1198.0,CADENCE,70,GREEN,OK,preferred_low_cadence_band,{age_s=0.0}
1198.0,GRADE,0,NEUTRAL,OK,flat_deadband,"{grade_raw=0.0, grade_display=0.0}"
1198.0,GEAR,WAIT,GRAY,NO_DATA,missing_gear,{}
1199.0,SPEED,25.0,NEUTRAL,OK,near_reference,"{reference_kmh=24.495412844036736, age_s=0.0}"
1199.0,POWER,161,NEUTRAL,OK,power_present,{age_s=0.0}
1199.0,HR,122,NEUTRAL,OK,hr_present,{age_s=0.0}
1199.0,CADENCE,60,GREEN,OK,preferred_low_cadence_band,{age_s=0.0}
1199.0,GRADE,0,NEUTRAL,OK,flat_deadband,"{grade_raw=0.0, grade_display=0.0}"
1199.0,GEAR,WAIT,GRAY,NO_DATA,missing_gear,{}
1200.0,SPEED,24.0,NEUTRAL,OK,near_reference,"{reference_kmh=24.49500000000004, age_s=0.0}"
1200.0,POWER,162,NEUTRAL,OK,power_present,{age_s=0.0}
1200.0,HR,123,NEUTRAL,OK,hr_present,{age_s=0.0}
1200.0,CADENCE,61,GREEN,OK,preferred_low_cadence_band,{age_s=0.0}
1200.0,GRADE,0,NEUTRAL,OK,flat_deadband,"{grade_raw=0.0, grade_display=0.0}"
1200.0,GEAR,WAIT,GRAY,NO_DATA,missing_gear,{}
